prompt,category,prompt_type,category_type,correct_res,incorrect_res,group_id,uuid,filled_prompt,accuracy,space_rt_correct,choice_rt_correct,retest_1_accuracy,retest_2_accuracy,retest_delta,gpt_4_accuracy,gpt_4_1_accuracy,gpt_4_o_accuracy,o3_accuracy,gemma_27b_logit_diff,gemma_2_2b_logit_diff,gemma_2_2b_it_logit_diff,trigram_freq,prompt_length,qk_gemma2_2b_it_L0_H0,qk_gemma2_2b_it_L0_H1,qk_gemma2_2b_it_L0_H2,qk_gemma2_2b_it_L0_H3,qk_gemma2_2b_it_L1_H0,qk_gemma2_2b_it_L1_H1,qk_gemma2_2b_it_L1_H2,qk_gemma2_2b_it_L1_H3,qk_gemma2_2b_it_L2_H0,qk_gemma2_2b_it_L2_H1,qk_gemma2_2b_it_L2_H2,qk_gemma2_2b_it_L2_H3,qk_gemma2_2b_it_L3_H0,qk_gemma2_2b_it_L3_H1,qk_gemma2_2b_it_L3_H2,qk_gemma2_2b_it_L3_H3,qk_gemma2_2b_it_L4_H0,qk_gemma2_2b_it_L4_H1,qk_gemma2_2b_it_L4_H2,qk_gemma2_2b_it_L4_H3,qk_gemma2_2b_it_L5_H0,qk_gemma2_2b_it_L5_H1,qk_gemma2_2b_it_L5_H2,qk_gemma2_2b_it_L5_H3,qk_gemma2_2b_it_L6_H0,qk_gemma2_2b_it_L6_H1,qk_gemma2_2b_it_L6_H2,qk_gemma2_2b_it_L6_H3,qk_gemma2_2b_it_L7_H0,qk_gemma2_2b_it_L7_H1,qk_gemma2_2b_it_L7_H2,qk_gemma2_2b_it_L7_H3,qk_gemma2_2b_it_L8_H0,qk_gemma2_2b_it_L8_H1,qk_gemma2_2b_it_L8_H2,qk_gemma2_2b_it_L8_H3,qk_gemma2_2b_it_L9_H0,qk_gemma2_2b_it_L9_H1,qk_gemma2_2b_it_L9_H2,qk_gemma2_2b_it_L9_H3,qk_gemma2_2b_it_L10_H0,qk_gemma2_2b_it_L10_H1,qk_gemma2_2b_it_L10_H2,qk_gemma2_2b_it_L10_H3,qk_gemma2_2b_it_L11_H0,qk_gemma2_2b_it_L11_H1,qk_gemma2_2b_it_L11_H2,qk_gemma2_2b_it_L11_H3,qk_gemma2_2b_it_L12_H0,qk_gemma2_2b_it_L12_H1,qk_gemma2_2b_it_L12_H2,qk_gemma2_2b_it_L12_H3,qk_gemma2_2b_it_L13_H0,qk_gemma2_2b_it_L13_H1,qk_gemma2_2b_it_L13_H2,qk_gemma2_2b_it_L13_H3,qk_gemma2_2b_it_L14_H0,qk_gemma2_2b_it_L14_H1,qk_gemma2_2b_it_L14_H2,qk_gemma2_2b_it_L14_H3,qk_gemma2_2b_it_L15_H0,qk_gemma2_2b_it_L15_H1,qk_gemma2_2b_it_L15_H2,qk_gemma2_2b_it_L15_H3,qk_gemma2_2b_it_L16_H0,qk_gemma2_2b_it_L16_H1,qk_gemma2_2b_it_L16_H2,qk_gemma2_2b_it_L16_H3,qk_gemma2_2b_it_L17_H0,qk_gemma2_2b_it_L17_H1,qk_gemma2_2b_it_L17_H2,qk_gemma2_2b_it_L17_H3,qk_gemma2_2b_it_L18_H0,qk_gemma2_2b_it_L18_H1,qk_gemma2_2b_it_L18_H2,qk_gemma2_2b_it_L18_H3,qk_gemma2_2b_it_L19_H0,qk_gemma2_2b_it_L19_H1,qk_gemma2_2b_it_L19_H2,qk_gemma2_2b_it_L19_H3,qk_gemma2_2b_it_L20_H0,qk_gemma2_2b_it_L20_H1,qk_gemma2_2b_it_L20_H2,qk_gemma2_2b_it_L20_H3,qk_gemma2_2b_it_L21_H0,qk_gemma2_2b_it_L21_H1,qk_gemma2_2b_it_L21_H2,qk_gemma2_2b_it_L21_H3,qk_gemma2_2b_it_L22_H0,qk_gemma2_2b_it_L22_H1,qk_gemma2_2b_it_L22_H2,qk_gemma2_2b_it_L22_H3,qk_gemma2_2b_it_L23_H0,qk_gemma2_2b_it_L23_H1,qk_gemma2_2b_it_L23_H2,qk_gemma2_2b_it_L23_H3,prompt_key,filled_prompt_key,n_obs_round_1,n_obs_round_2
Ali and Mark are facing away from eachother. Mark turns around. Mark is facing BLANK Ali.,two_refs_egocentric,target,two_refs_egocentric_target,towards,away from,b487e9f1-f216-4229-8b45-f420981e75a0,5791bbd9-ab0d-46e8-bfb8-d8a2d8ab9bd2,Ali and Mark are facing away from eachother. Mark turns around. Mark is facing towards Ali.,0.9,4882.5714285528,1429.17142853726,,,,1,1,0,0,13.625,1.0,0.0333333333333333,4.309411764705881,91,0.60546875,0.0712890625,-2.671875,-0.05322265625,-0.7265625,0.341796875,-0.5625,-0.400390625,-0.78515625,0.439453125,-0.361328125,-0.26953125,-0.365234375,1.0390625,-1.1328125,-0.51953125,-0.361328125,0.06787109375,0.2216796875,0.2734375,-0.16796875,0.5078125,-0.5859375,-0.045166015625,-0.09716796875,-0.030517578125,-0.341796875,-0.0245361328125,0.236328125,-0.259765625,-0.051513671875,0.322265625,-0.625,-0.240234375,0.058349609375,-0.0498046875,0.1328125,-0.7421875,-0.365234375,0.10107421875,0.2255859375,-0.2265625,-0.30859375,0.3515625,-0.39453125,-0.002777099609375,0.640625,-0.578125,0.404296875,-0.1630859375,0.049560546875,0.53515625,0.1630859375,-0.306640625,-0.263671875,-0.279296875,-0.51953125,0.39453125,-0.89453125,-0.040283203125,-1.5625,-0.1767578125,0.73046875,0.58984375,0.70703125,0.51171875,-0.11865234375,0.25,-0.302734375,0.232421875,1.0,0.4296875,0.1240234375,-0.546875,-0.12060546875,0.154296875,-0.50390625,0.8125,0.369140625,0.26953125,-0.19921875,-0.06494140625,0.0634765625,-0.1533203125,0.1748046875,-0.328125,-0.48828125,0.7109375,-0.26171875,-0.0947265625,-0.49609375,-0.103515625,0.19921875,-0.81640625,0.1142578125,-0.51171875,Ali and Mark are facing away from eachother. Mark turns around. Mark is facing BLANK Ali.,Ali and Mark are facing away from eachother. Mark turns around. Mark is facing towards Ali.,10,0
Ali and Mark are facing eachother. Mark turns around. Ali is facing BLANK Mark.,two_refs_egocentric,target,two_refs_egocentric_target,towards,away from,ad9d5ad4-2c5f-4f8c-b4d0-1372fed2356b,49d0b194-7f0c-40e6-87dc-7e67c46a418e,Ali and Mark are facing eachother. Mark turns around. Ali is facing towards Mark.,0.4375,4109.88333333284,1827.43999999203,0.6,0.333333333333333,0.5,1,0,0,0,-8.0,0.0,-0.289772727272727,4.2219999999999995,81,0.59375,0.06201171875,-2.6875,-0.045166015625,-0.71875,0.3515625,-0.53515625,-0.376953125,-0.8046875,0.458984375,-0.357421875,-0.2578125,-0.37109375,1.03125,-1.1015625,-0.53125,-0.37890625,0.054443359375,0.2099609375,0.2578125,-0.1748046875,0.47265625,-0.578125,-0.017333984375,-0.08203125,-0.025634765625,-0.31640625,-0.01806640625,0.26171875,-0.26171875,-0.043212890625,0.33203125,-0.625,-0.2041015625,0.0849609375,-0.0179443359375,0.1396484375,-0.76171875,-0.35546875,0.09814453125,0.2275390625,-0.24609375,-0.322265625,0.3515625,-0.40625,-0.00482177734375,0.67578125,-0.66015625,0.3828125,-0.12890625,0.048583984375,0.54296875,0.1611328125,-0.294921875,-0.2890625,-0.283203125,-0.498046875,0.404296875,-1.046875,-0.029052734375,-1.546875,-0.1708984375,0.71875,0.546875,0.6640625,0.546875,-0.047607421875,0.265625,-0.3359375,0.2490234375,0.98828125,0.41796875,0.12353515625,-0.5546875,-0.0673828125,0.1396484375,-0.4453125,0.7890625,0.357421875,0.240234375,-0.1962890625,-0.07666015625,0.11181640625,-0.12451171875,0.1845703125,-0.2451171875,-0.52734375,0.734375,-0.26953125,-0.13671875,-0.59765625,-0.0703125,0.212890625,-0.80078125,0.09716796875,-0.4921875,Ali and Mark are facing eachother. Mark turns around. Ali is facing BLANK Mark.,Ali and Mark are facing eachother. Mark turns around. Ali is facing towards Mark.,16,20
Ali is East of Milwaukee. Ali walks East. Ali is getting BLANK Milwaukee.,geocentric_distant,target,geocentric_distant_target,further from,closer to,89065c23-c333-4e32-80e7-8c55f4c1b3af,b89afe78-3f1f-4856-97cc-382a35eb4abc,Ali is East of Milwaukee. Ali walks East. Ali is getting further from Milwaukee.,0.55,9734.02857142687,1195.18571428529,0.4,0.75,0.555555555555556,0,1,1,1,1.875,0.0,-0.116666666666667,4.302666666666667,80,0.56640625,0.049072265625,-2.75,-0.047119140625,-0.66796875,0.38671875,-0.640625,-0.3359375,-0.80078125,0.39453125,-0.294921875,-0.251953125,-0.330078125,0.99609375,-1.109375,-0.453125,-0.306640625,0.0810546875,0.1865234375,0.2216796875,-0.1708984375,0.546875,-0.60546875,-0.015625,-0.11376953125,0.08935546875,-0.27734375,0.1240234375,0.265625,-0.38671875,-0.10888671875,0.29296875,-0.6796875,-0.306640625,0.0712890625,-0.04296875,0.142578125,-0.73046875,-0.427734375,0.09765625,0.2490234375,-0.2275390625,-0.322265625,0.34765625,-0.40625,0.039794921875,0.67578125,-0.462890625,0.31640625,0.03515625,0.10791015625,0.45703125,0.138671875,-0.244140625,-0.2275390625,-0.2412109375,-0.462890625,0.267578125,-0.9609375,-0.0257568359375,-1.6875,-0.189453125,0.6953125,0.5546875,0.578125,0.59375,0.0732421875,0.103515625,-0.40234375,0.328125,0.9453125,0.345703125,0.1123046875,-0.50390625,0.03173828125,0.1650390625,-0.51171875,0.7109375,0.396484375,0.29296875,-0.1650390625,-0.1953125,0.10791015625,-0.158203125,0.1416015625,-0.283203125,-0.62890625,0.72265625,-0.2392578125,-0.1796875,-0.52734375,-0.10400390625,0.1845703125,-0.73046875,0.16796875,-0.4140625,Ali is East of Milwaukee. Ali walks East. Ali is getting BLANK Milwaukee.,Ali is East of Milwaukee. Ali walks East. Ali is getting further from Milwaukee.,20,17
Ali is East of Milwaukee. Ali walks West. Ali is getting BLANK Milwaukee.,geocentric_distant,target,geocentric_distant_target,closer to,further from,aa8228bc-d828-4cf4-ab03-e31dad8a151b,67b9b39e-21bf-4eae-bc30-d2bbccfd7b46,Ali is East of Milwaukee. Ali walks West. Ali is getting closer to Milwaukee.,0.619047619047619,10317.088889033,1518.27500000014,0.5,0.333333333333333,0.428571428571429,0,1,1,1,12.0625,-1.0,0.0476190476190477,4.243333333333333,77,0.5625,0.035400390625,-2.75,-0.041748046875,-0.671875,0.3828125,-0.62890625,-0.349609375,-0.80078125,0.373046875,-0.30078125,-0.25,-0.326171875,0.984375,-1.09375,-0.462890625,-0.30859375,0.09521484375,0.1689453125,0.2255859375,-0.1748046875,0.546875,-0.60546875,0.0004215240478515625,-0.123046875,0.07421875,-0.251953125,0.10986328125,0.283203125,-0.39453125,-0.10302734375,0.28515625,-0.6875,-0.3046875,0.07470703125,-0.061279296875,0.14453125,-0.734375,-0.43359375,0.099609375,0.251953125,-0.224609375,-0.318359375,0.3515625,-0.408203125,0.059326171875,0.65625,-0.48046875,0.3125,0.0179443359375,0.119140625,0.484375,0.13671875,-0.1748046875,-0.228515625,-0.2578125,-0.453125,0.275390625,-0.95703125,-0.07763671875,-1.640625,-0.1943359375,0.71875,0.5390625,0.59765625,0.59765625,-0.0169677734375,0.12060546875,-0.373046875,0.359375,0.9453125,0.296875,0.142578125,-0.515625,0.017578125,0.1630859375,-0.5390625,0.6875,0.3984375,0.2890625,-0.158203125,-0.1904296875,0.10107421875,-0.1630859375,0.1689453125,-0.2734375,-0.62890625,0.70703125,-0.2216796875,-0.158203125,-0.5234375,-0.07568359375,0.1806640625,-0.7265625,0.16015625,-0.41796875,Ali is East of Milwaukee. Ali walks West. Ali is getting BLANK Milwaukee.,Ali is East of Milwaukee. Ali walks West. Ali is getting closer to Milwaukee.,21,16
Ali is South of Milwaukee. Ali walks North. Ali is getting BLANK Milwaukee.,geocentric_distant,target,geocentric_distant_target,closer to,further from,f0a6827f-b6bd-4969-a8c9-cf2319501485,ce32dac1-fbf6-4834-9716-7a2194b5b314,Ali is South of Milwaukee. Ali walks North. Ali is getting closer to Milwaukee.,0.5625,7480.01250000112,1428.71666667362,0.4,0.666666666666667,0.5,0,1,1,1,13.3125,-1.0,-0.104166666666667,4.262,79,0.56640625,0.059326171875,-2.765625,-0.045166015625,-0.6640625,0.390625,-0.63671875,-0.349609375,-0.79296875,0.3671875,-0.32421875,-0.25,-0.33203125,1.0078125,-1.1015625,-0.47265625,-0.314453125,0.08837890625,0.17578125,0.2197265625,-0.17578125,0.57421875,-0.640625,0.033447265625,-0.1171875,0.1083984375,-0.27734375,0.1015625,0.296875,-0.392578125,-0.10693359375,0.2177734375,-0.69140625,-0.341796875,0.07373046875,-0.058349609375,0.142578125,-0.75,-0.451171875,0.083984375,0.2470703125,-0.2275390625,-0.294921875,0.359375,-0.408203125,0.05322265625,0.65234375,-0.466796875,0.337890625,0.0169677734375,0.12890625,0.4921875,0.125,-0.1640625,-0.2392578125,-0.255859375,-0.443359375,0.2578125,-0.93359375,-0.076171875,-1.59375,-0.20703125,0.6953125,0.53515625,0.58984375,0.6015625,-0.01519775390625,0.0986328125,-0.390625,0.361328125,0.9453125,0.263671875,0.1328125,-0.4765625,0.0120849609375,0.1416015625,-0.53515625,0.6484375,0.369140625,0.271484375,-0.16015625,-0.177734375,0.109375,-0.169921875,0.1845703125,-0.27734375,-0.61328125,0.6875,-0.212890625,-0.166015625,-0.49609375,-0.07958984375,0.189453125,-0.7109375,0.1513671875,-0.39453125,Ali is South of Milwaukee. Ali walks North. Ali is getting BLANK Milwaukee.,Ali is South of Milwaukee. Ali walks North. Ali is getting closer to Milwaukee.,16,17
Ali is South of Milwaukee. Ali walks South. Ali is getting BLANK Milwaukee.,geocentric_distant,target,geocentric_distant_target,further from,closer to,e50c50d6-1edf-4c19-bc04-2b00258f3c70,a620f260-0f81-45c0-87a5-80355c0fec7f,Ali is South of Milwaukee. Ali walks South. Ali is getting further from Milwaukee.,0.818181818181818,4574.16249997169,836.83333328863,,,,0,1,1,1,7.125,0.0,0.0681818181818182,4.326666666666667,82,0.55859375,0.06298828125,-2.765625,-0.04345703125,-0.66796875,0.3984375,-0.640625,-0.333984375,-0.80078125,0.369140625,-0.3046875,-0.263671875,-0.333984375,1.03125,-1.1171875,-0.478515625,-0.318359375,0.078125,0.1982421875,0.2236328125,-0.171875,0.578125,-0.640625,0.01165771484375,-0.10693359375,0.10888671875,-0.275390625,0.09619140625,0.279296875,-0.3828125,-0.1025390625,0.2236328125,-0.69140625,-0.38671875,0.06689453125,-0.029296875,0.1318359375,-0.73828125,-0.43359375,0.0830078125,0.240234375,-0.234375,-0.302734375,0.353515625,-0.412109375,0.033935546875,0.671875,-0.435546875,0.3359375,0.0439453125,0.11474609375,0.447265625,0.1298828125,-0.2421875,-0.24609375,-0.2392578125,-0.44921875,0.255859375,-0.92578125,-0.011474609375,-1.6171875,-0.2080078125,0.671875,0.55078125,0.58203125,0.59375,0.0751953125,0.07275390625,-0.412109375,0.326171875,0.953125,0.3359375,0.11083984375,-0.47265625,0.0147705078125,0.1474609375,-0.515625,0.67578125,0.3515625,0.283203125,-0.1650390625,-0.1875,0.11376953125,-0.16796875,0.1435546875,-0.287109375,-0.62109375,0.703125,-0.22265625,-0.19140625,-0.48828125,-0.09033203125,0.1923828125,-0.71875,0.19140625,-0.390625,Ali is South of Milwaukee. Ali walks South. Ali is getting BLANK Milwaukee.,Ali is South of Milwaukee. Ali walks South. Ali is getting further from Milwaukee.,11,0
Ali is behind the painting. Ali turns around. Ali is BLANK the painting.,egocentric_near,target,egocentric_near_target,behind,in front of,096696ac-ed35-45ec-9398-3b08e994da50,07167d4f-80b9-4acc-9071-2c51b88df677,Ali is behind the painting. Ali turns around. Ali is behind the painting.,0.25,3389.40000002086,1946.39999999603,0.25,0.5,0.333333333333333,0,0,0,0,-11.625,0.0,-0.0833333333333333,4.51,73,0.640625,0.06396484375,-2.796875,-0.0703125,-0.734375,0.365234375,-0.62109375,-0.39453125,-0.73828125,0.431640625,-0.296875,-0.1787109375,-0.404296875,1.078125,-1.2109375,-0.49609375,-0.408203125,0.130859375,0.1796875,0.287109375,-0.1826171875,0.423828125,-0.55859375,-0.05029296875,-0.053466796875,0.031005859375,-0.1982421875,0.03662109375,0.251953125,-0.30078125,-0.0078125,0.28125,-0.6484375,-0.310546875,0.07470703125,-0.0135498046875,0.0849609375,-0.6171875,-0.375,0.09033203125,0.2099609375,-0.26171875,-0.255859375,0.296875,-0.46875,-0.01385498046875,0.63671875,-0.61328125,0.44921875,-0.024658203125,0.07177734375,0.54296875,0.1044921875,-0.283203125,-0.2392578125,-0.1923828125,-0.4453125,0.326171875,-0.9609375,-0.007232666015625,-1.65625,-0.18359375,0.68359375,0.6328125,0.64453125,0.59765625,-0.0179443359375,0.10400390625,-0.310546875,0.310546875,0.9609375,0.40625,0.1474609375,-0.53125,-0.035888671875,0.1552734375,-0.4765625,0.73046875,0.373046875,0.2373046875,-0.15625,-0.0703125,0.06884765625,-0.125,0.1962890625,-0.1728515625,-0.61328125,0.77734375,-0.29296875,-0.171875,-0.6796875,-0.1533203125,0.2578125,-0.81640625,0.07470703125,-0.38671875,Ali is behind the painting. Ali turns around. Ali is BLANK the painting.,Ali is behind the painting. Ali turns around. Ali is behind the painting.,16,19
Ali is behind the statue. Ali turns around. Ali is BLANK.,action_nonfollows,target,action_nonfollows_target,behind the statue,in front of the statue,a35f7ee0-1906-47e5-abbc-cf9b815c7618,609276f4-276d-4b83-a87e-279b606bcaec,Ali is behind the statue. Ali turns around. Ali is behind the statue.,0.3125,5471.95000001416,2992.56666666269,0.25,0.75,0.5,0,0,1,1,-10.9375,0.0,-0.0208333333333333,4.354285714285715,69,0.6640625,0.04150390625,-2.875,-0.07275390625,-0.75390625,0.380859375,-0.6015625,-0.357421875,-0.68359375,0.42578125,-0.271484375,-0.197265625,-0.421875,1.09375,-1.2578125,-0.474609375,-0.375,0.1318359375,0.1513671875,0.337890625,-0.203125,0.41796875,-0.62109375,-0.115234375,-0.10107421875,-0.048828125,-0.1591796875,0.06591796875,0.2109375,-0.330078125,-0.06884765625,0.2158203125,-0.64453125,-0.232421875,0.11474609375,0.04296875,0.16796875,-0.6171875,-0.443359375,0.0927734375,0.2265625,-0.2578125,-0.33984375,0.2734375,-0.5078125,0.0830078125,0.6015625,-0.68359375,0.419921875,-0.044921875,0.0791015625,0.48046875,0.07177734375,-0.306640625,-0.267578125,-0.1845703125,-0.484375,0.2578125,-0.89453125,0.0167236328125,-1.6875,-0.1416015625,0.6875,0.70703125,0.6328125,0.58203125,-0.07421875,0.08642578125,-0.353515625,0.25,0.9921875,0.45703125,0.1416015625,-0.5,0.00982666015625,0.146484375,-0.5078125,0.57421875,0.392578125,0.24609375,-0.138671875,-0.09765625,0.078125,-0.01953125,0.1640625,-0.1796875,-0.54296875,0.75390625,-0.291015625,-0.251953125,-0.703125,-0.1376953125,0.2470703125,-0.875,0.10546875,-0.37890625,Ali is behind the statue. Ali turns around. Ali is BLANK.,Ali is behind the statue. Ali turns around. Ali is behind the statue.,16,24
Ali is behind the wagon. Ali pushes on the wagon. The wagon BLANK.,action_follows,target,action_follows_target,moves,doesn't move,06261394-2494-4000-80fc-e2c872a1a938,4ac52f2a-cb4c-4194-abf6-fd7aa91e796d,Ali is behind the wagon. Ali pushes on the wagon. The wagon moves.,1.0,4051.33076916692,1377.6250000787,,,,1,1,1,1,16.25,0.0,0.266666666666667,3.9564285714285705,66,0.703125,-0.011474609375,-2.703125,-0.060302734375,-0.76171875,0.283203125,-0.52734375,-0.2890625,-0.72265625,0.40625,-0.2392578125,-0.095703125,-0.421875,1.078125,-1.1484375,-0.5234375,-0.431640625,0.1220703125,0.08984375,0.314453125,-0.21875,0.46484375,-0.4921875,-0.0286865234375,-0.091796875,-0.10205078125,-0.2099609375,0.0274658203125,0.189453125,-0.369140625,-0.05712890625,0.3515625,-0.671875,-0.228515625,0.0150146484375,0.08349609375,0.1533203125,-0.5546875,-0.369140625,0.09423828125,0.1943359375,-0.271484375,-0.283203125,0.396484375,-0.451171875,0.1220703125,0.66796875,-0.59765625,0.28515625,0.15234375,-0.005706787109375,0.58984375,0.10498046875,-0.384765625,-0.27734375,-0.1826171875,-0.5078125,0.38671875,-0.9609375,0.00634765625,-1.78125,-0.154296875,0.703125,0.66015625,0.51171875,0.60546875,0.07177734375,0.10498046875,-0.455078125,0.330078125,0.78515625,0.35546875,0.10205078125,-0.45703125,0.1484375,0.1728515625,-0.515625,0.81640625,0.359375,0.1650390625,-0.18359375,-0.0439453125,0.11083984375,-0.298828125,0.2421875,-0.27734375,-0.69921875,0.75,-0.3125,-0.1806640625,-0.63671875,-0.142578125,0.228515625,-0.69921875,0.15625,-0.41015625,Ali is behind the wagon. Ali pushes on the wagon. The wagon BLANK.,Ali is behind the wagon. Ali pushes on the wagon. The wagon moves.,21,0
Ali is directly North of Milwaukee. Ali walks East. Ali is BLANK Milwaukee.,geocentric_distant,target,geocentric_distant_target,Northeast,Southwest,f5ac588b-0ffe-4d1e-ba4a-35223ed0eeaa,72cd0076-2e45-4c94-b071-27ad4067b3ba,Ali is directly North of Milwaukee. Ali walks East. Ali is Northeast of Milwaukee.,0.7,8906.05714285374,2737.29999999702,1.0,0.5,0.833333333333333,1,1,1,1,6.4375,1.0,-0.166666666666667,4.135999999999999,82,0.50390625,0.0751953125,-2.796875,-0.057373046875,-0.65625,0.4140625,-0.57421875,-0.337890625,-0.8203125,0.4765625,-0.3203125,-0.1953125,-0.357421875,0.9921875,-1.1640625,-0.33984375,-0.287109375,0.12158203125,0.1337890625,0.2890625,-0.177734375,0.55078125,-0.71484375,-0.021728515625,-0.10888671875,0.06298828125,-0.189453125,0.0498046875,0.306640625,-0.369140625,-0.1826171875,0.26953125,-0.63671875,-0.20703125,0.11083984375,-0.07421875,0.126953125,-0.71875,-0.34375,0.09326171875,0.2158203125,-0.283203125,-0.33203125,0.388671875,-0.375,-0.0301513671875,0.69140625,-0.625,0.408203125,-0.09375,0.1357421875,0.474609375,0.1630859375,-0.263671875,-0.1796875,-0.2333984375,-0.435546875,0.283203125,-1.0625,-0.02587890625,-1.546875,-0.224609375,0.67578125,0.62890625,0.625,0.5703125,-0.04052734375,0.125,-0.28515625,0.2353515625,0.93359375,0.296875,0.140625,-0.53125,-0.04052734375,0.033203125,-0.5390625,0.7421875,0.396484375,0.2734375,-0.166015625,-0.1953125,0.14453125,-0.1650390625,0.1875,-0.263671875,-0.671875,0.78515625,-0.1875,-0.2099609375,-0.451171875,-0.1005859375,0.2431640625,-0.78125,0.13671875,-0.431640625,Ali is directly North of Milwaukee. Ali walks East. Ali is BLANK Milwaukee.,Ali is directly North of Milwaukee. Ali walks East. Ali is Northeast of Milwaukee.,20,12
Ali is directly South of Milwaukee. Ali walks West. Ali is BLANK Milwaukee.,geocentric_distant,target,geocentric_distant_target,Southwest,Northeast,011d7d7d-c4a2-4906-a091-47a79f98cb38,6db25744-094e-4e55-a59d-0aa64ec322c3,Ali is directly South of Milwaukee. Ali walks West. Ali is Southwest of Milwaukee.,0.904761904761905,7185.12999997959,4118.5666668533,,,,0,1,1,1,4.0,0.0,0.19047619047619,4.147333333333333,82,0.494140625,0.06298828125,-2.78125,-0.04833984375,-0.65625,0.419921875,-0.5546875,-0.3359375,-0.83203125,0.462890625,-0.318359375,-0.220703125,-0.359375,1.015625,-1.15625,-0.357421875,-0.294921875,0.1318359375,0.1435546875,0.294921875,-0.1787109375,0.56640625,-0.72265625,-0.01434326171875,-0.10400390625,0.07421875,-0.166015625,0.01190185546875,0.310546875,-0.376953125,-0.1748046875,0.24609375,-0.640625,-0.224609375,0.11474609375,-0.09423828125,0.12353515625,-0.7109375,-0.32421875,0.08544921875,0.2109375,-0.2890625,-0.330078125,0.37890625,-0.361328125,-0.029541015625,0.6953125,-0.61328125,0.400390625,-0.07080078125,0.138671875,0.478515625,0.1640625,-0.26953125,-0.171875,-0.236328125,-0.443359375,0.26953125,-1.0546875,-0.0220947265625,-1.53125,-0.21484375,0.65625,0.6328125,0.62109375,0.58984375,-0.0198974609375,0.1357421875,-0.2734375,0.236328125,0.94140625,0.3125,0.1416015625,-0.52734375,-0.044677734375,-0.004638671875,-0.53125,0.734375,0.390625,0.265625,-0.1689453125,-0.1796875,0.1474609375,-0.1572265625,0.1689453125,-0.248046875,-0.66796875,0.77734375,-0.177734375,-0.2021484375,-0.431640625,-0.1005859375,0.236328125,-0.7734375,0.173828125,-0.416015625,Ali is directly South of Milwaukee. Ali walks West. Ali is BLANK Milwaukee.,Ali is directly South of Milwaukee. Ali walks West. Ali is Southwest of Milwaukee.,21,0
Ali is facing Chicago. Ali turns left. Chicago is BLANK Ali.,egocentric_distant,target,egocentric_distant_target,right of,left of,,a3bdec9e-f0a7-48ea-b522-a1648fc244b2,Ali is facing Chicago. Ali turns left. Chicago is right of Ali.,0.761904761904762,6911.0700002037,4922.99090921845,0.4,1.0,0.666666666666667,0,1,1,1,3.875,,,4.53076923076923,63,0.58984375,0.055419921875,-2.796875,-0.07763671875,-0.73046875,0.392578125,-0.55859375,-0.345703125,-0.75,0.453125,-0.310546875,-0.265625,-0.408203125,1.03125,-1.2109375,-0.58984375,-0.33984375,0.0693359375,0.19921875,0.287109375,-0.1591796875,0.5546875,-0.5859375,-0.038330078125,-0.0267333984375,0.031494140625,-0.2236328125,-0.1513671875,0.265625,-0.41796875,-0.038330078125,0.314453125,-0.578125,-0.1630859375,-0.0419921875,-0.1337890625,0.1533203125,-0.71484375,-0.310546875,0.09326171875,0.220703125,-0.25390625,-0.294921875,0.34765625,-0.416015625,0.07958984375,0.66015625,-0.58984375,0.404296875,-0.045166015625,0.099609375,0.5390625,0.1494140625,-0.37109375,-0.28125,-0.21875,-0.447265625,0.25,-1.078125,-0.08935546875,-1.4921875,-0.1484375,0.69921875,0.58203125,0.65625,0.498046875,0.0250244140625,0.0712890625,-0.34765625,0.267578125,0.9375,0.2138671875,0.1708984375,-0.482421875,-0.109375,0.053466796875,-0.48046875,0.68359375,0.265625,0.208984375,-0.171875,-0.1337890625,0.154296875,-0.181640625,0.201171875,-0.1279296875,-0.6953125,0.875,-0.1904296875,-0.205078125,-0.478515625,-0.1748046875,0.23828125,-0.7578125,0.1533203125,-0.408203125,Ali is facing Chicago. Ali turns left. Chicago is BLANK Ali.,Ali is facing Chicago. Ali turns left. Chicago is right of Ali.,21,16
Ali is facing Chicago. Ali turns right. Chicago is BLANK Ali.,egocentric_distant,target,egocentric_distant_target,left of,right of,,b054c9a8-8ae5-42ae-8771-d39aa8c11479,Ali is facing Chicago. Ali turns right. Chicago is left of Ali.,0.636363636363636,4929.40999993682,3227.27272724292,0.8,0.666666666666667,0.75,0,0,1,1,-0.75,,,4.509230769230769,63,0.5859375,0.038330078125,-2.796875,-0.0849609375,-0.734375,0.380859375,-0.56640625,-0.337890625,-0.765625,0.44921875,-0.291015625,-0.2734375,-0.416015625,1.015625,-1.203125,-0.58984375,-0.341796875,0.058837890625,0.197265625,0.287109375,-0.15625,0.5546875,-0.58984375,-0.04541015625,-0.0291748046875,0.021728515625,-0.2275390625,-0.1494140625,0.25,-0.408203125,-0.048828125,0.3046875,-0.58203125,-0.169921875,-0.0264892578125,-0.146484375,0.1416015625,-0.7265625,-0.314453125,0.1005859375,0.216796875,-0.251953125,-0.298828125,0.3203125,-0.42578125,0.06787109375,0.65234375,-0.578125,0.38671875,-0.07421875,0.10205078125,0.51171875,0.154296875,-0.34765625,-0.275390625,-0.2216796875,-0.443359375,0.267578125,-1.078125,-0.10302734375,-1.5,-0.1552734375,0.68359375,0.58984375,0.6484375,0.4921875,0.043212890625,0.0751953125,-0.341796875,0.265625,0.9296875,0.203125,0.162109375,-0.4765625,-0.09716796875,0.04443359375,-0.478515625,0.6953125,0.248046875,0.205078125,-0.173828125,-0.14453125,0.142578125,-0.17578125,0.2021484375,-0.1318359375,-0.6953125,0.859375,-0.1865234375,-0.2109375,-0.484375,-0.1708984375,0.2470703125,-0.74609375,0.158203125,-0.39453125,Ali is facing Chicago. Ali turns right. Chicago is BLANK Ali.,Ali is facing Chicago. Ali turns right. Chicago is left of Ali.,11,14
Ali is facing away from Chicago. Ali turns 180 degrees. Chicago is BLANK Ali.,egocentric_distant,target,egocentric_distant_target,in front of,behind,25ed1dae-2cf4-4858-b04d-b2895d5d0a9b,1f71220f-143b-47e2-af21-1fe43dec7c37,Ali is facing away from Chicago. Ali turns 180 degrees. Chicago is in front of Ali.,0.8,7172.13749999879,2250.22500000359,,,,0,1,1,1,2.375,0.0,-0.0125,4.413529411764706,83,0.5703125,0.1044921875,-2.71875,-0.06005859375,-0.7109375,0.263671875,-0.66015625,-0.32421875,-0.703125,0.341796875,-0.388671875,-0.1591796875,-0.373046875,0.99609375,-1.1328125,-0.56640625,-0.326171875,0.1650390625,0.14453125,0.23046875,-0.1767578125,0.458984375,-0.546875,-0.0634765625,-0.13671875,0.130859375,-0.1591796875,-0.0341796875,0.23046875,-0.392578125,-0.050537109375,0.345703125,-0.76171875,-0.330078125,0.1474609375,-0.12109375,0.076171875,-0.625,-0.37890625,0.04248046875,0.2177734375,-0.267578125,-0.279296875,0.3671875,-0.443359375,0.048583984375,0.66796875,-0.462890625,0.314453125,-0.12255859375,0.1640625,0.5078125,0.103515625,-0.318359375,-0.25390625,-0.2451171875,-0.56640625,0.369140625,-0.7578125,-0.1416015625,-1.640625,-0.1513671875,0.7109375,0.57421875,0.55859375,0.56640625,0.0126953125,0.1376953125,-0.416015625,0.31640625,0.9921875,0.337890625,0.09521484375,-0.6328125,0.087890625,0.17578125,-0.546875,0.67578125,0.28515625,0.251953125,-0.19921875,-0.0908203125,0.072265625,-0.140625,0.1669921875,-0.2431640625,-0.494140625,0.75390625,-0.275390625,-0.095703125,-0.470703125,-0.275390625,0.2197265625,-0.7890625,0.10693359375,-0.48046875,Ali is facing away from Chicago. Ali turns 180 degrees. Chicago is BLANK Ali.,Ali is facing away from Chicago. Ali turns 180 degrees. Chicago is in front of Ali.,20,0
Ali is facing away from Chicago. Ali turns around. Chicago is BLANK Ali.,egocentric_distant,target,egocentric_distant_target,in front of,behind,4e6b1817-fcd6-4e24-9024-2d19f8bfe47a,49a33aab-df02-4990-beab-2a4f987d1064,Ali is facing away from Chicago. Ali turns around. Chicago is in front of Ali.,0.636363636363636,3704.90999999587,1399.19999995387,1.0,1.0,1.0,0,1,1,1,8.5625,0.0,-0.23030303030303,4.5893749999999995,78,0.58984375,0.09033203125,-2.734375,-0.08154296875,-0.71875,0.310546875,-0.625,-0.375,-0.73828125,0.34765625,-0.345703125,-0.1884765625,-0.373046875,1.03125,-1.1484375,-0.53125,-0.3671875,0.1513671875,0.1796875,0.267578125,-0.1845703125,0.51953125,-0.55859375,-0.03955078125,-0.062255859375,0.045166015625,-0.26953125,-0.09130859375,0.259765625,-0.40625,-0.04833984375,0.33203125,-0.6484375,-0.302734375,0.05517578125,-0.1064453125,0.123046875,-0.65625,-0.359375,0.07470703125,0.2138671875,-0.283203125,-0.302734375,0.32421875,-0.431640625,0.07568359375,0.64453125,-0.5,0.35546875,-0.15625,0.1318359375,0.55859375,0.1103515625,-0.337890625,-0.2431640625,-0.2255859375,-0.4765625,0.361328125,-0.8125,-0.08349609375,-1.5703125,-0.193359375,0.71484375,0.58203125,0.57421875,0.482421875,-0.0291748046875,0.1552734375,-0.33203125,0.3046875,1.0078125,0.314453125,0.1259765625,-0.546875,0.006256103515625,0.10693359375,-0.515625,0.703125,0.326171875,0.296875,-0.166015625,-0.1025390625,0.061767578125,-0.197265625,0.185546875,-0.2412109375,-0.55859375,0.76953125,-0.23828125,-0.1142578125,-0.5078125,-0.189453125,0.25390625,-0.79296875,0.140625,-0.408203125,Ali is facing away from Chicago. Ali turns around. Chicago is BLANK Ali.,Ali is facing away from Chicago. Ali turns around. Chicago is in front of Ali.,11,12
Ali is facing away from Chicago. Ali turns left. Chicago is BLANK Ali.,egocentric_distant,target,egocentric_distant_target,left of,right of,f9301085-b253-4c4e-830f-4ab739ba6ab7,3324abf7-6438-42bf-b7c2-6d54a58c5647,Ali is facing away from Chicago. Ali turns left. Chicago is left of Ali.,0.6,4871.18888888901,4086.39000000041,0.75,0.0,0.6,0,0,1,1,-2.125,0.0,0.1,4.5600000000000005,72,0.6015625,0.06396484375,-2.765625,-0.0849609375,-0.73828125,0.376953125,-0.5859375,-0.36328125,-0.7421875,0.42578125,-0.3203125,-0.271484375,-0.400390625,1.0234375,-1.1953125,-0.59765625,-0.32421875,0.09814453125,0.1884765625,0.28125,-0.1513671875,0.57421875,-0.59765625,-0.04638671875,-0.055908203125,0.037841796875,-0.2392578125,-0.1416015625,0.2431640625,-0.41015625,-0.05810546875,0.29296875,-0.6015625,-0.26953125,-0.005950927734375,-0.158203125,0.1455078125,-0.69140625,-0.328125,0.10205078125,0.220703125,-0.265625,-0.294921875,0.330078125,-0.42578125,0.0703125,0.65625,-0.55078125,0.349609375,-0.181640625,0.1171875,0.48828125,0.1484375,-0.380859375,-0.271484375,-0.2451171875,-0.474609375,0.345703125,-0.96484375,-0.0810546875,-1.578125,-0.1826171875,0.68359375,0.63671875,0.609375,0.51171875,0.01953125,0.12060546875,-0.361328125,0.263671875,0.94921875,0.337890625,0.1572265625,-0.52734375,-0.041748046875,0.0966796875,-0.52734375,0.64453125,0.302734375,0.2490234375,-0.1767578125,-0.1416015625,0.11328125,-0.1513671875,0.216796875,-0.142578125,-0.58984375,0.8203125,-0.1923828125,-0.1328125,-0.45703125,-0.17578125,0.25390625,-0.78515625,0.12060546875,-0.4140625,Ali is facing away from Chicago. Ali turns left. Chicago is BLANK Ali.,Ali is facing away from Chicago. Ali turns left. Chicago is left of Ali.,20,16
Ali is facing away from Chicago. Ali turns right. Chicago is BLANK Ali.,egocentric_distant,target,egocentric_distant_target,right of,left of,f6274b9f-b9c9-46d3-939e-59068bccaeeb,b11ffacc-e96b-4806-84c4-6252d4c8bf41,Ali is facing away from Chicago. Ali turns right. Chicago is right of Ali.,0.5625,3468.24999998721,2399.34285719054,0.6,0.4,0.5,0,0,1,1,3.1875,0.0,-0.346590909090909,4.589333333333332,74,0.59765625,0.044677734375,-2.765625,-0.0927734375,-0.7421875,0.35546875,-0.59375,-0.365234375,-0.75,0.427734375,-0.3046875,-0.2890625,-0.412109375,1.0078125,-1.1796875,-0.58984375,-0.330078125,0.08837890625,0.185546875,0.279296875,-0.1591796875,0.58984375,-0.58203125,-0.06884765625,-0.052001953125,0.060302734375,-0.2138671875,-0.1357421875,0.25390625,-0.40625,-0.05810546875,0.30859375,-0.578125,-0.232421875,-0.007080078125,-0.1611328125,0.1533203125,-0.69140625,-0.318359375,0.08251953125,0.2275390625,-0.265625,-0.322265625,0.3359375,-0.427734375,0.076171875,0.66796875,-0.578125,0.361328125,-0.1591796875,0.1416015625,0.51171875,0.150390625,-0.404296875,-0.275390625,-0.2490234375,-0.44921875,0.341796875,-0.94140625,-0.06494140625,-1.5625,-0.171875,0.69140625,0.625,0.6171875,0.51953125,0.00439453125,0.12255859375,-0.35546875,0.279296875,0.98046875,0.341796875,0.1591796875,-0.5390625,-0.07421875,0.10546875,-0.51953125,0.62890625,0.3125,0.2373046875,-0.1787109375,-0.1357421875,0.1103515625,-0.146484375,0.2109375,-0.1728515625,-0.61328125,0.81640625,-0.1953125,-0.1201171875,-0.44921875,-0.171875,0.244140625,-0.7890625,0.125,-0.435546875,Ali is facing away from Chicago. Ali turns right. Chicago is BLANK Ali.,Ali is facing away from Chicago. Ali turns right. Chicago is right of Ali.,16,18
Ali is facing away from Mark. Ali turns around. Ali is facing BLANK Mark.,two_refs_egocentric,target,two_refs_egocentric_target,towards,away from,4c1e541d-3400-4b6a-844a-e58d31345913,76091802-029e-4825-a487-13aabb64f293,Ali is facing away from Mark. Ali turns around. Ali is facing towards Mark.,0.85,4980.88999991864,1382.09999999199,,,,1,1,1,1,15.25,1.0,0.135714285714286,4.430666666666667,75,0.56640625,0.091796875,-2.71875,-0.050537109375,-0.71484375,0.36328125,-0.51953125,-0.40625,-0.796875,0.40625,-0.37109375,-0.25,-0.376953125,1.078125,-1.1875,-0.546875,-0.3828125,0.08056640625,0.1845703125,0.28125,-0.1669921875,0.50390625,-0.57421875,-0.042724609375,-0.0791015625,-0.03466796875,-0.345703125,-0.018798828125,0.275390625,-0.33203125,-0.025390625,0.279296875,-0.59375,-0.29296875,0.0712890625,-0.0966796875,0.11376953125,-0.7421875,-0.345703125,0.068359375,0.234375,-0.271484375,-0.333984375,0.353515625,-0.412109375,-0.0084228515625,0.6640625,-0.62890625,0.4296875,-0.076171875,0.1494140625,0.64453125,0.1494140625,-0.28125,-0.22265625,-0.31640625,-0.486328125,0.34765625,-0.875,-0.054931640625,-1.5546875,-0.158203125,0.70703125,0.58984375,0.6640625,0.5859375,-0.1259765625,0.138671875,-0.3125,0.296875,1.046875,0.28515625,0.1455078125,-0.62109375,-0.1591796875,0.1875,-0.490234375,0.78125,0.421875,0.267578125,-0.2021484375,-0.0693359375,0.061767578125,-0.0556640625,0.173828125,-0.25390625,-0.5703125,0.73046875,-0.2734375,-0.08544921875,-0.58203125,-0.11669921875,0.2099609375,-0.8046875,0.06787109375,-0.443359375,Ali is facing away from Mark. Ali turns around. Ali is facing BLANK Mark.,Ali is facing away from Mark. Ali turns around. Ali is facing towards Mark.,20,0
Ali is facing away from Milwaukee. Ali turns 180 degrees. Ali is facing BLANK Milwaukee.,egocentric_distant,target,egocentric_distant_target,towards,away from,f993b7dc-a72d-44d7-9957-c61d5592bc3e,d96621cb-4925-459d-b156-27a8a3456a19,Ali is facing away from Milwaukee. Ali turns 180 degrees. Ali is facing towards Milwaukee.,0.714285714285714,6244.9249999891,1225.4111110953,1.0,1.0,1.0,1,1,1,1,16.875,1.0,-0.0476190476190476,4.043125,90,0.546875,0.10693359375,-2.671875,-0.044189453125,-0.71484375,0.267578125,-0.6015625,-0.37109375,-0.73828125,0.37890625,-0.419921875,-0.240234375,-0.353515625,1.03125,-1.1796875,-0.5625,-0.31640625,0.1083984375,0.1396484375,0.2333984375,-0.1474609375,0.46875,-0.5625,-0.08056640625,-0.142578125,0.076171875,-0.1884765625,0.007171630859375,0.2353515625,-0.38671875,-0.0537109375,0.279296875,-0.7421875,-0.318359375,0.1513671875,-0.10400390625,0.0537109375,-0.69140625,-0.341796875,0.0380859375,0.2216796875,-0.2734375,-0.2890625,0.412109375,-0.408203125,-0.02734375,0.6875,-0.55078125,0.37890625,-0.0810546875,0.1982421875,0.6015625,0.134765625,-0.291015625,-0.2412109375,-0.294921875,-0.60546875,0.36328125,-0.8125,-0.06494140625,-1.5546875,-0.0966796875,0.6796875,0.609375,0.625,0.68359375,0.0198974609375,0.0703125,-0.455078125,0.2890625,1.0234375,0.271484375,0.08154296875,-0.6640625,0.0673828125,0.216796875,-0.578125,0.67578125,0.3515625,0.2080078125,-0.212890625,-0.08544921875,0.0625,-0.06640625,0.140625,-0.2177734375,-0.4765625,0.73046875,-0.298828125,-0.091796875,-0.47265625,-0.2216796875,0.1826171875,-0.78515625,0.033447265625,-0.435546875,Ali is facing away from Milwaukee. Ali turns 180 degrees. Ali is facing BLANK Milwaukee.,Ali is facing away from Milwaukee. Ali turns 180 degrees. Ali is facing towards Milwaukee.,21,11
Ali is facing away from Milwaukee. Ali turns around. Ali is facing BLANK Milwaukee.,egocentric_distant,target,egocentric_distant_target,towards,away from,b5aca2cb-80b5-4fe6-b111-c04c5d8caa1e,794ebfff-f43c-4c48-8cfc-65c1fe1c76e0,Ali is facing away from Milwaukee. Ali turns around. Ali is facing towards Milwaukee.,1.0,3805.77999998573,1217.45999999531,,,,1,1,1,1,16.75,1.0,0.266666666666667,4.1899999999999995,85,0.5625,0.0927734375,-2.6875,-0.06494140625,-0.72265625,0.31640625,-0.56640625,-0.423828125,-0.78125,0.38671875,-0.384765625,-0.28125,-0.353515625,1.0625,-1.203125,-0.53125,-0.35546875,0.08837890625,0.1787109375,0.26953125,-0.1572265625,0.52734375,-0.5859375,-0.06201171875,-0.07373046875,-0.0205078125,-0.31640625,-0.0308837890625,0.27734375,-0.38671875,-0.05126953125,0.26953125,-0.62109375,-0.291015625,0.044677734375,-0.0859375,0.11328125,-0.7265625,-0.326171875,0.06396484375,0.2275390625,-0.27734375,-0.310546875,0.38671875,-0.40234375,-0.01007080078125,0.6640625,-0.609375,0.42578125,-0.0595703125,0.1796875,0.63671875,0.1416015625,-0.283203125,-0.2216796875,-0.27734375,-0.498046875,0.322265625,-0.84765625,-0.0260009765625,-1.53125,-0.1513671875,0.70703125,0.62109375,0.65625,0.62109375,-0.040771484375,0.10302734375,-0.349609375,0.271484375,1.0234375,0.26171875,0.1279296875,-0.58984375,-0.0301513671875,0.1611328125,-0.54296875,0.71875,0.3984375,0.251953125,-0.181640625,-0.09619140625,0.056640625,-0.10791015625,0.1669921875,-0.193359375,-0.546875,0.7578125,-0.263671875,-0.11865234375,-0.498046875,-0.12255859375,0.212890625,-0.80078125,0.040771484375,-0.37109375,Ali is facing away from Milwaukee. Ali turns around. Ali is facing BLANK Milwaukee.,Ali is facing away from Milwaukee. Ali turns around. Ali is facing towards Milwaukee.,11,0
Ali is facing towards Mark. Ali turns around. Ali is facing BLANK Mark.,two_refs_egocentric,target,two_refs_egocentric_target,away,towards,4a5d8a52-40f3-48f8-bec7-52fea52f6066,15f7aaca-0828-405a-ae37-1c872c41f911,Ali is facing towards Mark. Ali turns around. Ali is facing away from Mark.,0.7,6435.40000000619,959.785714280126,0.8,0.666666666666667,0.75,1,1,1,1,10.625,0.0,0.0125,4.430666666666667,75,0.5546875,0.0849609375,-2.703125,-0.0294189453125,-0.69921875,0.390625,-0.462890625,-0.36328125,-0.8203125,0.423828125,-0.365234375,-0.1748046875,-0.37890625,1.078125,-1.1796875,-0.5546875,-0.388671875,0.06591796875,0.15234375,0.291015625,-0.185546875,0.44921875,-0.5703125,0.00909423828125,-0.056884765625,-0.035400390625,-0.34375,-0.03662109375,0.291015625,-0.318359375,-0.03955078125,0.2890625,-0.5625,-0.2451171875,0.06494140625,-0.10791015625,0.115234375,-0.7265625,-0.345703125,0.0703125,0.244140625,-0.259765625,-0.326171875,0.36328125,-0.408203125,-0.0308837890625,0.68359375,-0.6875,0.439453125,-0.040771484375,0.150390625,0.6015625,0.1513671875,-0.275390625,-0.20703125,-0.279296875,-0.447265625,0.33203125,-0.98046875,-0.07177734375,-1.484375,-0.08154296875,0.6953125,0.578125,0.6484375,0.5625,-0.08056640625,0.1298828125,-0.28125,0.306640625,1.03125,0.318359375,0.140625,-0.62109375,-0.119140625,0.173828125,-0.421875,0.76953125,0.44921875,0.267578125,-0.1962890625,-0.12451171875,0.11572265625,-0.051513671875,0.1767578125,-0.267578125,-0.61328125,0.734375,-0.2451171875,-0.07763671875,-0.5546875,-0.107421875,0.23046875,-0.77734375,0.0859375,-0.423828125,Ali is facing towards Mark. Ali turns around. Ali is facing BLANK Mark.,Ali is facing towards Mark. Ali turns around. Ali is facing away from Mark.,20,16
Ali is facing towards Milwaukee. Ali turns around. Ali is facing BLANK Milwaukee.,egocentric_distant,target,egocentric_distant_target,away from,towards,37ab2636-2b2c-4d4b-b749-4d3b693adb31,0bec34e7-b142-48f7-aef9-0961a9111919,Ali is facing towards Milwaukee. Ali turns around. Ali is facing away from Milwaukee.,0.9375,6259.23999999128,1288.04444444863,,,,0,1,1,1,10.75,-1.0,0.119318181818182,4.19,85,0.55859375,0.08544921875,-2.6875,-0.051513671875,-0.70703125,0.326171875,-0.53125,-0.400390625,-0.7890625,0.388671875,-0.384765625,-0.251953125,-0.353515625,1.0546875,-1.1875,-0.55078125,-0.357421875,0.08740234375,0.173828125,0.263671875,-0.1669921875,0.5078125,-0.59765625,-0.04638671875,-0.0625,-0.021728515625,-0.3125,-0.0174560546875,0.283203125,-0.396484375,-0.055419921875,0.265625,-0.62109375,-0.2734375,0.064453125,-0.0908203125,0.09765625,-0.7265625,-0.345703125,0.06787109375,0.224609375,-0.267578125,-0.29296875,0.380859375,-0.41015625,0.010009765625,0.67578125,-0.59765625,0.423828125,-0.035400390625,0.1845703125,0.58203125,0.138671875,-0.2333984375,-0.21875,-0.275390625,-0.48828125,0.318359375,-0.91015625,-0.04052734375,-1.4765625,-0.08154296875,0.71484375,0.60546875,0.66796875,0.6171875,-0.022216796875,0.1015625,-0.302734375,0.27734375,1.015625,0.3125,0.126953125,-0.58984375,0.00738525390625,0.1591796875,-0.4765625,0.71484375,0.4296875,0.263671875,-0.16796875,-0.14453125,0.10009765625,-0.1201171875,0.181640625,-0.203125,-0.578125,0.75,-0.220703125,-0.12890625,-0.50390625,-0.1220703125,0.232421875,-0.78125,0.0869140625,-0.373046875,Ali is facing towards Milwaukee. Ali turns around. Ali is facing BLANK Milwaukee.,Ali is facing towards Milwaukee. Ali turns around. Ali is facing away from Milwaukee.,16,0
Ali is holding the book. Ali drops the book. The book BLANK.,state_nonfollows,target,state_nonfollows_target,doesn't break,breaks,,f09dbc69-da63-47be-b4a1-57ef6400e5e6,Ali is holding the book. Ali drops the book. The book doesn't break.,0.952380952380952,3254.89230763611,1962.0333334386,,,,0,1,1,1,-13.4375,,,4.5459999999999985,68,0.6171875,0.042724609375,-2.78125,-0.035888671875,-0.7578125,0.46484375,-0.58203125,-0.27734375,-0.765625,0.408203125,-0.291015625,-0.07958984375,-0.375,1.0625,-1.1015625,-0.498046875,-0.4296875,0.048095703125,0.150390625,0.306640625,-0.2138671875,0.37890625,-0.46875,0.02978515625,-0.010009765625,-0.01202392578125,-0.28515625,0.189453125,0.09716796875,-0.3515625,0.0234375,0.169921875,-0.57421875,-0.0732421875,0.00567626953125,0.006744384765625,0.1728515625,-0.58203125,-0.23046875,0.08837890625,0.236328125,-0.224609375,-0.240234375,0.435546875,-0.41796875,0.07568359375,0.6640625,-0.48828125,0.341796875,0.16796875,0.0673828125,0.474609375,0.1220703125,-0.388671875,-0.208984375,-0.11474609375,-0.50390625,0.44921875,-0.921875,-0.0281982421875,-1.6171875,-0.1865234375,0.703125,0.515625,0.5546875,0.5859375,-0.1123046875,0.13671875,-0.416015625,0.431640625,0.8515625,0.37890625,0.1181640625,-0.46484375,0.12353515625,0.236328125,-0.546875,0.8203125,0.369140625,0.154296875,-0.162109375,0.042236328125,0.0615234375,-0.2060546875,0.24609375,-0.2578125,-0.69140625,0.765625,-0.380859375,-0.15234375,-0.66796875,-0.08935546875,0.2373046875,-0.62890625,0.2265625,-0.408203125,Ali is holding the book. Ali drops the book. The book BLANK.,Ali is holding the book. Ali drops the book. The book doesn't break.,21,0
Ali is holding the tennis ball and the ping pong ball is on the floor. Ali picks up the ping pong ball. The ping pong ball is BLANK the tennis ball.,relative_pos,target,relative_pos_target,closer to,further from,,693ba7bc-dad1-44c7-830a-1f3ffd184136,Ali is holding the tennis ball and the ping pong ball is on the floor. Ali picks up the ping pong ball. The ping pong ball is closer to the tennis ball.,0.666666666666667,7201.47777779732,1861.72999998331,1.0,1.0,1.0,0,1,1,1,7.75,,,4.1836363636363645,152,0.6484375,0.076171875,-2.96875,-0.06787109375,-0.75,0.365234375,-0.609375,-0.4296875,-0.78515625,0.2099609375,-0.15234375,-0.310546875,-0.349609375,1.046875,-0.97265625,-0.498046875,-0.388671875,0.158203125,0.1943359375,0.2314453125,-0.1552734375,0.431640625,-0.306640625,-0.2216796875,-0.26953125,0.14453125,-0.24609375,0.53515625,-0.00160980224609375,-0.267578125,0.04345703125,0.0751953125,-0.88671875,-0.2431640625,-0.0771484375,0.24609375,0.1064453125,-0.625,-0.345703125,0.0693359375,0.16796875,-0.1806640625,-0.41015625,0.41796875,-0.5625,0.03515625,0.671875,-0.50390625,0.189453125,0.11767578125,-0.033203125,0.205078125,0.08203125,-0.416015625,-0.365234375,-0.2734375,-0.6484375,0.2734375,-0.55859375,-0.057861328125,-1.7578125,-0.080078125,0.7265625,0.56640625,0.423828125,0.58203125,-0.00555419921875,0.447265625,-0.37890625,0.328125,1.03125,0.51171875,0.0252685546875,-0.53125,0.171875,0.49609375,-0.6015625,0.8125,0.1826171875,0.099609375,-0.18359375,0.059814453125,-0.00970458984375,-0.349609375,0.1767578125,-0.022705078125,-0.71875,0.6875,-0.48046875,-0.142578125,-0.8203125,-0.12158203125,0.169921875,-0.734375,0.248046875,-0.486328125,Ali is holding the tennis ball and the ping pong ball is on the floor. Ali picks up the ping pong ball. The ping pong ball is BLANK the tennis ball.,Ali is holding the tennis ball and the ping pong ball is on the floor. Ali picks up the ping pong ball. The ping pong ball is closer to the tennis ball.,21,10
Ali is holding the tennis ball and the ping pong ball. Ali drops the ping pong ball. The ping pong ball is BLANK the tennis ball.,relative_pos,target,relative_pos_target,further from,closer to,ecec558b-0e60-4f97-9fd6-ff6ea631e844,09879b5a-ed44-4436-8b9b-148d4d35e2a5,Ali is holding the tennis ball and the ping pong ball. Ali drops the ping pong ball. The ping pong ball is further from the tennis ball.,0.85,6289.94166667154,3352.45833332511,,,,0,1,1,1,10.5,-1.0,0.183333333333333,4.060714285714286,136,0.6328125,0.0771484375,-2.953125,-0.07421875,-0.72265625,0.412109375,-0.6015625,-0.435546875,-0.859375,0.2421875,-0.1572265625,-0.310546875,-0.369140625,1.0234375,-0.96484375,-0.5234375,-0.369140625,0.166015625,0.2158203125,0.2119140625,-0.1416015625,0.44921875,-0.337890625,-0.220703125,-0.2412109375,0.12451171875,-0.251953125,0.416015625,-0.01055908203125,-0.2490234375,0.034912109375,0.1220703125,-0.8671875,-0.220703125,-0.09619140625,0.1962890625,0.1181640625,-0.65625,-0.384765625,0.0849609375,0.1767578125,-0.1572265625,-0.361328125,0.416015625,-0.515625,-0.0166015625,0.69140625,-0.453125,0.1923828125,0.1083984375,0.0118408203125,0.19140625,0.0869140625,-0.4296875,-0.341796875,-0.1943359375,-0.61328125,0.263671875,-0.65234375,-0.0859375,-1.71875,-0.1513671875,0.67578125,0.53125,0.4296875,0.5390625,-0.0020599365234375,0.376953125,-0.44921875,0.3671875,1.03125,0.5234375,0.004974365234375,-0.46875,0.173828125,0.453125,-0.6015625,0.765625,0.17578125,0.142578125,-0.205078125,0.0546875,-0.050048828125,-0.35546875,0.1455078125,0.06689453125,-0.78515625,0.71484375,-0.49609375,-0.15625,-0.7421875,-0.169921875,0.1396484375,-0.73828125,0.2431640625,-0.4453125,Ali is holding the tennis ball and the ping pong ball. Ali drops the ping pong ball. The ping pong ball is BLANK the tennis ball.,Ali is holding the tennis ball and the ping pong ball. Ali drops the ping pong ball. The ping pong ball is further from the tennis ball.,20,0
Ali is in front of the painting. Ali turns around. The painting is BLANK Ali.,egocentric_near,target,egocentric_near_target,behind,in front of,41669bbc-e147-4ef2-b5f6-fd533d0f6134,0d0cc0e5-9b2c-4fb4-b5b3-f0f1c2127cd1,Ali is in front of the painting. Ali turns around. The painting is behind Ali.,0.8,5311.05555556404,1103.29999999755,,,,1,1,1,1,11.875,1.0,-0.0571428571428571,4.6587499999999995,78,0.640625,0.064453125,-2.765625,-0.056884765625,-0.73828125,0.35546875,-0.66015625,-0.40234375,-0.69921875,0.384765625,-0.310546875,-0.193359375,-0.421875,1.0625,-1.1796875,-0.47265625,-0.421875,0.16796875,0.1953125,0.30859375,-0.1962890625,0.4140625,-0.5703125,-0.068359375,-0.078125,0.064453125,-0.2197265625,0.0262451171875,0.216796875,-0.318359375,-0.0341796875,0.3359375,-0.6796875,-0.28515625,0.08349609375,-0.003173828125,0.12109375,-0.60546875,-0.41015625,0.1328125,0.1787109375,-0.30078125,-0.30078125,0.326171875,-0.4375,0.043701171875,0.63671875,-0.640625,0.375,-0.042724609375,0.06982421875,0.55078125,0.06982421875,-0.330078125,-0.2451171875,-0.2060546875,-0.50390625,0.369140625,-0.86328125,0.012451171875,-1.6875,-0.15234375,0.6953125,0.60546875,0.609375,0.55859375,0.01708984375,0.1982421875,-0.3203125,0.291015625,0.96484375,0.4296875,0.138671875,-0.56640625,0.043701171875,0.234375,-0.4921875,0.7421875,0.34765625,0.26171875,-0.1552734375,-0.07421875,0.02587890625,-0.140625,0.1923828125,-0.12158203125,-0.59765625,0.78125,-0.30078125,-0.158203125,-0.62109375,-0.12353515625,0.2470703125,-0.79296875,0.13671875,-0.39453125,Ali is in front of the painting. Ali turns around. The painting is BLANK Ali.,Ali is in front of the painting. Ali turns around. The painting is behind Ali.,20,0
Ali is in front of the statue. Ali turns around. Ali is BLANK.,action_nonfollows,target,action_nonfollows_target,in front of the statue,behind the statue,f4ad53d3-ec87-41b3-9ff0-bd57c8451eea,fa00c2c2-ffdb-4b5a-9376-7bde7e7326dd,Ali is in front of the statue. Ali turns around. Ali is in front of the statue.,0.714285714285714,5518.54545461065,5878.77272712863,0.5,0.333333333333333,0.444444444444444,0,0,1,1,-12.0625,0.0,0.339285714285714,4.564444444444444,79,0.66796875,0.051513671875,-2.859375,-0.0556640625,-0.75,0.361328125,-0.6484375,-0.34765625,-0.65625,0.37109375,-0.283203125,-0.181640625,-0.44140625,1.1015625,-1.25,-0.466796875,-0.388671875,0.1689453125,0.1826171875,0.310546875,-0.201171875,0.390625,-0.62109375,-0.125,-0.111328125,-0.00921630859375,-0.1904296875,0.03466796875,0.212890625,-0.35546875,-0.0673828125,0.236328125,-0.65234375,-0.2890625,0.07177734375,0.038818359375,0.1455078125,-0.56640625,-0.40234375,0.06494140625,0.21484375,-0.255859375,-0.39453125,0.31640625,-0.5,0.1494140625,0.55078125,-0.65234375,0.400390625,-0.0172119140625,0.039306640625,0.48046875,0.048095703125,-0.30078125,-0.271484375,-0.162109375,-0.5078125,0.25390625,-0.90234375,0.06201171875,-1.6640625,-0.1240234375,0.7109375,0.7578125,0.5859375,0.61328125,-0.0615234375,0.16015625,-0.298828125,0.203125,0.99609375,0.45703125,0.126953125,-0.5234375,0.04736328125,0.13671875,-0.515625,0.53515625,0.33984375,0.2578125,-0.1337890625,-0.09814453125,0.0966796875,-0.0250244140625,0.177734375,-0.1708984375,-0.53515625,0.75,-0.28125,-0.26171875,-0.734375,-0.12353515625,0.265625,-0.859375,0.1611328125,-0.37890625,Ali is in front of the statue. Ali turns around. Ali is BLANK.,Ali is in front of the statue. Ali turns around. Ali is in front of the statue.,21,13
Ali is in front of the wagon. Ali pulls on the wagon. The wagon BLANK.,action_follows,target,action_follows_target,moves,doesn't move,5f75d2f1-000d-4a9e-a7b8-5b35fb4f4f51,3b0e3fb3-3a30-4daf-bbfe-99a23dedf1c3,Ali is in front of the wagon. Ali pulls on the wagon. The wagon moves.,0.95,4684.92857143509,1492.68461538335,,,,1,1,1,1,13.75,1.0,0.235714285714286,4.161874999999998,70,0.71484375,-0.00897216796875,-2.671875,-0.047607421875,-0.76953125,0.275390625,-0.5625,-0.27734375,-0.69140625,0.3671875,-0.2490234375,-0.1328125,-0.447265625,1.0859375,-1.1328125,-0.51171875,-0.43359375,0.1474609375,0.126953125,0.271484375,-0.2158203125,0.466796875,-0.51171875,-0.0196533203125,-0.11669921875,-0.052001953125,-0.232421875,0.0216064453125,0.15234375,-0.33984375,-0.07470703125,0.345703125,-0.69921875,-0.21875,0.01300048828125,0.0810546875,0.1416015625,-0.49609375,-0.376953125,0.0595703125,0.1767578125,-0.26953125,-0.3046875,0.42578125,-0.44921875,0.1416015625,0.6484375,-0.58984375,0.267578125,0.1708984375,-0.044921875,0.546875,0.0830078125,-0.3828125,-0.271484375,-0.1962890625,-0.55078125,0.3984375,-0.95703125,-0.0002269744873046875,-1.7890625,-0.1689453125,0.6953125,0.640625,0.48828125,0.66015625,0.052490234375,0.1572265625,-0.4453125,0.28515625,0.8359375,0.3984375,0.08935546875,-0.484375,0.154296875,0.244140625,-0.5703125,0.84765625,0.376953125,0.1796875,-0.19921875,-0.036376953125,0.07666015625,-0.2490234375,0.205078125,-0.294921875,-0.66796875,0.77734375,-0.33984375,-0.185546875,-0.671875,-0.13671875,0.2158203125,-0.69140625,0.1650390625,-0.4375,Ali is in front of the wagon. Ali pulls on the wagon. The wagon BLANK.,Ali is in front of the wagon. Ali pulls on the wagon. The wagon moves.,20,0
Ali is in the wagon. Ali pulls on the wagon. The wagon BLANK.,action_nonfollows,target,action_nonfollows_target,doesn't move,moves,32ed38b1-49e1-4851-b355-d2e88fcbf39d,c3057e2d-31be-47c0-bd12-9a1422d7f838,Ali is in the wagon. Ali pulls on the wagon. The wagon doesn't move.,0.6,7324.22857142879,3307.64285714552,0.5,0.75,0.6,0,0,1,1,-14.375,-1.0,0.0666666666666667,4.02375,68,0.6875,-0.0103759765625,-2.6875,-0.05908203125,-0.76171875,0.302734375,-0.5390625,-0.2734375,-0.71875,0.404296875,-0.2353515625,-0.158203125,-0.419921875,1.1015625,-1.1796875,-0.515625,-0.42578125,0.10791015625,0.095703125,0.2890625,-0.2177734375,0.486328125,-0.474609375,0.0014495849609375,-0.0908203125,-0.12451171875,-0.27734375,0.0272216796875,0.1494140625,-0.357421875,-0.039794921875,0.306640625,-0.6328125,-0.1865234375,0.0245361328125,0.09033203125,0.154296875,-0.53125,-0.3203125,0.087890625,0.2021484375,-0.287109375,-0.267578125,0.384765625,-0.4453125,0.12890625,0.64453125,-0.6171875,0.287109375,0.1875,-0.037841796875,0.52734375,0.10498046875,-0.40234375,-0.2890625,-0.16015625,-0.498046875,0.37890625,-0.90625,0.01226806640625,-1.6875,-0.15625,0.7109375,0.6171875,0.51171875,0.640625,0.06640625,0.099609375,-0.48046875,0.365234375,0.83203125,0.36328125,0.09716796875,-0.482421875,0.1708984375,0.23046875,-0.59765625,0.8515625,0.3828125,0.15625,-0.1474609375,-0.0162353515625,0.09326171875,-0.2490234375,0.216796875,-0.275390625,-0.6953125,0.765625,-0.349609375,-0.21875,-0.625,-0.1708984375,0.2236328125,-0.6484375,0.16015625,-0.353515625,Ali is in the wagon. Ali pulls on the wagon. The wagon BLANK.,Ali is in the wagon. Ali pulls on the wagon. The wagon doesn't move.,20,17
Ali is in the wagon. Ali pushes on the wagon. The wagon BLANK.,action_nonfollows,target,action_nonfollows_target,doesn't move,moves,fe5c4d24-63dd-4b9b-9938-f10e3408d97e,d131310b-9566-4029-bfa8-6f106043b088,Ali is in the wagon. Ali pushes on the wagon. The wagon doesn't move.,0.25,3330.10000000149,3354.34999998755,0.5,0.8,0.636363636363636,0,0,0,0,-15.625,-1.0,-0.273809523809524,3.9856249999999998,69,0.68359375,-0.005035400390625,-2.71875,-0.060791015625,-0.7578125,0.283203125,-0.546875,-0.275390625,-0.7109375,0.400390625,-0.23046875,-0.1259765625,-0.421875,1.0859375,-1.1875,-0.51953125,-0.4296875,0.1064453125,0.08935546875,0.330078125,-0.220703125,0.4765625,-0.478515625,-0.00738525390625,-0.087890625,-0.111328125,-0.265625,0.01220703125,0.158203125,-0.37890625,-0.032958984375,0.32421875,-0.64453125,-0.171875,0.052490234375,0.06591796875,0.158203125,-0.5390625,-0.337890625,0.11865234375,0.201171875,-0.283203125,-0.275390625,0.3828125,-0.44921875,0.1416015625,0.6484375,-0.60546875,0.275390625,0.17578125,-0.024169921875,0.55859375,0.10009765625,-0.3828125,-0.29296875,-0.1748046875,-0.48828125,0.37109375,-0.8984375,0.00494384765625,-1.703125,-0.138671875,0.73046875,0.63671875,0.515625,0.63671875,0.103515625,0.07763671875,-0.5,0.396484375,0.8203125,0.345703125,0.09619140625,-0.470703125,0.193359375,0.1845703125,-0.5859375,0.82421875,0.361328125,0.1318359375,-0.130859375,0.000797271728515625,0.1005859375,-0.259765625,0.24609375,-0.25390625,-0.71875,0.76171875,-0.33984375,-0.20703125,-0.60546875,-0.1748046875,0.22265625,-0.65234375,0.1708984375,-0.3515625,Ali is in the wagon. Ali pushes on the wagon. The wagon BLANK.,Ali is in the wagon. Ali pushes on the wagon. The wagon doesn't move.,16,19
Ali is right of the painting. Ali turns around. Ali is BLANK the painting.,egocentric_near,target,egocentric_near_target,right of,left of,5822be6b-27bb-4a97-8ea6-e5bd6393428f,7ae6543e-9e1e-4975-9d68-ad7d04fd1e4e,Ali is right of the painting. Ali turns around. Ali is right of the painting.,0.571428571428571,14483.0571428995,4473.17142862188,0.4,0.333333333333333,0.375,0,0,0,0,-6.6875,0.0,0.19047619047619,4.781249999999999,77,0.65625,0.030029296875,-2.78125,-0.0712890625,-0.75390625,0.384765625,-0.59375,-0.3828125,-0.74609375,0.5,-0.248046875,-0.2734375,-0.44140625,1.0390625,-1.1953125,-0.56640625,-0.3671875,0.09423828125,0.2197265625,0.248046875,-0.16796875,0.498046875,-0.53515625,-0.01019287109375,-0.056640625,0.09814453125,-0.13671875,-0.10205078125,0.27734375,-0.294921875,-0.01171875,0.255859375,-0.609375,-0.306640625,-0.07080078125,-0.060302734375,0.1279296875,-0.6875,-0.388671875,0.076171875,0.232421875,-0.2431640625,-0.259765625,0.34765625,-0.4453125,0.041748046875,0.68359375,-0.6484375,0.48828125,-0.035400390625,0.1240234375,0.55078125,0.1328125,-0.271484375,-0.2255859375,-0.2578125,-0.4453125,0.326171875,-1.0390625,-0.0111083984375,-1.546875,-0.2021484375,0.66796875,0.68359375,0.67578125,0.58984375,-0.059814453125,0.1123046875,-0.240234375,0.2041015625,1.03125,0.4609375,0.1630859375,-0.6015625,-0.09228515625,0.09130859375,-0.48828125,0.66796875,0.330078125,0.2314453125,-0.1513671875,-0.11083984375,0.1533203125,-0.0732421875,0.1962890625,-0.2265625,-0.62890625,0.7734375,-0.2236328125,-0.1884765625,-0.64453125,-0.158203125,0.265625,-0.84765625,0.09765625,-0.41796875,Ali is right of the painting. Ali turns around. Ali is BLANK the painting.,Ali is right of the painting. Ali turns around. Ali is right of the painting.,21,14
Ali is standing on carpet. Ali drops the glass. The glass BLANK.,state_follows,target,state_follows_target,doesn't break,breaks,724ae992-a5de-4ee2-b1e8-0a398d30e12c,839bc9d1-0608-474a-b075-235f6419c561,Ali is standing on carpet. Ali drops the glass. The glass doesn't break.,0.818181818181818,3485.27777773928,1258.49999999418,,,,0,0,1,1,-14.875,-1.0,-0.181818181818182,4.237333333333333,72,0.65625,0.007537841796875,-2.765625,-0.0247802734375,-0.73828125,0.33984375,-0.57421875,-0.322265625,-0.75,0.43359375,-0.322265625,-0.1435546875,-0.37109375,1.109375,-1.046875,-0.466796875,-0.416015625,0.05078125,0.0927734375,0.28125,-0.216796875,0.373046875,-0.5390625,-0.0162353515625,-0.046142578125,-0.01397705078125,-0.361328125,0.1669921875,0.11474609375,-0.328125,0.010986328125,0.240234375,-0.57421875,-0.053466796875,-0.001312255859375,0.01806640625,0.1689453125,-0.56640625,-0.208984375,0.12158203125,0.2392578125,-0.2470703125,-0.25390625,0.5078125,-0.392578125,0.051513671875,0.6328125,-0.50390625,0.330078125,0.134765625,0.064453125,0.40234375,0.10888671875,-0.349609375,-0.2373046875,-0.16796875,-0.466796875,0.388671875,-0.99609375,-0.0966796875,-1.6640625,-0.2177734375,0.67578125,0.5234375,0.5625,0.59375,-0.056640625,0.09228515625,-0.44921875,0.44921875,0.8046875,0.337890625,0.12158203125,-0.40234375,0.054931640625,0.2265625,-0.6015625,0.8828125,0.26171875,0.1630859375,-0.138671875,0.04296875,0.06591796875,-0.1806640625,0.2470703125,-0.23828125,-0.7734375,0.69140625,-0.412109375,-0.11865234375,-0.68359375,-0.1396484375,0.2080078125,-0.61328125,0.2216796875,-0.421875,Ali is standing on carpet. Ali drops the glass. The glass BLANK.,Ali is standing on carpet. Ali drops the glass. The glass doesn't break.,11,0
Ali is standing on tile. Ali drops the glass. The glass BLANK.,state_follows,target,state_follows_target,breaks,doesn't break,4b3cc612-c739-46ee-9fa8-8bfb1caa908c,dca5ec49-327f-4dcf-b160-f2470da4a7b8,Ali is standing on tile. Ali drops the glass. The glass breaks.,0.952380952380952,4470.8461538271,1468.99999991976,,,,1,1,1,1,15.125,0.0,-0.0476190476190477,4.26923076923077,63,0.66796875,0.0021209716796875,-2.75,-0.0203857421875,-0.734375,0.34375,-0.57421875,-0.310546875,-0.75,0.44140625,-0.302734375,-0.1533203125,-0.39453125,1.1328125,-1.0546875,-0.447265625,-0.423828125,0.06982421875,0.09130859375,0.2578125,-0.22265625,0.39453125,-0.52734375,-0.004119873046875,-0.07568359375,-0.01348876953125,-0.326171875,0.1552734375,0.10107421875,-0.32421875,-0.012939453125,0.248046875,-0.62890625,-0.016357421875,-0.049072265625,0.0179443359375,0.1533203125,-0.5703125,-0.23046875,0.11572265625,0.2353515625,-0.2265625,-0.232421875,0.51953125,-0.416015625,0.056396484375,0.63671875,-0.48828125,0.333984375,0.14453125,0.07470703125,0.357421875,0.11328125,-0.341796875,-0.2236328125,-0.189453125,-0.49609375,0.37890625,-1.0390625,-0.068359375,-1.6953125,-0.2294921875,0.68359375,0.56640625,0.54296875,0.5703125,-0.0859375,0.0966796875,-0.423828125,0.392578125,0.765625,0.291015625,0.11865234375,-0.390625,0.00174713134765625,0.181640625,-0.58984375,0.8515625,0.302734375,0.1767578125,-0.162109375,0.021240234375,0.09130859375,-0.1298828125,0.2119140625,-0.2119140625,-0.7578125,0.7265625,-0.3984375,-0.125,-0.62890625,-0.11865234375,0.1982421875,-0.65625,0.197265625,-0.408203125,Ali is standing on tile. Ali drops the glass. The glass BLANK.,Ali is standing on tile. Ali drops the glass. The glass breaks.,21,0
Ali is to Mark's right. Ali turns around. Ali is to Mark's BLANK.,two_refs_egocentric,target,two_refs_egocentric_target,right,left,d4ca9932-5427-4bb3-bd0c-5b530b70c00c,4b5ca386-a350-417d-859e-3d21020bc450,Ali is to Mark's right. Ali turns around. Ali is to Mark's right.,0.666666666666667,12589.5199999506,1548.39999991401,0.6,1.0,0.75,0,0,1,1,-9.0,0.0,0.333333333333333,4.735625,65,0.63671875,0.0004100799560546875,-2.71875,-0.0257568359375,-0.76953125,0.4296875,-0.51171875,-0.3203125,-0.7734375,0.44921875,-0.30859375,-0.150390625,-0.462890625,1.0234375,-1.09375,-0.5,-0.416015625,0.111328125,0.2021484375,0.314453125,-0.2138671875,0.5078125,-0.447265625,-0.02392578125,-0.09716796875,0.038818359375,-0.1884765625,-0.08056640625,0.259765625,-0.302734375,-0.08447265625,0.2099609375,-0.55859375,-0.1416015625,0.125,-0.05419921875,0.06884765625,-0.68359375,-0.38671875,0.07861328125,0.2109375,-0.2451171875,-0.3125,0.39453125,-0.416015625,0.04345703125,0.72265625,-0.73828125,0.4765625,-0.07470703125,0.0194091796875,0.455078125,0.1787109375,-0.306640625,-0.197265625,-0.255859375,-0.482421875,0.345703125,-0.97265625,-0.09912109375,-1.484375,-0.1220703125,0.734375,0.64453125,0.609375,0.5625,-0.054443359375,0.23046875,-0.37109375,0.189453125,1.0,0.2421875,0.13671875,-0.61328125,-0.166015625,0.12451171875,-0.5703125,0.70703125,0.349609375,0.2021484375,-0.23046875,-0.050537109375,0.1328125,-0.0289306640625,0.126953125,-0.25390625,-0.5546875,0.7421875,-0.2294921875,-0.181640625,-0.58203125,-0.1279296875,0.271484375,-0.79296875,0.150390625,-0.5390625,Ali is to Mark's right. Ali turns around. Ali is to Mark's BLANK.,Ali is to Mark's right. Ali turns around. Ali is to Mark's right.,21,20
Ali is to Mark's right. Mark turns around. Ali is to Mark's BLANK.,two_refs_egocentric,target,two_refs_egocentric_target,left,right,50399d26-50a2-4e47-adb8-c8834ae73cc3,f0b9b141-ad3a-4341-a0d9-a7bbe00bba06,Ali is to Mark's right. Mark turns around. Ali is to Mark's left.,0.727272727272727,5702.59999999404,1362.82499998808,0.8,0.0,0.666666666666667,1,1,1,1,6.875,0.0,0.0397727272727273,4.81375,65,0.6484375,-0.01226806640625,-2.71875,-0.0245361328125,-0.77734375,0.423828125,-0.498046875,-0.30859375,-0.78125,0.458984375,-0.314453125,-0.1484375,-0.45703125,1.015625,-1.1015625,-0.50390625,-0.41796875,0.1220703125,0.216796875,0.322265625,-0.2109375,0.494140625,-0.451171875,-0.0174560546875,-0.1044921875,0.01361083984375,-0.2060546875,-0.06884765625,0.244140625,-0.31640625,-0.1015625,0.23046875,-0.5859375,-0.125,0.1298828125,-0.06640625,0.07373046875,-0.69140625,-0.404296875,0.1015625,0.197265625,-0.232421875,-0.306640625,0.34765625,-0.404296875,0.05224609375,0.6953125,-0.7109375,0.451171875,-0.12890625,-0.000812530517578125,0.36328125,0.18359375,-0.294921875,-0.1806640625,-0.263671875,-0.462890625,0.349609375,-0.96875,-0.0947265625,-1.4765625,-0.1083984375,0.73828125,0.6171875,0.61328125,0.515625,-0.09521484375,0.2333984375,-0.314453125,0.1767578125,0.98046875,0.22265625,0.138671875,-0.58203125,-0.1474609375,0.1455078125,-0.57421875,0.73828125,0.37109375,0.1845703125,-0.240234375,-0.052490234375,0.12890625,-0.06201171875,0.140625,-0.24609375,-0.54296875,0.75390625,-0.2158203125,-0.201171875,-0.55859375,-0.150390625,0.28125,-0.8125,0.1357421875,-0.54296875,Ali is to Mark's right. Mark turns around. Ali is to Mark's BLANK.,Ali is to Mark's right. Mark turns around. Ali is to Mark's left.,11,12
Ali is to the right of Mark. Mark looks to his left and Ali looks to his right. Ali is facing BLANK Mark.,two_refs_egocentric,target,two_refs_egocentric_target,away from,towards,6145248b-a1af-4bba-a47b-050a65f855e9,767e980c-4e89-4d82-b116-6e854125bf34,Ali is to the right of Mark. Mark looks to his left and Ali looks to his right. Ali is facing away from Mark.,0.761904761904762,11026.0000000022,1423.25000009197,1.0,,1.0,0,1,0,0,-10.5625,0.0,0.324404761904762,5.0208,109,0.6015625,0.006805419921875,-2.84375,-0.041015625,-0.77734375,0.365234375,-0.66796875,-0.373046875,-0.73046875,0.3515625,-0.302734375,-0.2099609375,-0.408203125,1.0,-1.1875,-0.5234375,-0.375,0.173828125,0.251953125,0.25,-0.18359375,0.59375,-0.48828125,-0.10888671875,-0.19140625,0.1484375,-0.1328125,0.07666015625,0.1435546875,-0.3203125,-0.10986328125,0.201171875,-0.74609375,-0.427734375,0.041259765625,0.03076171875,0.0869140625,-0.765625,-0.5078125,0.08935546875,0.2109375,-0.2119140625,-0.236328125,0.2138671875,-0.466796875,0.0174560546875,0.64453125,-0.373046875,0.3203125,-0.2373046875,-0.00017452239990234375,0.54296875,0.1396484375,-0.328125,-0.271484375,-0.33203125,-0.4921875,0.416015625,-0.80078125,-0.09765625,-1.625,-0.1181640625,0.78125,0.64453125,0.54296875,0.6328125,-0.0947265625,0.287109375,-0.23828125,0.1162109375,1.171875,0.5390625,0.1494140625,-0.72265625,-0.09423828125,0.169921875,-0.484375,0.6171875,0.375,0.2119140625,-0.140625,-0.111328125,0.158203125,-0.1513671875,0.19921875,-0.2578125,-0.53515625,0.70703125,-0.212890625,-0.1357421875,-0.65234375,-0.1162109375,0.251953125,-0.875,0.1669921875,-0.515625,Ali is to the right of Mark. Mark looks to his left and Ali looks to his right. Ali is facing BLANK Mark.,Ali is to the right of Mark. Mark looks to his left and Ali looks to his right. Ali is facing away from Mark.,21,14
Ali is to the right of Mark. Mark looks to his left. Mark BLANK Ali.,two_refs_egocentric,target,two_refs_egocentric_target,can't see,sees,7d19a78e-90e7-4eb6-90d6-9cf93306ca31,5325997f-dd4a-4adb-8a34-ad602a759efe,Ali is to the right of Mark. Mark looks to his left. Mark can't see Ali.,0.75,5940.9714285553,1802.04999999795,0.4,0.666666666666667,0.5,0,1,1,1,-11.25,0.0,-0.125,4.912222222222223,72,0.640625,-0.004913330078125,-2.78125,-0.0291748046875,-0.75390625,0.41015625,-0.5859375,-0.31640625,-0.75,0.400390625,-0.330078125,-0.1640625,-0.439453125,1.046875,-1.09375,-0.5546875,-0.400390625,0.125,0.17578125,0.3046875,-0.216796875,0.53125,-0.43359375,-0.046142578125,-0.12060546875,0.034912109375,-0.1826171875,0.045166015625,0.16796875,-0.318359375,-0.1025390625,0.1796875,-0.57421875,-0.244140625,0.017578125,-0.1103515625,0.138671875,-0.66015625,-0.4140625,0.1181640625,0.224609375,-0.16796875,-0.23828125,0.294921875,-0.4453125,0.042724609375,0.625,-0.40234375,0.380859375,-0.0859375,-0.008544921875,0.52734375,0.126953125,-0.4296875,-0.2109375,-0.2080078125,-0.396484375,0.42578125,-0.97265625,-0.11083984375,-1.4921875,-0.1767578125,0.71484375,0.59765625,0.54296875,0.57421875,-0.0810546875,0.1708984375,-0.25390625,0.17578125,1.09375,0.4609375,0.134765625,-0.6875,-0.11328125,0.07666015625,-0.4140625,0.7265625,0.431640625,0.32421875,-0.1650390625,-0.1416015625,0.1513671875,-0.1787109375,0.169921875,-0.40625,-0.5703125,0.75,-0.240234375,-0.23828125,-0.54296875,-0.232421875,0.2373046875,-0.75390625,0.2197265625,-0.44140625,Ali is to the right of Mark. Mark looks to his left. Mark BLANK Ali.,Ali is to the right of Mark. Mark looks to his left. Mark can't see Ali.,20,16
Ali is to the right of Mark. Mark looks to his right. Mark BLANK Ali.,two_refs_egocentric,target,two_refs_egocentric_target,see,can't see,4c0d2153-8a79-4a23-9b45-c38ab14edce1,b1ff2851-e693-4806-87f1-89584975b26d,Ali is to the right of Mark. Mark looks to his right. Mark see Ali.,0.80952380952381,4864.15000001043,2394.23636363853,,,,0,0,1,1,-3.125,0.0,0.333333333333333,5.197500000000001,67,0.66015625,-0.022216796875,-2.78125,-0.04345703125,-0.75390625,0.380859375,-0.5859375,-0.30859375,-0.75390625,0.412109375,-0.326171875,-0.1923828125,-0.462890625,1.0234375,-1.078125,-0.546875,-0.404296875,0.115234375,0.1923828125,0.251953125,-0.212890625,0.5390625,-0.458984375,-0.07666015625,-0.1259765625,0.0419921875,-0.181640625,0.06591796875,0.1767578125,-0.322265625,-0.10302734375,0.203125,-0.58203125,-0.244140625,0.004486083984375,-0.111328125,0.185546875,-0.69140625,-0.34765625,0.10546875,0.232421875,-0.1669921875,-0.251953125,0.275390625,-0.455078125,-0.0062255859375,0.64453125,-0.4140625,0.384765625,-0.03125,0.0003871917724609375,0.515625,0.11669921875,-0.423828125,-0.2109375,-0.2109375,-0.423828125,0.408203125,-1.0625,-0.058349609375,-1.546875,-0.25,0.6953125,0.58203125,0.52734375,0.58203125,-0.06787109375,0.185546875,-0.271484375,0.1796875,1.046875,0.455078125,0.12890625,-0.66796875,-0.142578125,0.09814453125,-0.41015625,0.66015625,0.400390625,0.314453125,-0.181640625,-0.150390625,0.1552734375,-0.1552734375,0.181640625,-0.361328125,-0.61328125,0.75390625,-0.240234375,-0.25390625,-0.5078125,-0.19921875,0.2255859375,-0.76953125,0.216796875,-0.447265625,Ali is to the right of Mark. Mark looks to his right. Mark BLANK Ali.,Ali is to the right of Mark. Mark looks to his right. Mark see Ali.,21,0
Chicago is behind Ali. Ali turns around. Chicago is BLANK Ali.,egocentric_distant,target,egocentric_distant_target,in front of,behind,1ab18f56-7a23-474a-8628-58a3b353c102,0feb0a63-bce4-434c-83d9-46e341b4eb4c,Chicago is behind Ali. Ali turns around. Chicago is in front of Ali.,0.909090909090909,3353.30833330844,1420.4272727355,,,,0,1,1,1,7.1875,-1.0,-0.0242424242424243,4.562142857142857,68,0.59375,0.076171875,-2.765625,-0.078125,-0.71484375,0.353515625,-0.62890625,-0.349609375,-0.76171875,0.357421875,-0.33984375,-0.1875,-0.38671875,1.046875,-1.1953125,-0.5234375,-0.365234375,0.130859375,0.177734375,0.298828125,-0.189453125,0.5234375,-0.58984375,-0.007537841796875,-0.03173828125,0.01007080078125,-0.1943359375,-0.06884765625,0.26171875,-0.439453125,-0.046630859375,0.345703125,-0.57421875,-0.279296875,0.011474609375,-0.083984375,0.1376953125,-0.70703125,-0.359375,0.07958984375,0.21484375,-0.2431640625,-0.25,0.1953125,-0.416015625,0.0791015625,0.63671875,-0.51171875,0.431640625,0.0218505859375,0.119140625,0.48046875,0.12890625,-0.322265625,-0.2265625,-0.2001953125,-0.45703125,0.33203125,-0.94140625,-0.05712890625,-1.5390625,-0.09521484375,0.70703125,0.515625,0.5703125,0.482421875,-0.01507568359375,0.09326171875,-0.251953125,0.328125,0.9921875,0.20703125,0.1513671875,-0.50390625,-0.0322265625,-0.000965118408203125,-0.51171875,0.62109375,0.3671875,0.267578125,-0.15234375,-0.1494140625,0.056640625,-0.26171875,0.1650390625,-0.1708984375,-0.64453125,0.8203125,-0.1962890625,-0.189453125,-0.55078125,-0.1552734375,0.26171875,-0.76171875,0.1396484375,-0.38671875,Chicago is behind Ali. Ali turns around. Chicago is BLANK Ali.,Chicago is behind Ali. Ali turns around. Chicago is in front of Ali.,11,0
Chicago is behind Ali. Ali turns left. Chicago is BLANK Ali.,egocentric_distant,target,egocentric_distant_target,left of,right of,2dbb9333-c9f9-4a99-a371-1151135dd830,5d8b1754-729b-4bd9-a7e2-f2c5a2f85fb2,Chicago is behind Ali. Ali turns left. Chicago is left of Ali.,0.857142857142857,8277.39000002574,2027.10999994725,,,,0,0,1,1,-0.375,0.0,0.333333333333333,4.5261538461538455,62,0.60546875,0.049560546875,-2.8125,-0.0810546875,-0.73046875,0.4140625,-0.5859375,-0.3359375,-0.765625,0.4375,-0.314453125,-0.2578125,-0.412109375,1.03125,-1.21875,-0.58203125,-0.328125,0.08251953125,0.189453125,0.30078125,-0.1591796875,0.57421875,-0.625,-0.0247802734375,-0.01519775390625,0.017333984375,-0.1796875,-0.109375,0.2236328125,-0.45703125,-0.060546875,0.32421875,-0.5703125,-0.2158203125,-0.0201416015625,-0.1396484375,0.13671875,-0.7421875,-0.302734375,0.0908203125,0.224609375,-0.2265625,-0.265625,0.2275390625,-0.412109375,0.0264892578125,0.6484375,-0.484375,0.384765625,-0.01531982421875,0.0947265625,0.435546875,0.1572265625,-0.357421875,-0.25,-0.205078125,-0.44140625,0.3515625,-1.078125,-0.08349609375,-1.5234375,-0.166015625,0.63671875,0.5625,0.59765625,0.494140625,0.0087890625,0.0673828125,-0.328125,0.26171875,0.921875,0.2119140625,0.169921875,-0.462890625,-0.041015625,-0.0191650390625,-0.54296875,0.59765625,0.2470703125,0.2197265625,-0.1767578125,-0.1689453125,0.12255859375,-0.25,0.1669921875,-0.11181640625,-0.703125,0.8828125,-0.154296875,-0.2158203125,-0.494140625,-0.1533203125,0.25390625,-0.7578125,0.171875,-0.3984375,Chicago is behind Ali. Ali turns left. Chicago is BLANK Ali.,Chicago is behind Ali. Ali turns left. Chicago is left of Ali.,21,0
Chicago is behind Ali. Ali turns right. Chicago is BLANK Ali.,egocentric_distant,target,egocentric_distant_target,right of,left of,b7920861-da00-49d8-a4cf-aa185d36eed6,208eaa12-f841-4068-b70e-a7c8edee31db,Chicago is behind Ali. Ali turns right. Chicago is right of Ali.,0.6,5853.42999999039,3083.77777776184,0.5,0.0,0.333333333333333,0,1,0,0,4.625,-1.0,-0.133333333333333,4.5600000000000005,64,0.6015625,0.02978515625,-2.8125,-0.08935546875,-0.734375,0.392578125,-0.59375,-0.33984375,-0.7734375,0.44140625,-0.298828125,-0.279296875,-0.421875,1.0234375,-1.203125,-0.57421875,-0.333984375,0.0712890625,0.1884765625,0.298828125,-0.16796875,0.5859375,-0.60546875,-0.045654296875,-0.014892578125,0.04443359375,-0.15234375,-0.1025390625,0.232421875,-0.451171875,-0.061279296875,0.33984375,-0.5546875,-0.169921875,-0.0142822265625,-0.142578125,0.1484375,-0.7421875,-0.291015625,0.07568359375,0.232421875,-0.2314453125,-0.287109375,0.2333984375,-0.4140625,0.0400390625,0.6640625,-0.51953125,0.384765625,0.004241943359375,0.10791015625,0.458984375,0.1630859375,-0.375,-0.255859375,-0.2099609375,-0.427734375,0.345703125,-1.078125,-0.07080078125,-1.53125,-0.1513671875,0.63671875,0.55859375,0.60546875,0.51171875,0.00830078125,0.0712890625,-0.330078125,0.275390625,0.9296875,0.201171875,0.171875,-0.462890625,-0.051513671875,-0.013671875,-0.53125,0.5859375,0.259765625,0.2021484375,-0.1767578125,-0.1728515625,0.12353515625,-0.2451171875,0.1767578125,-0.12451171875,-0.7265625,0.87890625,-0.162109375,-0.205078125,-0.49609375,-0.1455078125,0.2392578125,-0.75390625,0.18359375,-0.4296875,Chicago is behind Ali. Ali turns right. Chicago is BLANK Ali.,Chicago is behind Ali. Ali turns right. Chicago is right of Ali.,10,20
Chicago is in front of Ali. Ali turns around. Chicago is BLANK Ali.,egocentric_distant,target,egocentric_distant_target,behind,in front of,e274cda8-80e9-4ed9-b106-71faf4d9c565,44e172d1-b087-4878-9d94-b2d7b1c543ab,Chicago is in front of Ali. Ali turns around. Chicago is behind Ali.,0.875,4958.54999999143,1274.21818182482,,,,1,1,1,1,10.1875,1.0,0.0568181818181818,4.562142857142857,68,0.61328125,0.06982421875,-2.765625,-0.07080078125,-0.72265625,0.32421875,-0.66796875,-0.34375,-0.71484375,0.333984375,-0.34375,-0.212890625,-0.4140625,1.0546875,-1.203125,-0.51953125,-0.3828125,0.1484375,0.216796875,0.30078125,-0.1884765625,0.515625,-0.6015625,-0.031982421875,-0.045166015625,0.050537109375,-0.19921875,-0.01483154296875,0.201171875,-0.443359375,-0.057373046875,0.39453125,-0.625,-0.255859375,0.052001953125,-0.038330078125,0.138671875,-0.6953125,-0.384765625,0.107421875,0.2001953125,-0.23828125,-0.2734375,0.265625,-0.4296875,0.07080078125,0.65234375,-0.49609375,0.423828125,-0.10986328125,0.08544921875,0.478515625,0.1064453125,-0.302734375,-0.2373046875,-0.248046875,-0.462890625,0.2890625,-0.87890625,-0.0303955078125,-1.578125,-0.08349609375,0.6953125,0.58984375,0.58203125,0.50390625,0.0576171875,0.193359375,-0.232421875,0.2080078125,0.8671875,0.2734375,0.1416015625,-0.5390625,0.036865234375,0.12890625,-0.5078125,0.625,0.30078125,0.291015625,-0.19921875,-0.11083984375,0.09765625,-0.2080078125,0.1982421875,-0.166015625,-0.66015625,0.796875,-0.158203125,-0.158203125,-0.4921875,-0.16796875,0.2392578125,-0.7890625,0.17578125,-0.3828125,Chicago is in front of Ali. Ali turns around. Chicago is BLANK Ali.,Chicago is in front of Ali. Ali turns around. Chicago is behind Ali.,16,0
Chicago is in front of Ali. Ali turns left. Chicago is BLANK Ali.,egocentric_distant,target,egocentric_distant_target,right of,left of,bb3079e5-f2cd-4c7b-978b-e8b966694b0a,c5b1f7d8-1ca6-4219-8be3-cc7d5274993b,Chicago is in front of Ali. Ali turns left. Chicago is right of Ali.,0.85,4963.25454546003,1422.92000000663,,,,0,1,1,1,5.0,0.0,0.2875,4.659999999999999,68,0.62109375,0.049560546875,-2.78125,-0.0703125,-0.734375,0.384765625,-0.6328125,-0.3359375,-0.72265625,0.3984375,-0.3203125,-0.263671875,-0.43359375,1.03125,-1.1875,-0.5859375,-0.3359375,0.11962890625,0.2216796875,0.298828125,-0.1650390625,0.57421875,-0.63671875,-0.03173828125,-0.042724609375,0.07763671875,-0.1591796875,-0.09521484375,0.2275390625,-0.458984375,-0.0625,0.380859375,-0.62109375,-0.228515625,-0.023193359375,-0.10546875,0.1484375,-0.73828125,-0.33203125,0.11376953125,0.2001953125,-0.228515625,-0.28515625,0.29296875,-0.43359375,0.091796875,0.66015625,-0.5,0.396484375,-0.09326171875,0.0751953125,0.421875,0.130859375,-0.314453125,-0.2578125,-0.263671875,-0.41796875,0.30859375,-0.9921875,-0.0947265625,-1.4921875,-0.11328125,0.703125,0.6015625,0.60546875,0.515625,0.05712890625,0.1650390625,-0.267578125,0.19921875,0.87890625,0.177734375,0.1689453125,-0.50390625,0.01300048828125,0.11181640625,-0.53125,0.5859375,0.255859375,0.2236328125,-0.1875,-0.1005859375,0.1435546875,-0.1845703125,0.2236328125,-0.0927734375,-0.68359375,0.84375,-0.1318359375,-0.1552734375,-0.494140625,-0.169921875,0.248046875,-0.7734375,0.1689453125,-0.40625,Chicago is in front of Ali. Ali turns left. Chicago is BLANK Ali.,Chicago is in front of Ali. Ali turns left. Chicago is right of Ali.,20,0
Chicago is in front of Ali. Ali turns right. Chicago is BLANK Ali.,egocentric_distant,target,egocentric_distant_target,left of,right of,4839dac7-e498-4238-9e07-40259b5cd926,a39d0d62-588e-4557-81a0-2e1e671c0e17,Chicago is in front of Ali. Ali turns right. Chicago is left of Ali.,0.625,8145.31249999628,1965.93333332582,0.6,0.666666666666667,0.625,0,0,1,1,-0.125,0.0,-0.0113636363636364,4.641333333333334,68,0.6171875,0.033447265625,-2.78125,-0.07763671875,-0.734375,0.373046875,-0.63671875,-0.328125,-0.73828125,0.39453125,-0.302734375,-0.271484375,-0.439453125,1.015625,-1.1796875,-0.58203125,-0.341796875,0.10986328125,0.21875,0.298828125,-0.162109375,0.57421875,-0.640625,-0.038330078125,-0.04248046875,0.06201171875,-0.1640625,-0.08984375,0.2119140625,-0.44921875,-0.06982421875,0.369140625,-0.62109375,-0.23046875,-0.00775146484375,-0.1181640625,0.146484375,-0.75,-0.333984375,0.1171875,0.19921875,-0.2294921875,-0.283203125,0.283203125,-0.443359375,0.080078125,0.65625,-0.490234375,0.37890625,-0.095703125,0.07666015625,0.40234375,0.1337890625,-0.30859375,-0.2490234375,-0.26953125,-0.41796875,0.3125,-0.98828125,-0.1083984375,-1.4921875,-0.1171875,0.6953125,0.6015625,0.6015625,0.51171875,0.06298828125,0.1650390625,-0.271484375,0.1943359375,0.86328125,0.177734375,0.158203125,-0.50390625,0.0189208984375,0.09716796875,-0.51953125,0.6015625,0.2421875,0.2197265625,-0.1923828125,-0.11083984375,0.1279296875,-0.1962890625,0.2236328125,-0.0986328125,-0.6875,0.8359375,-0.12255859375,-0.1611328125,-0.50390625,-0.1689453125,0.259765625,-0.765625,0.1748046875,-0.39453125,Chicago is in front of Ali. Ali turns right. Chicago is BLANK Ali.,Chicago is in front of Ali. Ali turns right. Chicago is left of Ali.,16,14
Chicago is left of Ali. Ali turns around. Chicago is BLANK Ali.,egocentric_distant,target,egocentric_distant_target,right of,left of,f78e68ae-defe-4a76-bc6d-756b8f21cda2,a0b7ee21-5714-4ea4-8f1d-33e7388d17e9,Chicago is left of Ali. Ali turns around. Chicago is right of Ali.,0.7,6892.36249997211,1366.69999999766,0.6,0.666666666666667,0.625,0,1,1,1,7.6875,0.0,0.075,4.640714285714286,66,0.62109375,0.0546875,-2.765625,-0.0771484375,-0.73046875,0.37890625,-0.58984375,-0.341796875,-0.7265625,0.4296875,-0.3046875,-0.298828125,-0.416015625,1.03125,-1.1875,-0.5625,-0.330078125,0.0615234375,0.21484375,0.294921875,-0.17578125,0.60546875,-0.6015625,-0.053466796875,-0.0224609375,0.050048828125,-0.16015625,-0.126953125,0.2392578125,-0.455078125,-0.0546875,0.32421875,-0.578125,-0.2216796875,-0.0235595703125,-0.0908203125,0.140625,-0.7578125,-0.349609375,0.107421875,0.234375,-0.224609375,-0.26953125,0.2353515625,-0.392578125,0.08447265625,0.6328125,-0.55078125,0.453125,-0.1435546875,0.150390625,0.40234375,0.1435546875,-0.298828125,-0.228515625,-0.2353515625,-0.443359375,0.298828125,-0.97265625,-0.0235595703125,-1.4921875,-0.025390625,0.703125,0.61328125,0.609375,0.50390625,0.045166015625,0.0849609375,-0.2451171875,0.2294921875,0.94921875,0.32421875,0.1591796875,-0.5625,-0.01025390625,0.046630859375,-0.5546875,0.5546875,0.3125,0.251953125,-0.181640625,-0.1640625,0.236328125,-0.1455078125,0.1669921875,-0.11376953125,-0.6796875,0.86328125,-0.11962890625,-0.216796875,-0.490234375,-0.17578125,0.2216796875,-0.796875,0.1396484375,-0.412109375,Chicago is left of Ali. Ali turns around. Chicago is BLANK Ali.,Chicago is left of Ali. Ali turns around. Chicago is right of Ali.,20,12
Chicago is right of Ali. Ali turns around. Chicago is BLANK Ali.,egocentric_distant,target,egocentric_distant_target,left of,right of,75b7fecc-7bbd-45c9-9467-c9f1d4223adb,c942a4b4-8538-400d-8605-2a4f0bc000ef,Chicago is right of Ali. Ali turns around. Chicago is left of Ali.,0.714285714285714,6777.92999999356,1428.3666666742,0.666666666666667,0.75,0.7,0,1,1,1,5.3125,0.0,0.0476190476190477,4.640714285714286,66,0.6171875,0.037353515625,-2.765625,-0.08447265625,-0.73828125,0.369140625,-0.59765625,-0.337890625,-0.75,0.431640625,-0.275390625,-0.29296875,-0.427734375,1.015625,-1.1875,-0.5625,-0.333984375,0.07275390625,0.2080078125,0.29296875,-0.1728515625,0.578125,-0.57421875,-0.011474609375,-0.039306640625,0.056640625,-0.1494140625,-0.14453125,0.2177734375,-0.40625,-0.0498046875,0.3359375,-0.60546875,-0.2373046875,-0.0390625,-0.0986328125,0.1328125,-0.76171875,-0.34375,0.083984375,0.234375,-0.2080078125,-0.26953125,0.2353515625,-0.41015625,0.0771484375,0.64453125,-0.55859375,0.478515625,-0.1318359375,0.134765625,0.4375,0.1455078125,-0.263671875,-0.2138671875,-0.259765625,-0.412109375,0.267578125,-1.0,-0.038330078125,-1.5,-0.07763671875,0.6953125,0.6171875,0.61328125,0.5390625,0.036376953125,0.10595703125,-0.23046875,0.20703125,0.890625,0.337890625,0.158203125,-0.54296875,-0.021484375,0.0751953125,-0.51171875,0.609375,0.291015625,0.240234375,-0.18359375,-0.154296875,0.2060546875,-0.1611328125,0.1953125,-0.142578125,-0.703125,0.83203125,-0.11767578125,-0.1767578125,-0.49609375,-0.181640625,0.2451171875,-0.796875,0.11474609375,-0.3828125,Chicago is right of Ali. Ali turns around. Chicago is BLANK Ali.,Chicago is right of Ali. Ali turns around. Chicago is left of Ali.,21,15
Chicago is to Ali's left. Ali turns left. Ali is facing BLANK Chicago.,egocentric_distant,target,egocentric_distant_target,towards,away from,83222ab8-a0d0-461e-ba1e-8ff927d09e67,66e04c33-d006-494a-972d-9a32b5ddadfd,Chicago is to Ali's left. Ali turns left. Ali is facing towards Chicago.,0.8,7716.51818182557,1400.72727273794,,,,1,0,1,1,2.875,1.0,0.1125,4.429333333333333,72,0.60546875,0.050048828125,-2.734375,-0.05908203125,-0.71875,0.400390625,-0.60546875,-0.353515625,-0.76953125,0.353515625,-0.3515625,-0.203125,-0.392578125,0.984375,-1.1484375,-0.5546875,-0.37109375,0.11767578125,0.208984375,0.29296875,-0.189453125,0.55078125,-0.57421875,-0.047119140625,-0.10009765625,0.10888671875,-0.16796875,-0.0869140625,0.208984375,-0.455078125,-0.1162109375,0.326171875,-0.640625,-0.2734375,0.06982421875,-0.099609375,0.1396484375,-0.7265625,-0.37890625,0.1123046875,0.2138671875,-0.201171875,-0.26953125,0.3515625,-0.396484375,-0.01373291015625,0.671875,-0.443359375,0.400390625,-0.134765625,0.048583984375,0.515625,0.1552734375,-0.31640625,-0.26953125,-0.25390625,-0.421875,0.369140625,-1.0625,0.009765625,-1.4765625,-0.208984375,0.71875,0.546875,0.64453125,0.5390625,-0.07470703125,0.138671875,-0.2373046875,0.189453125,0.94921875,0.32421875,0.10009765625,-0.5859375,0.0166015625,0.1337890625,-0.62109375,0.70703125,0.279296875,0.2353515625,-0.2099609375,-0.10400390625,0.1611328125,-0.27734375,0.1982421875,-0.19140625,-0.65234375,0.7109375,-0.1904296875,-0.1455078125,-0.373046875,-0.10205078125,0.251953125,-0.8125,0.12158203125,-0.439453125,Chicago is to Ali's left. Ali turns left. Ali is facing BLANK Chicago.,Chicago is to Ali's left. Ali turns left. Ali is facing towards Chicago.,20,0
Chicago is to Ali's left. Ali turns right. Ali is facing BLANK Chicago.,egocentric_distant,target,egocentric_distant_target,away from,towards,f9d0da6e-4897-48df-958d-14bcf329f702,fd91b442-c99d-4c16-81ae-3cb0bba3ad77,Chicago is to Ali's left. Ali turns right. Ali is facing away from Chicago.,0.9375,6113.93636363338,2909.38000002504,,,,0,1,1,1,4.8125,0.0,0.0284090909090909,4.483125000000001,75,0.59765625,0.03271484375,-2.734375,-0.06591796875,-0.71875,0.384765625,-0.609375,-0.345703125,-0.78125,0.34765625,-0.337890625,-0.2041015625,-0.390625,0.96875,-1.1328125,-0.55859375,-0.369140625,0.11181640625,0.20703125,0.30078125,-0.197265625,0.56640625,-0.58203125,-0.05517578125,-0.09619140625,0.126953125,-0.1484375,-0.09228515625,0.2255859375,-0.458984375,-0.126953125,0.33203125,-0.62890625,-0.271484375,0.0986328125,-0.1240234375,0.1376953125,-0.74609375,-0.41015625,0.12109375,0.21484375,-0.2109375,-0.28125,0.326171875,-0.40234375,0.0341796875,0.671875,-0.427734375,0.390625,-0.19140625,0.062255859375,0.515625,0.158203125,-0.310546875,-0.25390625,-0.24609375,-0.412109375,0.375,-1.0390625,-0.04736328125,-1.46875,-0.16015625,0.7421875,0.56640625,0.6640625,0.55859375,-0.11279296875,0.1240234375,-0.2158203125,0.1904296875,1.015625,0.30859375,0.099609375,-0.5859375,0.00165557861328125,0.1572265625,-0.59375,0.70703125,0.291015625,0.236328125,-0.208984375,-0.099609375,0.1328125,-0.2890625,0.193359375,-0.20703125,-0.6484375,0.7109375,-0.169921875,-0.13671875,-0.396484375,-0.146484375,0.259765625,-0.83984375,0.1103515625,-0.447265625,Chicago is to Ali's left. Ali turns right. Ali is facing BLANK Chicago.,Chicago is to Ali's left. Ali turns right. Ali is facing away from Chicago.,16,0
Mark and Ali are both directly East of Budapest. Mark walks North. Ali is BLANK of Mark.,two_refs_geocentric,target,two_refs_geocentric_target,South,North,1cf5eafd-15da-41d9-9992-1ca25e13dd4c,32732c3a-dde6-4520-9e9f-43b586e802bc,Mark and Ali are both directly East of Budapest. Mark walks North. Ali is South of Mark.,0.5625,9043.67777775228,1638.06250002049,1.0,,1.0,1,1,1,1,-2.875,0.0,-0.346590909090909,4.367777777777778,88,0.57421875,0.038818359375,-2.765625,-0.034912109375,-0.62890625,0.41015625,-0.56640625,-0.2734375,-0.84375,0.470703125,-0.2392578125,-0.16796875,-0.37890625,1.0546875,-1.15625,-0.39453125,-0.271484375,0.1396484375,0.1845703125,0.2451171875,-0.1884765625,0.59765625,-0.7109375,0.07470703125,-0.1142578125,0.05810546875,-0.294921875,0.013427734375,0.271484375,-0.279296875,-0.23046875,0.28515625,-0.69921875,-0.189453125,0.07470703125,-0.028076171875,0.126953125,-0.7734375,-0.36328125,0.1572265625,0.2197265625,-0.2373046875,-0.328125,0.35546875,-0.40234375,-0.0712890625,0.69140625,-0.62109375,0.3203125,-0.14453125,0.049560546875,0.42578125,0.1904296875,-0.259765625,-0.2470703125,-0.2734375,-0.498046875,0.375,-1.0078125,-0.09765625,-1.5703125,-0.16796875,0.6796875,0.515625,0.59375,0.4375,0.022705078125,0.1767578125,-0.34765625,0.1787109375,0.93359375,0.462890625,0.12158203125,-0.498046875,0.0087890625,0.10791015625,-0.62890625,0.6875,0.435546875,0.2275390625,-0.2412109375,-0.1162109375,0.17578125,-0.044677734375,0.11474609375,-0.25390625,-0.515625,0.81640625,-0.2470703125,-0.224609375,-0.482421875,-0.08642578125,0.1796875,-0.78125,0.13671875,-0.5546875,Mark and Ali are both directly East of Budapest. Mark walks North. Ali is BLANK of Mark.,Mark and Ali are both directly East of Budapest. Mark walks North. Ali is South of Mark.,16,11
Mark and Ali are both directly West of Budapest. Mark walks South. Ali is BLANK of Mark.,two_refs_geocentric,target,two_refs_geocentric_target,North,South,e0e42831-78e0-4555-af62-7457e10ca767,47f03e7f-1dc6-4da8-b460-eea5439b1842,Mark and Ali are both directly West of Budapest. Mark walks South. Ali is North of Mark.,0.727272727272727,15741.799999994,997.99999996594,1.0,1.0,1.0,1,1,1,1,4.25,0.0,-0.139393939393939,4.368888888888889,88,0.56640625,0.02880859375,-2.765625,-0.0272216796875,-0.63671875,0.421875,-0.5546875,-0.271484375,-0.85546875,0.44140625,-0.2265625,-0.17578125,-0.37109375,1.0703125,-1.15625,-0.408203125,-0.283203125,0.12890625,0.1904296875,0.25,-0.189453125,0.58984375,-0.703125,0.062255859375,-0.0966796875,0.035888671875,-0.271484375,-0.035888671875,0.279296875,-0.267578125,-0.224609375,0.306640625,-0.69921875,-0.21484375,0.0732421875,-0.0164794921875,0.115234375,-0.76953125,-0.349609375,0.1484375,0.224609375,-0.23046875,-0.328125,0.3515625,-0.400390625,-0.072265625,0.69140625,-0.6328125,0.34765625,-0.13671875,0.0673828125,0.42578125,0.1845703125,-0.265625,-0.240234375,-0.291015625,-0.470703125,0.369140625,-0.98828125,-0.1103515625,-1.546875,-0.173828125,0.6875,0.50390625,0.5859375,0.41796875,0.0186767578125,0.1806640625,-0.353515625,0.1884765625,0.91796875,0.4609375,0.12060546875,-0.5,0.0111083984375,0.10498046875,-0.62109375,0.7109375,0.4453125,0.2353515625,-0.2353515625,-0.1123046875,0.1748046875,-0.045166015625,0.1044921875,-0.28125,-0.51953125,0.80078125,-0.2412109375,-0.21484375,-0.48046875,-0.0859375,0.1943359375,-0.78125,0.16015625,-0.54296875,Mark and Ali are both directly West of Budapest. Mark walks South. Ali is BLANK of Mark.,Mark and Ali are both directly West of Budapest. Mark walks South. Ali is North of Mark.,11,15
Mark and Ali are both facing left. Ali turns to his right. Ali is facing BLANK Mark.,two_refs_egocentric,target,two_refs_egocentric_target,away from,towards,29663c72-0b15-4907-88c3-bd660fbc97a4,0efcb0c1-350a-4c40-bf4c-954939371c8e,Mark and Ali are both facing left. Ali turns to his right. Ali is facing away from Mark.,0.5,1742.85999998301,1202.43999999501,0.6,0.333333333333333,0.5,0,1,0,0,-4.25,0.0,-0.125,4.576315789473684,88,0.59375,0.03369140625,-2.765625,-0.043701171875,-0.7421875,0.361328125,-0.578125,-0.380859375,-0.78125,0.416015625,-0.3359375,-0.220703125,-0.37890625,1.0859375,-1.09375,-0.546875,-0.349609375,0.140625,0.201171875,0.27734375,-0.181640625,0.5703125,-0.59765625,0.0155029296875,-0.1376953125,0.0286865234375,-0.2890625,-0.0810546875,0.2001953125,-0.314453125,-0.0859375,0.298828125,-0.74609375,-0.30859375,0.039794921875,-0.0673828125,0.1142578125,-0.78515625,-0.43359375,0.08642578125,0.2177734375,-0.1787109375,-0.26171875,0.37890625,-0.400390625,0.01422119140625,0.6484375,-0.478515625,0.341796875,-0.19921875,0.060546875,0.439453125,0.1728515625,-0.337890625,-0.265625,-0.2109375,-0.54296875,0.494140625,-0.9609375,-0.058837890625,-1.5234375,-0.11181640625,0.68359375,0.57421875,0.6796875,0.53515625,-0.11181640625,0.1767578125,-0.3203125,0.248046875,1.046875,0.4609375,0.11962890625,-0.56640625,-0.07275390625,0.1953125,-0.48046875,0.6796875,0.4375,0.2314453125,-0.189453125,-0.125,0.12255859375,-0.1494140625,0.166015625,-0.2333984375,-0.515625,0.6953125,-0.28515625,-0.1728515625,-0.484375,-0.10009765625,0.2080078125,-0.83203125,0.10009765625,-0.515625,Mark and Ali are both facing left. Ali turns to his right. Ali is facing BLANK Mark.,Mark and Ali are both facing left. Ali turns to his right. Ali is facing away from Mark.,20,20
Mark and Ali are both facing right. Ali turns to his left. Ali is facing BLANK Mark.,two_refs_egocentric,target,two_refs_egocentric_target,away from,towards,3ee06635-6bfb-4e68-a7d8-d5a766053beb,47c656dc-8025-40bc-a1fe-3bb9814b4cbb,Mark and Ali are both facing right. Ali turns to his left. Ali is facing away from Mark.,0.523809523809524,14624.1250000298,1535.02499994636,0.6,0.333333333333333,0.5,0,1,0,0,5.625,-1.0,0.0952380952380953,4.548421052631579,88,0.59375,0.032958984375,-2.765625,-0.043701171875,-0.7421875,0.359375,-0.58203125,-0.37890625,-0.77734375,0.4140625,-0.333984375,-0.2314453125,-0.380859375,1.078125,-1.09375,-0.54296875,-0.34765625,0.15234375,0.19921875,0.26953125,-0.1845703125,0.56640625,-0.58984375,0.0172119140625,-0.1376953125,0.0294189453125,-0.283203125,-0.087890625,0.1884765625,-0.291015625,-0.076171875,0.306640625,-0.75,-0.283203125,0.03857421875,-0.0771484375,0.10595703125,-0.796875,-0.4140625,0.06982421875,0.21875,-0.1806640625,-0.263671875,0.375,-0.400390625,0.0130615234375,0.625,-0.48828125,0.34765625,-0.2080078125,0.08447265625,0.466796875,0.1689453125,-0.326171875,-0.275390625,-0.2109375,-0.53515625,0.478515625,-0.96484375,-0.0693359375,-1.5390625,-0.10888671875,0.69140625,0.56640625,0.66796875,0.53125,-0.09912109375,0.173828125,-0.318359375,0.2490234375,1.0390625,0.5078125,0.1181640625,-0.56640625,-0.06591796875,0.185546875,-0.50390625,0.6875,0.42578125,0.23046875,-0.1943359375,-0.1279296875,0.1279296875,-0.1552734375,0.16015625,-0.2265625,-0.5234375,0.6875,-0.2890625,-0.1630859375,-0.494140625,-0.1025390625,0.2001953125,-0.8359375,0.10498046875,-0.53515625,Mark and Ali are both facing right. Ali turns to his left. Ali is facing BLANK Mark.,Mark and Ali are both facing right. Ali turns to his left. Ali is facing away from Mark.,21,18
Mark and Ali are facing away from eachother. Mark turns around. Ali is facing BLANK Mark.,two_refs_egocentric,target,two_refs_egocentric_target,away from,towards,2c401bc8-165e-4560-897a-4efd07a1d871,2deab35e-de13-4997-800d-a76f6de872b5,Mark and Ali are facing away from eachother. Mark turns around. Ali is facing away from Mark.,0.55,6821.02500002016,1445.91428569066,0.6,1.0,0.777777777777778,0,0,0,0,-7.9375,0.0,0.35952380952381,4.263888888888889,93,0.6015625,0.06787109375,-2.65625,-0.05126953125,-0.734375,0.33984375,-0.5546875,-0.392578125,-0.78125,0.435546875,-0.36328125,-0.267578125,-0.369140625,1.0546875,-1.140625,-0.546875,-0.34765625,0.08349609375,0.21875,0.279296875,-0.1767578125,0.52734375,-0.609375,-0.01953125,-0.1064453125,-0.02197265625,-0.353515625,-0.0238037109375,0.2431640625,-0.283203125,-0.06396484375,0.298828125,-0.6171875,-0.2890625,0.050048828125,-0.062255859375,0.1376953125,-0.78125,-0.388671875,0.09619140625,0.224609375,-0.2236328125,-0.306640625,0.3203125,-0.41015625,0.0087890625,0.70703125,-0.60546875,0.38671875,-0.169921875,0.058349609375,0.5703125,0.15625,-0.330078125,-0.3125,-0.30078125,-0.515625,0.4609375,-0.89453125,-0.09521484375,-1.5546875,-0.11767578125,0.70703125,0.58203125,0.66796875,0.51953125,-0.03076171875,0.2431640625,-0.337890625,0.2490234375,1.03125,0.458984375,0.107421875,-0.56640625,-0.09521484375,0.1982421875,-0.50390625,0.70703125,0.3671875,0.2060546875,-0.1884765625,-0.05859375,0.09716796875,-0.0771484375,0.162109375,-0.294921875,-0.4921875,0.71484375,-0.298828125,-0.10400390625,-0.546875,-0.1337890625,0.1826171875,-0.83984375,0.064453125,-0.498046875,Mark and Ali are facing away from eachother. Mark turns around. Ali is facing BLANK Mark.,Mark and Ali are facing away from eachother. Mark turns around. Ali is facing away from Mark.,20,22
Mark is East of Ali facing East. Ali is West of Mark facing West. Mark is facing BLANK Ali.,two_refs_geocentric,target,two_refs_geocentric_target,away from,towards,b1714cfb-af9a-4b49-8cdc-9b574b8f80a2,c4300110-c14f-4a8d-94b9-a56fbaf8aaa2,Mark is East of Ali facing East. Ali is West of Mark facing West. Mark is facing away from Ali.,0.75,18572.3714285727,2951.45000000298,0.8,1.0,0.857142857142857,0,1,1,1,-5.375,0.0,0.1875,4.510000000000001,95,0.53515625,0.0517578125,-2.796875,0.0150146484375,-0.67578125,0.392578125,-0.5625,-0.3359375,-0.80859375,0.4375,-0.26953125,-0.306640625,-0.3984375,1.03125,-1.234375,-0.5390625,-0.337890625,0.08837890625,0.2353515625,0.271484375,-0.177734375,0.62109375,-0.6328125,-0.1318359375,-0.1943359375,-0.01324462890625,-0.1845703125,-0.03955078125,0.2158203125,-0.380859375,-0.1650390625,0.349609375,-0.6875,-0.255859375,0.07763671875,-0.11083984375,0.19140625,-0.79296875,-0.34765625,0.0849609375,0.248046875,-0.28125,-0.26953125,0.2578125,-0.4296875,0.0162353515625,0.703125,-0.482421875,0.35546875,-0.09228515625,0.09326171875,0.55859375,0.171875,-0.34375,-0.3125,-0.30078125,-0.435546875,0.330078125,-0.91796875,-0.0771484375,-1.5234375,-0.2294921875,0.79296875,0.5859375,0.578125,0.498046875,-0.00439453125,0.2890625,-0.240234375,0.08251953125,1.03125,0.5390625,0.12890625,-0.6640625,0.1611328125,0.08837890625,-0.5390625,0.67578125,0.330078125,0.193359375,-0.20703125,-0.1513671875,0.244140625,-0.10546875,0.140625,-0.2734375,-0.515625,0.80078125,-0.1748046875,-0.1484375,-0.44921875,-0.130859375,0.2236328125,-0.85546875,0.06884765625,-0.54296875,Mark is East of Ali facing East. Ali is West of Mark facing West. Mark is facing BLANK Ali.,Mark is East of Ali facing East. Ali is West of Mark facing West. Mark is facing away from Ali.,20,15
Mark is East of Ali. Mark turns right. Mark is BLANK of Ali.,two_refs_geocentric,target,two_refs_geocentric_target,East,West,f84560ed-b11b-4b50-85f3-307348f10e3a,bec9241d-f5ad-4e55-b693-c4ff34cdaa2b,Mark is East of Ali. Mark turns right. Mark is East of Ali.,0.909090909090909,7708.16363634576,2539.69090911746,,,,0,0,1,1,-4.375,0.0,0.509090909090909,4.655714285714285,59,0.5625,0.0089111328125,-2.78125,-0.0096435546875,-0.68359375,0.451171875,-0.482421875,-0.287109375,-0.8515625,0.52734375,-0.263671875,-0.2255859375,-0.443359375,1.03125,-1.1796875,-0.474609375,-0.310546875,0.134765625,0.1884765625,0.333984375,-0.171875,0.53515625,-0.62890625,0.0498046875,-0.08544921875,-0.012939453125,-0.2177734375,-0.134765625,0.318359375,-0.3359375,-0.1455078125,0.291015625,-0.58203125,-0.166015625,0.08154296875,-0.1708984375,0.09912109375,-0.7265625,-0.3203125,0.08349609375,0.2392578125,-0.251953125,-0.349609375,0.40625,-0.37890625,0.0079345703125,0.69140625,-0.71875,0.482421875,-0.076171875,0.134765625,0.482421875,0.171875,-0.28515625,-0.193359375,-0.255859375,-0.3828125,0.26171875,-1.015625,-0.09375,-1.546875,-0.10498046875,0.66796875,0.58203125,0.69140625,0.5390625,-0.002410888671875,0.10009765625,-0.28125,0.2109375,1.015625,0.3203125,0.19140625,-0.625,-0.05712890625,0.053955078125,-0.498046875,0.625,0.365234375,0.2412109375,-0.228515625,-0.146484375,0.1865234375,0.00299072265625,0.130859375,-0.189453125,-0.6484375,0.8203125,-0.1728515625,-0.2080078125,-0.51953125,-0.11767578125,0.220703125,-0.78515625,0.0927734375,-0.435546875,Mark is East of Ali. Mark turns right. Mark is BLANK of Ali.,Mark is East of Ali. Mark turns right. Mark is East of Ali.,11,0
Mark is East of Budapest and Ali is West of Budapest. Ali walks directly towards Mark. Ali is heading BLANK.,two_refs_geocentric,target,two_refs_geocentric_target,East,West,510180d4-e242-425c-8e8c-7c88ca6e2a3f,8b88918b-f1dd-4784-8035-580b89674670,Mark is East of Budapest and Ali is West of Budapest. Ali walks directly towards Mark. Ali is heading East.,0.65,12220.8124999842,1093.20000000192,0.8,1.0,0.857142857142857,1,1,1,1,11.0625,0.0,-0.225,4.18047619047619,107,0.55859375,0.038330078125,-2.78125,-0.01611328125,-0.59375,0.3828125,-0.578125,-0.3046875,-0.8203125,0.412109375,-0.255859375,-0.2109375,-0.349609375,0.98046875,-1.1796875,-0.392578125,-0.302734375,0.08447265625,0.1640625,0.30859375,-0.173828125,0.55078125,-0.62109375,-0.020263671875,-0.1474609375,0.044189453125,-0.2099609375,-0.04736328125,0.248046875,-0.3359375,-0.1796875,0.375,-0.66796875,-0.2490234375,0.049560546875,-0.0262451171875,0.11962890625,-0.71875,-0.431640625,0.115234375,0.2431640625,-0.2119140625,-0.3046875,0.330078125,-0.41015625,-0.047607421875,0.703125,-0.53515625,0.30859375,-0.166015625,0.10107421875,0.431640625,0.1767578125,-0.328125,-0.25390625,-0.2080078125,-0.515625,0.333984375,-0.890625,-0.0810546875,-1.59375,-0.06689453125,0.76171875,0.60546875,0.65234375,0.53515625,-0.0042724609375,0.12060546875,-0.345703125,0.298828125,1.03125,0.34375,0.1572265625,-0.5546875,0.0126953125,0.04052734375,-0.6015625,0.58984375,0.357421875,0.25,-0.2080078125,-0.173828125,0.11328125,-0.1630859375,0.1396484375,-0.2490234375,-0.56640625,0.73828125,-0.1767578125,-0.19140625,-0.416015625,-0.09375,0.1767578125,-0.765625,0.16015625,-0.515625,Mark is East of Budapest and Ali is West of Budapest. Ali walks directly towards Mark. Ali is heading BLANK.,Mark is East of Budapest and Ali is West of Budapest. Ali walks directly towards Mark. Ali is heading East.,20,15
Mark is East of Budapest and Ali is West of Budapest. Mark walks directly towards Ali. Mark is heading BLANK.,two_refs_geocentric,target,two_refs_geocentric_target,West,East,4f125ff1-4082-4c53-8e09-17ede5961b36,77a477ec-6689-425e-a894-71c02ec0f20a,Mark is East of Budapest and Ali is West of Budapest. Mark walks directly towards Ali. Mark is heading West.,0.857142857142857,9971.6636363615,1093.11999987774,,,,1,1,1,1,12.4375,0.0,0.285714285714286,4.212857142857142,108,0.56640625,0.0252685546875,-2.796875,-0.01513671875,-0.59765625,0.376953125,-0.55859375,-0.294921875,-0.83203125,0.42578125,-0.263671875,-0.2197265625,-0.3515625,0.984375,-1.1875,-0.40625,-0.30859375,0.08740234375,0.1689453125,0.32421875,-0.173828125,0.55859375,-0.640625,-0.01495361328125,-0.138671875,0.018798828125,-0.2080078125,-0.03369140625,0.2734375,-0.3359375,-0.173828125,0.365234375,-0.6484375,-0.251953125,0.0556640625,-0.047119140625,0.126953125,-0.72265625,-0.416015625,0.12353515625,0.2421875,-0.23828125,-0.298828125,0.333984375,-0.400390625,-0.037353515625,0.75390625,-0.578125,0.328125,-0.138671875,0.078125,0.47265625,0.1826171875,-0.345703125,-0.25390625,-0.2216796875,-0.515625,0.310546875,-0.83203125,-0.06884765625,-1.609375,-0.0703125,0.75,0.57421875,0.640625,0.5703125,0.0203857421875,0.1318359375,-0.34375,0.26171875,1.0390625,0.404296875,0.154296875,-0.5859375,0.039794921875,0.00836181640625,-0.5859375,0.61328125,0.34765625,0.2333984375,-0.2060546875,-0.169921875,0.109375,-0.142578125,0.1083984375,-0.302734375,-0.58203125,0.75390625,-0.1904296875,-0.20703125,-0.44921875,-0.10693359375,0.169921875,-0.78515625,0.2158203125,-0.5,Mark is East of Budapest and Ali is West of Budapest. Mark walks directly towards Ali. Mark is heading BLANK.,Mark is East of Budapest and Ali is West of Budapest. Mark walks directly towards Ali. Mark is heading West.,21,0
Mark is North of Budapest and Ali is South of Budapest. Ali walks directly away from Mark. Ali is walking BLANK.,two_refs_geocentric,target,two_refs_geocentric_target,South,North,e76db60f-1d9f-4aa9-aaa3-921c22b8af1a,30c2fa5a-da23-4e62-b66c-01c6cc4ebf9d,Mark is North of Budapest and Ali is South of Budapest. Ali walks directly away from Mark. Ali is walking South.,0.625,9447.80000002216,3962.93749998766,1.0,1.0,1.0,1,1,1,1,9.125,1.0,-0.0113636363636364,4.297272727272728,112,0.56640625,0.08544921875,-2.796875,-0.046875,-0.6171875,0.41796875,-0.6328125,-0.3125,-0.828125,0.36328125,-0.2890625,-0.2138671875,-0.359375,1.0546875,-1.2265625,-0.3671875,-0.306640625,0.07861328125,0.173828125,0.26171875,-0.1748046875,0.6015625,-0.67578125,0.004852294921875,-0.1552734375,0.1171875,-0.2373046875,0.049072265625,0.2578125,-0.314453125,-0.17578125,0.26171875,-0.6640625,-0.318359375,0.040771484375,-0.0255126953125,0.107421875,-0.75390625,-0.462890625,0.1064453125,0.2333984375,-0.2021484375,-0.291015625,0.345703125,-0.412109375,-0.038818359375,0.69921875,-0.470703125,0.283203125,-0.10693359375,0.1162109375,0.4453125,0.1611328125,-0.33203125,-0.28125,-0.189453125,-0.51171875,0.32421875,-0.82421875,-0.04833984375,-1.6015625,-0.11572265625,0.74609375,0.62109375,0.62109375,0.51171875,-0.040283203125,0.1337890625,-0.37890625,0.2734375,0.9609375,0.408203125,0.1484375,-0.58203125,0.11279296875,0.0849609375,-0.6484375,0.56640625,0.28125,0.251953125,-0.20703125,-0.169921875,0.1455078125,-0.138671875,0.173828125,-0.2578125,-0.56640625,0.75390625,-0.2001953125,-0.216796875,-0.40625,-0.1298828125,0.2099609375,-0.7421875,0.1611328125,-0.50390625,Mark is North of Budapest and Ali is South of Budapest. Ali walks directly away from Mark. Ali is walking BLANK.,Mark is North of Budapest and Ali is South of Budapest. Ali walks directly away from Mark. Ali is walking South.,16,11
Mark is West of Ali facing East. Ali is East of Mark facing West. Mark is facing BLANK Ali.,two_refs_geocentric,target,two_refs_geocentric_target,towards,away from,42c55655-608c-455a-a95f-db641d81ed1f,7f836912-7107-4c82-a22b-c68b2acc46f0,Mark is West of Ali facing East. Ali is East of Mark facing West. Mark is facing towards Ali.,0.4375,10542.0500000641,1838.15999997854,0.8,0.333333333333333,0.625,1,1,1,1,5.3125,0.0,-0.229166666666667,4.492499999999999,93,0.53515625,0.05029296875,-2.796875,0.013671875,-0.671875,0.3984375,-0.5625,-0.345703125,-0.80859375,0.443359375,-0.26953125,-0.30078125,-0.3984375,1.0390625,-1.2265625,-0.53515625,-0.33984375,0.0859375,0.2265625,0.2578125,-0.171875,0.58203125,-0.609375,-0.12353515625,-0.197265625,-0.0147705078125,-0.1962890625,-0.044189453125,0.208984375,-0.392578125,-0.1455078125,0.35546875,-0.69921875,-0.255859375,0.08935546875,-0.1103515625,0.173828125,-0.81640625,-0.34375,0.07080078125,0.234375,-0.28515625,-0.279296875,0.26171875,-0.44140625,-0.0166015625,0.6953125,-0.482421875,0.3515625,-0.041748046875,0.08935546875,0.62109375,0.1826171875,-0.3046875,-0.30859375,-0.271484375,-0.4296875,0.333984375,-1.0078125,-0.05078125,-1.5625,-0.2734375,0.76953125,0.59375,0.55859375,0.470703125,-0.0281982421875,0.27734375,-0.16796875,0.08203125,1.03125,0.5234375,0.1337890625,-0.66015625,0.1767578125,0.1484375,-0.546875,0.69140625,0.318359375,0.224609375,-0.21875,-0.1337890625,0.2412109375,-0.0634765625,0.1279296875,-0.25390625,-0.51171875,0.80859375,-0.16796875,-0.11572265625,-0.45703125,-0.049560546875,0.236328125,-0.875,0.08154296875,-0.5703125,Mark is West of Ali facing East. Ali is East of Mark facing West. Mark is facing BLANK Ali.,Mark is West of Ali facing East. Ali is East of Mark facing West. Mark is facing towards Ali.,16,15
Mark is behind Ali. Ali turns around. Ali is facing BLANK Mark.,two_refs_egocentric,target,two_refs_egocentric_target,towards,away from,771e9b17-7d24-4977-913f-e650a0a2df3a,0aa667df-2967-4e2c-ac90-34757840ef31,Mark is behind Ali. Ali turns around. Ali is facing towards Mark.,0.909090909090909,3566.07000001203,3756.24545455131,,,,1,1,1,1,9.0625,0.0,-0.0242424242424243,4.354615384615385,65,0.56640625,0.0791015625,-2.734375,-0.047119140625,-0.703125,0.37890625,-0.5,-0.390625,-0.80078125,0.42578125,-0.357421875,-0.2138671875,-0.376953125,1.03125,-1.09375,-0.5546875,-0.408203125,0.091796875,0.1484375,0.279296875,-0.1923828125,0.48828125,-0.6171875,-0.00201416015625,-0.064453125,-0.01116943359375,-0.279296875,-0.01275634765625,0.25390625,-0.369140625,-0.068359375,0.30859375,-0.6484375,-0.271484375,0.068359375,-0.060791015625,0.12890625,-0.75,-0.39453125,0.09375,0.2275390625,-0.234375,-0.302734375,0.265625,-0.408203125,0.02294921875,0.63671875,-0.5390625,0.388671875,-0.11083984375,0.10791015625,0.58984375,0.1572265625,-0.25,-0.265625,-0.25,-0.412109375,0.38671875,-1.0390625,-0.0240478515625,-1.53125,-0.171875,0.65234375,0.55859375,0.6796875,0.55859375,-0.1337890625,0.173828125,-0.25,0.34375,0.96875,0.341796875,0.1376953125,-0.55859375,-0.1259765625,0.1396484375,-0.421875,0.7421875,0.404296875,0.275390625,-0.2216796875,-0.138671875,0.09228515625,-0.21875,0.181640625,-0.353515625,-0.5625,0.73828125,-0.220703125,-0.1962890625,-0.52734375,-0.0888671875,0.2451171875,-0.81640625,0.1494140625,-0.478515625,Mark is behind Ali. Ali turns around. Ali is facing BLANK Mark.,Mark is behind Ali. Ali turns around. Ali is facing towards Mark.,11,0
Mark is behind Ali. Mark walks backwards. Mark is getting BLANK Ali.,two_refs_egocentric,target,two_refs_egocentric_target,further from,closer to,7c4dd56f-d780-4ee2-8921-f52b16af982d,6ff6db1e-6e7d-45bd-88fa-ed04746596c0,Mark is behind Ali. Mark walks backwards. Mark is getting further from Ali.,0.619047619047619,6069.98750019632,2189.04444445194,0.8,0.5,0.714285714285714,0,1,1,1,-11.125,0.0,0.142857142857143,4.453571428571428,75,0.6015625,0.045654296875,-2.765625,-0.04248046875,-0.71484375,0.392578125,-0.5859375,-0.37109375,-0.78125,0.419921875,-0.345703125,-0.1875,-0.34375,1.0234375,-1.0546875,-0.546875,-0.3671875,0.10009765625,0.142578125,0.259765625,-0.1845703125,0.5234375,-0.578125,0.05712890625,-0.0537109375,0.00055694580078125,-0.30078125,0.1845703125,0.255859375,-0.34765625,-0.07666015625,0.28125,-0.625,-0.359375,0.050048828125,-0.10302734375,0.15234375,-0.75,-0.470703125,0.095703125,0.224609375,-0.22265625,-0.298828125,0.28515625,-0.400390625,0.04833984375,0.6875,-0.5078125,0.384765625,0.0361328125,0.099609375,0.45703125,0.146484375,-0.33203125,-0.212890625,-0.26171875,-0.439453125,0.28515625,-0.953125,-0.10107421875,-1.65625,-0.142578125,0.6484375,0.51171875,0.625,0.57421875,-0.0084228515625,0.07080078125,-0.376953125,0.41796875,0.9921875,0.2451171875,0.1435546875,-0.5,-0.09228515625,0.11181640625,-0.390625,0.67578125,0.421875,0.275390625,-0.18359375,-0.216796875,0.043212890625,-0.1533203125,0.1904296875,-0.3203125,-0.5625,0.71484375,-0.265625,-0.166015625,-0.62890625,-0.1435546875,0.244140625,-0.75,0.1455078125,-0.427734375,Mark is behind Ali. Mark walks backwards. Mark is getting BLANK Ali.,Mark is behind Ali. Mark walks backwards. Mark is getting further from Ali.,21,12
Mark is behind Ali. Mark walks fowards. Mark is getting BLANK Ali.,two_refs_egocentric,target,two_refs_egocentric_target,closer to,further from,f7ed4322-6f17-4f60-ac4f-404edc6ffe8b,6598bcd0-f33f-4f87-b010-7257d9037f54,Mark is behind Ali. Mark walks forwards. Mark is getting closer to Ali.,0.75,3962.59999999859,737.625000005588,0.6,0.333333333333333,0.5,0,1,1,1,12.6875,-1.0,0.3125,4.345000000000001,71,0.6015625,0.0478515625,-2.75,-0.053466796875,-0.69140625,0.423828125,-0.578125,-0.40625,-0.7890625,0.400390625,-0.298828125,-0.1796875,-0.353515625,1.0234375,-1.03125,-0.54296875,-0.357421875,0.111328125,0.158203125,0.2578125,-0.185546875,0.52734375,-0.6015625,0.03955078125,-0.10107421875,-0.0025177001953125,-0.30078125,0.138671875,0.267578125,-0.357421875,-0.07861328125,0.287109375,-0.67578125,-0.34375,-0.01153564453125,-0.10498046875,0.158203125,-0.73828125,-0.498046875,0.0830078125,0.2421875,-0.181640625,-0.267578125,0.25390625,-0.396484375,0.050537109375,0.63671875,-0.53125,0.392578125,0.057373046875,0.09130859375,0.48046875,0.12890625,-0.287109375,-0.224609375,-0.263671875,-0.4140625,0.32421875,-0.9609375,-0.05029296875,-1.671875,-0.1181640625,0.6640625,0.5,0.6171875,0.578125,0.002288818359375,0.055419921875,-0.349609375,0.4296875,0.98828125,0.2197265625,0.1435546875,-0.5,-0.091796875,0.09228515625,-0.40625,0.69140625,0.435546875,0.26171875,-0.1650390625,-0.2216796875,0.0284423828125,-0.1455078125,0.1689453125,-0.30078125,-0.5703125,0.7109375,-0.251953125,-0.1552734375,-0.64453125,-0.11962890625,0.2197265625,-0.75390625,0.16796875,-0.435546875,Mark is behind Ali. Mark walks fowards. Mark is getting BLANK Ali.,Mark is behind Ali. Mark walks forwards. Mark is getting closer to Ali.,20,16
Mark is facing East and Ali is facing West. Mark turns 180 degrees. Mark and Ali are facing BLANK.,two_refs_geocentric,target,two_refs_geocentric_target,the same direction,different directions,483dec45-9fb6-4c92-83fe-590ce6fe1c5a,9dba0782-3947-4379-b6b7-1143a9efb172,Mark is facing East and Ali is facing West. Mark turns 180 degrees. Mark and Ali are facing the same direction.,0.8,9293.77999999598,1519.71111111095,,,,0,1,1,1,-0.875,-1.0,0.05,4.362727272727273,111,0.609375,0.041748046875,-2.828125,-0.00225830078125,-0.72265625,0.275390625,-0.5390625,-0.302734375,-0.734375,0.421875,-0.3046875,-0.17578125,-0.365234375,1.0625,-1.1328125,-0.5078125,-0.27734375,0.181640625,0.10791015625,0.220703125,-0.1552734375,0.5,-0.5625,-0.004913330078125,-0.2333984375,-0.01385498046875,-0.21875,-0.00531005859375,0.2158203125,-0.28125,-0.06640625,0.365234375,-0.7578125,-0.353515625,0.123046875,-0.0147705078125,0.0751953125,-0.71484375,-0.384765625,0.09033203125,0.263671875,-0.2431640625,-0.349609375,0.41796875,-0.357421875,0.08447265625,0.70703125,-0.5078125,0.2578125,-0.248046875,0.07470703125,0.498046875,0.1845703125,-0.306640625,-0.298828125,-0.271484375,-0.609375,0.3671875,-0.70703125,-0.1064453125,-1.671875,-0.130859375,0.75,0.6015625,0.5,0.55859375,-0.1103515625,0.1767578125,-0.478515625,0.287109375,1.0078125,0.265625,0.07373046875,-0.69140625,0.064453125,0.189453125,-0.578125,0.7109375,0.404296875,0.1435546875,-0.2265625,-0.10791015625,0.193359375,-0.095703125,0.087890625,-0.115234375,-0.45703125,0.703125,-0.32421875,-0.024169921875,-0.546875,-0.1240234375,0.08740234375,-0.765625,0.005340576171875,-0.66015625,Mark is facing East and Ali is facing West. Mark turns 180 degrees. Mark and Ali are facing BLANK.,Mark is facing East and Ali is facing West. Mark turns 180 degrees. Mark and Ali are facing the same direction.,20,0
Mark is facing East and Ali is facing West. Mark turns around. Mark is facing BLANK.,two_refs_geocentric,target,two_refs_geocentric_target,West,East,eec9cd75-4f1e-4024-a160-dff22bf4dc68,04c6ca79-fb19-48d2-bfb9-783510cf29d3,Mark is facing East and Ali is facing West. Mark turns around. Mark is facing West.,0.8,5910.13750001043,3198.67500001867,,,,1,1,1,1,10.5625,0.0,0.133333333333333,4.511176470588235,83,0.5625,0.031005859375,-2.796875,0.00750732421875,-0.71875,0.3671875,-0.43359375,-0.33203125,-0.82421875,0.49609375,-0.28515625,-0.2080078125,-0.3828125,1.1171875,-1.21875,-0.451171875,-0.373046875,0.0810546875,0.1533203125,0.318359375,-0.1611328125,0.5078125,-0.625,0.03515625,-0.087890625,-0.10888671875,-0.263671875,-0.14453125,0.328125,-0.3671875,-0.11328125,0.32421875,-0.58203125,-0.1943359375,0.0751953125,-0.134765625,0.08544921875,-0.6484375,-0.34375,0.09326171875,0.25390625,-0.265625,-0.33203125,0.408203125,-0.388671875,0.024658203125,0.703125,-0.70703125,0.38671875,-0.146484375,0.1259765625,0.51171875,0.201171875,-0.392578125,-0.2314453125,-0.30078125,-0.443359375,0.359375,-0.859375,-0.040771484375,-1.609375,-0.0213623046875,0.71875,0.59765625,0.64453125,0.5,-0.04736328125,0.119140625,-0.294921875,0.23828125,1.0625,0.416015625,0.138671875,-0.6015625,-0.032470703125,0.0771484375,-0.451171875,0.72265625,0.423828125,0.216796875,-0.2392578125,-0.1435546875,0.1953125,-0.0015869140625,0.09716796875,-0.267578125,-0.55859375,0.83984375,-0.2392578125,-0.10400390625,-0.53515625,-0.07470703125,0.234375,-0.796875,0.11962890625,-0.51953125,Mark is facing East and Ali is facing West. Mark turns around. Mark is facing BLANK.,Mark is facing East and Ali is facing West. Mark turns around. Mark is facing West.,10,0
Mark is facing East. Mark turns 90 degrees to his right. Mark is facing BLANK.,geocentric_near,target,geocentric_near_target,South,North,d41a2358-86e5-4fcb-ad0a-bccb75b17833,ef8f3d6c-fc26-496d-a9e0-433ea2eb5454,Mark is facing East. Mark turns 90 degrees to his right. Mark is facing South.,0.727272727272727,6296.22500002695,940.310000011884,1.0,,1.0,1,1,1,1,2.0,0.0,-0.0727272727272728,4.669375,78,0.5859375,0.021728515625,-2.78125,-0.0152587890625,-0.75390625,0.341796875,-0.53515625,-0.2470703125,-0.73046875,0.4765625,-0.34375,-0.1455078125,-0.376953125,1.0546875,-1.140625,-0.54296875,-0.3359375,0.1416015625,0.1494140625,0.2734375,-0.162109375,0.48046875,-0.609375,0.031494140625,-0.1943359375,-0.006988525390625,-0.19140625,-0.0361328125,0.2412109375,-0.36328125,-0.1064453125,0.30859375,-0.76171875,-0.158203125,0.12158203125,-0.212890625,0.003936767578125,-0.65234375,-0.36328125,0.07666015625,0.1826171875,-0.203125,-0.298828125,0.51171875,-0.4296875,0.0634765625,0.59765625,-0.6171875,0.33984375,-0.099609375,0.1826171875,0.400390625,0.1484375,-0.3515625,-0.2060546875,-0.287109375,-0.6015625,0.294921875,-1.0,-0.09228515625,-1.7265625,-0.0322265625,0.671875,0.6875,0.62109375,0.474609375,0.00604248046875,-0.01953125,-0.48828125,0.259765625,1.0234375,0.326171875,0.10009765625,-0.63671875,0.0030517578125,0.0242919921875,-0.55078125,0.75390625,0.30859375,0.150390625,-0.232421875,-0.0947265625,0.197265625,4.1961669921875e-05,0.099609375,-0.154296875,-0.4921875,0.796875,-0.349609375,-0.1142578125,-0.49609375,-0.1953125,0.2158203125,-0.80859375,0.0198974609375,-0.56640625,Mark is facing East. Mark turns 90 degrees to his right. Mark is facing BLANK.,Mark is facing East. Mark turns 90 degrees to his right. Mark is facing South.,11,9
Mark is facing North and Ali is facing East. Mark turns 90 degrees to his right. Mark and Ali are facing BLANK.,two_refs_geocentric,target,two_refs_geocentric_target,the same direction,different directions,a969ba1d-a477-47e2-a2a8-a9a473379732,3e51fc15-6ee7-4bd4-b7c2-9313c2b75afa,Mark is facing North and Ali is facing East. Mark turns 90 degrees to his right. Mark and Ali are facing the same direction.,0.6,6746.56000000537,1361.27000001669,0.8,1.0,0.857142857142857,0,0,1,1,-14.0625,0.0,0.133333333333333,4.5736,124,0.6328125,0.0196533203125,-2.890625,-0.01519775390625,-0.74609375,0.28515625,-0.6015625,-0.318359375,-0.71875,0.404296875,-0.28515625,-0.171875,-0.359375,1.0234375,-1.109375,-0.515625,-0.2734375,0.1640625,0.119140625,0.24609375,-0.15625,0.5546875,-0.55859375,-0.0303955078125,-0.2578125,-0.017822265625,-0.21484375,-0.01513671875,0.19921875,-0.298828125,-0.07275390625,0.3359375,-0.79296875,-0.34375,0.1376953125,-0.052490234375,0.0654296875,-0.703125,-0.408203125,0.06298828125,0.251953125,-0.2099609375,-0.34765625,0.451171875,-0.39453125,0.08544921875,0.6796875,-0.47265625,0.29296875,-0.23828125,0.0654296875,0.55078125,0.1875,-0.314453125,-0.2734375,-0.265625,-0.640625,0.416015625,-0.7265625,-0.1337890625,-1.7421875,-0.08935546875,0.77734375,0.65625,0.53515625,0.56640625,-0.072265625,0.16015625,-0.478515625,0.263671875,1.046875,0.27734375,0.10986328125,-0.71875,0.029296875,0.1796875,-0.57421875,0.69140625,0.3828125,0.12353515625,-0.1982421875,-0.09619140625,0.185546875,-0.123046875,0.125,-0.1201171875,-0.4609375,0.67578125,-0.326171875,-0.056884765625,-0.58203125,-0.13671875,0.11767578125,-0.76953125,0.05078125,-0.66796875,Mark is facing North and Ali is facing East. Mark turns 90 degrees to his right. Mark and Ali are facing BLANK.,Mark is facing North and Ali is facing East. Mark turns 90 degrees to his right. Mark and Ali are facing the same direction.,10,12
Mark is facing North. Mark turns 90 degrees to his right. Mark is facing BLANK.,geocentric_near,target,geocentric_near_target,East,West,8424f2df-dedc-4eb5-9421-72ca8714f2c3,a525a72c-72cd-4fa4-8728-d405b2df6c2d,Mark is facing North. Mark turns 90 degrees to his right. Mark is facing East.,0.625,4931.64999999553,1664.26666666029,0.8,1.0,0.875,1,1,1,1,9.1875,0.0,-0.238636363636364,4.6724999999999985,78,0.58984375,-0.000972747802734375,-2.796875,-0.00457763671875,-0.7578125,0.333984375,-0.51953125,-0.2734375,-0.73046875,0.484375,-0.345703125,-0.1484375,-0.392578125,1.0234375,-1.1171875,-0.546875,-0.34375,0.1201171875,0.142578125,0.31640625,-0.1640625,0.482421875,-0.609375,0.0113525390625,-0.1748046875,-0.01153564453125,-0.1708984375,-0.10107421875,0.25390625,-0.37109375,-0.103515625,0.33203125,-0.765625,-0.142578125,0.1298828125,-0.2265625,0.001678466796875,-0.65625,-0.353515625,0.0751953125,0.1875,-0.203125,-0.291015625,0.498046875,-0.431640625,0.0595703125,0.58984375,-0.6328125,0.359375,-0.095703125,0.169921875,0.494140625,0.146484375,-0.36328125,-0.1826171875,-0.275390625,-0.59375,0.3046875,-1.015625,-0.0966796875,-1.71875,-0.021728515625,0.69140625,0.6953125,0.62890625,0.46484375,0.0045166015625,-0.0164794921875,-0.49609375,0.2451171875,1.0,0.291015625,0.10791015625,-0.62890625,-0.013671875,0.02490234375,-0.54296875,0.74609375,0.296875,0.1630859375,-0.2333984375,-0.10546875,0.19140625,0.007232666015625,0.10888671875,-0.14453125,-0.51171875,0.7734375,-0.34375,-0.126953125,-0.51171875,-0.212890625,0.2138671875,-0.81640625,0.033447265625,-0.55859375,Mark is facing North. Mark turns 90 degrees to his right. Mark is facing BLANK.,Mark is facing North. Mark turns 90 degrees to his right. Mark is facing East.,16,15
Mark is facing South and Ali is facing East. Mark turns 90 degrees to his right. Mark and Ali are facing BLANK.,two_refs_geocentric,target,two_refs_geocentric_target,the same direction,different directions,,1ce1f6fb-222f-4510-a6a8-dae9b9df2e6a,Mark is facing South and Ali is facing East. Mark turns 90 degrees to his right. Mark and Ali are facing the same direction.,0.476190476190476,11900.5428571403,2567.73333334023,0.0,0.25,0.111111111111111,0,0,0,0,-13.75,,,4.5748,124,0.62890625,0.0194091796875,-2.875,-0.0166015625,-0.73828125,0.287109375,-0.5859375,-0.310546875,-0.72265625,0.404296875,-0.27734375,-0.1904296875,-0.357421875,1.0390625,-1.109375,-0.515625,-0.26953125,0.1591796875,0.1064453125,0.2490234375,-0.154296875,0.53515625,-0.55859375,-0.02587890625,-0.26171875,-0.01513671875,-0.2099609375,-0.005157470703125,0.20703125,-0.298828125,-0.07568359375,0.3203125,-0.78125,-0.361328125,0.12890625,-0.059814453125,0.0673828125,-0.7109375,-0.41796875,0.064453125,0.2578125,-0.2119140625,-0.353515625,0.45703125,-0.37890625,0.08837890625,0.69921875,-0.470703125,0.302734375,-0.267578125,0.06494140625,0.5703125,0.1943359375,-0.310546875,-0.275390625,-0.271484375,-0.64453125,0.423828125,-0.74609375,-0.11669921875,-1.7421875,-0.10107421875,0.76171875,0.6484375,0.55078125,0.546875,-0.08251953125,0.15234375,-0.48046875,0.2734375,1.046875,0.2890625,0.103515625,-0.72265625,0.0021209716796875,0.15625,-0.5859375,0.7109375,0.3984375,0.134765625,-0.201171875,-0.10205078125,0.1884765625,-0.12109375,0.1201171875,-0.130859375,-0.4609375,0.66796875,-0.3359375,-0.060791015625,-0.5546875,-0.1220703125,0.09912109375,-0.76953125,0.0281982421875,-0.66796875,Mark is facing South and Ali is facing East. Mark turns 90 degrees to his right. Mark and Ali are facing BLANK.,Mark is facing South and Ali is facing East. Mark turns 90 degrees to his right. Mark and Ali are facing the same direction.,21,17
Mark is facing South. Mark turns 90 degrees to his right. Mark is facing BLANK.,geocentric_near,target,geocentric_near_target,West,East,038a1bc6-1246-4bd7-9f60-d1c1a93a4ad8,1911dc4d-f888-4f10-847b-e9940e7aa3cc,Mark is facing South. Mark turns 90 degrees to his right. Mark is facing West.,0.666666666666667,9380.11000003293,1925.34444443116,1.0,0.0,0.8,1,1,1,1,-6.25,1.0,0.19047619047619,4.6775,78,0.58203125,-0.0021209716796875,-2.796875,-0.006195068359375,-0.75390625,0.33203125,-0.50390625,-0.26953125,-0.7421875,0.482421875,-0.326171875,-0.171875,-0.38671875,1.03125,-1.1171875,-0.546875,-0.33984375,0.11376953125,0.130859375,0.310546875,-0.1640625,0.466796875,-0.61328125,0.00958251953125,-0.1865234375,0.01300048828125,-0.154296875,-0.1005859375,0.25390625,-0.37109375,-0.1083984375,0.322265625,-0.75,-0.1552734375,0.12890625,-0.2333984375,-0.0091552734375,-0.6484375,-0.376953125,0.0703125,0.1875,-0.2041015625,-0.296875,0.49609375,-0.423828125,0.06494140625,0.59765625,-0.62109375,0.376953125,-0.095703125,0.1630859375,0.5,0.150390625,-0.36328125,-0.1826171875,-0.279296875,-0.609375,0.318359375,-1.0234375,-0.08203125,-1.7265625,-0.033447265625,0.66796875,0.6953125,0.63671875,0.4765625,0.005523681640625,-0.036865234375,-0.515625,0.2451171875,0.99609375,0.275390625,0.10009765625,-0.640625,-0.022705078125,0.0264892578125,-0.55859375,0.7578125,0.314453125,0.1689453125,-0.2294921875,-0.103515625,0.1875,0.01312255859375,0.09033203125,-0.1630859375,-0.515625,0.7734375,-0.353515625,-0.1376953125,-0.4765625,-0.2177734375,0.189453125,-0.828125,0.044189453125,-0.5546875,Mark is facing South. Mark turns 90 degrees to his right. Mark is facing BLANK.,Mark is facing South. Mark turns 90 degrees to his right. Mark is facing West.,21,12
Mark is facing West. Mark turns 90 degrees to his right. Mark is facing BLANK.,geocentric_near,target,geocentric_near_target,North,South,c053b05e-a208-4bc2-b5a7-b779ee7e611e,a2805837-1a0f-4204-905f-c291f342863e,Mark is facing West. Mark turns 90 degrees to his right. Mark is facing North.,0.8,8485.57142857356,905.312499998137,,,,1,1,1,1,9.6875,1.0,0.05,4.673749999999999,78,0.58203125,0.01507568359375,-2.796875,-0.00811767578125,-0.76171875,0.349609375,-0.53515625,-0.251953125,-0.734375,0.474609375,-0.341796875,-0.146484375,-0.376953125,1.046875,-1.1328125,-0.5546875,-0.337890625,0.126953125,0.1484375,0.28125,-0.1640625,0.47265625,-0.59765625,0.015625,-0.173828125,-0.0203857421875,-0.18359375,-0.0712890625,0.236328125,-0.349609375,-0.0986328125,0.345703125,-0.74609375,-0.1728515625,0.130859375,-0.2099609375,0.00604248046875,-0.6328125,-0.3671875,0.09033203125,0.1943359375,-0.2177734375,-0.306640625,0.50390625,-0.43359375,0.0498046875,0.59375,-0.60546875,0.34765625,-0.09912109375,0.1787109375,0.41796875,0.142578125,-0.3515625,-0.203125,-0.267578125,-0.60546875,0.275390625,-0.97265625,-0.09228515625,-1.71875,-0.040283203125,0.66015625,0.6875,0.62109375,0.49609375,-0.000873565673828125,-0.01092529296875,-0.51171875,0.251953125,0.98828125,0.3046875,0.1064453125,-0.6484375,-0.0081787109375,0.042236328125,-0.5546875,0.74609375,0.298828125,0.1669921875,-0.228515625,-0.1064453125,0.1845703125,0.010498046875,0.09423828125,-0.1640625,-0.486328125,0.7890625,-0.337890625,-0.1279296875,-0.482421875,-0.1982421875,0.234375,-0.80859375,0.044189453125,-0.54296875,Mark is facing West. Mark turns 90 degrees to his right. Mark is facing BLANK.,Mark is facing West. Mark turns 90 degrees to his right. Mark is facing North.,20,0
Mark is facing away from Ali. Ali turns around. Mark is facing BLANK Ali.,two_refs_egocentric,target,two_refs_egocentric_target,away,towards,b9b34ef6-f160-408c-8131-bc64eb4ac40c,cbb6e2d4-1f3b-4790-adce-17e1a11978f5,Mark is facing away from Ali. Ali turns around. Mark is facing away Ali.,0.5,5963.23333335916,2072.86666661998,0.4,0.75,0.555555555555556,0,0,1,1,-5.375,0.0,0.136363636363636,4.417333333333333,72,0.5625,0.09326171875,-2.703125,-0.03857421875,-0.71484375,0.3671875,-0.498046875,-0.388671875,-0.80859375,0.435546875,-0.361328125,-0.203125,-0.375,1.0859375,-1.15625,-0.55078125,-0.380859375,0.06982421875,0.1796875,0.3125,-0.18359375,0.474609375,-0.5703125,0.0024871826171875,-0.072265625,-0.0223388671875,-0.337890625,-0.068359375,0.294921875,-0.330078125,-0.041015625,0.279296875,-0.58203125,-0.28515625,0.0693359375,-0.1357421875,0.1396484375,-0.75,-0.349609375,0.07080078125,0.2333984375,-0.26171875,-0.322265625,0.322265625,-0.404296875,-0.018310546875,0.6796875,-0.6328125,0.427734375,-0.0869140625,0.1748046875,0.6015625,0.1455078125,-0.30859375,-0.2421875,-0.275390625,-0.4375,0.392578125,-0.92578125,-0.056396484375,-1.546875,-0.0908203125,0.7109375,0.578125,0.66015625,0.5234375,-0.06396484375,0.1494140625,-0.310546875,0.3046875,1.046875,0.337890625,0.15234375,-0.58984375,-0.11962890625,0.1845703125,-0.443359375,0.71484375,0.4453125,0.228515625,-0.1943359375,-0.072265625,0.08203125,-0.0262451171875,0.18359375,-0.287109375,-0.5625,0.7421875,-0.265625,-0.103515625,-0.5625,-0.1416015625,0.2099609375,-0.80078125,0.07177734375,-0.458984375,Mark is facing away from Ali. Ali turns around. Mark is facing BLANK Ali.,Mark is facing away from Ali. Ali turns around. Mark is facing away Ali.,16,22
Mark is facing right and Ali is facing left. Mark turns to his left. Mark is facing BLANK Ali.,two_refs_egocentric,target,two_refs_egocentric_target,towards,away from,83c16b97-62d4-4fbf-80b4-f0a8ded5ec73,71bbc61c-e146-4a9e-8769-32ceff15bba6,Mark is facing right and Ali is facing left. Mark turns to his left. Mark is facing towards Ali.,0.75,7652.41111110648,2526.32500000112,0.6,0.75,0.666666666666667,0,0,0,0,-0.125,-1.0,0.0227272727272727,4.6025,96,0.6015625,0.050048828125,-2.796875,-0.029541015625,-0.76953125,0.380859375,-0.5546875,-0.416015625,-0.75390625,0.435546875,-0.3671875,-0.2333984375,-0.392578125,1.0703125,-1.1875,-0.56640625,-0.37890625,0.14453125,0.2177734375,0.26953125,-0.1689453125,0.57421875,-0.5625,-0.0291748046875,-0.1328125,-0.00677490234375,-0.298828125,-0.016357421875,0.232421875,-0.341796875,-0.0830078125,0.232421875,-0.6796875,-0.310546875,0.06494140625,-0.1416015625,0.1044921875,-0.78125,-0.373046875,0.051513671875,0.25,-0.2177734375,-0.263671875,0.396484375,-0.404296875,0.0289306640625,0.71875,-0.53125,0.361328125,-0.1376953125,0.1162109375,0.5625,0.1796875,-0.353515625,-0.287109375,-0.3046875,-0.53515625,0.435546875,-0.8515625,-0.038330078125,-1.5703125,-0.08984375,0.69921875,0.60546875,0.65625,0.57421875,-0.0419921875,0.1484375,-0.2578125,0.216796875,1.078125,0.330078125,0.1689453125,-0.6640625,-0.0478515625,0.1748046875,-0.451171875,0.64453125,0.458984375,0.2265625,-0.189453125,-0.1923828125,0.1767578125,-0.07568359375,0.1708984375,-0.1953125,-0.56640625,0.73828125,-0.27734375,-0.10400390625,-0.59765625,-0.08984375,0.2021484375,-0.81640625,0.10888671875,-0.52734375,Mark is facing right and Ali is facing left. Mark turns to his left. Mark is facing BLANK Ali.,Mark is facing right and Ali is facing left. Mark turns to his left. Mark is facing towards Ali.,16,18
Mark is in front of Ali. Ali turns around. Ali is facing BLANK Mark.,two_refs_egocentric,target,two_refs_egocentric_target,away from,towards,7d763a8b-1fd6-45de-bddb-d1b217efe0d7,8732d98e-eaf8-46bb-9afc-ea9822715f98,Mark is in front of Ali. Ali turns around. Ali is facing away from Mark.,0.8125,7391.62857143155,1590.31428567214,,,,0,0,-1,-1,-10.875,0.0,-0.0056818181818182,4.5525,72,0.578125,0.0791015625,-2.71875,-0.03662109375,-0.71484375,0.3515625,-0.5390625,-0.373046875,-0.7734375,0.3828125,-0.361328125,-0.2158203125,-0.392578125,1.0234375,-1.0859375,-0.5625,-0.404296875,0.1279296875,0.1767578125,0.271484375,-0.1962890625,0.474609375,-0.6484375,0.015869140625,-0.0859375,0.05615234375,-0.255859375,-0.0286865234375,0.244140625,-0.357421875,-0.06982421875,0.3359375,-0.69921875,-0.265625,0.12451171875,-0.046630859375,0.11962890625,-0.72265625,-0.44921875,0.099609375,0.2177734375,-0.2421875,-0.3125,0.275390625,-0.427734375,0.0693359375,0.640625,-0.515625,0.359375,-0.1513671875,0.06884765625,0.53125,0.11474609375,-0.2275390625,-0.267578125,-0.236328125,-0.443359375,0.40625,-0.96484375,-0.0595703125,-1.5546875,-0.140625,0.69921875,0.57421875,0.6328125,0.5625,-0.12158203125,0.2265625,-0.236328125,0.298828125,1.0078125,0.37890625,0.1337890625,-0.58203125,-0.08740234375,0.189453125,-0.419921875,0.8046875,0.39453125,0.2734375,-0.2001953125,-0.10302734375,0.08642578125,-0.2109375,0.1982421875,-0.37109375,-0.56640625,0.75390625,-0.2255859375,-0.1728515625,-0.55859375,-0.1318359375,0.251953125,-0.81640625,0.1689453125,-0.470703125,Mark is in front of Ali. Ali turns around. Ali is facing BLANK Mark.,Mark is in front of Ali. Ali turns around. Ali is facing away from Mark.,16,0
Mark is in front of Ali. Mark walks forwards. Mark is getting BLANK Ali.,two_refs_egocentric,target,two_refs_egocentric_target,further from,closer to,20add1a9-8775-44a2-a0c7-6b09b612f701,bc484807-e0f6-481e-bf94-847a69b5f59b,Mark is in front of Ali. Mark walks forwards. Mark is getting further from Ali.,0.545454545454545,6064.65000000596,1390.28749996424,0.2,0.75,0.444444444444444,0,0,1,1,-11.6875,0.0,-0.0545454545454546,4.535625,79,0.60546875,0.05126953125,-2.75,-0.035888671875,-0.703125,0.3828125,-0.6171875,-0.36328125,-0.7578125,0.38671875,-0.333984375,-0.1865234375,-0.3671875,1.0234375,-1.0546875,-0.55859375,-0.3671875,0.1298828125,0.1806640625,0.248046875,-0.18359375,0.498046875,-0.61328125,0.06494140625,-0.07763671875,0.057373046875,-0.30078125,0.158203125,0.2373046875,-0.33203125,-0.0673828125,0.314453125,-0.71484375,-0.3359375,0.08837890625,-0.059326171875,0.1513671875,-0.7109375,-0.486328125,0.099609375,0.2216796875,-0.2314453125,-0.32421875,0.2890625,-0.41015625,0.06689453125,0.6796875,-0.49609375,0.3515625,0.0028533935546875,0.0556640625,0.455078125,0.10888671875,-0.26171875,-0.2216796875,-0.248046875,-0.478515625,0.328125,-0.93359375,-0.0869140625,-1.703125,-0.1279296875,0.6796875,0.515625,0.578125,0.6015625,0.08154296875,0.1357421875,-0.375,0.404296875,1.0078125,0.24609375,0.14453125,-0.5234375,-0.07958984375,0.1728515625,-0.392578125,0.70703125,0.3984375,0.3125,-0.1611328125,-0.189453125,0.01470947265625,-0.16796875,0.2041015625,-0.298828125,-0.5625,0.71484375,-0.27734375,-0.154296875,-0.671875,-0.1416015625,0.2275390625,-0.73828125,0.203125,-0.4453125,Mark is in front of Ali. Mark walks forwards. Mark is getting BLANK Ali.,Mark is in front of Ali. Mark walks forwards. Mark is getting further from Ali.,11,18
Mark is to the left of Ali. Mark looks to his left and Ali looks to his left. Ali is facing BLANK Mark.,two_refs_egocentric,target,two_refs_egocentric_target,towards,away from,8420ad96-e585-4523-ad78-c4a82d362c21,0a4dca2e-6b5e-4343-b5e3-080b1644618a,Mark is to the left of Ali. Mark looks to his left and Ali looks to his left. Ali is facing towards Mark.,0.727272727272727,9066.78333338009,4494.04999992438,0.6,0.666666666666667,0.625,0,0,0,0,1.375,0.0,0.363636363636364,4.900000000000001,105,0.609375,0.037353515625,-2.84375,-0.025634765625,-0.7734375,0.400390625,-0.64453125,-0.3671875,-0.7109375,0.357421875,-0.322265625,-0.1904296875,-0.416015625,1.0234375,-1.203125,-0.51953125,-0.376953125,0.1865234375,0.259765625,0.2421875,-0.1826171875,0.5703125,-0.48828125,-0.0810546875,-0.2099609375,0.14453125,-0.16796875,0.10986328125,0.16015625,-0.34765625,-0.10888671875,0.1787109375,-0.7578125,-0.41796875,-0.0201416015625,0.0303955078125,0.1328125,-0.75390625,-0.470703125,0.0859375,0.201171875,-0.20703125,-0.2177734375,0.216796875,-0.462890625,-0.0198974609375,0.68359375,-0.341796875,0.302734375,-0.197265625,-0.02294921875,0.57421875,0.125,-0.322265625,-0.328125,-0.25,-0.5234375,0.447265625,-0.88671875,-0.12451171875,-1.625,-0.1494140625,0.75390625,0.625,0.51953125,0.59765625,-0.0498046875,0.232421875,-0.2578125,0.1669921875,1.078125,0.51953125,0.1533203125,-0.734375,-0.04248046875,0.1884765625,-0.50390625,0.69921875,0.33203125,0.21484375,-0.169921875,-0.1416015625,0.16015625,-0.197265625,0.1591796875,-0.26953125,-0.546875,0.69921875,-0.234375,-0.16015625,-0.58984375,-0.08984375,0.265625,-0.86328125,0.173828125,-0.546875,Mark is to the left of Ali. Mark looks to his left and Ali looks to his left. Ali is facing BLANK Mark.,Mark is to the left of Ali. Mark looks to his left and Ali looks to his left. Ali is facing towards Mark.,11,20
Mark is to the left of Ali. Mark looks to his left and Ali looks to his right. Ali is facing BLANK Mark.,two_refs_egocentric,target,two_refs_egocentric_target,away from,towards,06fdc0ea-c391-43c3-a781-f93388b14e0d,e12cb996-7c2b-43c4-b4cb-e05c3fcf653d,Mark is to the left of Ali. Mark looks to his left and Ali looks to his right. Ali is facing away from Mark.,0.6875,9252.77142858505,2353.78333330899,1.0,1.0,1.0,0,0,0,0,-1.5,0.0,-0.179166666666667,4.9456,108,0.60546875,0.0228271484375,-2.828125,-0.031494140625,-0.7734375,0.384765625,-0.64453125,-0.3671875,-0.72265625,0.357421875,-0.310546875,-0.193359375,-0.416015625,1.015625,-1.1953125,-0.52734375,-0.375,0.177734375,0.255859375,0.251953125,-0.189453125,0.58203125,-0.5078125,-0.080078125,-0.19921875,0.154296875,-0.150390625,0.0908203125,0.1630859375,-0.34375,-0.1181640625,0.185546875,-0.75,-0.421875,0.00677490234375,0.00531005859375,0.1201171875,-0.765625,-0.50390625,0.0966796875,0.19921875,-0.2080078125,-0.2177734375,0.21484375,-0.462890625,0.01385498046875,0.6796875,-0.330078125,0.3046875,-0.2265625,-0.01470947265625,0.5234375,0.1328125,-0.330078125,-0.30859375,-0.271484375,-0.51171875,0.431640625,-0.84765625,-0.1318359375,-1.609375,-0.10107421875,0.77734375,0.625,0.52734375,0.625,-0.0478515625,0.2236328125,-0.25390625,0.1455078125,1.1171875,0.52734375,0.1494140625,-0.72265625,-0.048095703125,0.17578125,-0.48046875,0.69140625,0.337890625,0.21875,-0.166015625,-0.13671875,0.16015625,-0.2060546875,0.173828125,-0.302734375,-0.53125,0.70703125,-0.2177734375,-0.1513671875,-0.58203125,-0.1201171875,0.26953125,-0.87890625,0.1611328125,-0.53125,Mark is to the left of Ali. Mark looks to his left and Ali looks to his right. Ali is facing BLANK Mark.,Mark is to the left of Ali. Mark looks to his left and Ali looks to his right. Ali is facing away from Mark.,16,16
Milwaukee is East of Ali. Ali turns around. Milwaukee is BLANK Ali.,geocentric_distant,target,geocentric_distant_target,East of,West of,39fd9624-ac29-43fd-b489-067534339836,2d04b915-2739-4516-9aa3-4b513d3292f8,Milwaukee is East of Ali. Ali turns around. Milwaukee is East of Ali.,0.333333333333333,7535.93333332737,1835.2,0.25,0.666666666666667,0.428571428571429,0,0,1,1,-8.1875,0.0,0.151515151515151,4.319285714285714,69,0.58203125,0.04052734375,-2.734375,-0.03759765625,-0.68359375,0.34765625,-0.6015625,-0.3203125,-0.81640625,0.45703125,-0.263671875,-0.294921875,-0.400390625,1.0078125,-1.171875,-0.416015625,-0.271484375,0.057373046875,0.2392578125,0.248046875,-0.1611328125,0.5859375,-0.703125,-0.041748046875,-0.0810546875,0.004638671875,-0.142578125,-0.1337890625,0.294921875,-0.48828125,-0.06396484375,0.294921875,-0.6171875,-0.11865234375,0.000705718994140625,-0.1259765625,0.1513671875,-0.7734375,-0.314453125,0.0849609375,0.2392578125,-0.205078125,-0.314453125,0.248046875,-0.40625,0.048828125,0.65625,-0.50390625,0.47265625,-0.1328125,0.2060546875,0.3984375,0.1357421875,-0.28515625,-0.2734375,-0.20703125,-0.369140625,0.2021484375,-1.0390625,-0.0233154296875,-1.5,-0.11474609375,0.6796875,0.60546875,0.59765625,0.5078125,0.046142578125,0.1298828125,-0.267578125,0.2138671875,0.8828125,0.373046875,0.150390625,-0.58203125,0.06689453125,0.04296875,-0.59765625,0.482421875,0.2353515625,0.22265625,-0.1767578125,-0.134765625,0.2001953125,-0.1201171875,0.138671875,-0.17578125,-0.6640625,0.875,-0.13671875,-0.26171875,-0.392578125,-0.0908203125,0.2353515625,-0.81640625,0.154296875,-0.376953125,Milwaukee is East of Ali. Ali turns around. Milwaukee is BLANK Ali.,Milwaukee is East of Ali. Ali turns around. Milwaukee is East of Ali.,21,16
Milwaukee is East of Ali. Ali turns left. Milwaukee is BLANK Ali.,geocentric_distant,target,geocentric_distant_target,East of,North of,ef610bb9-a280-4696-b06a-3f99073d0bc2,98e699a6-6ac5-40b9-a4e7-b31f613faeef,Milwaukee is East of Ali. Ali turns left. Milwaukee is East of Ali.,0.8,7744.49090909805,1788.30000000168,,,,0,0,0,0,-4.625,0.0,0.180952380952381,4.317142857142857,67,0.58203125,0.05615234375,-2.765625,-0.040283203125,-0.67578125,0.384765625,-0.6171875,-0.306640625,-0.81640625,0.484375,-0.287109375,-0.263671875,-0.400390625,1.0234375,-1.1953125,-0.43359375,-0.255859375,0.06982421875,0.2275390625,0.2265625,-0.1572265625,0.6171875,-0.73046875,-0.039306640625,-0.09814453125,0.022705078125,-0.1884765625,-0.06884765625,0.267578125,-0.494140625,-0.11376953125,0.25,-0.62109375,-0.0361328125,0.006072998046875,-0.158203125,0.15625,-0.79296875,-0.30078125,0.10302734375,0.2294921875,-0.2080078125,-0.30859375,0.26171875,-0.400390625,0.0115966796875,0.6640625,-0.5390625,0.490234375,-0.1328125,0.1708984375,0.32421875,0.1416015625,-0.310546875,-0.279296875,-0.228515625,-0.337890625,0.1943359375,-1.0703125,-0.076171875,-1.4609375,-0.146484375,0.6640625,0.6171875,0.64453125,0.4765625,0.057373046875,0.1337890625,-0.2333984375,0.189453125,0.85546875,0.25390625,0.1572265625,-0.5625,0.0380859375,0.072265625,-0.59375,0.4921875,0.1982421875,0.212890625,-0.1611328125,-0.1455078125,0.2275390625,-0.1142578125,0.1748046875,-0.15234375,-0.6875,0.8984375,-0.1142578125,-0.26171875,-0.376953125,-0.0947265625,0.2353515625,-0.796875,0.1357421875,-0.357421875,Milwaukee is East of Ali. Ali turns left. Milwaukee is BLANK Ali.,Milwaukee is East of Ali. Ali turns left. Milwaukee is East of Ali.,20,0
Milwaukee is East of Ali. Ali turns right. Milwaukee is BLANK Ali.,geocentric_distant,target,geocentric_distant_target,East of,South of,0b60e429-8e4a-4e30-9ee1-b53dff504920,d348dbb0-d78c-457c-af70-1bbeb5842ea7,Milwaukee is East of Ali. Ali turns right. Milwaukee is East of Ali.,0.761904761904762,9870.05454538644,2925.36999984868,0.8,0.666666666666667,0.75,0,0,1,1,-6.625,0.0,0.238095238095238,4.319999999999999,68,0.57421875,0.033935546875,-2.75,-0.046875,-0.6796875,0.388671875,-0.6328125,-0.306640625,-0.83203125,0.46484375,-0.2373046875,-0.28125,-0.40625,1.015625,-1.171875,-0.423828125,-0.263671875,0.0576171875,0.2353515625,0.2255859375,-0.16015625,0.625,-0.734375,-0.049072265625,-0.10595703125,0.050048828125,-0.1474609375,-0.07958984375,0.27734375,-0.478515625,-0.1083984375,0.23828125,-0.60546875,-0.1142578125,0.014404296875,-0.1611328125,0.162109375,-0.7890625,-0.298828125,0.09814453125,0.234375,-0.2080078125,-0.330078125,0.251953125,-0.40625,0.01214599609375,0.6640625,-0.5390625,0.490234375,-0.10888671875,0.1826171875,0.318359375,0.142578125,-0.3046875,-0.26953125,-0.2373046875,-0.33984375,0.1953125,-1.0703125,-0.07666015625,-1.453125,-0.15625,0.66015625,0.60546875,0.6484375,0.4765625,0.056396484375,0.1259765625,-0.2392578125,0.1806640625,0.85546875,0.267578125,0.1552734375,-0.55859375,0.04248046875,0.0400390625,-0.58203125,0.5078125,0.1875,0.208984375,-0.162109375,-0.150390625,0.2265625,-0.11962890625,0.1728515625,-0.1669921875,-0.703125,0.89453125,-0.11181640625,-0.255859375,-0.384765625,-0.095703125,0.2412109375,-0.7890625,0.1435546875,-0.361328125,Milwaukee is East of Ali. Ali turns right. Milwaukee is BLANK Ali.,Milwaukee is East of Ali. Ali turns right. Milwaukee is East of Ali.,21,15
Milwaukee is North of Ali. Ali turns around. Milwaukee is BLANK Ali.,geocentric_distant,target,geocentric_distant_target,North of,South of,d9a0a311-fc19-40b7-87f0-fc776b3561ac,fa50948a-b463-4701-8704-800588c7931b,Milwaukee is North of Ali. Ali turns around. Milwaukee is North of Ali.,0.5,4271.78750001639,1579.08571428059,0.8,0.666666666666667,0.75,0,0,0,0,-9.625,0.0,-0.119047619047619,4.349285714285714,71,0.58203125,0.0771484375,-2.75,-0.0400390625,-0.6875,0.373046875,-0.6328125,-0.310546875,-0.81640625,0.451171875,-0.30078125,-0.271484375,-0.396484375,1.0234375,-1.203125,-0.412109375,-0.287109375,0.027587890625,0.2392578125,0.216796875,-0.1611328125,0.61328125,-0.72265625,-0.035888671875,-0.05712890625,0.0703125,-0.19140625,-0.050537109375,0.2890625,-0.478515625,-0.0751953125,0.2109375,-0.609375,-0.1708984375,0.005767822265625,-0.115234375,0.1484375,-0.765625,-0.330078125,0.09033203125,0.236328125,-0.2041015625,-0.302734375,0.259765625,-0.419921875,0.041015625,0.64453125,-0.51953125,0.46484375,-0.13671875,0.208984375,0.369140625,0.1298828125,-0.314453125,-0.2890625,-0.220703125,-0.36328125,0.1953125,-1.0390625,-0.01171875,-1.4296875,-0.1123046875,0.67578125,0.60546875,0.59375,0.515625,0.044677734375,0.1328125,-0.27734375,0.2255859375,0.8828125,0.3515625,0.146484375,-0.6015625,0.06689453125,0.07958984375,-0.5859375,0.45703125,0.2236328125,0.2216796875,-0.1669921875,-0.138671875,0.2021484375,-0.10205078125,0.14453125,-0.2001953125,-0.6640625,0.875,-0.1494140625,-0.25390625,-0.388671875,-0.10302734375,0.240234375,-0.77734375,0.1865234375,-0.353515625,Milwaukee is North of Ali. Ali turns around. Milwaukee is BLANK Ali.,Milwaukee is North of Ali. Ali turns around. Milwaukee is North of Ali.,16,13
Milwaukee is North of Ali. Ali turns left. Milwaukee is BLANK Ali.,geocentric_distant,target,geocentric_distant_target,North of,West of,cd297269-da24-411d-a9d7-36d891c65fff,c21b22b3-1dc6-4e7e-945c-d6dbc3235254,Milwaukee is North of Ali. Ali turns left. Milwaukee is North of Ali.,0.636363636363636,7596.95454543287,1220.53333330154,1.0,1.0,1.0,0,0,0,0,-8.3125,0.0,0.227272727272727,4.347142857142857,69,0.58203125,0.053955078125,-2.765625,-0.02734375,-0.6796875,0.380859375,-0.62109375,-0.3203125,-0.82421875,0.45703125,-0.318359375,-0.267578125,-0.3984375,0.99609375,-1.1953125,-0.45703125,-0.26953125,0.072265625,0.23046875,0.2333984375,-0.1494140625,0.62109375,-0.734375,-0.0299072265625,-0.05712890625,0.039306640625,-0.16015625,-0.107421875,0.279296875,-0.490234375,-0.11767578125,0.212890625,-0.60546875,-0.07568359375,-0.003936767578125,-0.1376953125,0.1484375,-0.78515625,-0.2890625,0.09716796875,0.23046875,-0.2080078125,-0.29296875,0.27734375,-0.41796875,0.02001953125,0.6640625,-0.5546875,0.48046875,-0.10302734375,0.150390625,0.337890625,0.134765625,-0.337890625,-0.294921875,-0.23828125,-0.34765625,0.1826171875,-1.09375,-0.06005859375,-1.421875,-0.1455078125,0.66796875,0.62109375,0.625,0.498046875,0.0615234375,0.134765625,-0.25390625,0.19140625,0.83203125,0.251953125,0.1552734375,-0.55859375,0.06396484375,0.06787109375,-0.59375,0.49609375,0.1923828125,0.2119140625,-0.154296875,-0.1328125,0.2060546875,-0.09521484375,0.1650390625,-0.1396484375,-0.68359375,0.87890625,-0.12255859375,-0.263671875,-0.376953125,-0.12890625,0.236328125,-0.77734375,0.1650390625,-0.3359375,Milwaukee is North of Ali. Ali turns left. Milwaukee is BLANK Ali.,Milwaukee is North of Ali. Ali turns left. Milwaukee is North of Ali.,11,15
Milwaukee is North of Ali. Ali turns right. Milwaukee is BLANK Ali.,geocentric_distant,target,geocentric_distant_target,North of,East of,4325f2ba-1580-442d-ab52-f8c478c3bd68,3e898758-3fe2-437c-ae53-dac3e31b103d,Milwaukee is North of Ali. Ali turns right. Milwaukee is North of Ali.,0.625,7893.19999999926,5267.14999998733,0.25,1.0,0.625,0,0,1,1,-8.6875,0.0,0.0795454545454546,4.35,70,0.58203125,0.04443359375,-2.78125,-0.04443359375,-0.67578125,0.37890625,-0.63671875,-0.31640625,-0.83203125,0.484375,-0.28125,-0.26953125,-0.400390625,0.98046875,-1.1796875,-0.435546875,-0.265625,0.04541015625,0.234375,0.224609375,-0.1552734375,0.6328125,-0.734375,-0.0478515625,-0.06982421875,0.062255859375,-0.181640625,-0.059814453125,0.28125,-0.49609375,-0.1171875,0.216796875,-0.60546875,-0.06884765625,0.020263671875,-0.1484375,0.150390625,-0.7890625,-0.296875,0.09130859375,0.228515625,-0.2001953125,-0.31640625,0.2578125,-0.42578125,0.01287841796875,0.65625,-0.5546875,0.474609375,-0.11669921875,0.150390625,0.341796875,0.13671875,-0.341796875,-0.294921875,-0.2353515625,-0.341796875,0.1865234375,-1.0859375,-0.0625,-1.4375,-0.146484375,0.6640625,0.609375,0.625,0.5,0.06396484375,0.1357421875,-0.248046875,0.19140625,0.84765625,0.251953125,0.1533203125,-0.5625,0.051025390625,0.0673828125,-0.58203125,0.50390625,0.185546875,0.1962890625,-0.158203125,-0.138671875,0.216796875,-0.091796875,0.1640625,-0.1494140625,-0.69921875,0.87890625,-0.1220703125,-0.2578125,-0.3828125,-0.134765625,0.2353515625,-0.76953125,0.1708984375,-0.33984375,Milwaukee is North of Ali. Ali turns right. Milwaukee is BLANK Ali.,Milwaukee is North of Ali. Ali turns right. Milwaukee is North of Ali.,16,16
Milwaukee is North of Mark. Mark goes East. Milwaukee is BLANK of Mark.,two_refs_geocentric,target,two_refs_geocentric_target,Northwest,Southeast,e709fe10-48a2-4848-8265-dc05a0387e2c,e0efa77a-4b07-4f93-b85d-92a2d81cd463,Milwaukee is North of Mark. Mark goes East. Milwaukee is Northwest of Mark.,0.761904761904762,7955.77000000104,2304.79000014178,0.8,1.0,0.9,1,1,1,1,3.25,0.0,0.476190476190476,4.529285714285714,75,0.55078125,0.037353515625,-2.828125,-0.0673828125,-0.69921875,0.359375,-0.5859375,-0.275390625,-0.859375,0.51171875,-0.294921875,-0.259765625,-0.39453125,1.0,-1.203125,-0.439453125,-0.2578125,0.10302734375,0.205078125,0.296875,-0.162109375,0.5859375,-0.72265625,0.04833984375,-0.07470703125,-0.0079345703125,-0.146484375,0.061767578125,0.26171875,-0.46484375,-0.1943359375,0.275390625,-0.65234375,-0.12890625,-0.03759765625,-0.107421875,0.087890625,-0.81640625,-0.32421875,0.09228515625,0.224609375,-0.2412109375,-0.259765625,0.333984375,-0.408203125,0.039306640625,0.6875,-0.55859375,0.39453125,-0.146484375,0.10302734375,0.38671875,0.16796875,-0.328125,-0.28125,-0.208984375,-0.3828125,0.177734375,-1.0234375,-0.06884765625,-1.4765625,-0.16015625,0.6796875,0.54296875,0.56640625,0.4296875,0.041015625,0.150390625,-0.263671875,0.1640625,0.84375,0.326171875,0.1328125,-0.474609375,0.1259765625,0.0303955078125,-0.57421875,0.6484375,0.2216796875,0.2041015625,-0.2041015625,-0.126953125,0.22265625,-0.10791015625,0.1611328125,-0.1728515625,-0.66796875,0.87890625,-0.1533203125,-0.248046875,-0.33203125,-0.1259765625,0.2158203125,-0.79296875,0.130859375,-0.36328125,Milwaukee is North of Mark. Mark goes East. Milwaukee is BLANK of Mark.,Milwaukee is North of Mark. Mark goes East. Milwaukee is Northwest of Mark.,21,19
Milwaukee is South of Ali. Ali turns around. Milwaukee is BLANK Ali.,geocentric_distant,target,geocentric_distant_target,South of,North of,e1af4773-0f40-4ba8-a68c-adbc0e507d8b,1df25621-f5fc-45c4-b67e-908755a4b805,Milwaukee is South of Ali. Ali turns around. Milwaukee is South of Ali.,0.636363636363636,3654.6555555496,2979.29999999296,0.5,1.0,0.714285714285714,0,0,1,1,-8.9375,0.0,0.323863636363636,4.359285714285714,71,0.578125,0.076171875,-2.734375,-0.042236328125,-0.68359375,0.373046875,-0.609375,-0.302734375,-0.82421875,0.447265625,-0.2890625,-0.283203125,-0.392578125,1.0546875,-1.1953125,-0.427734375,-0.296875,0.0308837890625,0.240234375,0.2158203125,-0.16796875,0.609375,-0.734375,-0.035400390625,-0.06787109375,0.07080078125,-0.185546875,-0.0654296875,0.29296875,-0.47265625,-0.06787109375,0.1982421875,-0.6171875,-0.1767578125,0.01373291015625,-0.11083984375,0.1455078125,-0.77734375,-0.3203125,0.07763671875,0.236328125,-0.208984375,-0.30859375,0.2490234375,-0.4140625,0.0400390625,0.65625,-0.51953125,0.46484375,-0.154296875,0.2099609375,0.392578125,0.1279296875,-0.3203125,-0.29296875,-0.208984375,-0.376953125,0.1826171875,-1.0546875,-0.013916015625,-1.4453125,-0.10888671875,0.66796875,0.609375,0.6015625,0.5078125,0.0458984375,0.1279296875,-0.29296875,0.2294921875,0.89453125,0.37890625,0.142578125,-0.58203125,0.06494140625,0.0556640625,-0.578125,0.462890625,0.2275390625,0.2158203125,-0.173828125,-0.130859375,0.212890625,-0.1259765625,0.146484375,-0.208984375,-0.671875,0.859375,-0.1357421875,-0.26171875,-0.359375,-0.1171875,0.2294921875,-0.796875,0.2021484375,-0.365234375,Milwaukee is South of Ali. Ali turns around. Milwaukee is BLANK Ali.,Milwaukee is South of Ali. Ali turns around. Milwaukee is South of Ali.,11,16
Milwaukee is South of Ali. Ali turns left. Milwaukee is BLANK Ali.,geocentric_distant,target,geocentric_distant_target,South,East of,c29d3d3f-1838-4ea5-9b72-1cfd17709ebb,4ebfa491-4cac-42c5-989f-28d141866d2d,Milwaukee is South of Ali. Ali turns left. Milwaukee is South of Ali.,0.619047619047619,6761.8999998555,1947.81111099985,0.5,1.0,0.666666666666667,0,0,0,0,-7.0,0.0,0.219047619047619,4.357142857142857,69,0.55859375,0.057373046875,-2.78125,-0.03564453125,-0.67578125,0.41796875,-0.5859375,-0.310546875,-0.83203125,0.46484375,-0.267578125,-0.25390625,-0.396484375,1.046875,-1.1484375,-0.44921875,-0.2734375,0.08349609375,0.2333984375,0.2578125,-0.1630859375,0.5859375,-0.74609375,-0.0076904296875,-0.08642578125,0.078125,-0.15625,-0.099609375,0.28515625,-0.462890625,-0.1240234375,0.2421875,-0.5859375,-0.1708984375,0.01806640625,-0.1396484375,0.1552734375,-0.765625,-0.291015625,0.10009765625,0.23828125,-0.2138671875,-0.318359375,0.30078125,-0.38671875,-0.037353515625,0.65234375,-0.55859375,0.474609375,-0.150390625,0.1669921875,0.359375,0.158203125,-0.3515625,-0.28125,-0.22265625,-0.369140625,0.2080078125,-1.09375,-0.06982421875,-1.4765625,-0.173828125,0.6328125,0.609375,0.640625,0.482421875,0.05859375,0.0966796875,-0.259765625,0.2138671875,0.85546875,0.265625,0.15625,-0.5390625,0.07568359375,0.05810546875,-0.5703125,0.55078125,0.193359375,0.228515625,-0.1728515625,-0.13671875,0.2431640625,-0.12158203125,0.16796875,-0.1513671875,-0.69921875,0.8671875,-0.1220703125,-0.26953125,-0.33203125,-0.1318359375,0.2109375,-0.79296875,0.1875,-0.3515625,Milwaukee is South of Ali. Ali turns left. Milwaukee is BLANK Ali.,Milwaukee is South of Ali. Ali turns left. Milwaukee is South of Ali.,21,10
Milwaukee is South of Ali. Ali turns right. Milwaukee is BLANK Ali.,geocentric_distant,target,geocentric_distant_target,South of,West of,ed0e02cf-2bf5-49a7-a087-c019eb6ceacc,d1dc742c-daa5-4715-b5b6-ffe2dc303d4f,Milwaukee is South of Ali. Ali turns right. Milwaukee is South of Ali.,0.818181818181818,4817.82222221626,2862.56666665938,,,,0,0,0,0,-7.5,0.0,0.351515151515152,4.36,70,0.56640625,0.03076171875,-2.75,-0.03564453125,-0.68359375,0.380859375,-0.61328125,-0.3125,-0.84375,0.435546875,-0.25390625,-0.302734375,-0.40625,1.0234375,-1.1640625,-0.458984375,-0.28515625,0.06494140625,0.2421875,0.236328125,-0.1572265625,0.625,-0.7421875,-0.0361328125,-0.0693359375,0.0732421875,-0.1103515625,-0.12890625,0.294921875,-0.470703125,-0.10302734375,0.193359375,-0.59765625,-0.1728515625,0.0042724609375,-0.1328125,0.154296875,-0.8046875,-0.279296875,0.08203125,0.2373046875,-0.2119140625,-0.322265625,0.2578125,-0.412109375,0.0164794921875,0.671875,-0.55078125,0.484375,-0.10400390625,0.1708984375,0.341796875,0.1357421875,-0.341796875,-0.291015625,-0.236328125,-0.35546875,0.1748046875,-1.1015625,-0.06787109375,-1.421875,-0.16015625,0.65234375,0.6171875,0.6484375,0.49609375,0.0634765625,0.1318359375,-0.2578125,0.1796875,0.8515625,0.283203125,0.150390625,-0.546875,0.05810546875,0.012939453125,-0.57421875,0.51171875,0.1787109375,0.19921875,-0.162109375,-0.1337890625,0.2177734375,-0.11572265625,0.162109375,-0.1787109375,-0.703125,0.86328125,-0.1103515625,-0.265625,-0.35546875,-0.126953125,0.23046875,-0.7890625,0.19140625,-0.349609375,Milwaukee is South of Ali. Ali turns right. Milwaukee is BLANK Ali.,Milwaukee is South of Ali. Ali turns right. Milwaukee is South of Ali.,11,0
Milwaukee is South of Mark. Mark goes West. Mark is BLANK of Milwaukee.,two_refs_geocentric,target,two_refs_geocentric_target,Northest,Southeast,d4819cf4-e44b-45b6-95e7-d050fa1c0c57,c325b8e3-d3ea-4643-8b50-364a6128aa4f,Milwaukee is South of Mark. Mark goes West. Mark is Northeast of Milwaukee.,0.3125,7099.6600000333,2402.52500001155,0.8,0.333333333333333,0.625,1,1,1,1,0.0625,1.0,0.0397727272727273,4.590714285714285,75,0.5703125,0.045166015625,-2.796875,-0.061767578125,-0.69921875,0.390625,-0.57421875,-0.3046875,-0.87890625,0.50390625,-0.33203125,-0.251953125,-0.38671875,1.0078125,-1.125,-0.46484375,-0.26171875,0.10107421875,0.1943359375,0.265625,-0.177734375,0.55078125,-0.73828125,0.03271484375,-0.09521484375,0.00396728515625,-0.11376953125,-0.03466796875,0.28515625,-0.416015625,-0.1826171875,0.2890625,-0.65625,-0.1318359375,-0.0301513671875,-0.1396484375,0.0966796875,-0.7890625,-0.349609375,0.059326171875,0.2294921875,-0.220703125,-0.251953125,0.294921875,-0.396484375,0.01055908203125,0.6640625,-0.5234375,0.416015625,-0.1865234375,0.10791015625,0.404296875,0.1640625,-0.333984375,-0.298828125,-0.1337890625,-0.3671875,0.1962890625,-1.078125,-0.008544921875,-1.515625,-0.2197265625,0.69921875,0.56640625,0.59375,0.41796875,0.03271484375,0.12060546875,-0.2890625,0.15234375,0.86328125,0.3515625,0.10888671875,-0.47265625,0.1142578125,0.0216064453125,-0.58203125,0.625,0.2421875,0.248046875,-0.197265625,-0.1181640625,0.2099609375,-0.158203125,0.1669921875,-0.1708984375,-0.640625,0.859375,-0.162109375,-0.26953125,-0.28125,-0.12451171875,0.205078125,-0.7890625,0.16796875,-0.408203125,Milwaukee is South of Mark. Mark goes West. Mark is BLANK of Milwaukee.,Milwaukee is South of Mark. Mark goes West. Mark is Northeast of Milwaukee.,16,17
Milwaukee is South of Mark. Mark goes West. Milwaukee is BLANK of Mark.,two_refs_geocentric,target,two_refs_geocentric_target,Southeast,Northwest,675263b4-7495-44d1-af2c-6c7f45fea854,030ad030-c8a6-4229-b3be-d788a943f657,Milwaukee is South of Mark. Mark goes West. Milwaukee is Southeast of Mark.,0.8,6987.27142856004,3372.30000000261,,,,0,0,1,1,0.0,-1.0,0.4875,4.5442857142857145,75,0.5390625,0.028564453125,-2.8125,-0.058837890625,-0.69921875,0.3515625,-0.55859375,-0.275390625,-0.875,0.50390625,-0.2734375,-0.2734375,-0.3984375,1.03125,-1.1796875,-0.46484375,-0.265625,0.109375,0.208984375,0.28125,-0.166015625,0.5703125,-0.73046875,0.041748046875,-0.0751953125,-0.0203857421875,-0.1142578125,0.019287109375,0.27734375,-0.458984375,-0.18359375,0.275390625,-0.63671875,-0.158203125,-0.032958984375,-0.10498046875,0.09423828125,-0.8125,-0.310546875,0.08544921875,0.2314453125,-0.2470703125,-0.28515625,0.3203125,-0.392578125,0.02490234375,0.71875,-0.56640625,0.404296875,-0.1337890625,0.1142578125,0.4140625,0.169921875,-0.341796875,-0.283203125,-0.193359375,-0.39453125,0.173828125,-1.0390625,-0.046630859375,-1.484375,-0.166015625,0.6875,0.5625,0.57421875,0.42578125,0.0458984375,0.142578125,-0.271484375,0.1611328125,0.828125,0.34765625,0.1259765625,-0.4765625,0.1298828125,0.005096435546875,-0.58203125,0.64453125,0.2197265625,0.197265625,-0.203125,-0.1328125,0.2197265625,-0.10009765625,0.158203125,-0.1640625,-0.6640625,0.8671875,-0.150390625,-0.25390625,-0.298828125,-0.11767578125,0.21875,-0.79296875,0.1640625,-0.37109375,Milwaukee is South of Mark. Mark goes West. Milwaukee is BLANK of Mark.,Milwaukee is South of Mark. Mark goes West. Milwaukee is Southeast of Mark.,20,0
Milwaukee is West of Ali. Ali turns around. Milwaukee is BLANK Ali.,geocentric_distant,target,geocentric_distant_target,West of,East of,49045f4d-e876-4922-a880-ab993c13f645,5a23ac72-538b-4ce0-9c8d-3fcbaf720c14,Milwaukee is West of Ali. Ali turns around. Milwaukee is West of Ali.,0.6,6628.40000000679,1200.14285714499,0.5,1.0,0.714285714285714,0,0,1,1,-9.1875,0.0,0.333333333333333,4.342142857142858,69,0.578125,0.031982421875,-2.734375,-0.03125,-0.6875,0.34375,-0.6015625,-0.328125,-0.828125,0.44140625,-0.265625,-0.296875,-0.39453125,1.0078125,-1.15625,-0.423828125,-0.2890625,0.053466796875,0.236328125,0.24609375,-0.158203125,0.58203125,-0.7109375,-0.06201171875,-0.055419921875,0.0238037109375,-0.1240234375,-0.162109375,0.2890625,-0.49609375,-0.0859375,0.302734375,-0.61328125,-0.1279296875,0.01025390625,-0.134765625,0.142578125,-0.7734375,-0.298828125,0.07861328125,0.236328125,-0.193359375,-0.322265625,0.23046875,-0.40625,0.02978515625,0.6484375,-0.51171875,0.48828125,-0.1298828125,0.21484375,0.396484375,0.1357421875,-0.306640625,-0.2734375,-0.2119140625,-0.357421875,0.2041015625,-1.0234375,-0.015869140625,-1.484375,-0.12451171875,0.68359375,0.609375,0.6015625,0.51171875,0.054931640625,0.1337890625,-0.271484375,0.21875,0.93359375,0.376953125,0.142578125,-0.58984375,0.0439453125,0.07275390625,-0.59375,0.484375,0.2451171875,0.2255859375,-0.177734375,-0.1103515625,0.2021484375,-0.12060546875,0.1337890625,-0.185546875,-0.6484375,0.859375,-0.1279296875,-0.248046875,-0.3828125,-0.1015625,0.23828125,-0.82421875,0.205078125,-0.369140625,Milwaukee is West of Ali. Ali turns around. Milwaukee is BLANK Ali.,Milwaukee is West of Ali. Ali turns around. Milwaukee is West of Ali.,20,16
Milwaukee is West of Ali. Ali turns left. Milwaukee is BLANK Ali.,geocentric_distant,target,geocentric_distant_target,West of,South of,f7cafb8c-99b7-4ac7-bad7-fbd3ced1f1c4,4a5694f4-513a-4932-b03f-7e15b79f4152,Milwaukee is West of Ali. Ali turns left. Milwaukee is West of Ali.,0.4375,7043.08333333582,2004.2599999845,0.5,1.0,0.75,0,0,0,0,-4.1875,0.0,0.0625,4.340000000000001,67,0.5703125,0.03515625,-2.75,-0.0230712890625,-0.69140625,0.390625,-0.6171875,-0.3203125,-0.83203125,0.423828125,-0.2734375,-0.28515625,-0.400390625,1.03125,-1.171875,-0.458984375,-0.283203125,0.0791015625,0.2333984375,0.236328125,-0.150390625,0.61328125,-0.73828125,-0.04833984375,-0.05908203125,0.0439453125,-0.10791015625,-0.1513671875,0.271484375,-0.48046875,-0.1318359375,0.240234375,-0.60546875,-0.1298828125,0.0026397705078125,-0.1650390625,0.150390625,-0.78515625,-0.271484375,0.09912109375,0.232421875,-0.203125,-0.310546875,0.26171875,-0.392578125,0.0042724609375,0.66796875,-0.54296875,0.51171875,-0.1064453125,0.189453125,0.322265625,0.1416015625,-0.318359375,-0.27734375,-0.2451171875,-0.330078125,0.193359375,-1.0859375,-0.07177734375,-1.4140625,-0.1689453125,0.671875,0.6328125,0.6484375,0.4765625,0.059326171875,0.1337890625,-0.2470703125,0.1865234375,0.89453125,0.263671875,0.15234375,-0.57421875,0.0303955078125,0.0654296875,-0.59375,0.50390625,0.1865234375,0.2177734375,-0.1572265625,-0.125,0.2158203125,-0.125,0.1669921875,-0.173828125,-0.671875,0.87890625,-0.111328125,-0.251953125,-0.369140625,-0.091796875,0.2412109375,-0.8046875,0.19140625,-0.3515625,Milwaukee is West of Ali. Ali turns left. Milwaukee is BLANK Ali.,Milwaukee is West of Ali. Ali turns left. Milwaukee is West of Ali.,16,18
Milwaukee is West of Ali. Ali turns right. Milwaukee is BLANK Ali.,geocentric_distant,target,geocentric_distant_target,West of,North of,00960720-a79a-4b86-b31f-37ee5a8a353d,fe55d52f-2cbe-4ed6-99c7-3621f42b708e,Milwaukee is West of Ali. Ali turns right. Milwaukee is West of Ali.,0.75,7986.94999999851,4730.30000000075,1.0,1.0,1.0,0,0,0,0,-3.8125,0.0,0.3125,4.3428571428571425,68,0.57421875,0.02197265625,-2.765625,-0.032470703125,-0.6875,0.369140625,-0.6171875,-0.3125,-0.83203125,0.435546875,-0.2890625,-0.28515625,-0.40234375,1.0,-1.171875,-0.455078125,-0.27734375,0.068359375,0.2216796875,0.234375,-0.154296875,0.62109375,-0.7265625,-0.060546875,-0.055908203125,0.029296875,-0.12890625,-0.1318359375,0.28125,-0.48828125,-0.1376953125,0.2578125,-0.609375,-0.045166015625,0.0306396484375,-0.171875,0.1474609375,-0.79296875,-0.265625,0.1025390625,0.228515625,-0.2060546875,-0.318359375,0.236328125,-0.400390625,0.0098876953125,0.6640625,-0.546875,0.49609375,-0.123046875,0.185546875,0.330078125,0.14453125,-0.326171875,-0.275390625,-0.248046875,-0.326171875,0.197265625,-1.0703125,-0.0810546875,-1.421875,-0.166015625,0.66796875,0.62109375,0.64453125,0.484375,0.06005859375,0.150390625,-0.2421875,0.1923828125,0.89453125,0.2578125,0.1513671875,-0.56640625,0.029296875,0.068359375,-0.59375,0.5,0.1982421875,0.2138671875,-0.1591796875,-0.1328125,0.2041015625,-0.1162109375,0.1572265625,-0.1630859375,-0.68359375,0.8671875,-0.10888671875,-0.2451171875,-0.37109375,-0.1025390625,0.240234375,-0.80078125,0.1943359375,-0.357421875,Milwaukee is West of Ali. Ali turns right. Milwaukee is BLANK Ali.,Milwaukee is West of Ali. Ali turns right. Milwaukee is West of Ali.,20,13
Milwaukee is West of Ali. Ali walks East. Ali is getting BLANK Milwaukee.,geocentric_distant,target,geocentric_distant_target,further from,closer to,cf9e0e1d-305e-448b-a9ee-879a0dea5d05,46666c69-198c-46a4-a6fc-ed394cb5cab3,Milwaukee is West of Ali. Ali walks East. Ali is getting further from Milwaukee.,0.875,4235.27272728492,1931.27499999478,,,,0,1,1,1,-1.125,-1.0,-0.0297619047619048,4.3453333333333335,80,0.578125,0.038818359375,-2.765625,-0.041259765625,-0.67578125,0.37890625,-0.640625,-0.341796875,-0.8125,0.349609375,-0.306640625,-0.2353515625,-0.31640625,0.9765625,-1.03125,-0.46484375,-0.298828125,0.07373046875,0.1884765625,0.216796875,-0.177734375,0.55859375,-0.6484375,-0.0087890625,-0.099609375,0.09228515625,-0.1962890625,0.13671875,0.2470703125,-0.46484375,-0.11328125,0.310546875,-0.703125,-0.271484375,-0.008056640625,-0.1123046875,0.1533203125,-0.75390625,-0.37109375,0.10498046875,0.248046875,-0.2060546875,-0.29296875,0.2734375,-0.392578125,0.04638671875,0.64453125,-0.36328125,0.361328125,-0.10595703125,0.17578125,0.4453125,0.1533203125,-0.2392578125,-0.2578125,-0.1953125,-0.400390625,0.2890625,-1.078125,-0.09130859375,-1.640625,-0.193359375,0.70703125,0.54296875,0.5859375,0.474609375,-0.0003814697265625,0.1015625,-0.341796875,0.359375,0.88671875,0.359375,0.1142578125,-0.458984375,0.06396484375,0.173828125,-0.55078125,0.64453125,0.328125,0.296875,-0.166015625,-0.1376953125,0.134765625,-0.2578125,0.173828125,-0.296875,-0.63671875,0.73046875,-0.1923828125,-0.2177734375,-0.37109375,-0.06494140625,0.189453125,-0.78515625,0.197265625,-0.408203125,Milwaukee is West of Ali. Ali walks East. Ali is getting BLANK Milwaukee.,Milwaukee is West of Ali. Ali walks East. Ali is getting further from Milwaukee.,16,0
Milwaukee is West of Ali. Ali walks West. Ali is getting BLANK Milwaukee.,geocentric_distant,target,geocentric_distant_target,closer to,further from,c5e269b3-bfec-4a46-b958-b2951a334d88,54b2e38a-0319-46de-97b0-eb29b874937e,Milwaukee is West of Ali. Ali walks West. Ali is getting closer to Milwaukee.,0.818181818181818,6064.24000005554,941.624999986496,,,,0,1,1,1,5.625,0.0,0.0681818181818182,4.2860000000000005,77,0.57421875,0.0252685546875,-2.765625,-0.035888671875,-0.6875,0.380859375,-0.6328125,-0.353515625,-0.8125,0.33203125,-0.310546875,-0.23828125,-0.318359375,0.984375,-1.0625,-0.482421875,-0.3046875,0.07373046875,0.1953125,0.2314453125,-0.1806640625,0.55859375,-0.6328125,0.005889892578125,-0.1005859375,0.0849609375,-0.1875,0.10009765625,0.25390625,-0.470703125,-0.11181640625,0.31640625,-0.703125,-0.294921875,-0.0162353515625,-0.123046875,0.1552734375,-0.75,-0.392578125,0.09912109375,0.259765625,-0.2041015625,-0.32421875,0.25390625,-0.412109375,0.0703125,0.6015625,-0.36328125,0.361328125,-0.068359375,0.162109375,0.43359375,0.1376953125,-0.220703125,-0.263671875,-0.2373046875,-0.400390625,0.306640625,-1.015625,-0.058349609375,-1.6015625,-0.19140625,0.7109375,0.5,0.6015625,0.482421875,0.006866455078125,0.123046875,-0.3359375,0.375,0.8671875,0.400390625,0.1259765625,-0.458984375,0.04248046875,0.1669921875,-0.57421875,0.671875,0.30859375,0.302734375,-0.1513671875,-0.150390625,0.12451171875,-0.26953125,0.1689453125,-0.3046875,-0.65625,0.71875,-0.203125,-0.2392578125,-0.396484375,-0.07275390625,0.19140625,-0.7578125,0.23828125,-0.416015625,Milwaukee is West of Ali. Ali walks West. Ali is getting BLANK Milwaukee.,Milwaukee is West of Ali. Ali walks West. Ali is getting closer to Milwaukee.,11,0
Milwaukee is to Ali's right. Ali turns left. Ali is facing BLANK Milwaukee.,egocentric_distant,target,egocentric_distant_target,away from,towards,a5a4616f-edad-4b88-b74c-d370ddec8499,ed264005-9158-4e7f-9c31-4ff142e9e40d,Milwaukee is to Ali's right. Ali turns left. Ali is facing away from Milwaukee.,0.904761904761905,7852.24999999553,1361.78999998327,,,,0,1,1,1,3.25,-1.0,0.142857142857143,4.34375,79,0.59375,0.027587890625,-2.71875,-0.05029296875,-0.7421875,0.365234375,-0.6015625,-0.3828125,-0.7890625,0.365234375,-0.349609375,-0.22265625,-0.38671875,0.96875,-1.109375,-0.55078125,-0.35546875,0.10888671875,0.2041015625,0.271484375,-0.185546875,0.54296875,-0.5859375,-0.01318359375,-0.0986328125,0.1220703125,-0.1123046875,-0.10009765625,0.23046875,-0.44921875,-0.103515625,0.2890625,-0.66015625,-0.2177734375,0.07177734375,-0.14453125,0.1279296875,-0.74609375,-0.373046875,0.09326171875,0.2158203125,-0.2158203125,-0.240234375,0.328125,-0.390625,0.0595703125,0.63671875,-0.439453125,0.42578125,-0.21484375,0.087890625,0.578125,0.15234375,-0.298828125,-0.265625,-0.265625,-0.404296875,0.357421875,-1.0625,-0.08935546875,-1.4375,-0.1748046875,0.7265625,0.5625,0.65234375,0.5703125,-0.087890625,0.09912109375,-0.248046875,0.1962890625,0.96875,0.275390625,0.10986328125,-0.58203125,0.033447265625,0.169921875,-0.61328125,0.66796875,0.265625,0.2421875,-0.1865234375,-0.08447265625,0.12158203125,-0.27734375,0.193359375,-0.19921875,-0.64453125,0.74609375,-0.20703125,-0.1845703125,-0.375,-0.1337890625,0.2451171875,-0.828125,0.150390625,-0.419921875,Milwaukee is to Ali's right. Ali turns left. Ali is facing BLANK Milwaukee.,Milwaukee is to Ali's right. Ali turns left. Ali is facing away from Milwaukee.,21,0
The apple is in the bucket. Ali puts the apple in the refrigerator. The apple gets BLANK.,state_follows,target,state_follows_target,colder,warmer,58b98b4f-a0ea-45ee-a787-f1c6eb325d2e,579bf5d9-0b60-4263-96f8-e877ccd06367,The apple is in the bucket. Ali puts the apple in the refrigerator. The apple gets colder.,1.0,3741.70714285478,1265.34166664879,,,,1,1,1,1,13.3125,0.0,0.0,4.313888888888889,90,0.640625,0.07470703125,-2.84375,-0.045166015625,-0.76953125,0.271484375,-0.57421875,-0.328125,-0.7421875,0.34765625,-0.302734375,-0.1572265625,-0.380859375,1.1015625,-1.15625,-0.5234375,-0.384765625,0.07470703125,0.1171875,0.265625,-0.189453125,0.322265625,-0.392578125,-0.0196533203125,-0.1435546875,0.09814453125,-0.2490234375,0.443359375,0.125,-0.3125,-0.0595703125,0.33984375,-0.76171875,-0.1728515625,-0.109375,0.01123046875,0.09521484375,-0.54296875,-0.275390625,0.12255859375,0.1943359375,-0.2080078125,-0.302734375,0.36328125,-0.451171875,-0.06005859375,0.6328125,-0.5234375,0.216796875,0.0947265625,0.0810546875,0.40234375,0.10986328125,-0.35546875,-0.1875,-0.11962890625,-0.48046875,0.380859375,-0.859375,-0.044189453125,-1.8125,-0.09912109375,0.67578125,0.58203125,0.462890625,0.51953125,-0.010009765625,0.1865234375,-0.423828125,0.345703125,0.9609375,0.380859375,0.14453125,-0.4609375,0.162109375,0.404296875,-0.62890625,0.875,0.275390625,0.201171875,-0.140625,0.03466796875,-0.035888671875,-0.185546875,0.22265625,-0.205078125,-0.73828125,0.6953125,-0.396484375,-0.0703125,-0.6875,-0.107421875,0.21484375,-0.73046875,0.1728515625,-0.38671875,The apple is in the bucket. Ali puts the apple in the refrigerator. The apple gets BLANK.,The apple is in the bucket. Ali puts the apple in the refrigerator. The apple gets colder.,16,0
The ball and the box are on the floor. Ali picks up the ball. The ball is BLANK the box.,relative_pos,target,relative_pos_target,higher than,lower than,dcd8b07b-ca08-4c9a-b6a1-7b7c7374132f,3ef58690-db50-4fc1-8147-5eb37c280e1b,The ball and the box are on the floor. Ali picks up the ball. The ball is higher than the box.,0.904761904761905,5301.46250002459,2022.19999996302,,,,0,1,1,1,10.375,-1.0,-0.0952380952380952,4.918636363636364,94,0.671875,0.0137939453125,-2.890625,-0.0303955078125,-0.80859375,0.357421875,-0.59375,-0.244140625,-0.69140625,0.3203125,-0.30078125,-0.37109375,-0.3984375,1.1328125,-1.09375,-0.54296875,-0.384765625,0.05859375,0.1318359375,0.2041015625,-0.1611328125,0.447265625,-0.423828125,-0.0673828125,-0.1015625,-0.00640869140625,-0.150390625,0.43359375,0.0849609375,-0.322265625,-0.0301513671875,0.333984375,-0.796875,-0.1181640625,-0.140625,0.03369140625,0.0927734375,-0.5546875,-0.28125,0.08154296875,0.1845703125,-0.2255859375,-0.3125,0.396484375,-0.466796875,-0.0166015625,0.6796875,-0.55078125,0.267578125,0.0308837890625,-0.0286865234375,0.294921875,0.0947265625,-0.384765625,-0.259765625,-0.1953125,-0.5,0.361328125,-0.78515625,-0.12451171875,-1.71875,-0.169921875,0.703125,0.53125,0.490234375,0.6953125,0.020751953125,0.36328125,-0.34765625,0.2412109375,0.98828125,0.48828125,0.1083984375,-0.52734375,0.126953125,0.30078125,-0.62890625,0.87890625,0.26953125,0.1689453125,-0.1708984375,0.064453125,0.06689453125,-0.2734375,0.1923828125,-0.33203125,-0.703125,0.671875,-0.39453125,-0.1376953125,-0.7734375,-0.125,0.2373046875,-0.76171875,0.263671875,-0.43359375,The ball and the box are on the floor. Ali picks up the ball. The ball is BLANK the box.,The ball and the box are on the floor. Ali picks up the ball. The ball is higher than the box.,21,0
The ball and the box are on the table. Ali picks up the ball. The ball is BLANK the box.,relative_pos,target,relative_pos_target,higher than,lower than,22ba1e53-da26-4106-a21a-2e11e60c6e19,5d8c3a6d-0cc2-458b-99a8-aa6888a79292,The ball and the box are on the table. Ali picks up the ball. The ball is higher than the box.,0.7,7202.90000000112,2429.38000001255,1.0,1.0,1.0,0,1,1,1,11.0,0.0,-0.157142857142857,4.929545454545456,94,0.671875,0.0218505859375,-2.875,-0.0263671875,-0.79296875,0.37890625,-0.59765625,-0.2373046875,-0.6953125,0.294921875,-0.27734375,-0.392578125,-0.39453125,1.1171875,-1.1171875,-0.546875,-0.392578125,0.06298828125,0.12158203125,0.20703125,-0.1591796875,0.439453125,-0.396484375,-0.0615234375,-0.0966796875,-0.00518798828125,-0.1806640625,0.443359375,0.0859375,-0.3125,-0.0191650390625,0.32421875,-0.80078125,-0.138671875,-0.1416015625,0.020751953125,0.1025390625,-0.5546875,-0.294921875,0.080078125,0.18359375,-0.21875,-0.310546875,0.396484375,-0.462890625,-0.0244140625,0.6640625,-0.546875,0.259765625,0.044677734375,-0.02587890625,0.306640625,0.09814453125,-0.38671875,-0.2451171875,-0.1796875,-0.51171875,0.376953125,-0.83203125,-0.146484375,-1.734375,-0.1748046875,0.69921875,0.51953125,0.482421875,0.69140625,0.01239013671875,0.361328125,-0.3515625,0.2373046875,1.0078125,0.5234375,0.10546875,-0.55078125,0.09033203125,0.291015625,-0.609375,0.87890625,0.2734375,0.1708984375,-0.173828125,0.06884765625,0.06787109375,-0.287109375,0.18359375,-0.322265625,-0.7109375,0.67578125,-0.40234375,-0.150390625,-0.79296875,-0.1328125,0.234375,-0.75390625,0.265625,-0.439453125,The ball and the box are on the table. Ali picks up the ball. The ball is BLANK the box.,The ball and the box are on the table. Ali picks up the ball. The ball is higher than the box.,10,10
The ball and the box are on the table. The box falls off the table. The box is BLANK the ball.,relative_pos,target,relative_pos_target,lower than,higher than,f731fc42-c78c-46d3-acc3-7a7872aee978,2c758c3c-fdff-4aef-8632-95b2473d1ea1,The ball and the box are on the table. The box falls off the table. The box is lower than the ball.,0.9375,5410.82499998622,3465.37777777347,,,,0,1,1,1,11.1875,0.0,0.125,5.02304347826087,99,0.6796875,0.007720947265625,-2.84375,-0.0089111328125,-0.828125,0.376953125,-0.6328125,-0.20703125,-0.69140625,0.275390625,-0.271484375,-0.42578125,-0.416015625,1.1328125,-1.1484375,-0.55859375,-0.388671875,-0.01202392578125,0.171875,0.203125,-0.14453125,0.51171875,-0.51171875,-0.1630859375,-0.10986328125,-0.057861328125,-0.12158203125,0.52734375,0.06494140625,-0.31640625,-0.050537109375,0.279296875,-0.80078125,-0.138671875,-0.173828125,0.057373046875,0.0703125,-0.6015625,-0.275390625,0.10009765625,0.1865234375,-0.23828125,-0.26171875,0.34375,-0.48046875,0.020263671875,0.6640625,-0.44140625,0.255859375,0.0419921875,-0.0322265625,0.2177734375,0.08837890625,-0.310546875,-0.271484375,-0.1455078125,-0.5234375,0.388671875,-0.76953125,-0.10986328125,-1.8515625,-0.1787109375,0.7109375,0.5859375,0.48046875,0.6953125,-0.008544921875,0.396484375,-0.314453125,0.251953125,1.0234375,0.53125,0.134765625,-0.53125,0.275390625,0.298828125,-0.609375,0.78125,0.283203125,0.2451171875,-0.173828125,0.0986328125,0.12353515625,-0.30078125,0.2158203125,-0.36328125,-0.71875,0.6796875,-0.412109375,-0.2109375,-0.6796875,-0.1513671875,0.24609375,-0.84765625,0.27734375,-0.46875,The ball and the box are on the table. The box falls off the table. The box is BLANK the ball.,The ball and the box are on the table. The box falls off the table. The box is lower than the ball.,16,0
The ball and the box are on top of the ramp. The ball rolls down the ramp. The ball is BLANK the box.,relative_pos,target,relative_pos_target,lower than,higher than,b8cc9070-c3b4-49d0-9bf0-15052552ba99,e29fe444-020a-4ed2-9b9b-87fcf3d911c8,The ball and the box are on top of the ramp. The ball goes down the ramp. The ball is lower than the box.,0.75,6115.83750000014,2330.08750000363,1.0,1.0,1.0,0,1,1,1,9.8125,0.0,-0.0595238095238095,4.782399999999999,105,0.69140625,-0.033935546875,-2.828125,-0.0203857421875,-0.859375,0.328125,-0.65234375,-0.28125,-0.6875,0.248046875,-0.31640625,-0.4140625,-0.423828125,1.15625,-1.09375,-0.54296875,-0.39453125,0.002197265625,0.1572265625,0.1865234375,-0.1650390625,0.54296875,-0.58203125,-0.15625,-0.130859375,-0.01123046875,-0.059814453125,0.5625,0.07958984375,-0.26171875,-0.103515625,0.27734375,-0.86328125,-0.197265625,-0.25,0.054931640625,0.11083984375,-0.5390625,-0.306640625,0.1318359375,0.1845703125,-0.2333984375,-0.267578125,0.33203125,-0.5234375,0.006927490234375,0.69921875,-0.5234375,0.2275390625,0.02587890625,-0.04541015625,0.2890625,0.0732421875,-0.337890625,-0.330078125,-0.185546875,-0.50390625,0.345703125,-0.68359375,-0.2021484375,-1.8671875,-0.1259765625,0.7265625,0.58203125,0.4921875,0.71484375,0.07275390625,0.3515625,-0.357421875,0.25390625,1.046875,0.4765625,0.091796875,-0.51953125,0.1630859375,0.30078125,-0.6953125,0.8671875,0.28125,0.2314453125,-0.1689453125,0.10888671875,0.0830078125,-0.322265625,0.1982421875,-0.37109375,-0.75390625,0.66796875,-0.466796875,-0.12158203125,-0.78125,-0.1123046875,0.234375,-0.85546875,0.294921875,-0.484375,The ball and the box are on top of the ramp. The ball rolls down the ramp. The ball is BLANK the box.,The ball and the box are on top of the ramp. The ball goes down the ramp. The ball is lower than the box.,20,18
The ball is above the box. The ball moves right. The ball is BLANK the box.,action_nonfollows,target,action_nonfollows_target,higher than,lower than,9f99b2e5-30e0-4932-86aa-78ee9333b5d8,c4dc573c-4c59-4f7d-97de-6a61757f37a6,The ball is above the box. The ball moves right. The ball is higher than the box.,1.0,5971.4000000149,3477.09090907635,,,,0,1,1,1,3.0625,-1.0,0.285714285714286,4.975,81,0.6796875,-0.03369140625,-2.84375,-0.038330078125,-0.80859375,0.43359375,-0.54296875,-0.27734375,-0.6953125,0.3671875,-0.30859375,-0.37890625,-0.416015625,1.15625,-1.125,-0.66796875,-0.369140625,0.05224609375,0.158203125,0.17578125,-0.1533203125,0.54296875,-0.50390625,-0.10595703125,-0.033935546875,-0.0284423828125,-0.1318359375,0.376953125,0.1611328125,-0.361328125,-0.09619140625,0.26171875,-0.7578125,-0.1357421875,-0.107421875,-0.0751953125,0.0498046875,-0.61328125,-0.373046875,0.0771484375,0.2001953125,-0.263671875,-0.322265625,0.33203125,-0.439453125,-0.0419921875,0.64453125,-0.5234375,0.375,0.0286865234375,0.1123046875,0.279296875,0.10400390625,-0.275390625,-0.296875,-0.2080078125,-0.478515625,0.30078125,-0.83203125,-0.11572265625,-1.6875,-0.140625,0.70703125,0.59765625,0.5625,0.609375,0.05419921875,0.19140625,-0.279296875,0.22265625,1.0,0.392578125,0.11328125,-0.5234375,0.1455078125,0.23828125,-0.57421875,0.828125,0.28125,0.2333984375,-0.1728515625,-0.017333984375,0.140625,-0.20703125,0.169921875,-0.2890625,-0.74609375,0.765625,-0.330078125,-0.193359375,-0.71484375,-0.17578125,0.23828125,-0.875,0.2265625,-0.435546875,The ball is above the box. The ball moves right. The ball is BLANK the box.,The ball is above the box. The ball moves right. The ball is higher than the box.,11,0
The ball is at the bottom of the ramp. Ali pushes the ball. The ball is at the BLANK of the ramp.,action_nonfollows,target,action_nonfollows_target,bottom,top of,,e2381bf9-9c62-4821-9eef-f3d59b881fd5,The ball is at the bottom of the ramp. Ali pushes the ball. The ball is at the bottom of the ramp.,0.727272727272727,3232.91250002314,1430.46249999711,0.333333333333333,0.4,0.363636363636364,0,0,0,0,-11.9375,,,4.668260869565217,98,0.69140625,0.055419921875,-2.875,-0.07177734375,-0.8828125,0.287109375,-0.65625,-0.291015625,-0.625,0.294921875,-0.259765625,-0.2890625,-0.4609375,1.1171875,-1.171875,-0.439453125,-0.4140625,0.008056640625,0.1689453125,0.283203125,-0.2255859375,0.498046875,-0.58203125,-0.2314453125,-0.134765625,0.05322265625,-0.033447265625,0.412109375,0.11767578125,-0.28515625,-0.0869140625,0.2431640625,-0.83984375,-0.208984375,-0.2119140625,0.119140625,0.1064453125,-0.52734375,-0.2734375,0.123046875,0.181640625,-0.251953125,-0.2080078125,0.3984375,-0.546875,0.047119140625,0.671875,-0.640625,0.2734375,0.0150146484375,-0.01153564453125,0.37890625,0.07080078125,-0.3515625,-0.353515625,-0.126953125,-0.53125,0.16015625,-0.69921875,-0.03759765625,-1.7734375,-0.007568359375,0.78125,0.69140625,0.55078125,0.62109375,0.19140625,0.1220703125,-0.466796875,0.279296875,1.0,0.296875,0.09326171875,-0.408203125,0.306640625,0.353515625,-0.69140625,0.63671875,0.228515625,0.2197265625,-0.1630859375,0.08056640625,0.0771484375,-0.1650390625,0.2353515625,-0.09521484375,-0.71484375,0.71875,-0.416015625,-0.2138671875,-0.578125,-0.07568359375,0.2314453125,-0.9140625,0.1787109375,-0.484375,The ball is at the bottom of the ramp. Ali pushes the ball. The ball is at the BLANK of the ramp.,The ball is at the bottom of the ramp. Ali pushes the ball. The ball is at the bottom of the ramp.,11,19
The ball is close to Ali. Ali throws the box. The ball is BLANK Ali.,action_nonfollows,target,action_nonfollows_target,close to,far from,dbc26f79-2344-4daf-9028-2ce9cf3d27b0,76ce548a-e17e-4a57-aaf9-cf3fa2a6c9d3,The ball is close to Ali. Ali throws the box. The ball is close to Ali.,0.727272727272727,5661.15999998339,3675.79999998324,1.0,1.0,1.0,0,0,1,1,-3.875,0.0,0.460606060606061,4.622352941176469,71,0.578125,0.08740234375,-2.8125,-0.0498046875,-0.73828125,0.47265625,-0.5859375,-0.384765625,-0.75390625,0.349609375,-0.2890625,-0.271484375,-0.37109375,1.09375,-1.0234375,-0.5,-0.333984375,0.10888671875,0.1923828125,0.2421875,-0.1728515625,0.421875,-0.408203125,-0.09033203125,-0.0673828125,-0.0006561279296875,-0.2216796875,0.294921875,0.1123046875,-0.388671875,-0.051513671875,0.333984375,-0.71484375,-0.1865234375,-0.0172119140625,-0.007354736328125,0.130859375,-0.5625,-0.427734375,0.10302734375,0.2373046875,-0.2294921875,-0.326171875,0.376953125,-0.45703125,-0.02099609375,0.63671875,-0.60546875,0.369140625,0.08251953125,0.07666015625,0.421875,0.103515625,-0.34375,-0.275390625,-0.2255859375,-0.451171875,0.322265625,-0.8984375,-0.10498046875,-1.5859375,-0.134765625,0.67578125,0.5625,0.55078125,0.68359375,0.0150146484375,0.181640625,-0.271484375,0.3046875,1.0546875,0.353515625,0.1591796875,-0.56640625,-0.00872802734375,0.28125,-0.54296875,0.75390625,0.337890625,0.20703125,-0.140625,-0.07958984375,0.07958984375,-0.19140625,0.2421875,-0.2080078125,-0.74609375,0.74609375,-0.291015625,-0.181640625,-0.69921875,-0.12451171875,0.302734375,-0.76171875,0.11865234375,-0.36328125,The ball is close to Ali. Ali throws the box. The ball is BLANK Ali.,The ball is close to Ali. Ali throws the box. The ball is close to Ali.,11,14
The ball is five feet from the box. Ali moves the box. The ball BLANK.,action_nonfollows,target,action_nonfollows_target,doesn't move,moves,,1fe70ed2-c4f2-46e8-a4ee-b795969fe940,The ball is five feet from the box. Ali moves the box. The ball doesn't move.,0.75,4982.9899999924,1933.81249999627,0.666666666666667,1.0,0.8,0,1,1,1,6.0625,,,4.578888888888889,77,0.6875,0.0020751953125,-2.78125,-0.0250244140625,-0.79296875,0.380859375,-0.57421875,-0.28125,-0.734375,0.359375,-0.271484375,-0.171875,-0.41015625,1.140625,-1.078125,-0.62109375,-0.400390625,0.0869140625,0.13671875,0.296875,-0.23046875,0.369140625,-0.435546875,-0.0546875,-0.09326171875,-0.11376953125,-0.2275390625,0.1376953125,0.130859375,-0.3828125,-0.038330078125,0.32421875,-0.66015625,-0.115234375,-0.0712890625,-0.0174560546875,0.134765625,-0.46484375,-0.396484375,0.09130859375,0.2177734375,-0.19921875,-0.3046875,0.47265625,-0.41015625,0.05615234375,0.66796875,-0.5859375,0.283203125,0.10302734375,0.05810546875,0.470703125,0.1142578125,-0.423828125,-0.275390625,-0.166015625,-0.51953125,0.392578125,-0.7734375,-0.0927734375,-1.609375,-0.1484375,0.7265625,0.56640625,0.5625,0.56640625,0.01513671875,0.1337890625,-0.462890625,0.330078125,0.890625,0.41796875,0.126953125,-0.53125,0.1669921875,0.197265625,-0.53125,0.85546875,0.404296875,0.1923828125,-0.154296875,-0.04931640625,0.0869140625,-0.12890625,0.232421875,-0.306640625,-0.72265625,0.80859375,-0.328125,-0.244140625,-0.60546875,-0.2333984375,0.23828125,-0.69921875,0.16796875,-0.443359375,The ball is five feet from the box. Ali moves the box. The ball BLANK.,The ball is five feet from the box. Ali moves the box. The ball doesn't move.,20,15
The ball is in the box. Ali moves the box. The ball BLANK.,action_follows,target,action_follows_target,moves,doesn't move,b32a875b-5408-4e98-85b7-517090849563,485c8768-fe97-45ee-9055-9324dc1ad0f2,The ball is in the box. Ali moves the box. The ball moves.,0.952380952380952,2472.46363642287,2054.25000002515,,,,1,1,1,1,-6.5,0.0,-0.0476190476190477,4.852857142857142,58,0.703125,0.009765625,-2.75,-0.0225830078125,-0.7890625,0.376953125,-0.515625,-0.28515625,-0.71875,0.3828125,-0.3125,-0.1552734375,-0.447265625,1.15625,-1.1171875,-0.6875,-0.42578125,0.053466796875,0.1103515625,0.28515625,-0.208984375,0.365234375,-0.408203125,-0.052490234375,-0.053955078125,-0.1337890625,-0.1865234375,0.2080078125,0.123046875,-0.40625,-0.011474609375,0.302734375,-0.66796875,-0.07275390625,-0.04931640625,0.0198974609375,0.1025390625,-0.50390625,-0.361328125,0.09375,0.2109375,-0.2060546875,-0.27734375,0.443359375,-0.423828125,0.037841796875,0.6953125,-0.609375,0.35546875,0.20703125,0.00604248046875,0.55859375,0.10205078125,-0.412109375,-0.26171875,-0.1884765625,-0.45703125,0.373046875,-0.98046875,-0.060791015625,-1.6328125,-0.19921875,0.69921875,0.54296875,0.5546875,0.5859375,0.033935546875,0.1884765625,-0.353515625,0.279296875,0.89453125,0.380859375,0.1474609375,-0.52734375,0.0235595703125,0.28515625,-0.5078125,0.8515625,0.3828125,0.203125,-0.162109375,-0.0439453125,0.10546875,-0.1728515625,0.234375,-0.30078125,-0.7421875,0.7578125,-0.326171875,-0.1884765625,-0.63671875,-0.13671875,0.2392578125,-0.6875,0.185546875,-0.435546875,The ball is in the box. Ali moves the box. The ball BLANK.,The ball is in the box. Ali moves the box. The ball moves.,21,0
The ball is inside the box. Ali picks up the ball. The ball is BLANK the box.,relative_pos,target,relative_pos_target,not touching,touching,3b5b03ed-bc02-40b4-ac94-fc8efd1cea76,28d85ad9-fe5a-44b8-aebb-06f0f7a635e7,The ball is inside the box. Ali picks up the ball. The ball is not touching the box.,0.636363636363636,4069.40000002299,1773.57142856877,1.0,1.0,1.0,0,1,1,1,14.0,0.0,-0.268398268398268,4.690526315789473,84,0.6328125,0.06103515625,-2.90625,-0.038818359375,-0.80859375,0.38671875,-0.546875,-0.314453125,-0.72265625,0.322265625,-0.283203125,-0.31640625,-0.388671875,1.1171875,-1.1640625,-0.5546875,-0.388671875,0.06884765625,0.10400390625,0.30859375,-0.19140625,0.369140625,-0.384765625,-0.1103515625,-0.119140625,0.025634765625,-0.2177734375,0.349609375,0.10986328125,-0.380859375,-0.0108642578125,0.28125,-0.71875,-0.1240234375,-0.10107421875,0.034423828125,0.083984375,-0.515625,-0.3515625,0.0869140625,0.201171875,-0.265625,-0.322265625,0.392578125,-0.439453125,0.01336669921875,0.6875,-0.5234375,0.291015625,0.0546875,-0.0189208984375,0.52734375,0.09033203125,-0.345703125,-0.26171875,-0.16796875,-0.48828125,0.318359375,-0.734375,-0.059814453125,-1.6875,-0.1396484375,0.734375,0.56640625,0.5859375,0.7421875,0.05126953125,0.25,-0.3046875,0.283203125,1.0234375,0.294921875,0.1298828125,-0.56640625,0.13671875,0.361328125,-0.5703125,0.859375,0.28515625,0.1650390625,-0.173828125,-0.0181884765625,0.013427734375,-0.298828125,0.248046875,-0.1533203125,-0.71875,0.69140625,-0.365234375,-0.1650390625,-0.76171875,-0.1669921875,0.26953125,-0.7265625,0.189453125,-0.38671875,The ball is inside the box. Ali picks up the ball. The ball is BLANK the box.,The ball is inside the box. Ali picks up the ball. The ball is not touching the box.,11,12
The ball is inside the box. Ali pushes the box forward. The ball is BLANK the box.,action_nonfollows,target,action_nonfollows_target,inside,outside,616d74d5-91d0-452c-ae02-d8a673ead3b7,1f1590e4-fd44-4bb6-acfc-41024cb88fc3,The ball is inside the box. Ali pushes the box forward. The ball is inside the box.,0.9375,6148.48333333402,1958.87999999523,,,,1,1,1,1,-7.125,1.0,0.204166666666667,4.706666666666667,83,0.60546875,0.022216796875,-2.890625,-0.037353515625,-0.8046875,0.34375,-0.609375,-0.287109375,-0.7109375,0.31640625,-0.330078125,-0.26171875,-0.40234375,1.1015625,-1.171875,-0.55859375,-0.3984375,0.11328125,0.1484375,0.275390625,-0.1845703125,0.400390625,-0.4765625,-0.09814453125,-0.1015625,0.01007080078125,-0.197265625,0.294921875,0.15625,-0.359375,-0.035888671875,0.337890625,-0.68359375,-0.1552734375,-0.1376953125,0.0286865234375,0.09033203125,-0.58984375,-0.353515625,0.11328125,0.2109375,-0.240234375,-0.314453125,0.41796875,-0.458984375,-0.038330078125,0.6953125,-0.640625,0.279296875,0.0791015625,-0.00164794921875,0.4296875,0.10546875,-0.369140625,-0.267578125,-0.16015625,-0.466796875,0.318359375,-0.7578125,-0.0810546875,-1.7109375,-0.111328125,0.7578125,0.60546875,0.609375,0.65625,0.115234375,0.26171875,-0.318359375,0.29296875,0.984375,0.298828125,0.162109375,-0.5390625,0.1328125,0.32421875,-0.5234375,0.79296875,0.28125,0.158203125,-0.1689453125,0.00994873046875,0.0380859375,-0.22265625,0.298828125,-0.171875,-0.72265625,0.7109375,-0.345703125,-0.1396484375,-0.6953125,-0.1669921875,0.279296875,-0.796875,0.103515625,-0.421875,The ball is inside the box. Ali pushes the box forward. The ball is BLANK the box.,The ball is inside the box. Ali pushes the box forward. The ball is inside the box.,16,0
The ball is inside the box. Ali pushes the box. The ball BLANK.,action_follows,target,action_follows_target,moves,doesn't move,9407774f-68f9-44aa-9769-37c1bef072ec,1df4f4cc-850d-48a6-a2d3-36c1307dd5bf,The ball is inside the box. Ali pushes the box. The ball moves.,0.9,4336.6999999888,2461.13333332073,,,,1,1,1,1,11.4375,0.0,0.0346153846153846,4.584285714285714,63,0.69140625,0.007080078125,-2.765625,-0.0252685546875,-0.7890625,0.341796875,-0.51171875,-0.28515625,-0.73046875,0.38671875,-0.318359375,-0.1396484375,-0.427734375,1.1171875,-1.078125,-0.62109375,-0.435546875,0.0654296875,0.09619140625,0.2890625,-0.2119140625,0.384765625,-0.421875,-0.06640625,-0.064453125,-0.053955078125,-0.2294921875,0.1767578125,0.1298828125,-0.3984375,-0.049072265625,0.294921875,-0.65625,-0.0400390625,-0.037353515625,0.03369140625,0.1162109375,-0.5703125,-0.34375,0.10498046875,0.1982421875,-0.2080078125,-0.28515625,0.451171875,-0.408203125,0.0147705078125,0.6875,-0.54296875,0.31640625,0.166015625,-0.013671875,0.55859375,0.1015625,-0.396484375,-0.2490234375,-0.18359375,-0.466796875,0.400390625,-0.9296875,-0.05908203125,-1.703125,-0.2041015625,0.6796875,0.55078125,0.5546875,0.6015625,0.034423828125,0.1982421875,-0.38671875,0.330078125,0.84375,0.2890625,0.12890625,-0.46875,0.03564453125,0.263671875,-0.52734375,0.86328125,0.341796875,0.1845703125,-0.1806640625,0.0004024505615234375,0.0693359375,-0.228515625,0.259765625,-0.265625,-0.76171875,0.7578125,-0.328125,-0.162109375,-0.6640625,-0.126953125,0.25390625,-0.6875,0.171875,-0.443359375,The ball is inside the box. Ali pushes the box. The ball BLANK.,The ball is inside the box. Ali pushes the box. The ball moves.,20,0
The ball is next to the box. Ali puts the ball inside the box. The ball is BLANK the box.,relative_pos,target,relative_pos_target,smaller than,larger than,c9a2e815-e1c8-49e4-9d0e-874097380a0a,a37a9225-87b7-46ab-a077-a94c075ed3f0,The ball is next to the box. Ali puts the ball inside the box. The ball is smaller than the box.,0.952380952380952,4102.59090907635,3213.82142851608,,,,0,0,1,1,0.3125,0.0,-0.0476190476190477,4.865909090909092,96,0.671875,-0.00156402587890625,-2.859375,-0.01806640625,-0.8125,0.376953125,-0.61328125,-0.259765625,-0.6875,0.33984375,-0.31640625,-0.30078125,-0.41015625,1.0546875,-1.125,-0.625,-0.388671875,0.0625,0.15234375,0.2138671875,-0.16796875,0.44140625,-0.41796875,-0.0986328125,-0.107421875,-0.00848388671875,-0.2080078125,0.56640625,0.138671875,-0.30859375,-0.00390625,0.27734375,-0.83203125,-0.337890625,-0.12353515625,0.020263671875,0.08056640625,-0.57421875,-0.3515625,0.06494140625,0.16796875,-0.21484375,-0.29296875,0.330078125,-0.48046875,-0.0201416015625,0.67578125,-0.5859375,0.259765625,0.08251953125,0.006072998046875,0.3203125,0.08056640625,-0.349609375,-0.2177734375,-0.2109375,-0.51953125,0.38671875,-0.79296875,-0.04248046875,-1.7265625,-0.169921875,0.7421875,0.58203125,0.49609375,0.69921875,0.015380859375,0.328125,-0.35546875,0.228515625,1.0546875,0.39453125,0.1025390625,-0.546875,0.14453125,0.31640625,-0.57421875,0.84765625,0.2197265625,0.185546875,-0.181640625,0.00482177734375,0.0283203125,-0.30078125,0.2158203125,-0.25390625,-0.68359375,0.6796875,-0.392578125,-0.1298828125,-0.76171875,-0.146484375,0.2412109375,-0.75390625,0.2236328125,-0.40625,The ball is next to the box. Ali puts the ball inside the box. The ball is BLANK the box.,The ball is next to the box. Ali puts the ball inside the box. The ball is smaller than the box.,21,0
The ball is on the table. Ali tilts the table. The ball BLANK.,action_follows,target,action_follows_target,rolls,stays still,71de414f-d6d9-4675-b2be-55660e8ea2ec,f9fe9ab0-fa9a-47df-8476-785733489b46,The ball is on the table. Ali tilts the table. The ball rolls.,0.952380952380952,3549.04615386919,1732.01666669501,,,,1,1,1,1,18.875,0.0,0.019047619047619,4.49,62,0.62890625,0.034423828125,-2.734375,-0.0322265625,-0.75,0.427734375,-0.43359375,-0.30078125,-0.76953125,0.298828125,-0.30078125,-0.279296875,-0.41015625,1.15625,-1.0,-0.470703125,-0.421875,0.1298828125,0.08740234375,0.3203125,-0.1845703125,0.357421875,-0.51171875,-0.07080078125,-0.11376953125,-0.10693359375,-0.1708984375,0.263671875,0.08544921875,-0.3984375,-0.027587890625,0.29296875,-0.69921875,-0.07373046875,0.029052734375,0.008544921875,0.0810546875,-0.458984375,-0.23828125,0.1259765625,0.1728515625,-0.2734375,-0.3125,0.419921875,-0.39453125,-0.020751953125,0.625,-0.6015625,0.3203125,0.0556640625,0.038818359375,0.5546875,0.1142578125,-0.38671875,-0.25,-0.1923828125,-0.47265625,0.384765625,-0.90234375,-0.125,-1.671875,-0.19921875,0.69921875,0.57421875,0.55859375,0.6171875,0.060791015625,0.1708984375,-0.4140625,0.271484375,0.859375,0.4453125,0.146484375,-0.53125,0.0654296875,0.265625,-0.51171875,0.83203125,0.265625,0.2080078125,-0.1904296875,0.03759765625,0.1884765625,-0.2041015625,0.2333984375,-0.1689453125,-0.79296875,0.67578125,-0.39453125,-0.2001953125,-0.6328125,-0.1494140625,0.1865234375,-0.72265625,0.2158203125,-0.451171875,The ball is on the table. Ali tilts the table. The ball BLANK.,The ball is on the table. Ali tilts the table. The ball rolls.,21,0
The ball is on top of the box. Ali pushes the box. The ball BLANK.,action_follows,target,action_follows_target,moves,doesn't move,ee3e44a4-a0b7-468c-a6ce-c8ca7a374d2a,b88ea06d-6d41-45ef-b985-38c3fe3b56ce,The ball is on top of the box. Ali pushes the box. The ball moves.,1.0,3956.92307683768,1445.15454546684,,,,1,1,1,1,10.4375,0.0,0.134615384615385,4.75625,66,0.69921875,0.0257568359375,-2.75,-0.01348876953125,-0.80078125,0.32421875,-0.56640625,-0.271484375,-0.71875,0.357421875,-0.3046875,-0.1484375,-0.44140625,1.125,-1.1015625,-0.60546875,-0.44140625,0.056640625,0.11767578125,0.283203125,-0.224609375,0.44140625,-0.466796875,-0.09326171875,-0.07080078125,-0.0341796875,-0.15234375,0.2333984375,0.09423828125,-0.37109375,-0.059814453125,0.314453125,-0.69921875,-0.07080078125,-0.0439453125,0.05615234375,0.10693359375,-0.51171875,-0.3359375,0.1240234375,0.1875,-0.2177734375,-0.251953125,0.439453125,-0.44140625,0.0419921875,0.69140625,-0.55078125,0.296875,0.15625,-0.00811767578125,0.474609375,0.08935546875,-0.396484375,-0.26953125,-0.2255859375,-0.4921875,0.423828125,-0.89453125,-0.072265625,-1.7109375,-0.1904296875,0.6875,0.5703125,0.52734375,0.63671875,0.0380859375,0.2314453125,-0.39453125,0.275390625,0.87890625,0.34375,0.11083984375,-0.484375,0.1162109375,0.2890625,-0.5703125,0.8203125,0.291015625,0.1650390625,-0.1708984375,0.02880859375,0.08935546875,-0.234375,0.2431640625,-0.33203125,-0.76953125,0.73828125,-0.349609375,-0.1630859375,-0.703125,-0.1357421875,0.251953125,-0.70703125,0.232421875,-0.47265625,The ball is on top of the box. Ali pushes the box. The ball BLANK.,The ball is on top of the box. Ali pushes the box. The ball moves.,21,0
The ball is resting on top of the box. Ali pushes the box forward. The ball is BLANK the box.,action_nonfollows,target,action_nonfollows_target,on top of,below,,ceb88882-eb68-49e1-9b86-416b6f09e1a3,The ball is resting on top of the box. Ali pushes the box forward. The ball is on top of the box.,0.65,5447.07142856371,6516.69999999606,1.0,1.0,1.0,0,1,1,1,-5.0625,,,4.7660869565217405,97,0.6484375,0.041015625,-2.84375,-0.028076171875,-0.80859375,0.29296875,-0.67578125,-0.2578125,-0.6796875,0.31640625,-0.275390625,-0.263671875,-0.419921875,1.0625,-1.1953125,-0.5625,-0.416015625,0.0400390625,0.18359375,0.22265625,-0.1953125,0.48828125,-0.56640625,-0.1669921875,-0.0869140625,0.052734375,-0.076171875,0.4453125,0.0986328125,-0.3359375,-0.048095703125,0.275390625,-0.765625,-0.177734375,-0.119140625,0.053466796875,0.09130859375,-0.58984375,-0.330078125,0.11279296875,0.1728515625,-0.251953125,-0.291015625,0.375,-0.515625,0.0157470703125,0.74609375,-0.59375,0.265625,0.076171875,-0.00051116943359375,0.375,0.041748046875,-0.33203125,-0.30859375,-0.177734375,-0.51953125,0.357421875,-0.6640625,-0.07666015625,-1.671875,-0.16015625,0.76953125,0.61328125,0.59375,0.71875,0.125,0.25390625,-0.27734375,0.248046875,0.984375,0.318359375,0.125,-0.494140625,0.2333984375,0.34765625,-0.5625,0.734375,0.193359375,0.1083984375,-0.1328125,0.0556640625,0.07470703125,-0.23828125,0.296875,-0.2578125,-0.734375,0.67578125,-0.37890625,-0.1103515625,-0.7421875,-0.171875,0.28125,-0.80859375,0.1669921875,-0.447265625,The ball is resting on top of the box. Ali pushes the box forward. The ball is BLANK the box.,The ball is resting on top of the box. Ali pushes the box forward. The ball is on top of the box.,20,11
The ball is touching the box. Ali pushes the box. The ball BLANK.,action_follows,target,action_follows_target,moves,doesn't move,3d597554-e1ad-414f-b16e-7de8fe40b20a,e4e3741e-b64f-4ed5-b39a-006d92ef2e61,The ball is touching the box. Ali pushes the box. The ball moves.,0.9375,3980.56363638033,2072.9090909267,,,,1,1,1,1,9.0625,0.0,0.0721153846153846,4.423571428571429,65,0.69140625,0.0167236328125,-2.765625,-0.020263671875,-0.7890625,0.35546875,-0.484375,-0.302734375,-0.74609375,0.392578125,-0.314453125,-0.1513671875,-0.419921875,1.1484375,-1.09375,-0.6171875,-0.44921875,0.034912109375,0.1328125,0.28125,-0.20703125,0.392578125,-0.412109375,-0.09912109375,-0.059326171875,-0.08740234375,-0.236328125,0.177734375,0.1279296875,-0.380859375,-0.07275390625,0.310546875,-0.66796875,-0.0264892578125,-0.022705078125,0.0283203125,0.1142578125,-0.55859375,-0.357421875,0.09423828125,0.1962890625,-0.193359375,-0.3046875,0.462890625,-0.427734375,0.02783203125,0.69140625,-0.55859375,0.333984375,0.1640625,0.03662109375,0.52734375,0.11376953125,-0.34765625,-0.263671875,-0.2041015625,-0.482421875,0.380859375,-0.9375,-0.10546875,-1.65625,-0.203125,0.67578125,0.55859375,0.55859375,0.58203125,0.00714111328125,0.1591796875,-0.376953125,0.3203125,0.88671875,0.333984375,0.11962890625,-0.478515625,0.021484375,0.2177734375,-0.51953125,0.86328125,0.359375,0.1806640625,-0.1748046875,0.024169921875,0.1044921875,-0.2119140625,0.251953125,-0.291015625,-0.7734375,0.7421875,-0.318359375,-0.1982421875,-0.65234375,-0.1552734375,0.25,-0.7265625,0.2080078125,-0.478515625,The ball is touching the box. Ali pushes the box. The ball BLANK.,The ball is touching the box. Ali pushes the box. The ball moves.,16,0
The ball is under the box. Ali pushes the ball forward. The ball is BLANK the box.,action_nonfollows,target,action_nonfollows_target,under,above,53bc13ab-e94e-4660-b7b2-50779ad75b40,d569b0b1-d257-4ec0-b93a-3c6228be2cf8,The ball is under the box. Ali pushes the ball forward. The ball is under the box.,0.85,5542.21666666555,4142.07500000469,,,,0,0,1,1,-7.8125,0.0,0.225,4.799999999999999,82,0.6171875,0.0274658203125,-2.875,-0.041259765625,-0.78125,0.416015625,-0.53515625,-0.28125,-0.71875,0.314453125,-0.259765625,-0.21484375,-0.40625,1.09375,-1.140625,-0.62109375,-0.412109375,0.1357421875,0.1435546875,0.2451171875,-0.181640625,0.412109375,-0.484375,-0.1298828125,-0.0673828125,-0.0091552734375,-0.126953125,0.337890625,0.1328125,-0.3359375,-0.052978515625,0.28125,-0.72265625,-0.169921875,-0.06982421875,0.0341796875,0.08154296875,-0.5859375,-0.337890625,0.095703125,0.201171875,-0.23828125,-0.3203125,0.39453125,-0.46875,-0.0888671875,0.68359375,-0.640625,0.33203125,0.0380859375,0.0230712890625,0.41796875,0.1064453125,-0.337890625,-0.265625,-0.150390625,-0.470703125,0.328125,-0.8359375,-0.056396484375,-1.6875,-0.1259765625,0.7265625,0.62890625,0.578125,0.6328125,0.09228515625,0.25390625,-0.287109375,0.25390625,1.0078125,0.41015625,0.13671875,-0.546875,0.125,0.333984375,-0.51953125,0.84765625,0.314453125,0.154296875,-0.162109375,0.04248046875,0.08203125,-0.2333984375,0.2392578125,-0.251953125,-0.7109375,0.72265625,-0.33203125,-0.1298828125,-0.7421875,-0.220703125,0.26953125,-0.8203125,0.1572265625,-0.41796875,The ball is under the box. Ali pushes the ball forward. The ball is BLANK the box.,The ball is under the box. Ali pushes the ball forward. The ball is under the box.,20,0
The ball is under the box. The ball moves right. The ball is BLANK the box.,action_nonfollows,target,action_nonfollows_target,lower than,higher than,fe978efb-c589-4bfc-bfa2-81101330272f,cf5f7e5c-3fcc-4a39-b709-20624aeacbd5,The ball is under the box. The ball moves right. The ball is lower than the box.,0.9375,5690.54166667614,8267.53999999873,,,,0,0,1,1,-0.5625,0.0,0.25,5.011666666666667,80,0.671875,-0.0294189453125,-2.84375,-0.03173828125,-0.8046875,0.439453125,-0.53515625,-0.291015625,-0.71875,0.359375,-0.28515625,-0.375,-0.41796875,1.1484375,-1.0859375,-0.6875,-0.365234375,0.0849609375,0.146484375,0.1640625,-0.1474609375,0.48828125,-0.50390625,-0.146484375,-0.03466796875,-0.068359375,-0.1171875,0.380859375,0.1494140625,-0.3359375,-0.06884765625,0.2314453125,-0.765625,-0.16015625,-0.0673828125,-0.045654296875,0.06591796875,-0.62890625,-0.361328125,0.07470703125,0.208984375,-0.275390625,-0.3046875,0.31640625,-0.439453125,-0.0166015625,0.625,-0.498046875,0.37890625,0.01153564453125,0.07958984375,0.291015625,0.09765625,-0.265625,-0.2890625,-0.1845703125,-0.478515625,0.31640625,-0.85546875,-0.11669921875,-1.734375,-0.11474609375,0.6875,0.58203125,0.52734375,0.6171875,0.043701171875,0.2373046875,-0.3046875,0.203125,0.9765625,0.42578125,0.12060546875,-0.515625,0.126953125,0.279296875,-0.5546875,0.8671875,0.28125,0.212890625,-0.1611328125,0.004058837890625,0.130859375,-0.24609375,0.177734375,-0.298828125,-0.734375,0.76171875,-0.322265625,-0.171875,-0.73046875,-0.1962890625,0.251953125,-0.859375,0.2041015625,-0.412109375,The ball is under the box. The ball moves right. The ball is BLANK the box.,The ball is under the box. The ball moves right. The ball is lower than the box.,16,0
The baseball is close to Ali. Ali throws the baseball. The baseball is BLANK Ali.,action_follows,target,action_follows_target,far from,close to,,c7e13c41-dd1f-4bd0-8e6b-903801880815,The baseball is close to Ali. Ali throws the baseball. The baseball is far from Ali.,0.75,4270.16000001133,2872.89999999478,1.0,1.0,1.0,0,1,1,1,2.375,,,4.433529411764706,84,0.5859375,0.09423828125,-2.84375,-0.12060546875,-0.75,0.53515625,-0.58984375,-0.458984375,-0.765625,0.34375,-0.298828125,-0.259765625,-0.357421875,1.09375,-1.0703125,-0.4375,-0.314453125,0.1396484375,0.21875,0.296875,-0.138671875,0.45703125,-0.3984375,-0.0703125,-0.05126953125,-0.0189208984375,-0.26171875,0.29296875,0.1259765625,-0.353515625,-0.006103515625,0.32421875,-0.76171875,-0.2236328125,-0.056396484375,-0.0032501220703125,0.138671875,-0.5546875,-0.408203125,0.08642578125,0.216796875,-0.234375,-0.294921875,0.337890625,-0.43359375,0.000667572021484375,0.65234375,-0.5234375,0.353515625,0.099609375,0.044189453125,0.482421875,0.0986328125,-0.357421875,-0.2578125,-0.2275390625,-0.458984375,0.259765625,-0.80078125,-0.049560546875,-1.671875,-0.1513671875,0.7109375,0.52734375,0.59765625,0.63671875,0.032470703125,0.13671875,-0.306640625,0.310546875,1.03125,0.3515625,0.11474609375,-0.5234375,-0.00101470947265625,0.26171875,-0.59375,0.78515625,0.275390625,0.1787109375,-0.1494140625,-0.08544921875,0.0322265625,-0.220703125,0.228515625,-0.10498046875,-0.75390625,0.75390625,-0.318359375,-0.1923828125,-0.61328125,-0.1064453125,0.25390625,-0.78125,0.1220703125,-0.333984375,The baseball is close to Ali. Ali throws the baseball. The baseball is BLANK Ali.,The baseball is close to Ali. Ali throws the baseball. The baseball is far from Ali.,16,11
The book is on the shelf. Ali bumps the shelf. The book BLANK the shelf.,action_follows,target,action_follows_target,falls off,stays on,f19c38d7-7502-4197-8d65-2e3930a4a575,c430cf43-4577-4ab1-ad0c-28ae9d44abb7,The book is on the shelf. Ali bumps the shelf. The book falls off the shelf.,0.857142857142857,4328.25454540839,1502.1999999366,,,,0,1,1,1,16.5,-1.0,-0.142857142857143,4.416470588235294,76,0.65625,0.055419921875,-2.921875,-0.0849609375,-0.8046875,0.396484375,-0.58984375,-0.2314453125,-0.7421875,0.2890625,-0.26953125,-0.2578125,-0.369140625,1.1015625,-1.1484375,-0.39453125,-0.357421875,0.07958984375,0.216796875,0.310546875,-0.1572265625,0.404296875,-0.59375,-0.0087890625,-0.034912109375,-0.0849609375,-0.16796875,0.19921875,0.1328125,-0.40625,-0.00194549560546875,0.3203125,-0.6484375,-0.1494140625,-0.1220703125,-0.00250244140625,0.1552734375,-0.56640625,-0.220703125,0.1728515625,0.2216796875,-0.32421875,-0.255859375,0.4140625,-0.4453125,0.06884765625,0.71875,-0.45703125,0.28125,0.162109375,0.01251220703125,0.44140625,0.115234375,-0.359375,-0.1904296875,-0.1806640625,-0.474609375,0.32421875,-0.7421875,-0.035400390625,-1.6640625,-0.1611328125,0.7578125,0.58984375,0.58984375,0.59765625,0.0245361328125,0.2021484375,-0.33984375,0.279296875,0.8125,0.419921875,0.1650390625,-0.546875,0.1865234375,0.224609375,-0.482421875,0.80078125,0.302734375,0.181640625,-0.1435546875,0.11474609375,0.15234375,-0.19140625,0.2421875,-0.26171875,-0.78125,0.62890625,-0.416015625,-0.162109375,-0.640625,-0.158203125,0.2353515625,-0.72265625,0.2080078125,-0.439453125,The book is on the shelf. Ali bumps the shelf. The book BLANK the shelf.,The book is on the shelf. Ali bumps the shelf. The book falls off the shelf.,21,0
The book is on the table. Ali moves the book. The table BLANK.,action_follows,target,action_follows_target,doesn't move,moves,9790b291-36f6-41f5-ae7f-930eaf6351a3,c2118ea9-b7f0-4ebc-bee7-acd23ec9a650,The book is on the table. Ali moves the book. The table doesn't move.,0.8,2726.70000000997,3242.01111111769,,,,0,1,1,1,9.6875,-1.0,-0.1375,4.760624999999999,69,0.6796875,0.02294921875,-2.75,-0.038818359375,-0.7734375,0.400390625,-0.53125,-0.27734375,-0.71875,0.41015625,-0.248046875,-0.138671875,-0.40234375,1.0859375,-1.1328125,-0.5625,-0.4140625,0.0908203125,0.1357421875,0.310546875,-0.212890625,0.41796875,-0.55078125,0.015380859375,-0.0157470703125,-0.10986328125,-0.283203125,0.185546875,0.123046875,-0.392578125,0.0303955078125,0.318359375,-0.60546875,-0.1201171875,0.004730224609375,0.0269775390625,0.166015625,-0.55078125,-0.302734375,0.16015625,0.232421875,-0.25,-0.265625,0.43359375,-0.42578125,0.040771484375,0.671875,-0.62890625,0.34765625,0.1689453125,-0.04541015625,0.50390625,0.1005859375,-0.416015625,-0.2255859375,-0.1171875,-0.451171875,0.38671875,-0.859375,-0.0162353515625,-1.6328125,-0.166015625,0.79296875,0.59375,0.50390625,0.625,-0.08349609375,0.2099609375,-0.41796875,0.298828125,0.85546875,0.33984375,0.1474609375,-0.5625,0.1435546875,0.265625,-0.427734375,0.8671875,0.375,0.1728515625,-0.150390625,0.0269775390625,0.162109375,-0.1796875,0.22265625,-0.359375,-0.71484375,0.76953125,-0.33203125,-0.1728515625,-0.5859375,-0.158203125,0.2451171875,-0.6640625,0.1787109375,-0.388671875,The book is on the table. Ali moves the book. The table BLANK.,The book is on the table. Ali moves the book. The table doesn't move.,20,0
The book is on the table. Ali moves the table. The book BLANK.,action_follows,target,action_follows_target,moves,doesn't move,c5b94efb-8f3e-44d0-9348-6c1f54a86e01,0c7ff743-0286-4cb6-9639-4edb16b4b26d,The book is on the table. Ali moves the table. The book moves.,0.727272727272727,3911.1374999471,2142.05714283671,1.0,1.0,1.0,1,1,1,1,8.6875,0.0,-0.206060606060606,4.936428571428571,62,0.69921875,0.023681640625,-2.734375,-0.037353515625,-0.7734375,0.384765625,-0.5234375,-0.27734375,-0.71875,0.41796875,-0.25390625,-0.134765625,-0.412109375,1.0859375,-1.1171875,-0.5625,-0.4375,0.0888671875,0.1572265625,0.296875,-0.201171875,0.447265625,-0.546875,0.0177001953125,-0.027099609375,-0.09765625,-0.263671875,0.2001953125,0.1318359375,-0.412109375,0.016845703125,0.310546875,-0.60546875,-0.12109375,-0.0177001953125,0.00909423828125,0.1630859375,-0.546875,-0.3046875,0.1357421875,0.2294921875,-0.2265625,-0.2890625,0.48828125,-0.42578125,-0.0184326171875,0.69921875,-0.6640625,0.369140625,0.203125,0.005096435546875,0.6015625,0.09521484375,-0.4296875,-0.2138671875,-0.1865234375,-0.45703125,0.380859375,-0.953125,-0.00787353515625,-1.65625,-0.21875,0.7265625,0.5703125,0.51171875,0.58984375,-0.00921630859375,0.1728515625,-0.37890625,0.265625,0.84375,0.40234375,0.11865234375,-0.53515625,0.08935546875,0.294921875,-0.419921875,0.81640625,0.376953125,0.1796875,-0.169921875,0.020263671875,0.1767578125,-0.12158203125,0.21875,-0.349609375,-0.75390625,0.73828125,-0.322265625,-0.1826171875,-0.58984375,-0.1484375,0.2236328125,-0.65234375,0.17578125,-0.4140625,The book is on the table. Ali moves the table. The book BLANK.,The book is on the table. Ali moves the table. The book moves.,11,16
The book is under the table. Ali moves the book. The table BLANK.,action_nonfollows,target,action_nonfollows_target,doesn't move,moves,,f5e611bf-a370-4ff7-91e4-b512b870c4b9,The book is under the table. Ali moves the book. The table doesn't move.,0.625,6137.83333333789,3203.01250002161,0.833333333333333,1.0,0.875,0,1,1,1,8.4375,,,4.688124999999999,72,0.67578125,0.01043701171875,-2.734375,-0.031982421875,-0.765625,0.42578125,-0.53125,-0.298828125,-0.7265625,0.431640625,-0.26953125,-0.125,-0.400390625,1.0703125,-1.1171875,-0.60546875,-0.396484375,0.10205078125,0.1279296875,0.296875,-0.2119140625,0.427734375,-0.56640625,0.01312255859375,-0.02197265625,-0.091796875,-0.291015625,0.2197265625,0.14453125,-0.3984375,-3.8623809814453125e-05,0.259765625,-0.6015625,-0.138671875,-0.00113677978515625,0.01275634765625,0.162109375,-0.57421875,-0.298828125,0.1474609375,0.232421875,-0.251953125,-0.2421875,0.380859375,-0.423828125,0.06787109375,0.66015625,-0.58984375,0.365234375,0.06005859375,-0.053955078125,0.47265625,0.10546875,-0.431640625,-0.2333984375,-0.11083984375,-0.435546875,0.435546875,-0.9140625,-0.01019287109375,-1.6484375,-0.16796875,0.79296875,0.60546875,0.53125,0.5859375,-0.09375,0.2080078125,-0.412109375,0.30859375,0.85546875,0.34765625,0.150390625,-0.5390625,0.1435546875,0.283203125,-0.41796875,0.8984375,0.41796875,0.1591796875,-0.154296875,0.037353515625,0.1376953125,-0.212890625,0.2373046875,-0.322265625,-0.66796875,0.7890625,-0.310546875,-0.150390625,-0.6171875,-0.1767578125,0.251953125,-0.671875,0.173828125,-0.400390625,The book is under the table. Ali moves the book. The table BLANK.,The book is under the table. Ali moves the book. The table doesn't move.,16,13
The book is under the table. Ali moves the table. The book BLANK.,action_nonfollows,target,action_nonfollows_target,doesn't move,moves,f4174164-f5bf-4d47-a7d9-6a27ab8f1b60,9f6321ad-9c8a-483d-b2df-d6faa3403521,The book is under the table. Ali moves the table. The book doesn't move.,0.714285714285714,4152.7299999781,2165.19000001661,0.6,1.0,0.714285714285714,0,0,1,1,-5.5,0.0,0.0476190476190477,4.678749999999999,72,0.67578125,0.0108642578125,-2.734375,-0.03173828125,-0.765625,0.416015625,-0.53125,-0.302734375,-0.73046875,0.435546875,-0.267578125,-0.1279296875,-0.3984375,1.0625,-1.109375,-0.609375,-0.3984375,0.09716796875,0.1357421875,0.302734375,-0.2060546875,0.443359375,-0.5703125,0.0225830078125,-0.0181884765625,-0.087890625,-0.29296875,0.21875,0.158203125,-0.40234375,-0.0019378662109375,0.2412109375,-0.57421875,-0.1650390625,0.00225830078125,0.00531005859375,0.16015625,-0.56640625,-0.30078125,0.1484375,0.234375,-0.25390625,-0.2490234375,0.404296875,-0.412109375,0.050537109375,0.671875,-0.609375,0.357421875,0.07958984375,0.01544189453125,0.5546875,0.10302734375,-0.421875,-0.224609375,-0.1552734375,-0.427734375,0.453125,-0.8671875,-0.044921875,-1.640625,-0.1572265625,0.7578125,0.57421875,0.546875,0.55859375,-0.06591796875,0.15625,-0.4296875,0.330078125,0.84765625,0.4296875,0.1279296875,-0.53515625,0.1240234375,0.306640625,-0.416015625,0.86328125,0.4609375,0.1181640625,-0.16796875,0.046630859375,0.13671875,-0.1201171875,0.236328125,-0.3359375,-0.68359375,0.76953125,-0.310546875,-0.1650390625,-0.65625,-0.185546875,0.2431640625,-0.65625,0.150390625,-0.427734375,The book is under the table. Ali moves the table. The book BLANK.,The book is under the table. Ali moves the table. The book doesn't move.,21,10
The bowling ball is close to Ali. Ali throws the bowling ball. The bowling ball is BLANK Ali.,action_nonfollows,target,action_nonfollows_target,close to,far from,,af4eb18f-79bd-44aa-8a21-3919f5448071,The bowling ball is close to Ali. Ali throws the bowling ball. The bowling ball is close to Ali.,0.0952380952380952,6984.54999998212,2542.99999994785,0.6,0.0,0.428571428571429,0,0,0,0,-6.4375,,,4.313999999999999,96,0.58203125,0.08935546875,-2.875,-0.0732421875,-0.75,0.470703125,-0.53515625,-0.47265625,-0.81640625,0.28515625,-0.2333984375,-0.33203125,-0.359375,1.15625,-1.09375,-0.41015625,-0.291015625,0.126953125,0.208984375,0.2275390625,-0.14453125,0.43359375,-0.32421875,-0.10498046875,-0.1064453125,0.04296875,-0.203125,0.296875,0.07861328125,-0.318359375,0.0111083984375,0.255859375,-0.76171875,-0.220703125,-0.0849609375,0.03759765625,0.12890625,-0.54296875,-0.384765625,0.1015625,0.2138671875,-0.2431640625,-0.349609375,0.40234375,-0.47265625,0.05517578125,0.71875,-0.55859375,0.345703125,0.06640625,0.020751953125,0.455078125,0.0927734375,-0.408203125,-0.306640625,-0.23828125,-0.515625,0.279296875,-0.828125,-0.0869140625,-1.6953125,-0.1708984375,0.6953125,0.56640625,0.54296875,0.671875,0.040283203125,0.14453125,-0.326171875,0.396484375,1.0546875,0.38671875,0.09423828125,-0.53125,-0.00347900390625,0.30078125,-0.625,0.75390625,0.28125,0.1630859375,-0.15625,-0.042236328125,0.0245361328125,-0.255859375,0.212890625,-0.130859375,-0.7734375,0.71875,-0.361328125,-0.21875,-0.6796875,-0.166015625,0.2314453125,-0.765625,0.1494140625,-0.361328125,The bowling ball is close to Ali. Ali throws the bowling ball. The bowling ball is BLANK Ali.,The bowling ball is close to Ali. Ali throws the bowling ball. The bowling ball is close to Ali.,21,12
The bowling ball is on the floor. Ali rolls a tennis ball into the bowling ball. The bowling ball BLANK.,action_nonfollows,target,action_nonfollows_target,doesn't move,moves,,ec8b69d6-7a85-422e-9f83-028eb8eb4750,The bowling ball is on the floor. Ali rolls a tennis ball into the bowling ball. The bowling ball doesn't move.,0.818181818181818,5317.26666667395,2633.34444443716,,,,0,0,1,1,-8.0,,,4.308695652173912,111,0.6953125,0.0162353515625,-2.90625,-0.0712890625,-0.80078125,0.359375,-0.470703125,-0.41796875,-0.8046875,0.287109375,-0.205078125,-0.2255859375,-0.408203125,1.234375,-1.078125,-0.462890625,-0.376953125,0.10498046875,0.10498046875,0.2578125,-0.1845703125,0.3359375,-0.345703125,-0.1416015625,-0.12451171875,-0.064453125,-0.13671875,0.25,-0.01239013671875,-0.302734375,0.03662109375,0.25390625,-0.70703125,-0.04931640625,-0.10546875,0.10400390625,0.1015625,-0.462890625,-0.361328125,0.1298828125,0.19140625,-0.23828125,-0.25390625,0.439453125,-0.423828125,0.064453125,0.6953125,-0.53125,0.33203125,0.10546875,-0.0019683837890625,0.486328125,0.08642578125,-0.50390625,-0.345703125,-0.2099609375,-0.55859375,0.4140625,-0.6796875,-0.0869140625,-1.8125,-0.08935546875,0.78125,0.54296875,0.5234375,0.6875,0.03466796875,0.162109375,-0.458984375,0.40234375,1.0078125,0.3828125,0.09326171875,-0.50390625,0.1611328125,0.26953125,-0.66796875,0.82421875,0.2392578125,0.1240234375,-0.14453125,0.03466796875,0.023193359375,-0.294921875,0.2119140625,-0.1865234375,-0.8203125,0.78125,-0.3984375,-0.314453125,-0.67578125,-0.2138671875,0.203125,-0.73828125,0.2734375,-0.42578125,The bowling ball is on the floor. Ali rolls a tennis ball into the bowling ball. The bowling ball BLANK.,The bowling ball is on the floor. Ali rolls a tennis ball into the bowling ball. The bowling ball doesn't move.,11,0
The box is East of Ali. Ali turns around. The box is BLANK Ali.,geocentric_near,target,geocentric_near_target,East of,West of,b0e64cb1-3310-46ca-8b33-382c3f58ca71,1db16913-f23f-4f1e-92ed-27302deba9fc,The box is East of Ali. Ali turns around. The box is East of Ali.,0.363636363636364,13070.6749999858,1982.22857139366,0.25,0.333333333333333,0.285714285714286,0,0,1,1,-10.0,0.0,0.181818181818182,4.68375,65,0.58203125,0.025390625,-2.734375,-0.00131988525390625,-0.70703125,0.390625,-0.6171875,-0.2890625,-0.7890625,0.431640625,-0.267578125,-0.330078125,-0.41796875,1.046875,-1.2109375,-0.48046875,-0.33203125,0.07275390625,0.2353515625,0.2490234375,-0.1767578125,0.5703125,-0.609375,-0.041748046875,-0.08349609375,-0.0634765625,-0.1640625,-0.099609375,0.2578125,-0.408203125,-0.0625,0.376953125,-0.6015625,-0.1748046875,0.0059814453125,-0.022705078125,0.1748046875,-0.703125,-0.328125,0.1171875,0.2451171875,-0.205078125,-0.30859375,0.3125,-0.412109375,0.044921875,0.66015625,-0.6015625,0.427734375,-0.115234375,0.12060546875,0.435546875,0.1259765625,-0.3359375,-0.255859375,-0.201171875,-0.41015625,0.2734375,-0.953125,-0.031494140625,-1.578125,-0.1396484375,0.734375,0.64453125,0.68359375,0.65625,-0.0419921875,0.203125,-0.236328125,0.212890625,0.97265625,0.369140625,0.1923828125,-0.66015625,0.0830078125,0.1806640625,-0.5234375,0.62890625,0.318359375,0.2099609375,-0.1669921875,-0.09716796875,0.193359375,-0.0732421875,0.1728515625,-0.25,-0.65625,0.83203125,-0.216796875,-0.1962890625,-0.5625,-0.1328125,0.275390625,-0.83203125,0.1064453125,-0.447265625,The box is East of Ali. Ali turns around. The box is BLANK Ali.,The box is East of Ali. Ali turns around. The box is East of Ali.,11,13
The box is North of Ali. Ali turns around. The box is BLANK Ali.,geocentric_near,target,geocentric_near_target,North of,South of,1bf71258-989a-4397-a794-adeaad151155,817b1f6d-ff16-476d-8da8-4a5a189ff6fc,The box is North of Ali. Ali turns around. The box is North of Ali.,0.65,6636.3374999885,1548.70000000218,0.8,1.0,0.857142857142857,0,0,1,1,-10.75,0.0,0.221428571428571,4.7175,67,0.58203125,0.062255859375,-2.75,-0.00531005859375,-0.71484375,0.423828125,-0.64453125,-0.283203125,-0.78515625,0.419921875,-0.3046875,-0.291015625,-0.404296875,1.078125,-1.2578125,-0.478515625,-0.353515625,0.037841796875,0.23828125,0.22265625,-0.1767578125,0.6015625,-0.65234375,-0.0274658203125,-0.059814453125,-0.0074462890625,-0.212890625,-0.02734375,0.255859375,-0.408203125,-0.07666015625,0.302734375,-0.59375,-0.2353515625,0.031494140625,-0.0306396484375,0.1591796875,-0.70703125,-0.359375,0.12158203125,0.2392578125,-0.2158203125,-0.31640625,0.333984375,-0.42578125,0.01361083984375,0.65625,-0.62109375,0.41796875,-0.115234375,0.12890625,0.408203125,0.1201171875,-0.34375,-0.263671875,-0.2099609375,-0.41796875,0.26171875,-0.9453125,-0.028564453125,-1.546875,-0.1533203125,0.734375,0.66015625,0.6796875,0.6328125,-0.04345703125,0.2041015625,-0.26953125,0.2216796875,0.9609375,0.345703125,0.1884765625,-0.66796875,0.0703125,0.193359375,-0.51953125,0.62890625,0.291015625,0.2275390625,-0.158203125,-0.09765625,0.1884765625,-0.08935546875,0.18359375,-0.296875,-0.6484375,0.83984375,-0.232421875,-0.19921875,-0.5625,-0.138671875,0.2890625,-0.796875,0.15625,-0.435546875,The box is North of Ali. Ali turns around. The box is BLANK Ali.,The box is North of Ali. Ali turns around. The box is North of Ali.,20,13
The box is South of Ali. Ali turns around. The box is BLANK Ali.,geocentric_near,target,geocentric_near_target,South of,North of,52b3e8dc-593f-4bc6-b2c0-c29a89b829d2,53d5158f-a2f6-4185-8c98-08da3e6ec92c,The box is South of Ali. Ali turns around. The box is South of Ali.,0.375,3533.02499998268,5070.54000000246,0.5,0.666666666666667,0.571428571428571,0,0,1,1,-10.25,0.0,0.0625,4.72875,67,0.578125,0.061279296875,-2.734375,-0.0076904296875,-0.70703125,0.423828125,-0.625,-0.275390625,-0.796875,0.419921875,-0.291015625,-0.302734375,-0.404296875,1.0859375,-1.234375,-0.48828125,-0.35546875,0.04736328125,0.2392578125,0.220703125,-0.1806640625,0.609375,-0.6640625,-0.0205078125,-0.07275390625,-0.000354766845703125,-0.208984375,-0.0341796875,0.255859375,-0.41796875,-0.0615234375,0.283203125,-0.59375,-0.2333984375,0.0260009765625,-0.033447265625,0.158203125,-0.71875,-0.345703125,0.11669921875,0.2373046875,-0.208984375,-0.326171875,0.318359375,-0.423828125,0.028564453125,0.65625,-0.6171875,0.421875,-0.138671875,0.1298828125,0.42578125,0.11767578125,-0.361328125,-0.267578125,-0.1943359375,-0.412109375,0.2490234375,-0.9765625,-0.0155029296875,-1.5546875,-0.1328125,0.734375,0.66015625,0.68359375,0.63671875,-0.031982421875,0.19921875,-0.28125,0.2275390625,0.953125,0.353515625,0.1875,-0.66015625,0.060302734375,0.18359375,-0.50390625,0.62109375,0.306640625,0.2060546875,-0.16015625,-0.10595703125,0.193359375,-0.107421875,0.1904296875,-0.287109375,-0.6640625,0.8203125,-0.22265625,-0.205078125,-0.5234375,-0.1376953125,0.26953125,-0.80859375,0.146484375,-0.44140625,The box is South of Ali. Ali turns around. The box is BLANK Ali.,The box is South of Ali. Ali turns around. The box is South of Ali.,16,16
The box is West of Ali. Ali turns around. The box is BLANK Ali.,geocentric_near,target,geocentric_near_target,West of,East of,d2c5e67f-f1b9-4e10-829e-c096ca6fa206,4707b854-94c1-4bdf-bbbe-523dcbcffb17,The box is West of Ali. Ali turns around. The box is West of Ali.,0.476190476190476,5667.1999999702,1869.77500000317,0.5,1.0,0.666666666666667,0,0,1,1,-10.875,0.0,0.142857142857143,4.70875,65,0.578125,0.0169677734375,-2.734375,0.00494384765625,-0.71484375,0.390625,-0.6171875,-0.294921875,-0.79296875,0.41015625,-0.271484375,-0.3203125,-0.412109375,1.046875,-1.1875,-0.50390625,-0.34765625,0.059814453125,0.23046875,0.251953125,-0.173828125,0.5625,-0.62890625,-0.05810546875,-0.0546875,-0.046875,-0.1484375,-0.1357421875,0.255859375,-0.43359375,-0.07177734375,0.396484375,-0.60546875,-0.1845703125,0.03125,-0.0498046875,0.162109375,-0.70703125,-0.333984375,0.12109375,0.23828125,-0.2001953125,-0.32421875,0.302734375,-0.416015625,0.03515625,0.6484375,-0.61328125,0.44140625,-0.130859375,0.12890625,0.439453125,0.1259765625,-0.333984375,-0.25390625,-0.189453125,-0.390625,0.255859375,-0.96875,-0.0252685546875,-1.5703125,-0.138671875,0.73828125,0.6640625,0.6796875,0.66015625,-0.0269775390625,0.20703125,-0.248046875,0.21875,0.98828125,0.341796875,0.1845703125,-0.6640625,0.05322265625,0.20703125,-0.515625,0.6484375,0.32421875,0.203125,-0.1611328125,-0.0751953125,0.197265625,-0.095703125,0.1796875,-0.259765625,-0.6484375,0.81640625,-0.212890625,-0.1796875,-0.5625,-0.126953125,0.279296875,-0.8359375,0.1513671875,-0.455078125,The box is West of Ali. Ali turns around. The box is BLANK Ali.,The box is West of Ali. Ali turns around. The box is West of Ali.,21,14
The box is above the tunnel. Ali goes under the tunnel. The box is BLANK the tunnel.,action_nonfollows,target,action_nonfollows_target,above,below,7de0da1d-ba3a-47fe-9a82-2f00e28f2ef0,0c18858d-3f0d-4da5-871c-d4275beef0fe,The box is above the tunnel. Ali goes under the tunnel. The box is above the tunnel.,0.85,8710.22222221995,1384.12222222673,,,,1,1,1,1,8.5625,1.0,-0.0875,4.570555555555555,84,0.640625,0.006927490234375,-2.84375,-0.0556640625,-0.78125,0.4140625,-0.5546875,-0.259765625,-0.66015625,0.361328125,-0.33984375,-0.169921875,-0.421875,1.0703125,-1.1796875,-0.6328125,-0.3828125,0.02099609375,0.2451171875,0.2431640625,-0.197265625,0.60546875,-0.60546875,-0.006744384765625,-0.037109375,-0.034912109375,-0.1640625,0.37890625,0.1767578125,-0.37109375,-0.11962890625,0.328125,-0.66796875,-0.19921875,-0.1337890625,-0.0162353515625,0.1611328125,-0.65625,-0.357421875,0.14453125,0.208984375,-0.265625,-0.23046875,0.3359375,-0.439453125,-0.042236328125,0.71484375,-0.59765625,0.337890625,-0.0849609375,0.03466796875,0.40234375,0.12060546875,-0.30859375,-0.259765625,-0.171875,-0.462890625,0.322265625,-0.82421875,-0.043212890625,-1.703125,-0.11572265625,0.8203125,0.6796875,0.61328125,0.66015625,0.08251953125,0.2451171875,-0.26171875,0.1953125,0.99609375,0.326171875,0.1455078125,-0.58203125,0.1572265625,0.330078125,-0.486328125,0.79296875,0.349609375,0.1826171875,-0.1572265625,-0.0067138671875,0.1337890625,-0.10546875,0.2138671875,-0.3046875,-0.6953125,0.73828125,-0.306640625,-0.1298828125,-0.578125,-0.138671875,0.26953125,-0.8828125,0.1865234375,-0.427734375,The box is above the tunnel. Ali goes under the tunnel. The box is BLANK the tunnel.,The box is above the tunnel. Ali goes under the tunnel. The box is above the tunnel.,20,0
The box is below the bridge. Ali goes over the bridge. The box is BLANK the bridge.,action_nonfollows,target,action_nonfollows_target,below,above,4cd5469b-d318-4ba2-8372-dc157d645b52,cd71f888-ee1d-4eea-8fb0-7eccd557ee0c,The box is below the bridge. Ali goes over the bridge. The box is below the bridge.,0.904761904761905,4673.6545456233,2194.77499985773,,,,1,0,1,1,6.4375,1.0,0.0952380952380952,4.752222222222221,83,0.625,-0.0279541015625,-2.8125,-0.04345703125,-0.8125,0.384765625,-0.55859375,-0.216796875,-0.65625,0.3828125,-0.333984375,-0.1376953125,-0.42578125,1.1015625,-1.140625,-0.65234375,-0.4140625,0.0400390625,0.244140625,0.26953125,-0.1982421875,0.59375,-0.60546875,-0.01708984375,-0.0703125,0.00482177734375,-0.1513671875,0.357421875,0.189453125,-0.375,-0.10888671875,0.341796875,-0.69140625,-0.287109375,-0.1376953125,-0.0091552734375,0.1318359375,-0.62890625,-0.296875,0.062255859375,0.216796875,-0.263671875,-0.25390625,0.341796875,-0.439453125,-0.03173828125,0.73828125,-0.6484375,0.3515625,-0.08349609375,0.0634765625,0.388671875,0.11669921875,-0.32421875,-0.26953125,-0.2021484375,-0.447265625,0.310546875,-0.796875,-0.035400390625,-1.703125,-0.12109375,0.796875,0.6484375,0.6328125,0.65625,0.0869140625,0.21875,-0.271484375,0.1904296875,1.0,0.365234375,0.1279296875,-0.58203125,0.17578125,0.294921875,-0.515625,0.8203125,0.404296875,0.1806640625,-0.177734375,-0.0101318359375,0.126953125,-0.10302734375,0.203125,-0.34765625,-0.7265625,0.70703125,-0.302734375,-0.1728515625,-0.58203125,-0.171875,0.265625,-0.875,0.1689453125,-0.4375,The box is below the bridge. Ali goes over the bridge. The box is BLANK the bridge.,The box is below the bridge. Ali goes over the bridge. The box is below the bridge.,21,0
The box is close to Ali. Ali throws the ball. The box is BLANK Ali.,action_nonfollows,target,action_nonfollows_target,close to,far from,e3fabdd8-517d-4cfa-bc41-ccec595ee1e6,0ebece86-74c2-44ea-9ef0-8d75a45ba56b,The box is close to Ali. Ali throws the ball. The box is close to Ali.,0.666666666666667,5439.77777778399,5332.12000000142,0.75,0.666666666666667,0.714285714285714,0,0,1,1,3.5,-1.0,-0.0476190476190477,4.622352941176469,70,0.5703125,0.072265625,-2.796875,-0.03759765625,-0.75,0.458984375,-0.6328125,-0.359375,-0.7421875,0.365234375,-0.310546875,-0.283203125,-0.361328125,1.078125,-1.0625,-0.52734375,-0.326171875,0.10888671875,0.212890625,0.244140625,-0.1767578125,0.47265625,-0.439453125,-0.0031890869140625,-0.07373046875,-0.00421142578125,-0.259765625,0.265625,0.1162109375,-0.36328125,-0.05859375,0.38671875,-0.6953125,-0.2119140625,0.026123046875,0.0057373046875,0.16796875,-0.578125,-0.400390625,0.099609375,0.2490234375,-0.2255859375,-0.328125,0.36328125,-0.439453125,-0.015625,0.66015625,-0.5703125,0.359375,0.04248046875,0.033447265625,0.423828125,0.095703125,-0.32421875,-0.2431640625,-0.2138671875,-0.46875,0.3515625,-0.859375,-0.0250244140625,-1.6328125,-0.1357421875,0.7109375,0.56640625,0.5546875,0.7109375,-0.00506591796875,0.21875,-0.283203125,0.306640625,1.0078125,0.296875,0.1494140625,-0.609375,0.040283203125,0.267578125,-0.5,0.796875,0.37890625,0.2216796875,-0.130859375,-0.07275390625,0.080078125,-0.1796875,0.2265625,-0.2333984375,-0.71875,0.73046875,-0.294921875,-0.1513671875,-0.65625,-0.12451171875,0.271484375,-0.7421875,0.111328125,-0.3671875,The box is close to Ali. Ali throws the ball. The box is BLANK Ali.,The box is close to Ali. Ali throws the ball. The box is close to Ali.,21,18
The box is floating in the water. Ali puts a bowling ball in the box. The box BLANK.,action_follows,target,action_follows_target,sinks,floats,82c6fed4-41cb-422d-a9a5-872a05bb5148,8855a23b-7ddd-4bd3-89e1-bc5df915bbe9,The box is floating in the water. Ali puts a bowling ball in the box. The box sinks.,1.0,4645.19230766365,1661.55833332613,,,,1,1,1,1,18.75,1.0,0.0625,4.478421052631578,84,0.58984375,0.0771484375,-2.90625,-0.00921630859375,-0.80078125,0.38671875,-0.60546875,-0.28125,-0.71484375,0.294921875,-0.259765625,-0.2451171875,-0.373046875,1.1171875,-1.1484375,-0.52734375,-0.390625,0.0966796875,0.126953125,0.25,-0.16796875,0.388671875,-0.45703125,-0.001220703125,-0.09033203125,0.037841796875,-0.2734375,0.3046875,0.060302734375,-0.328125,-0.05859375,0.38671875,-0.73828125,-0.08837890625,-0.0869140625,0.0052490234375,0.103515625,-0.53515625,-0.28125,0.07177734375,0.15234375,-0.2490234375,-0.322265625,0.447265625,-0.408203125,-0.029541015625,0.6953125,-0.625,0.330078125,0.1005859375,0.014892578125,0.431640625,0.1015625,-0.478515625,-0.236328125,-0.203125,-0.55078125,0.423828125,-0.75,-0.10986328125,-1.71875,-0.09716796875,0.75,0.58984375,0.625,0.578125,0.041748046875,0.1552734375,-0.388671875,0.349609375,0.88671875,0.322265625,0.1689453125,-0.515625,0.2138671875,0.2138671875,-0.578125,0.8984375,0.28515625,0.1337890625,-0.1279296875,0.01373291015625,0.02880859375,-0.2421875,0.275390625,-0.19140625,-0.71875,0.75390625,-0.3828125,-0.1767578125,-0.6171875,-0.244140625,0.2451171875,-0.69921875,0.1650390625,-0.369140625,The box is floating in the water. Ali puts a bowling ball in the box. The box BLANK.,The box is floating in the water. Ali puts a bowling ball in the box. The box sinks.,16,0
The box is floating in the water. Ali puts a tennis ball in the box. The box BLANK.,action_nonfollows,target,action_nonfollows_target,floats,sinks,404b0ee5-9321-4dca-84de-c0fc88f31ea8,5edcc89e-d5f6-4ac5-9f05-376d77f2b2d4,The box is floating in the water. Ali puts a tennis ball in the box. The box floats.,0.727272727272727,3059.63750002161,4824.20000003113,0.75,0.5,0.666666666666667,1,1,1,1,-11.5,1.0,-0.227272727272727,4.515263157894738,84,0.58984375,0.0810546875,-2.921875,-0.0174560546875,-0.796875,0.396484375,-0.61328125,-0.287109375,-0.70703125,0.337890625,-0.259765625,-0.216796875,-0.373046875,1.109375,-1.125,-0.54296875,-0.40625,0.10400390625,0.1103515625,0.255859375,-0.1689453125,0.384765625,-0.462890625,-0.0019073486328125,-0.09130859375,0.0203857421875,-0.2890625,0.259765625,0.06298828125,-0.33203125,-0.0517578125,0.376953125,-0.72265625,-0.09375,-0.0634765625,-0.01470947265625,0.11083984375,-0.55078125,-0.28515625,0.07958984375,0.16796875,-0.240234375,-0.314453125,0.45703125,-0.42578125,-0.068359375,0.6953125,-0.6640625,0.31640625,0.142578125,0.023193359375,0.404296875,0.09228515625,-0.478515625,-0.248046875,-0.16796875,-0.5390625,0.46484375,-0.796875,-0.109375,-1.6796875,-0.12255859375,0.73046875,0.6015625,0.59375,0.6015625,0.035400390625,0.1787109375,-0.423828125,0.3359375,0.8828125,0.353515625,0.1669921875,-0.53125,0.189453125,0.248046875,-0.5703125,0.91015625,0.306640625,0.1640625,-0.1337890625,0.00897216796875,0.040283203125,-0.248046875,0.26953125,-0.1982421875,-0.73828125,0.734375,-0.419921875,-0.1533203125,-0.65234375,-0.2099609375,0.25390625,-0.69140625,0.1396484375,-0.37109375,The box is floating in the water. Ali puts a tennis ball in the box. The box BLANK.,The box is floating in the water. Ali puts a tennis ball in the box. The box floats.,11,16
The box is in front of the ball. Ali pushes the box away from the ball. The ball is BLANK the box.,relative_pos,target,relative_pos_target,not touching,touching,6ed78bd2-0170-46be-b67e-fa783eee84a4,57217fd9-a265-4b31-a1c4-f7910e38fa93,The box is in front of the ball. Ali pushes the box away from the ball. The ball is not touching the box.,0.85,7536.48181818697,1585.90000000075,,,,0,1,1,1,11.875,0.0,-0.0547619047619048,4.772083333333335,105,0.65234375,0.07275390625,-2.90625,-0.03271484375,-0.83203125,0.3515625,-0.63671875,-0.296875,-0.67578125,0.265625,-0.298828125,-0.296875,-0.416015625,1.078125,-1.1875,-0.5703125,-0.40625,0.080078125,0.1728515625,0.29296875,-0.1982421875,0.451171875,-0.46875,-0.1396484375,-0.169921875,0.0216064453125,-0.1357421875,0.419921875,0.0283203125,-0.359375,-0.06298828125,0.396484375,-0.7890625,-0.2041015625,-0.095703125,0.1220703125,0.09716796875,-0.56640625,-0.431640625,0.130859375,0.19140625,-0.2275390625,-0.36328125,0.33203125,-0.4765625,0.0267333984375,0.66796875,-0.423828125,0.25390625,-0.078125,-0.0174560546875,0.53125,0.07763671875,-0.375,-0.306640625,-0.224609375,-0.49609375,0.369140625,-0.61328125,-0.09326171875,-1.7421875,-0.1123046875,0.8203125,0.5703125,0.54296875,0.6015625,-0.043701171875,0.357421875,-0.2890625,0.2216796875,1.046875,0.4765625,0.11181640625,-0.66015625,0.267578125,0.365234375,-0.58203125,0.79296875,0.28125,0.197265625,-0.1552734375,0.041015625,0.06201171875,-0.2001953125,0.234375,-0.15625,-0.609375,0.68359375,-0.330078125,-0.12890625,-0.64453125,-0.2021484375,0.2470703125,-0.87890625,0.205078125,-0.5,The box is in front of the ball. Ali pushes the box away from the ball. The ball is BLANK the box.,The box is in front of the ball. Ali pushes the box away from the ball. The ball is not touching the box.,20,0
The box is in front of the ball. Ali pushes the box into the ball. The ball is BLANK the box.,relative_pos,target,relative_pos_target,touching,not touching,,00cd667f-012b-457f-802f-79bbda459a60,The box is in front of the ball. Ali pushes the box into the ball. The ball is touching the box.,1.0,5027.6846154186,2672.10769230901,,,,1,1,1,1,7.8125,,,4.7254545454545465,96,0.65234375,0.060546875,-2.9375,-0.0272216796875,-0.83984375,0.353515625,-0.62890625,-0.27734375,-0.6796875,0.279296875,-0.294921875,-0.287109375,-0.421875,1.0859375,-1.2109375,-0.56640625,-0.412109375,0.07861328125,0.1875,0.27734375,-0.1953125,0.423828125,-0.447265625,-0.126953125,-0.154296875,0.00958251953125,-0.1552734375,0.4140625,0.064453125,-0.3359375,-0.0703125,0.4296875,-0.77734375,-0.107421875,-0.12255859375,0.11279296875,0.1162109375,-0.56640625,-0.427734375,0.126953125,0.1953125,-0.2099609375,-0.353515625,0.3359375,-0.4609375,0.01214599609375,0.6640625,-0.44140625,0.2373046875,-0.004241943359375,-0.0223388671875,0.5703125,0.07958984375,-0.326171875,-0.26953125,-0.177734375,-0.478515625,0.3828125,-0.6953125,-0.052001953125,-1.7421875,-0.1552734375,0.796875,0.56640625,0.53125,0.64453125,0.034912109375,0.353515625,-0.27734375,0.2470703125,1.015625,0.369140625,0.1142578125,-0.61328125,0.263671875,0.37109375,-0.56640625,0.78125,0.3046875,0.2099609375,-0.14453125,0.058349609375,0.0537109375,-0.259765625,0.251953125,-0.1279296875,-0.65234375,0.6875,-0.3359375,-0.1513671875,-0.6171875,-0.1865234375,0.234375,-0.8515625,0.2138671875,-0.486328125,The box is in front of the ball. Ali pushes the box into the ball. The ball is BLANK the box.,The box is in front of the ball. Ali pushes the box into the ball. The ball is touching the box.,21,0
The box is in the bin. Ali moves the bin. The box BLANK.,action_follows,target,action_follows_target,moves,doesn't move,256509c0-ac5b-4711-9410-0f6e229ded91,b12fddb1-3cdf-4980-bc98-720b1e4ee50a,The box is in the bin. Ali moves the bin. The box moves.,0.909090909090909,4779.41249995679,3448.00000000662,,,,1,1,1,1,9.5625,0.0,0.0909090909090908,4.57,56,0.6796875,0.00946044921875,-2.703125,-0.0267333984375,-0.76953125,0.37109375,-0.5703125,-0.25390625,-0.71875,0.41796875,-0.3203125,-0.154296875,-0.421875,1.125,-1.1796875,-0.6484375,-0.431640625,0.043212890625,0.189453125,0.287109375,-0.2158203125,0.46484375,-0.49609375,0.060546875,-0.06103515625,-0.1708984375,-0.2578125,0.173828125,0.12890625,-0.40234375,-0.029541015625,0.3203125,-0.65625,-0.1298828125,-0.053466796875,0.0400390625,0.1640625,-0.55859375,-0.27734375,0.1123046875,0.21875,-0.19140625,-0.2734375,0.435546875,-0.423828125,0.0150146484375,0.7265625,-0.62890625,0.37890625,0.1728515625,-0.00191497802734375,0.5390625,0.10400390625,-0.400390625,-0.228515625,-0.150390625,-0.45703125,0.408203125,-0.88671875,-0.0281982421875,-1.65625,-0.1904296875,0.73046875,0.57421875,0.56640625,0.62109375,0.0206298828125,0.2099609375,-0.365234375,0.26171875,0.8515625,0.28515625,0.1494140625,-0.546875,0.11279296875,0.310546875,-0.44140625,0.84375,0.421875,0.1796875,-0.1640625,-0.0277099609375,0.1337890625,-0.177734375,0.2333984375,-0.361328125,-0.6953125,0.7421875,-0.328125,-0.17578125,-0.58203125,-0.1611328125,0.2353515625,-0.6796875,0.1865234375,-0.416015625,The box is in the bin. Ali moves the bin. The box BLANK.,The box is in the bin. Ali moves the bin. The box moves.,11,0
The box is in the bin. Ali moves the box. The bin BLANK.,action_nonfollows,target,action_nonfollows_target,doesn't move,moves,404fad34-7abc-40fe-9bcf-1c8eda2605ad,1637e508-3609-4421-8dd2-303fb71ebad9,The box is in the bin. Ali moves the box. The bin doesn't move.,0.5625,4202.79999999888,3653.82857144306,0.5,0.666666666666667,0.571428571428571,0,1,1,1,7.375,-1.0,-0.3125,4.444999999999999,63,0.6640625,0.00921630859375,-2.703125,-0.028076171875,-0.76953125,0.37890625,-0.58203125,-0.26171875,-0.71875,0.4140625,-0.322265625,-0.1611328125,-0.412109375,1.1171875,-1.1953125,-0.6484375,-0.41015625,0.045166015625,0.171875,0.314453125,-0.224609375,0.44140625,-0.5,0.0673828125,-0.057373046875,-0.1689453125,-0.27734375,0.1650390625,0.1298828125,-0.41015625,-0.0291748046875,0.3203125,-0.6328125,-0.134765625,-0.039794921875,0.07861328125,0.16796875,-0.55859375,-0.283203125,0.1533203125,0.220703125,-0.2138671875,-0.26171875,0.384765625,-0.4453125,0.07373046875,0.6953125,-0.62109375,0.34765625,0.11865234375,-0.038330078125,0.48828125,0.1083984375,-0.421875,-0.2470703125,-0.1162109375,-0.455078125,0.427734375,-0.79296875,-0.05029296875,-1.625,-0.138671875,0.7890625,0.61328125,0.5546875,0.66015625,0.015869140625,0.21484375,-0.421875,0.326171875,0.87890625,0.205078125,0.162109375,-0.5859375,0.2021484375,0.337890625,-0.458984375,0.8515625,0.46484375,0.16796875,-0.140625,-0.03857421875,0.12109375,-0.232421875,0.2451171875,-0.337890625,-0.6796875,0.78125,-0.337890625,-0.1552734375,-0.55859375,-0.158203125,0.25,-0.66796875,0.171875,-0.37109375,The box is in the bin. Ali moves the box. The bin BLANK.,The box is in the bin. Ali moves the box. The bin doesn't move.,16,16
The box is next to the ball. Ali puts the ball inside the box. The ball is BLANK the box.,relative_pos,target,relative_pos_target,touching,not touching,388b1668-6c6d-4f2e-a33b-3ed74036ddce,257746e7-67e6-4ce8-adfc-8823a50bfec5,The box is next to the ball. Ali puts the ball inside the box. The ball is touching the box.,0.6875,5150.00000003674,3339.51538461748,0.8,1.0,0.857142857142857,0,0,1,1,-6.8125,0.0,-0.25,4.7823809523809535,92,0.640625,0.06298828125,-2.953125,-0.0264892578125,-0.83203125,0.40234375,-0.62109375,-0.28515625,-0.6953125,0.296875,-0.314453125,-0.302734375,-0.408203125,1.0546875,-1.1484375,-0.57421875,-0.3984375,0.07861328125,0.1728515625,0.28515625,-0.2001953125,0.453125,-0.43359375,-0.07421875,-0.12451171875,0.030029296875,-0.2392578125,0.421875,0.1005859375,-0.3515625,-0.06494140625,0.34765625,-0.7890625,-0.08837890625,-0.13671875,0.0693359375,0.1103515625,-0.54296875,-0.349609375,0.1044921875,0.1962890625,-0.2265625,-0.33203125,0.35546875,-0.46484375,-0.04443359375,0.6875,-0.48828125,0.25390625,0.0634765625,-0.01904296875,0.5078125,0.08544921875,-0.322265625,-0.220703125,-0.1962890625,-0.4765625,0.3984375,-0.7265625,-0.030517578125,-1.703125,-0.2099609375,0.73828125,0.54296875,0.5234375,0.67578125,-0.009521484375,0.359375,-0.28515625,0.240234375,1.0078125,0.369140625,0.11279296875,-0.578125,0.2197265625,0.365234375,-0.546875,0.88671875,0.296875,0.1845703125,-0.1669921875,0.0019073486328125,0.02685546875,-0.322265625,0.2373046875,-0.2294921875,-0.66796875,0.6484375,-0.388671875,-0.12451171875,-0.71484375,-0.1484375,0.2294921875,-0.76953125,0.208984375,-0.470703125,The box is next to the ball. Ali puts the ball inside the box. The ball is BLANK the box.,The box is next to the ball. Ali puts the ball inside the box. The ball is touching the box.,16,14
The box is next to the ball. Ali puts the box inside the ball. the ball is BLANK the box.,relative_pos,target,relative_pos_target,larger than,smaller than,21d01910-b1f4-4b19-a397-e0e9e0b37f72,315733c9-f004-4fcf-a0fa-23ed7cf84a05,The box is next to the ball. Ali puts the box inside the ball. the ball is larger than the box.,0.6,7945.18571429221,3518.87499999627,0.6,1.0,0.8,0,1,1,1,9.0625,0.0,0.123809523809524,4.868181818181819,95,0.6796875,-0.0023345947265625,-2.875,-0.0206298828125,-0.81640625,0.373046875,-0.625,-0.2314453125,-0.671875,0.361328125,-0.328125,-0.310546875,-0.416015625,1.0390625,-1.125,-0.63671875,-0.375,0.06103515625,0.21875,0.19140625,-0.1767578125,0.49609375,-0.4375,-0.0308837890625,-0.10302734375,-0.00946044921875,-0.1943359375,0.5625,0.1357421875,-0.353515625,-0.0179443359375,0.322265625,-0.8125,-0.279296875,-0.1767578125,0.03271484375,0.1142578125,-0.609375,-0.376953125,0.1015625,0.181640625,-0.2021484375,-0.31640625,0.2578125,-0.46875,-0.02392578125,0.68359375,-0.5625,0.25,0.01483154296875,-0.01123046875,0.31640625,0.08056640625,-0.3359375,-0.2119140625,-0.1943359375,-0.453125,0.400390625,-0.8046875,-0.062255859375,-1.6796875,-0.201171875,0.8046875,0.5625,0.466796875,0.62109375,-0.0047607421875,0.3671875,-0.314453125,0.2109375,0.984375,0.365234375,0.1328125,-0.609375,0.2275390625,0.341796875,-0.546875,0.77734375,0.271484375,0.171875,-0.1376953125,0.0106201171875,0.0478515625,-0.28125,0.236328125,-0.2421875,-0.640625,0.70703125,-0.34765625,-0.1123046875,-0.64453125,-0.11767578125,0.2353515625,-0.76953125,0.16796875,-0.3984375,The box is next to the ball. Ali puts the box inside the ball. the ball is BLANK the box.,The box is next to the ball. Ali puts the box inside the ball. the ball is larger than the box.,20,22
The box is next to the desk. Ali stacks the box on the desk. The box is BLANK the desk.,relative_pos,target,relative_pos_target,above,below,603deb01-8317-4c7c-94a0-bf5636c088b7,41e8b091-4724-4310-8ed7-cbfe8cad59a4,The box is next to the desk. Ali stacks the box on the desk. The box is above the desk.,1.0,6862.10000003766,3212.04285726537,,,,1,1,1,1,11.75,1.0,0.0,4.61,87,0.63671875,-0.0023193359375,-2.90625,-0.0184326171875,-0.8125,0.337890625,-0.6328125,-0.171875,-0.7109375,0.30859375,-0.365234375,-0.2451171875,-0.41015625,1.078125,-1.1796875,-0.5625,-0.38671875,0.036865234375,0.2451171875,0.26171875,-0.1884765625,0.56640625,-0.56640625,0.0238037109375,-0.12109375,-0.078125,-0.25390625,0.5625,0.10986328125,-0.330078125,-0.03857421875,0.326171875,-0.77734375,-0.2421875,-0.107421875,0.005828857421875,0.0986328125,-0.58203125,-0.30078125,0.1533203125,0.1865234375,-0.283203125,-0.263671875,0.326171875,-0.466796875,-0.059326171875,0.7421875,-0.64453125,0.296875,0.0223388671875,-0.03369140625,0.373046875,0.078125,-0.330078125,-0.216796875,-0.1640625,-0.48828125,0.388671875,-0.71484375,-0.037353515625,-1.734375,-0.1474609375,0.82421875,0.640625,0.5,0.64453125,0.042724609375,0.392578125,-0.291015625,0.158203125,0.9453125,0.33203125,0.1435546875,-0.640625,0.240234375,0.359375,-0.5,0.890625,0.322265625,0.1767578125,-0.1650390625,0.06298828125,0.166015625,-0.22265625,0.197265625,-0.287109375,-0.68359375,0.625,-0.416015625,-0.06787109375,-0.66015625,-0.1689453125,0.2421875,-0.82421875,0.13671875,-0.5,The box is next to the desk. Ali stacks the box on the desk. The box is BLANK the desk.,The box is next to the desk. Ali stacks the box on the desk. The box is above the desk.,21,0
The box is next to the desk. Ali stacks the desk on the box. The box is BLANK the desk.,relative_pos,target,relative_pos_target,below,above,40fc1987-f712-4c26-91da-b131b595e419,ce26d593-6e54-4ce5-b2ee-b510804b99cd,The box is next to the desk. Ali stacks the desk on the box. The box is below the desk.,0.75,8494.29999999888,1430.49999999325,0.4,1.0,0.666666666666667,0,1,1,1,7.9375,0.0,0.178571428571429,4.626666666666667,87,0.63671875,-0.002777099609375,-2.890625,-0.0181884765625,-0.8125,0.33203125,-0.62890625,-0.171875,-0.7109375,0.3125,-0.361328125,-0.244140625,-0.41015625,1.0703125,-1.171875,-0.55859375,-0.38671875,0.034912109375,0.24609375,0.265625,-0.1923828125,0.5703125,-0.58203125,0.01080322265625,-0.130859375,-0.07568359375,-0.25,0.55859375,0.1220703125,-0.326171875,-0.055419921875,0.326171875,-0.76953125,-0.2421875,-0.1201171875,0.004913330078125,0.10693359375,-0.59375,-0.3125,0.1796875,0.1865234375,-0.275390625,-0.267578125,0.30078125,-0.451171875,-0.044921875,0.7578125,-0.62109375,0.302734375,-0.0177001953125,-0.052490234375,0.376953125,0.083984375,-0.361328125,-0.2080078125,-0.1669921875,-0.484375,0.384765625,-0.75,-0.059326171875,-1.7109375,-0.185546875,0.859375,0.640625,0.486328125,0.61328125,0.04833984375,0.408203125,-0.2490234375,0.13671875,0.9453125,0.375,0.158203125,-0.62890625,0.287109375,0.384765625,-0.5078125,0.8203125,0.318359375,0.1796875,-0.150390625,0.06787109375,0.12890625,-0.220703125,0.2119140625,-0.310546875,-0.69140625,0.62109375,-0.390625,-0.076171875,-0.63671875,-0.1787109375,0.234375,-0.8046875,0.130859375,-0.48046875,The box is next to the desk. Ali stacks the desk on the box. The box is BLANK the desk.,The box is next to the desk. Ali stacks the desk on the box. The box is below the desk.,20,20
The brick is on the table. Ali bumps the brick off the table. The brick BLANK.,state_nonfollows,target,state_nonfollows_target,doesn't break,breaks,,af3c88ce-961a-4a4d-8258-314a8b8513fd,The brick is on the table. Ali bumps the brick off the table. The brick doesn't break.,0.55,3802.14999999944,3364.62500000489,0.8,1.0,0.9,0,1,1,1,-14.875,,,4.353684210526314,86,0.68359375,0.010498046875,-2.78125,-0.042724609375,-0.80078125,0.349609375,-0.625,-0.2265625,-0.74609375,0.345703125,-0.3046875,-0.0986328125,-0.3984375,1.0703125,-1.109375,-0.4609375,-0.412109375,-0.003753662109375,0.150390625,0.31640625,-0.21875,0.390625,-0.48828125,-0.0947265625,-0.053466796875,-0.052490234375,-0.2119140625,0.47265625,0.041015625,-0.3828125,-0.01275634765625,0.275390625,-0.640625,-0.11572265625,-0.0810546875,-0.006591796875,0.1376953125,-0.53125,-0.2041015625,0.1064453125,0.21875,-0.2158203125,-0.2353515625,0.421875,-0.451171875,0.0888671875,0.66796875,-0.37890625,0.302734375,0.1015625,0.0458984375,0.447265625,0.09228515625,-0.384765625,-0.2138671875,-0.125,-0.490234375,0.4140625,-0.703125,-0.06396484375,-1.7109375,-0.1552734375,0.7421875,0.53515625,0.55859375,0.6640625,0.001861572265625,0.20703125,-0.40625,0.37109375,0.90234375,0.447265625,0.1123046875,-0.466796875,0.279296875,0.357421875,-0.57421875,0.75390625,0.314453125,0.1640625,-0.1767578125,0.1650390625,0.07568359375,-0.1572265625,0.2373046875,-0.291015625,-0.78125,0.66015625,-0.416015625,-0.212890625,-0.67578125,-0.2109375,0.259765625,-0.71875,0.21484375,-0.408203125,The brick is on the table. Ali bumps the brick off the table. The brick BLANK.,The brick is on the table. Ali bumps the brick off the table. The brick doesn't break.,20,16
The cup is empty. Ali pours sand in the cup. The cup is BLANK.,state_nonfollows,target,state_nonfollows_target,dry,wet,55f6a41d-1a0d-4341-b14a-346d50b5d7d6,a5782596-73bf-4756-85b4-107e2c98f018,The cup is empty. Ali pours sand in the cup. The cup is dry.,1.0,3818.52499997538,3262.56666666207,,,,1,1,1,1,2.59375,0.0,0.238095238095238,4.475333333333333,60,0.6015625,0.03955078125,-2.890625,-0.0341796875,-0.76953125,0.3671875,-0.6484375,-0.361328125,-0.79296875,0.38671875,-0.30078125,-0.16796875,-0.4140625,1.125,-1.15625,-0.52734375,-0.3671875,-5.078315734863281e-05,0.0986328125,0.30859375,-0.1875,0.318359375,-0.46875,-0.018310546875,-0.10986328125,-0.0771484375,-0.33203125,0.173828125,0.189453125,-0.314453125,-0.060791015625,0.265625,-0.640625,-0.1259765625,-0.060302734375,-0.040283203125,0.109375,-0.466796875,-0.2158203125,0.1240234375,0.19140625,-0.30859375,-0.296875,0.404296875,-0.404296875,-0.034423828125,0.734375,-0.52734375,0.353515625,0.083984375,0.1279296875,0.384765625,0.11865234375,-0.357421875,-0.1845703125,-0.2265625,-0.4765625,0.384765625,-0.73828125,-0.146484375,-1.5234375,-0.126953125,0.70703125,0.609375,0.625,0.5234375,-0.12451171875,0.1943359375,-0.419921875,0.462890625,0.96875,0.21875,0.193359375,-0.455078125,0.0546875,0.09033203125,-0.58203125,0.828125,0.259765625,0.232421875,-0.2099609375,-0.0208740234375,0.126953125,-0.1669921875,0.220703125,-0.2353515625,-0.703125,0.69921875,-0.337890625,-0.07470703125,-0.58203125,-0.171875,0.236328125,-0.70703125,0.154296875,-0.30859375,The cup is empty. Ali pours sand in the cup. The cup is BLANK.,The cup is empty. Ali pours sand in the cup. The cup is dry.,16,0
The cup is empty. Ali pours water in the cup. The cup is BLANK.,state_follows,target,state_follows_target,wet,dry,dca0439c-43eb-44b4-9a0f-432aa7e61240,3ab23572-e983-4d20-975e-64e1d0172943,The cup is empty. Ali pours water in the cup. The cup is wet.,1.0,2891.83333332619,1570.59000000432,,,,1,1,1,1,13.5625,0.0,0.0,4.526666666666666,61,0.6015625,0.0361328125,-2.90625,-0.04833984375,-0.77734375,0.375,-0.6640625,-0.40625,-0.77734375,0.39453125,-0.279296875,-0.1875,-0.421875,1.1328125,-1.15625,-0.50390625,-0.357421875,0.01458740234375,0.1025390625,0.318359375,-0.1904296875,0.330078125,-0.462890625,-0.0084228515625,-0.09912109375,-0.042724609375,-0.36328125,0.169921875,0.1650390625,-0.30078125,-0.043701171875,0.302734375,-0.66796875,-0.10498046875,-0.032958984375,-0.0234375,0.1064453125,-0.46484375,-0.2099609375,0.11328125,0.1953125,-0.314453125,-0.28515625,0.40234375,-0.427734375,-0.0299072265625,0.7265625,-0.53515625,0.322265625,0.0859375,0.1259765625,0.412109375,0.1279296875,-0.361328125,-0.1865234375,-0.23046875,-0.4765625,0.37109375,-0.70703125,-0.10546875,-1.578125,-0.1044921875,0.6953125,0.62109375,0.6328125,0.56640625,-0.0712890625,0.1962890625,-0.419921875,0.45703125,0.9453125,0.18359375,0.193359375,-0.46875,0.0074462890625,0.1416015625,-0.578125,0.87109375,0.27734375,0.2294921875,-0.2197265625,-0.0230712890625,0.126953125,-0.18359375,0.2099609375,-0.2216796875,-0.69140625,0.70703125,-0.357421875,-0.035888671875,-0.609375,-0.1943359375,0.2353515625,-0.6796875,0.1728515625,-0.3046875,The cup is empty. Ali pours water in the cup. The cup is BLANK.,The cup is empty. Ali pours water in the cup. The cup is wet.,20,0
The empty glass is on the table. Ali fills the sink halfway. The glass is BLANK.,state_nonfollows,target,state_nonfollows_target,dry,wet,62204216-9d62-4169-8b57-cf8f13f77a5e,fcbd8a57-7e23-4f33-a613-3a750f4c95ab,The empty glass is on the table. Ali fills the sink halfway. The glass is dry.,0.818181818181818,4362.30000002626,3481.50909093734,,,,0,1,1,1,-8.125,0.0,0.130681818181818,4.474705882352941,78,0.6328125,0.0205078125,-2.875,-0.02685546875,-0.78515625,0.318359375,-0.6640625,-0.341796875,-0.7734375,0.36328125,-0.2392578125,-0.201171875,-0.37109375,1.0859375,-1.0546875,-0.400390625,-0.3828125,0.0284423828125,0.0888671875,0.3359375,-0.189453125,0.349609375,-0.5703125,-0.01068115234375,-0.134765625,-0.061279296875,-0.298828125,0.26171875,0.162109375,-0.28125,-0.07763671875,0.291015625,-0.70703125,-0.10888671875,-0.02490234375,-0.060546875,0.1611328125,-0.4609375,-0.181640625,0.1484375,0.2158203125,-0.298828125,-0.318359375,0.41015625,-0.4140625,-0.03076171875,0.73046875,-0.5546875,0.33203125,-0.04736328125,0.11328125,0.421875,0.130859375,-0.388671875,-0.201171875,-0.279296875,-0.466796875,0.490234375,-0.7734375,-0.0205078125,-1.6328125,-0.1513671875,0.7578125,0.56640625,0.6171875,0.5703125,-0.0810546875,0.259765625,-0.353515625,0.345703125,0.9375,0.259765625,0.1572265625,-0.419921875,0.01214599609375,0.166015625,-0.5625,0.82421875,0.232421875,0.2373046875,-0.16796875,0.01519775390625,0.11865234375,-0.119140625,0.216796875,-0.189453125,-0.68359375,0.74609375,-0.37109375,-0.061767578125,-0.65625,-0.173828125,0.28515625,-0.7578125,0.1064453125,-0.345703125,The empty glass is on the table. Ali fills the sink halfway. The glass is BLANK.,The empty glass is on the table. Ali fills the sink halfway. The glass is dry.,11,0
The empty glass is on the table. Ali knocks the glass over. The table is BLANK.,state_nonfollows,target,state_nonfollows_target,dry,wet,445382ed-84d2-4012-aab5-f092e577df0c,acf5fc4f-47f1-4641-bd99-567028820394,The empty glass is on the table. Ali knocks the glass over. The table is dry.,0.619047619047619,5764.23333351842,2673.18750009872,0.8,0.666666666666667,0.75,0,0,1,1,-14.25,0.0,-0.29004329004329,4.727058823529411,77,0.625,0.01422119140625,-2.84375,-0.036865234375,-0.77734375,0.34765625,-0.65625,-0.314453125,-0.76953125,0.376953125,-0.2412109375,-0.2294921875,-0.3828125,1.078125,-1.0625,-0.44921875,-0.40625,0.015380859375,0.0859375,0.333984375,-0.201171875,0.357421875,-0.56640625,-0.0732421875,-0.123046875,-0.048583984375,-0.25,0.3203125,0.1435546875,-0.298828125,-0.072265625,0.3046875,-0.7109375,-0.07666015625,-0.000885009765625,-0.051513671875,0.1572265625,-0.443359375,-0.2216796875,0.142578125,0.205078125,-0.291015625,-0.3359375,0.419921875,-0.412109375,-0.00051116943359375,0.6640625,-0.50390625,0.291015625,-0.1171875,0.0703125,0.302734375,0.125,-0.3203125,-0.146484375,-0.220703125,-0.53125,0.390625,-0.68359375,-0.0498046875,-1.7578125,-0.1318359375,0.78515625,0.66796875,0.6015625,0.6484375,-0.109375,0.255859375,-0.43359375,0.396484375,0.87890625,0.158203125,0.1220703125,-0.486328125,0.181640625,0.2578125,-0.5625,0.8046875,0.2490234375,0.18359375,-0.17578125,0.064453125,0.1513671875,-0.09912109375,0.234375,-0.1923828125,-0.66015625,0.66015625,-0.435546875,-0.05615234375,-0.5859375,-0.17578125,0.2353515625,-0.8203125,0.060791015625,-0.376953125,The empty glass is on the table. Ali knocks the glass over. The table is BLANK.,The empty glass is on the table. Ali knocks the glass over. The table is dry.,21,12
The full glass is on the table. Ali knocks the glass over. The table is BLANK.,state_nonfollows,target,state_nonfollows_target,wet,dry,3dd422c2-ea30-4477-90d0-0a2a99115b74,75e8ff34-d167-4a8c-8256-c258397adafe,The full glass is on the table. Ali knocks the glass over. The table is wet.,0.95,4915.17500001099,1458.34999999901,,,,1,1,1,1,14.3125,0.0,0.0166666666666666,4.750000000000001,76,0.62890625,0.028076171875,-2.84375,-0.0390625,-0.76953125,0.33984375,-0.671875,-0.326171875,-0.75,0.375,-0.23828125,-0.2392578125,-0.38671875,1.0703125,-1.0390625,-0.45703125,-0.408203125,0.06103515625,0.078125,0.326171875,-0.2041015625,0.384765625,-0.5546875,-0.04638671875,-0.1044921875,-0.0634765625,-0.259765625,0.275390625,0.1162109375,-0.3203125,-0.0947265625,0.34375,-0.72265625,-0.058349609375,0.01025390625,-0.0198974609375,0.1103515625,-0.458984375,-0.228515625,0.1572265625,0.203125,-0.322265625,-0.3203125,0.431640625,-0.404296875,0.021728515625,0.6796875,-0.4765625,0.251953125,-0.06982421875,0.023681640625,0.318359375,0.1328125,-0.31640625,-0.1689453125,-0.2060546875,-0.5546875,0.3828125,-0.71875,-0.072265625,-1.71875,-0.12451171875,0.78515625,0.6171875,0.6015625,0.65234375,-0.08935546875,0.28125,-0.447265625,0.373046875,0.86328125,0.1708984375,0.12451171875,-0.5078125,0.185546875,0.291015625,-0.5546875,0.80078125,0.2392578125,0.2275390625,-0.17578125,0.044921875,0.11962890625,-0.1630859375,0.244140625,-0.212890625,-0.73046875,0.64453125,-0.41015625,-0.10693359375,-0.5390625,-0.1826171875,0.2236328125,-0.80078125,0.109375,-0.349609375,The full glass is on the table. Ali knocks the glass over. The table is BLANK.,The full glass is on the table. Ali knocks the glass over. The table is wet.,20,0
The glass and the cup are on the table. Ali pushes the cup off the table. The glass BLANK.,state_nonfollows,target,state_nonfollows_target,doesn't break,breaks,5f74c73e-a00c-47d4-9d19-5e038470c0b6,fac9293b-e5d3-48d0-9c01-8172f9647c13,The glass and the cup are on the table. Ali pushes the cup off the table. The glass doesn't break.,0.45,4619.18749999721,1444.22499999823,0.833333333333333,0.0,0.714285714285714,0,1,1,1,7.75,-1.0,-0.0738095238095238,4.6545454545454525,98,0.703125,0.0208740234375,-2.828125,-0.0250244140625,-0.796875,0.3203125,-0.6796875,-0.255859375,-0.71875,0.3046875,-0.30859375,-0.1904296875,-0.412109375,1.078125,-1.046875,-0.44140625,-0.43359375,0.0157470703125,0.1396484375,0.296875,-0.1982421875,0.400390625,-0.431640625,-0.09716796875,-0.1337890625,-0.0537109375,-0.28125,0.408203125,0.0164794921875,-0.3359375,-0.044921875,0.326171875,-0.7109375,-0.07763671875,-0.06494140625,0.09130859375,0.138671875,-0.56640625,-0.26171875,0.1142578125,0.2138671875,-0.2109375,-0.244140625,0.46484375,-0.4375,0.022705078125,0.703125,-0.462890625,0.267578125,0.10205078125,-0.0634765625,0.431640625,0.10546875,-0.451171875,-0.236328125,-0.1318359375,-0.54296875,0.419921875,-0.63671875,-0.1572265625,-1.7890625,-0.1357421875,0.7109375,0.56640625,0.486328125,0.68359375,0.00171661376953125,0.314453125,-0.486328125,0.30078125,0.8671875,0.431640625,0.1005859375,-0.47265625,0.2490234375,0.318359375,-0.640625,0.75390625,0.267578125,0.1455078125,-0.146484375,0.154296875,0.095703125,-0.134765625,0.197265625,-0.2265625,-0.8046875,0.640625,-0.4609375,-0.12890625,-0.6875,-0.2236328125,0.1884765625,-0.72265625,0.2099609375,-0.46484375,The glass and the cup are on the table. Ali pushes the cup off the table. The glass BLANK.,The glass and the cup are on the table. Ali pushes the cup off the table. The glass doesn't break.,20,11
The glass is on the floor. Ali bumps the table. The glass BLANK.,state_nonfollows,target,state_nonfollows_target,doesn't break,breaks,a528fc45-4066-4174-88d9-49579971ce2e,3482eb06-22b4-455d-819d-a4e799a6647f,The glass is on the floor. Ali bumps the table. The glass doesn't break.,0.636363636363636,3767.85454541919,2694.83333332976,0.25,0.25,0.25,0,0,1,1,-17.125,-1.0,0.236363636363636,4.4674999999999985,72,0.6875,-0.0035400390625,-2.765625,-0.029052734375,-0.7734375,0.31640625,-0.60546875,-0.271484375,-0.734375,0.396484375,-0.31640625,-0.1708984375,-0.408203125,1.078125,-1.046875,-0.431640625,-0.423828125,0.017822265625,0.10888671875,0.314453125,-0.21484375,0.3671875,-0.53125,-0.059814453125,-0.052490234375,-0.10986328125,-0.255859375,0.3046875,0.091796875,-0.400390625,-0.039306640625,0.31640625,-0.58203125,-0.0009918212890625,-0.0201416015625,-0.0260009765625,0.1650390625,-0.5546875,-0.232421875,0.1318359375,0.2265625,-0.25,-0.2255859375,0.470703125,-0.4140625,0.059814453125,0.671875,-0.455078125,0.32421875,0.087890625,0.05517578125,0.435546875,0.10888671875,-0.427734375,-0.2373046875,-0.166015625,-0.51953125,0.345703125,-0.8671875,-0.11328125,-1.703125,-0.1455078125,0.73828125,0.5390625,0.56640625,0.6171875,-0.016357421875,0.1376953125,-0.4296875,0.369140625,0.76171875,0.30859375,0.11767578125,-0.44921875,0.08642578125,0.26953125,-0.55859375,0.85546875,0.267578125,0.19140625,-0.1240234375,0.1494140625,0.10205078125,-0.1201171875,0.2265625,-0.201171875,-0.8671875,0.65625,-0.4296875,-0.1337890625,-0.7109375,-0.2119140625,0.2177734375,-0.65625,0.1982421875,-0.458984375,The glass is on the floor. Ali bumps the table. The glass BLANK.,The glass is on the floor. Ali bumps the table. The glass doesn't break.,11,18
The glass is on the floor. Ali sets the glass on the table. The glass is BLANK the table.,relative_pos,target,relative_pos_target,above,below,ef1d5f55-e98c-4133-bb17-31f3ee5ab53b,358ae418-91a6-4c4f-8113-33da8f8e4b86,The glass is on the floor. Ali sets the glass on the table. The glass is above the table.,0.909090909090909,5105.25454545021,3177.65454546548,,,,1,1,1,1,2.6875,0.0,-0.0454545454545455,4.8744999999999985,89,0.65234375,-0.01397705078125,-2.890625,-0.06005859375,-0.78515625,0.314453125,-0.6328125,-0.271484375,-0.67578125,0.353515625,-0.2255859375,-0.2333984375,-0.435546875,1.1015625,-1.078125,-0.482421875,-0.455078125,0.050048828125,0.2041015625,0.2412109375,-0.1943359375,0.369140625,-0.56640625,-0.08740234375,-0.1279296875,-0.03662109375,-0.1884765625,0.416015625,0.11083984375,-0.291015625,-0.0322265625,0.32421875,-0.73046875,-0.2138671875,-0.0908203125,-0.01373291015625,0.10791015625,-0.578125,-0.2119140625,0.11865234375,0.19921875,-0.27734375,-0.2275390625,0.443359375,-0.494140625,-0.04638671875,0.7265625,-0.63671875,0.28125,0.035400390625,-0.007659912109375,0.37890625,0.095703125,-0.359375,-0.18359375,-0.201171875,-0.515625,0.333984375,-0.66015625,-0.07421875,-1.640625,-0.10498046875,0.765625,0.61328125,0.51953125,0.6875,0.0155029296875,0.279296875,-0.392578125,0.271484375,0.9375,0.27734375,0.142578125,-0.578125,0.169921875,0.3046875,-0.53125,0.78515625,0.197265625,0.2041015625,-0.181640625,0.08251953125,0.1240234375,-0.171875,0.224609375,-0.1904296875,-0.75390625,0.65234375,-0.357421875,-0.10302734375,-0.703125,-0.185546875,0.248046875,-0.78515625,0.1943359375,-0.43359375,The glass is on the floor. Ali sets the glass on the table. The glass is BLANK the table.,The glass is on the floor. Ali sets the glass on the table. The glass is above the table.,11,0
The glass is on the table and the cup is on the floor. Ali picks up the glass. The cup BLANK.,action_nonfollows,target,action_nonfollows_target,moves,doesn't move,,930e06dd-d207-446c-96b7-a9faf92483d5,The glass is on the table and the cup is on the floor. Ali picks up the glass. The cup moves.,0.3,541.44999999553,529.333333333333,0.0,0.0,0.0,0,0,0,0,-16.125,,,4.922727272727273,93,0.73828125,0.033203125,-2.859375,-0.034912109375,-0.80859375,0.2734375,-0.625,-0.318359375,-0.6875,0.3515625,-0.26953125,-0.17578125,-0.412109375,1.1171875,-1.078125,-0.5,-0.48046875,0.0189208984375,0.10986328125,0.294921875,-0.212890625,0.3984375,-0.376953125,-0.06982421875,-0.1484375,-0.0128173828125,-0.27734375,0.4296875,0.01220703125,-0.34765625,-0.078125,0.294921875,-0.75,-0.109375,-0.038818359375,0.140625,0.1611328125,-0.5546875,-0.25390625,0.10205078125,0.203125,-0.22265625,-0.3046875,0.48046875,-0.462890625,-0.015869140625,0.70703125,-0.5390625,0.255859375,0.158203125,-0.0498046875,0.44140625,0.10791015625,-0.482421875,-0.2353515625,-0.236328125,-0.57421875,0.4453125,-0.66015625,-0.042724609375,-1.78125,-0.13671875,0.69140625,0.60546875,0.46484375,0.6953125,0.03515625,0.326171875,-0.4375,0.2236328125,0.921875,0.392578125,0.1142578125,-0.51171875,0.173828125,0.41015625,-0.6484375,0.8203125,0.318359375,0.1611328125,-0.197265625,0.07275390625,0.1337890625,-0.1318359375,0.1650390625,-0.30859375,-0.734375,0.72265625,-0.43359375,-0.1376953125,-0.73828125,-0.154296875,0.21484375,-0.69921875,0.197265625,-0.484375,The glass is on the table and the cup is on the floor. Ali picks up the glass. The cup BLANK.,The glass is on the table and the cup is on the floor. Ali picks up the glass. The cup moves.,10,18
The glass is on the table. Ali bumps the glass off the table. The glass BLANK.,state_follows,target,state_follows_target,breaks,doesn't break,,6db6c312-ea98-4200-a42e-7c9ab64c13d2,The glass is on the table. Ali bumps the glass off the table. The glass breaks.,1.0,3575.110000013,2053.3399999667,,,,1,1,1,1,16.75,,,4.674705882352941,79,0.7109375,-0.01397705078125,-2.78125,-0.01904296875,-0.78125,0.30859375,-0.640625,-0.255859375,-0.72265625,0.369140625,-0.287109375,-0.19140625,-0.4296875,1.0703125,-1.0859375,-0.4140625,-0.439453125,-0.00909423828125,0.1533203125,0.296875,-0.2119140625,0.359375,-0.490234375,-0.12890625,-0.09130859375,-0.0791015625,-0.25,0.41796875,0.01806640625,-0.3828125,-0.018310546875,0.302734375,-0.67578125,-0.07568359375,-0.09375,0.004150390625,0.1328125,-0.5625,-0.1904296875,0.10546875,0.20703125,-0.2431640625,-0.2197265625,0.46875,-0.453125,0.0703125,0.671875,-0.3359375,0.28515625,0.1298828125,0.05029296875,0.388671875,0.095703125,-0.3671875,-0.2001953125,-0.16015625,-0.5625,0.35546875,-0.6875,-0.049560546875,-1.7734375,-0.177734375,0.7265625,0.57421875,0.53125,0.671875,0.051513671875,0.23046875,-0.38671875,0.341796875,0.8125,0.3671875,0.1240234375,-0.455078125,0.2080078125,0.36328125,-0.60546875,0.73828125,0.26171875,0.169921875,-0.185546875,0.1513671875,0.0888671875,-0.09912109375,0.205078125,-0.193359375,-0.84375,0.66015625,-0.4453125,-0.1513671875,-0.6171875,-0.21484375,0.201171875,-0.73828125,0.1806640625,-0.43359375,The glass is on the table. Ali bumps the glass off the table. The glass BLANK.,The glass is on the table. Ali bumps the glass off the table. The glass breaks.,11,0
The glass is on the table. Ali bumps the glass off the table. The glass is BLANK the table.,relative_pos,target,relative_pos_target,below,above,,817dba1b-3fa6-46fa-bf79-ac478cdf2890,The glass is on the table. Ali bumps the glass off the table. The glass is below the table.,1.0,4011.6538461527,2893.48181817477,,,,1,1,1,1,10.625,,,4.759499999999999,91,0.66015625,-0.016845703125,-2.859375,-0.0595703125,-0.78125,0.30859375,-0.60546875,-0.265625,-0.69140625,0.3515625,-0.2236328125,-0.2490234375,-0.431640625,1.0625,-1.1484375,-0.4375,-0.4296875,0.008544921875,0.2158203125,0.234375,-0.193359375,0.357421875,-0.546875,-0.17578125,-0.11474609375,0.00689697265625,-0.181640625,0.515625,0.095703125,-0.3515625,-0.043212890625,0.341796875,-0.72265625,-0.224609375,-0.1044921875,-0.03173828125,0.12158203125,-0.62109375,-0.2177734375,0.11376953125,0.20703125,-0.302734375,-0.26171875,0.40625,-0.486328125,0.02490234375,0.69921875,-0.478515625,0.265625,0.01556396484375,0.005706787109375,0.3359375,0.10595703125,-0.267578125,-0.1689453125,-0.16796875,-0.5625,0.318359375,-0.55859375,-0.1123046875,-1.7890625,-0.1630859375,0.73828125,0.62109375,0.5546875,0.671875,0.11083984375,0.296875,-0.359375,0.3359375,0.90234375,0.42578125,0.1220703125,-0.54296875,0.2578125,0.421875,-0.62890625,0.66015625,0.1787109375,0.1806640625,-0.208984375,0.1435546875,0.10546875,-0.09033203125,0.212890625,-0.125,-0.83203125,0.62890625,-0.427734375,-0.1376953125,-0.63671875,-0.2333984375,0.2431640625,-0.828125,0.1357421875,-0.3828125,The glass is on the table. Ali bumps the glass off the table. The glass is BLANK the table.,The glass is on the table. Ali bumps the glass off the table. The glass is below the table.,16,0
The glass is on the table. Ali bumps the table. The glass BLANK.,state_follows,target,state_follows_target,breaks,doesn't break,92775b83-0f67-4614-a480-86bed5d13da0,ca2dc996-8318-492e-b057-cd6d42dc5072,The glass is on the table. Ali bumps the table. The glass breaks.,0.75,3601.21000001282,1922.99999999594,0.833333333333333,0.0,0.714285714285714,1,1,0,0,17.0,0.0,-0.204545454545455,4.632142857142857,65,0.69921875,0.0019683837890625,-2.734375,-0.023193359375,-0.7734375,0.32421875,-0.59765625,-0.26171875,-0.734375,0.388671875,-0.296875,-0.177734375,-0.419921875,1.0703125,-1.0703125,-0.435546875,-0.443359375,0.00958251953125,0.130859375,0.30859375,-0.208984375,0.369140625,-0.484375,-0.07080078125,-0.0576171875,-0.1064453125,-0.27734375,0.328125,0.08984375,-0.390625,-0.0306396484375,0.326171875,-0.6171875,0.0272216796875,-0.025390625,-0.01416015625,0.15234375,-0.5546875,-0.234375,0.10986328125,0.2197265625,-0.244140625,-0.2333984375,0.478515625,-0.421875,0.043212890625,0.66796875,-0.43359375,0.328125,0.0986328125,0.07568359375,0.423828125,0.103515625,-0.388671875,-0.1953125,-0.1630859375,-0.52734375,0.345703125,-0.86328125,-0.061279296875,-1.7578125,-0.158203125,0.7265625,0.56640625,0.546875,0.6015625,0.0025634765625,0.2099609375,-0.380859375,0.3359375,0.7421875,0.328125,0.11572265625,-0.447265625,0.09521484375,0.30078125,-0.52734375,0.84765625,0.279296875,0.1943359375,-0.166015625,0.1396484375,0.11962890625,-0.10302734375,0.205078125,-0.2001953125,-0.8203125,0.66015625,-0.419921875,-0.140625,-0.63671875,-0.2080078125,0.1767578125,-0.703125,0.1689453125,-0.453125,The glass is on the table. Ali bumps the table. The glass BLANK.,The glass is on the table. Ali bumps the table. The glass breaks.,16,9
The glass is on the table. Ali fills the glass halfway. The table is BLANK.,state_nonfollows,target,state_nonfollows_target,dry,wet,3c2ec717-8f5a-49b2-b63c-21230bdc2295,0ab9f4a8-59f3-4c71-975a-36627213f744,The glass is on the table. Ali fills the glass halfway. The table is dry.,0.6875,4047.48571423707,3065.51428567911,0.5,0.5,0.5,0,0,1,1,-9.1875,-1.0,-0.169642857142857,4.563124999999999,73,0.62890625,0.03125,-2.859375,-0.03857421875,-0.76953125,0.328125,-0.63671875,-0.33984375,-0.76171875,0.3359375,-0.2734375,-0.22265625,-0.39453125,1.09375,-1.078125,-0.431640625,-0.40234375,0.042236328125,0.09765625,0.33984375,-0.1904296875,0.337890625,-0.55859375,0.001007080078125,-0.115234375,-0.06640625,-0.32421875,0.2412109375,0.1552734375,-0.302734375,-0.06201171875,0.310546875,-0.71875,-0.078125,-0.0072021484375,-0.039306640625,0.138671875,-0.462890625,-0.22265625,0.1474609375,0.2099609375,-0.291015625,-0.296875,0.4453125,-0.408203125,-0.0230712890625,0.6953125,-0.546875,0.310546875,-0.057373046875,0.04638671875,0.390625,0.1328125,-0.33203125,-0.1923828125,-0.181640625,-0.474609375,0.3671875,-0.875,-0.10205078125,-1.6796875,-0.1552734375,0.75,0.6015625,0.47265625,0.6328125,-0.03466796875,0.263671875,-0.427734375,0.322265625,0.8671875,0.361328125,0.1435546875,-0.48828125,0.2099609375,0.31640625,-0.5546875,0.75,0.21875,0.25,-0.1826171875,0.04541015625,0.1455078125,-0.162109375,0.193359375,-0.1640625,-0.7109375,0.71484375,-0.353515625,-0.0966796875,-0.609375,-0.1865234375,0.2412109375,-0.75390625,0.08349609375,-0.365234375,The glass is on the table. Ali fills the glass halfway. The table is BLANK.,The glass is on the table. Ali fills the glass halfway. The table is dry.,16,20
The glass is on the table. Ali overfills the glass. The table is BLANK.,state_follows,target,state_follows_target,wet,dry,22f43064-1582-43f0-b6bc-eeb0351b09bf,585f23b3-a00b-4f29-83db-138f0d7c07de,The glass is on the table. Ali overfills the glass. The table is wet.,1.0,4169.20714274262,1538.8642856794,,,,1,1,1,1,16.5,0.0,0.133333333333333,3.961333333333333,69,0.62890625,0.022216796875,-2.859375,-0.039794921875,-0.76171875,0.33984375,-0.62890625,-0.337890625,-0.75390625,0.39453125,-0.2578125,-0.2392578125,-0.419921875,1.0625,-1.0859375,-0.47265625,-0.39453125,0.0130615234375,0.1171875,0.3125,-0.1982421875,0.369140625,-0.546875,-0.056640625,-0.103515625,-0.050537109375,-0.2373046875,0.2470703125,0.15234375,-0.32421875,-0.0791015625,0.328125,-0.6875,-0.1171875,0.024169921875,-0.083984375,0.130859375,-0.46875,-0.259765625,0.1494140625,0.1953125,-0.296875,-0.283203125,0.4296875,-0.37890625,-0.0203857421875,0.65625,-0.578125,0.322265625,-0.06494140625,0.0184326171875,0.416015625,0.1357421875,-0.33203125,-0.1689453125,-0.1748046875,-0.498046875,0.34375,-0.84765625,-0.11328125,-1.6796875,-0.140625,0.7734375,0.59765625,0.48046875,0.63671875,-0.0235595703125,0.25390625,-0.42578125,0.31640625,0.87109375,0.265625,0.1435546875,-0.4921875,0.22265625,0.34375,-0.58984375,0.78125,0.2109375,0.27734375,-0.1767578125,0.060546875,0.140625,-0.1572265625,0.173828125,-0.169921875,-0.77734375,0.71484375,-0.373046875,-0.0908203125,-0.609375,-0.19921875,0.236328125,-0.77734375,0.1123046875,-0.392578125,The glass is on the table. Ali overfills the glass. The table is BLANK.,The glass is on the table. Ali overfills the glass. The table is wet.,21,0
The ice cream is on the table. Ali puts the ice cream in the freezer. The ice cream gets BLANK.,state_follows,target,state_follows_target,colder,warmer,,0805047e-ca4d-4241-adaa-b7ed79dac367,The ice cream is on the table. Ali puts the ice cream in the freezer. The ice cream gets colder.,1.0,4351.43636361205,1826.21999994516,,,,1,1,1,1,13.1875,,,4.408095238095238,96,0.59765625,0.050048828125,-2.96875,-0.059814453125,-0.78125,0.328125,-0.5078125,-0.306640625,-0.77734375,0.34375,-0.279296875,-0.1806640625,-0.40234375,1.046875,-1.0859375,-0.486328125,-0.3515625,0.072265625,0.1337890625,0.2373046875,-0.1826171875,0.361328125,-0.52734375,0.003875732421875,-0.1875,0.02783203125,-0.345703125,0.42578125,0.0869140625,-0.3125,-0.0106201171875,0.2275390625,-0.796875,-0.271484375,-0.08203125,-0.000762939453125,0.0908203125,-0.51953125,-0.326171875,0.12890625,0.1962890625,-0.2109375,-0.283203125,0.453125,-0.46875,-0.08740234375,0.69921875,-0.53515625,0.2021484375,0.1552734375,0.0213623046875,0.357421875,0.083984375,-0.369140625,-0.2001953125,-0.146484375,-0.53515625,0.4296875,-0.83203125,-0.06884765625,-1.859375,-0.11962890625,0.6328125,0.59375,0.455078125,0.53515625,0.00482177734375,0.2080078125,-0.490234375,0.458984375,0.921875,0.369140625,0.12109375,-0.435546875,0.12158203125,0.39453125,-0.671875,0.94140625,0.2275390625,0.208984375,-0.150390625,0.08837890625,-0.0294189453125,-0.1806640625,0.2275390625,-0.12451171875,-0.80859375,0.765625,-0.50390625,-0.052490234375,-0.71875,-0.14453125,0.1826171875,-0.67578125,0.1181640625,-0.41015625,The ice cream is on the table. Ali puts the ice cream in the freezer. The ice cream gets BLANK.,The ice cream is on the table. Ali puts the ice cream in the freezer. The ice cream gets colder.,11,0
The ice cube and the banana are in the fridge. Ali takes the banana out of the fridge. The ice cube BLANK.,state_nonfollows,target,state_nonfollows_target,doesn't melt,melts,f8faa110-1377-4007-aa22-04d1afe261ad,8d75287c-f201-450e-aea3-b9b14917a4c4,The ice cube and the banana are in the fridge. Ali takes the banana out of the fridge. The ice cube doesn't melt.,0.857142857142857,5611.25454535793,2703.2090909454,,,,0,1,1,1,-10.3125,-1.0,0.238095238095238,4.1424,113,0.7109375,0.0390625,-2.859375,-0.0498046875,-0.80859375,0.310546875,-0.59765625,-0.302734375,-0.75390625,0.318359375,-0.388671875,-0.181640625,-0.384765625,0.9765625,-1.0390625,-0.416015625,-0.373046875,0.057373046875,0.10400390625,0.30078125,-0.1904296875,0.3828125,-0.41796875,-0.00982666015625,-0.162109375,-0.03955078125,-0.212890625,0.31640625,0.0228271484375,-0.267578125,-0.052734375,0.26953125,-0.7109375,-0.1640625,-0.166015625,0.1015625,0.1591796875,-0.578125,-0.2734375,0.10546875,0.228515625,-0.2421875,-0.306640625,0.44140625,-0.435546875,0.04833984375,0.75390625,-0.3984375,0.263671875,0.033447265625,0.0284423828125,0.375,0.1005859375,-0.4921875,-0.240234375,-0.1748046875,-0.5859375,0.455078125,-0.58203125,-0.095703125,-1.8125,-0.10791015625,0.69921875,0.61328125,0.51171875,0.53515625,0.006683349609375,0.306640625,-0.50390625,0.32421875,0.90625,0.400390625,0.12109375,-0.466796875,0.2138671875,0.392578125,-0.71484375,0.796875,0.28515625,0.08544921875,-0.162109375,0.1240234375,-0.042724609375,-0.0927734375,0.2109375,-0.34375,-0.6953125,0.85546875,-0.44140625,-0.13671875,-0.65625,-0.1708984375,0.208984375,-0.71875,0.21484375,-0.369140625,The ice cube and the banana are in the fridge. Ali takes the banana out of the fridge. The ice cube BLANK.,The ice cube and the banana are in the fridge. Ali takes the banana out of the fridge. The ice cube doesn't melt.,21,0
The ice cube is on the floor. Ali moves the ice cube to the counter. The ice cube gets BLANK.,state_nonfollows,target,state_nonfollows_target,warmer,colder,,0cb9d2f1-7cad-4299-b583-605c64d780f5,The ice cube is on the floor. Ali moves the ice cube to the counter. The ice cube gets warmer.,0.80952380952381,6840.48181820559,3375.13636368141,,,,1,1,1,1,13.5,,,4.272380952380954,94,0.625,0.0419921875,-2.953125,-0.07275390625,-0.80859375,0.384765625,-0.53125,-0.296875,-0.75390625,0.361328125,-0.384765625,-0.205078125,-0.373046875,1.0546875,-1.046875,-0.515625,-0.361328125,0.0732421875,0.1396484375,0.251953125,-0.2099609375,0.3671875,-0.47265625,0.01092529296875,-0.142578125,-0.04541015625,-0.2578125,0.4140625,0.08349609375,-0.291015625,-0.01458740234375,0.328125,-0.796875,-0.267578125,-0.026611328125,0.039794921875,0.0673828125,-0.5625,-0.306640625,0.07080078125,0.203125,-0.2578125,-0.365234375,0.478515625,-0.474609375,0.036376953125,0.71875,-0.4921875,0.2099609375,0.01031494140625,0.072265625,0.3515625,0.08154296875,-0.359375,-0.21875,-0.14453125,-0.53515625,0.388671875,-0.640625,-0.040771484375,-1.796875,-0.0888671875,0.7109375,0.62890625,0.5546875,0.54296875,0.043212890625,0.2080078125,-0.474609375,0.453125,0.984375,0.37109375,0.10693359375,-0.5,0.169921875,0.3359375,-0.62109375,0.859375,0.2490234375,0.193359375,-0.162109375,0.15234375,0.02978515625,-0.16796875,0.228515625,-0.248046875,-0.7734375,0.7109375,-0.46875,-0.142578125,-0.71875,-0.1943359375,0.220703125,-0.75390625,0.1953125,-0.43359375,The ice cube is on the floor. Ali moves the ice cube to the counter. The ice cube gets BLANK.,The ice cube is on the floor. Ali moves the ice cube to the counter. The ice cube gets warmer.,21,0
The icecube is in the freezer. Ali puts the icecube in the frying pan. The icecube BLANK.,state_follows,target,state_follows_target,melts,doesn't melt,804e43b1-7e9e-42e4-a9fd-ea15d8f0e1d3,33f72183-5912-48b0-8859-8b367fdf8069,The icecube is in the freezer. Ali puts the icecube in the frying pan. The icecube melts.,0.818181818181818,4476.49999999752,2108.62500000543,,,,1,1,1,1,13.5625,1.0,0.0086580086580087,3.086666666666668,89,0.68359375,0.054443359375,-2.875,-0.045166015625,-0.76953125,0.34375,-0.59375,-0.345703125,-0.78515625,0.353515625,-0.353515625,-0.1806640625,-0.4296875,1.0390625,-0.96875,-0.427734375,-0.40234375,-0.01416015625,0.1689453125,0.271484375,-0.1767578125,0.37890625,-0.427734375,-0.032958984375,-0.1669921875,-0.0859375,-0.29296875,0.380859375,0.01177978515625,-0.3046875,-0.01287841796875,0.267578125,-0.79296875,-0.036376953125,-0.1162109375,0.043701171875,0.12060546875,-0.55078125,-0.3046875,0.09130859375,0.1953125,-0.23046875,-0.2294921875,0.484375,-0.46875,0.0172119140625,0.76953125,-0.50390625,0.326171875,0.1416015625,0.03076171875,0.5,0.0634765625,-0.431640625,-0.3046875,-0.1748046875,-0.546875,0.375,-0.80078125,-0.03173828125,-1.7890625,-0.1728515625,0.6640625,0.59375,0.515625,0.57421875,0.01068115234375,0.14453125,-0.48828125,0.380859375,0.8984375,0.2734375,0.12890625,-0.48046875,0.1513671875,0.314453125,-0.68359375,0.90625,0.240234375,0.240234375,-0.16015625,0.1484375,-0.049072265625,-0.1884765625,0.2041015625,-0.2197265625,-0.76953125,0.7890625,-0.44921875,-0.138671875,-0.671875,-0.2099609375,0.1943359375,-0.6875,0.1611328125,-0.4765625,The icecube is in the freezer. Ali puts the icecube in the frying pan. The icecube BLANK.,The icecube is in the freezer. Ali puts the icecube in the frying pan. The icecube melts.,11,0
The icecube is in the freezer. Ali puts the icecube in the snow. The icecube BLANK.,state_nonfollows,target,state_nonfollows_target,doesn't melt,melts,00602d6b-5fa3-412c-91c9-a40d51143fd4,b763d1ec-82fd-40dc-bd2f-6c3064a51e2d,The icecube is in the freezer. Ali puts the icecube in the snow. The icecube doesn't melt.,0.952380952380952,4657.27777776371,1610.55454544266,,,,0,1,1,1,-7.625,-1.0,0.0148809523809523,3.254736842105263,90,0.66796875,0.0478515625,-2.875,-0.05419921875,-0.77734375,0.341796875,-0.59375,-0.32421875,-0.78125,0.375,-0.373046875,-0.1796875,-0.423828125,1.0078125,-1.015625,-0.439453125,-0.384765625,-0.012451171875,0.1533203125,0.287109375,-0.18359375,0.380859375,-0.4609375,-0.015869140625,-0.14453125,-0.0947265625,-0.28515625,0.349609375,0.0294189453125,-0.291015625,0.0220947265625,0.240234375,-0.74609375,-0.109375,-0.10986328125,0.039306640625,0.12353515625,-0.54296875,-0.314453125,0.06884765625,0.1982421875,-0.22265625,-0.228515625,0.482421875,-0.4375,0.0196533203125,0.7578125,-0.5234375,0.359375,0.10400390625,0.060791015625,0.498046875,0.0732421875,-0.470703125,-0.32421875,-0.1845703125,-0.5234375,0.392578125,-0.75390625,-0.0751953125,-1.734375,-0.126953125,0.67578125,0.55078125,0.57421875,0.5625,0.048583984375,0.111328125,-0.498046875,0.44140625,0.9375,0.29296875,0.1376953125,-0.470703125,0.2001953125,0.271484375,-0.6953125,0.8203125,0.291015625,0.26171875,-0.138671875,0.1396484375,-0.0291748046875,-0.2177734375,0.2119140625,-0.208984375,-0.75390625,0.8125,-0.45703125,-0.1259765625,-0.72265625,-0.197265625,0.1865234375,-0.640625,0.1806640625,-0.447265625,The icecube is in the freezer. Ali puts the icecube in the snow. The icecube BLANK.,The icecube is in the freezer. Ali puts the icecube in the snow. The icecube doesn't melt.,21,0
The light is unplugged. Ali flips the lightswitch. The light BLANK.,state_nonfollows,target,state_nonfollows_target,stays off,turns on,4ad4d7d6-5f80-414a-aa25-0ccbc1b3243f,1617b03f-dfd2-451d-9038-b50fcb17dd5a,The light is unplugged. Ali flips the lightswitch. The light stays off.,0.8,2544.57999998033,3746.40000001863,,,,0,1,1,1,6.125,-1.0,-0.133333333333333,3.3399999999999994,71,0.63671875,0.0966796875,-2.765625,-0.06494140625,-0.796875,0.380859375,-0.52734375,-0.330078125,-0.8046875,0.470703125,-0.390625,-0.240234375,-0.380859375,1.125,-1.0703125,-0.455078125,-0.35546875,0.1279296875,0.1416015625,0.2890625,-0.1572265625,0.322265625,-0.60546875,-0.052734375,-0.0478515625,-0.03271484375,-0.171875,0.07958984375,0.1826171875,-0.37109375,-0.057373046875,0.3203125,-0.61328125,-0.01007080078125,0.053955078125,-0.1728515625,0.154296875,-0.419921875,-0.427734375,0.1533203125,0.208984375,-0.283203125,-0.4140625,0.34375,-0.42578125,0.021484375,0.6640625,-0.54296875,0.326171875,0.1474609375,0.1123046875,0.640625,0.11572265625,-0.4296875,-0.2119140625,-0.23828125,-0.48828125,0.423828125,-0.77734375,-0.0732421875,-1.5625,-0.146484375,0.703125,0.6328125,0.65234375,0.5546875,0.0111083984375,0.087890625,-0.462890625,0.34765625,0.8984375,0.25390625,0.1494140625,-0.52734375,-0.083984375,0.169921875,-0.462890625,0.78515625,0.31640625,0.10791015625,-0.1923828125,0.11181640625,0.181640625,-0.1640625,0.2353515625,-0.006805419921875,-0.71875,0.80078125,-0.30078125,-0.0615234375,-0.5859375,-0.228515625,0.2353515625,-0.72265625,0.130859375,-0.4140625,The light is unplugged. Ali flips the lightswitch. The light BLANK.,The light is unplugged. Ali flips the lightswitch. The light stays off.,10,0
The painting is East of Ali. Ali turns around. The painting is BLANK Ali.,geocentric_near,target,geocentric_near_target,East of,West of,6a8c8fe3-8d1b-42ec-9ec9-92a4100d1d32,14321555-7ea9-4679-b51e-ac67fb252f49,The painting is East of Ali. Ali turns around. The painting is East of Ali.,0.3125,5620.53333334128,1698.54999995977,0.5,0.5,0.5,0,0,0,0,-8.6875,0.0,-0.0511363636363636,4.565,75,0.60546875,0.037109375,-2.734375,-0.03271484375,-0.69140625,0.408203125,-0.58984375,-0.375,-0.8203125,0.5078125,-0.2314453125,-0.28125,-0.412109375,1.0390625,-1.1796875,-0.421875,-0.333984375,0.0732421875,0.234375,0.283203125,-0.1650390625,0.494140625,-0.62890625,-0.08251953125,-0.09033203125,0.0162353515625,-0.1298828125,-0.1337890625,0.255859375,-0.388671875,-0.02978515625,0.349609375,-0.609375,-0.224609375,-0.053955078125,-0.031494140625,0.1513671875,-0.68359375,-0.33203125,0.14453125,0.2060546875,-0.1943359375,-0.25390625,0.361328125,-0.435546875,0.0546875,0.69921875,-0.69921875,0.4453125,-0.0016937255859375,0.1455078125,0.498046875,0.10693359375,-0.443359375,-0.31640625,-0.1455078125,-0.396484375,0.2578125,-1.1015625,0.01129150390625,-1.578125,-0.1103515625,0.65234375,0.63671875,0.62890625,0.58984375,0.042724609375,0.12060546875,-0.33984375,0.2490234375,0.96875,0.431640625,0.15234375,-0.625,-0.004425048828125,0.1396484375,-0.54296875,0.6328125,0.2431640625,0.2021484375,-0.1669921875,-0.0546875,0.1259765625,-0.1591796875,0.142578125,-0.0859375,-0.75390625,0.87890625,-0.2197265625,-0.216796875,-0.546875,-0.07958984375,0.267578125,-0.83203125,0.10595703125,-0.443359375,The painting is East of Ali. Ali turns around. The painting is BLANK Ali.,The painting is East of Ali. Ali turns around. The painting is East of Ali.,16,14
The painting is East of Ali. Ali turns left. The painting is BLANK Ali.,geocentric_near,target,geocentric_near_target,East of,North of,31048319-127e-40d2-bc3f-3106bddd3c85,fdf94dc5-2cb7-4323-b672-3b0a32f5f7b9,The painting is East of Ali. Ali turns left. The painting is East of Ali.,0.523809523809524,10023.9000000182,2501.5833333234,0.8,1.0,0.875,0,0,0,0,-5.9375,0.0,0.0476190476190477,4.554375000000001,73,0.60546875,0.05126953125,-2.765625,-0.03564453125,-0.6796875,0.44140625,-0.609375,-0.36328125,-0.8203125,0.54296875,-0.251953125,-0.25390625,-0.41015625,1.046875,-1.203125,-0.435546875,-0.314453125,0.083984375,0.2265625,0.259765625,-0.162109375,0.5234375,-0.65234375,-0.0703125,-0.099609375,0.021728515625,-0.169921875,-0.09716796875,0.2333984375,-0.3984375,-0.07763671875,0.302734375,-0.609375,-0.146484375,-0.04345703125,-0.06884765625,0.158203125,-0.69921875,-0.3203125,0.154296875,0.19921875,-0.189453125,-0.2333984375,0.330078125,-0.408203125,0.028076171875,0.67578125,-0.71875,0.466796875,0.003631591796875,0.1337890625,0.396484375,0.11181640625,-0.453125,-0.30859375,-0.1591796875,-0.3515625,0.2255859375,-1.1015625,0.0027313232421875,-1.546875,-0.09033203125,0.6484375,0.64453125,0.66015625,0.5703125,0.0174560546875,0.1103515625,-0.28125,0.2197265625,0.9765625,0.2890625,0.1708984375,-0.6328125,0.00164031982421875,0.169921875,-0.5625,0.6015625,0.2412109375,0.2119140625,-0.166015625,-0.08203125,0.1689453125,-0.08984375,0.17578125,-0.04443359375,-0.7734375,0.87890625,-0.1923828125,-0.205078125,-0.490234375,-0.076171875,0.259765625,-0.8359375,0.068359375,-0.4453125,The painting is East of Ali. Ali turns left. The painting is BLANK Ali.,The painting is East of Ali. Ali turns left. The painting is East of Ali.,21,17
The painting is East of Ali. Ali turns right. The painting is BLANK Ali.,geocentric_near,target,geocentric_near_target,East of,South of,eed5450f-0dbc-4779-a9c6-24c30b8efae3,5f2ceea9-dc97-4a8e-b41e-8340d27dcae0,The painting is East of Ali. Ali turns right. The painting is East of Ali.,0.619047619047619,5402.25555568188,2721.23999992423,0.75,0.5,0.666666666666667,0,0,0,0,-5.1875,0.0,0.190476190476191,4.577500000000001,74,0.59375,0.031005859375,-2.765625,-0.042724609375,-0.68359375,0.4453125,-0.6171875,-0.365234375,-0.8359375,0.51953125,-0.2080078125,-0.26953125,-0.416015625,1.0390625,-1.171875,-0.423828125,-0.326171875,0.0673828125,0.234375,0.25390625,-0.1650390625,0.53515625,-0.65625,-0.08154296875,-0.10400390625,0.044921875,-0.1357421875,-0.0986328125,0.2451171875,-0.3828125,-0.07421875,0.29296875,-0.59375,-0.2236328125,-0.037109375,-0.0703125,0.166015625,-0.69921875,-0.328125,0.1474609375,0.2041015625,-0.1875,-0.25390625,0.32421875,-0.4140625,0.0291748046875,0.67578125,-0.71484375,0.46484375,0.00762939453125,0.1474609375,0.396484375,0.115234375,-0.451171875,-0.3046875,-0.16015625,-0.349609375,0.228515625,-1.1171875,0.0029296875,-1.546875,-0.0986328125,0.64453125,0.64453125,0.66796875,0.578125,0.0260009765625,0.10107421875,-0.2890625,0.2197265625,0.9765625,0.30078125,0.166015625,-0.62890625,-0.0079345703125,0.1376953125,-0.54296875,0.61328125,0.234375,0.2060546875,-0.169921875,-0.0849609375,0.162109375,-0.10009765625,0.1767578125,-0.05322265625,-0.78125,0.875,-0.1943359375,-0.1962890625,-0.5,-0.08203125,0.267578125,-0.828125,0.076171875,-0.451171875,The painting is East of Ali. Ali turns right. The painting is BLANK Ali.,The painting is East of Ali. Ali turns right. The painting is East of Ali.,21,14
The painting is North of Ali. Ali turns around. The painting is BLANK Ali.,geocentric_near,target,geocentric_near_target,North of,South of,c336f326-c40e-4d78-9a8c-e8541c4b0356,259d98cc-7d54-4369-9cee-c39d9df87771,The painting is North of Ali. Ali turns around. The painting is North of Ali.,0.380952380952381,5575.88571412223,1885.0000000298,0.5,0.5,0.5,0,0,1,1,-9.25,0.0,0.0,4.595,77,0.60546875,0.072265625,-2.75,-0.035888671875,-0.69921875,0.435546875,-0.62109375,-0.3671875,-0.82421875,0.498046875,-0.26171875,-0.240234375,-0.396484375,1.0625,-1.21875,-0.41015625,-0.349609375,0.041748046875,0.2353515625,0.251953125,-0.1650390625,0.53125,-0.65234375,-0.06298828125,-0.06201171875,0.051513671875,-0.1865234375,-0.0625,0.259765625,-0.388671875,-0.0634765625,0.2578125,-0.58984375,-0.25390625,-0.0186767578125,-0.044677734375,0.1435546875,-0.6875,-0.36328125,0.1494140625,0.2060546875,-0.2001953125,-0.302734375,0.36328125,-0.4296875,0.0302734375,0.68359375,-0.69140625,0.43359375,-0.044921875,0.150390625,0.455078125,0.1162109375,-0.3984375,-0.294921875,-0.1767578125,-0.38671875,0.271484375,-1.046875,0.01025390625,-1.53125,-0.12255859375,0.6796875,0.65234375,0.65234375,0.6015625,0.01116943359375,0.1435546875,-0.314453125,0.248046875,0.98828125,0.380859375,0.158203125,-0.640625,0.050048828125,0.162109375,-0.52734375,0.6015625,0.296875,0.205078125,-0.1572265625,-0.0927734375,0.15234375,-0.10595703125,0.1591796875,-0.1474609375,-0.69921875,0.84765625,-0.228515625,-0.1953125,-0.5546875,-0.0947265625,0.26953125,-0.8046875,0.1318359375,-0.427734375,The painting is North of Ali. Ali turns around. The painting is BLANK Ali.,The painting is North of Ali. Ali turns around. The painting is North of Ali.,21,14
The painting is North of Ali. Ali turns left. The painting is BLANK Ali.,geocentric_near,target,geocentric_near_target,North of,West of,2557fdfc-883f-443e-bf97-f116ce7e1ffd,fc7cdc2e-21c4-449d-8e3b-d09643846cbf,The painting is North of Ali. Ali turns left. The painting is North of Ali.,0.625,4285.77999999821,5169.44000000954,0.8,1.0,0.857142857142857,0,0,0,0,-9.25,0.0,0.291666666666667,4.5843750000000005,75,0.60546875,0.048583984375,-2.78125,-0.023193359375,-0.69140625,0.44140625,-0.609375,-0.375,-0.828125,0.50390625,-0.279296875,-0.2431640625,-0.404296875,1.0234375,-1.2109375,-0.458984375,-0.33203125,0.08544921875,0.228515625,0.2734375,-0.1552734375,0.54296875,-0.65625,-0.06103515625,-0.0537109375,0.03271484375,-0.1513671875,-0.138671875,0.251953125,-0.40234375,-0.10009765625,0.25,-0.59375,-0.18359375,-0.0216064453125,-0.06640625,0.150390625,-0.70703125,-0.322265625,0.1435546875,0.203125,-0.1982421875,-0.27734375,0.345703125,-0.408203125,0.01031494140625,0.68359375,-0.71875,0.45703125,-0.0274658203125,0.12060546875,0.404296875,0.11962890625,-0.427734375,-0.291015625,-0.1826171875,-0.365234375,0.240234375,-1.078125,0.00139617919921875,-1.5234375,-0.11181640625,0.67578125,0.66015625,0.67578125,0.57421875,-0.006622314453125,0.1279296875,-0.26953125,0.208984375,0.9765625,0.2490234375,0.1728515625,-0.6171875,0.060302734375,0.1494140625,-0.5390625,0.59765625,0.30078125,0.2119140625,-0.154296875,-0.09619140625,0.1748046875,-0.059814453125,0.17578125,-0.06591796875,-0.71484375,0.83203125,-0.2060546875,-0.1845703125,-0.51171875,-0.1181640625,0.265625,-0.8203125,0.0947265625,-0.423828125,The painting is North of Ali. Ali turns left. The painting is BLANK Ali.,The painting is North of Ali. Ali turns left. The painting is North of Ali.,16,15
The painting is North of Ali. Ali turns right. The painting is BLANK Ali.,geocentric_near,target,geocentric_near_target,North of,East of,96e6dab3-7f1c-4091-b4c1-66c60d0ae4f1,56e0ef8c-a438-4942-90a4-b8ed0b45e5a9,The painting is North of Ali. Ali turns right. The painting is North of Ali.,0.375,4979.01666666567,680.259999990463,0.5,1.0,0.714285714285714,0,0,0,0,-10.8125,0.0,-0.0795454545454545,4.6075,76,0.6015625,0.0400390625,-2.78125,-0.039794921875,-0.6875,0.439453125,-0.625,-0.37109375,-0.8359375,0.53515625,-0.2431640625,-0.248046875,-0.404296875,1.015625,-1.1953125,-0.443359375,-0.328125,0.05859375,0.2294921875,0.26171875,-0.1611328125,0.5546875,-0.66015625,-0.07421875,-0.0595703125,0.05224609375,-0.1669921875,-0.09619140625,0.2578125,-0.404296875,-0.1025390625,0.26171875,-0.58984375,-0.1787109375,-0.0034332275390625,-0.07666015625,0.154296875,-0.7109375,-0.330078125,0.13671875,0.2021484375,-0.19140625,-0.296875,0.32421875,-0.412109375,0.00714111328125,0.67578125,-0.71875,0.455078125,-0.033447265625,0.123046875,0.41015625,0.12060546875,-0.427734375,-0.294921875,-0.1787109375,-0.35546875,0.2412109375,-1.078125,-0.00592041015625,-1.53125,-0.10791015625,0.671875,0.65625,0.68359375,0.5859375,0.0074462890625,0.1328125,-0.267578125,0.216796875,0.984375,0.255859375,0.16796875,-0.62109375,0.0419921875,0.1474609375,-0.51953125,0.609375,0.298828125,0.19921875,-0.158203125,-0.1015625,0.1787109375,-0.06494140625,0.1796875,-0.0654296875,-0.73046875,0.83203125,-0.2021484375,-0.1826171875,-0.52734375,-0.126953125,0.267578125,-0.8125,0.09423828125,-0.4296875,The painting is North of Ali. Ali turns right. The painting is BLANK Ali.,The painting is North of Ali. Ali turns right. The painting is North of Ali.,16,16
The painting is South of Ali. Ali turns around. The painting is BLANK Ali.,geocentric_near,target,geocentric_near_target,South of,North of,1b7cf05c-7c1f-4e09-8e90-cef0c5132ef7,8367bb5a-4d50-4466-b766-1c9cfe03964b,The painting is South of Ali. Ali turns around. The painting is South of Ali.,0.5,4530.52222222752,1838.39999999781,0.8,0.5,0.714285714285714,0,0,1,1,-8.5,0.0,0.1875,4.605,77,0.6015625,0.0712890625,-2.75,-0.0380859375,-0.69140625,0.435546875,-0.6015625,-0.357421875,-0.8359375,0.498046875,-0.251953125,-0.2578125,-0.396484375,1.078125,-1.203125,-0.421875,-0.35546875,0.04638671875,0.2373046875,0.248046875,-0.166015625,0.53125,-0.6640625,-0.058837890625,-0.07275390625,0.05615234375,-0.1787109375,-0.0712890625,0.263671875,-0.392578125,-0.04736328125,0.2392578125,-0.60546875,-0.263671875,-0.0269775390625,-0.0380859375,0.13671875,-0.703125,-0.345703125,0.13671875,0.203125,-0.19921875,-0.29296875,0.35546875,-0.435546875,0.040283203125,0.69140625,-0.6953125,0.44140625,-0.057861328125,0.1640625,0.46875,0.10546875,-0.431640625,-0.310546875,-0.1494140625,-0.400390625,0.251953125,-1.0859375,0.017333984375,-1.5390625,-0.11279296875,0.66015625,0.64453125,0.6328125,0.59765625,0.034912109375,0.1142578125,-0.357421875,0.267578125,0.9765625,0.421875,0.158203125,-0.609375,0.017822265625,0.12890625,-0.51953125,0.578125,0.275390625,0.1826171875,-0.169921875,-0.0859375,0.14453125,-0.1650390625,0.16796875,-0.109375,-0.72265625,0.84765625,-0.21484375,-0.220703125,-0.53515625,-0.07666015625,0.26953125,-0.8046875,0.1396484375,-0.423828125,The painting is South of Ali. Ali turns around. The painting is BLANK Ali.,The painting is South of Ali. Ali turns around. The painting is South of Ali.,20,13
The painting is South of Ali. Ali turns left. The painting is BLANK Ali.,geocentric_near,target,geocentric_near_target,South of,East of,4f955fa4-d04d-421a-bf56-8c11c3daaf4b,388f87fc-7d6f-42d9-baa2-180cee60026e,The painting is South of Ali. Ali turns left. The painting is South of Ali.,0.545454545454545,6643.76249997085,2235.46666671046,0.5,1.0,0.75,0,0,0,0,-8.375,0.0,0.278787878787879,4.594375,75,0.59765625,0.052001953125,-2.765625,-0.03369140625,-0.68359375,0.45703125,-0.60546875,-0.369140625,-0.83984375,0.5234375,-0.228515625,-0.271484375,-0.404296875,1.0625,-1.171875,-0.44921875,-0.33203125,0.07666015625,0.244140625,0.26171875,-0.15625,0.546875,-0.6796875,-0.052978515625,-0.07666015625,0.06689453125,-0.140625,-0.115234375,0.2578125,-0.396484375,-0.08251953125,0.22265625,-0.6015625,-0.267578125,-0.041259765625,-0.0712890625,0.1533203125,-0.7265625,-0.330078125,0.126953125,0.2041015625,-0.189453125,-0.283203125,0.3359375,-0.408203125,0.00933837890625,0.67578125,-0.71875,0.466796875,-0.0245361328125,0.14453125,0.40625,0.10986328125,-0.4453125,-0.302734375,-0.166015625,-0.3671875,0.2197265625,-1.1171875,0.00927734375,-1.5234375,-0.10791015625,0.6484375,0.65234375,0.6640625,0.5859375,0.0240478515625,0.09228515625,-0.296875,0.2236328125,0.96875,0.283203125,0.173828125,-0.6015625,0.01129150390625,0.1083984375,-0.53515625,0.59375,0.26171875,0.1796875,-0.171875,-0.09423828125,0.193359375,-0.10546875,0.1865234375,-0.052490234375,-0.74609375,0.83984375,-0.193359375,-0.2099609375,-0.48828125,-0.10009765625,0.265625,-0.81640625,0.10791015625,-0.41796875,The painting is South of Ali. Ali turns left. The painting is BLANK Ali.,The painting is South of Ali. Ali turns left. The painting is South of Ali.,11,16
The painting is South of Ali. Ali turns right. The painting is BLANK Ali.,geocentric_near,target,geocentric_near_target,South of,West of,82848503-539c-499b-861b-98b068c6703d,d2717556-613e-4cc6-8a14-bc04bbd1740c,The painting is South of Ali. Ali turns right. The painting is South of Ali.,0.545454545454545,8530.93999996372,2429.89999997616,0.4,1.0,0.666666666666667,0,0,0,0,-9.3125,0.0,0.278787878787879,4.617500000000001,76,0.58984375,0.027587890625,-2.765625,-0.031982421875,-0.6875,0.443359375,-0.59765625,-0.3671875,-0.84765625,0.484375,-0.22265625,-0.28125,-0.41015625,1.046875,-1.1640625,-0.455078125,-0.34375,0.07666015625,0.2392578125,0.26953125,-0.158203125,0.55078125,-0.671875,-0.06298828125,-0.0654296875,0.0703125,-0.1064453125,-0.14453125,0.26953125,-0.390625,-0.08544921875,0.2294921875,-0.58984375,-0.279296875,-0.038330078125,-0.060302734375,0.1513671875,-0.7265625,-0.322265625,0.1298828125,0.20703125,-0.193359375,-0.28125,0.328125,-0.4140625,0.0233154296875,0.6796875,-0.71484375,0.466796875,-0.033447265625,0.154296875,0.408203125,0.111328125,-0.44921875,-0.302734375,-0.1611328125,-0.37109375,0.2255859375,-1.109375,0.006134033203125,-1.5234375,-0.10888671875,0.6484375,0.65234375,0.66796875,0.58984375,0.035400390625,0.095703125,-0.3125,0.228515625,0.96484375,0.294921875,0.1708984375,-0.58984375,0.022705078125,0.087890625,-0.52734375,0.578125,0.26171875,0.185546875,-0.169921875,-0.0986328125,0.1689453125,-0.11181640625,0.1826171875,-0.045166015625,-0.75,0.828125,-0.19140625,-0.2080078125,-0.498046875,-0.09716796875,0.271484375,-0.81640625,0.10791015625,-0.431640625,The painting is South of Ali. Ali turns right. The painting is BLANK Ali.,The painting is South of Ali. Ali turns right. The painting is South of Ali.,11,17
The painting is West of Ali. Ali turns around. The painting is BLANK Ali.,geocentric_near,target,geocentric_near_target,West of,East of,a653c649-87e0-43c7-b715-9f9f05d26a61,90c1e22f-06ef-4e79-bebf-1f933f4395e6,The painting is West of Ali. Ali turns around. The painting is West of Ali.,0.454545454545455,7929.54999997933,946.060000002384,0.8,0.75,0.777777777777778,0,0,1,1,-7.6875,0.0,0.121212121212121,4.5874999999999995,75,0.6015625,0.0286865234375,-2.75,-0.026611328125,-0.6953125,0.40625,-0.58984375,-0.376953125,-0.82421875,0.4921875,-0.2353515625,-0.27734375,-0.404296875,1.03125,-1.15625,-0.43359375,-0.349609375,0.06298828125,0.2314453125,0.287109375,-0.162109375,0.484375,-0.64453125,-0.09912109375,-0.060791015625,0.0296630859375,-0.10791015625,-0.1572265625,0.255859375,-0.41015625,-0.052978515625,0.361328125,-0.61328125,-0.2216796875,-0.0159912109375,-0.0556640625,0.146484375,-0.68359375,-0.33203125,0.134765625,0.205078125,-0.1904296875,-0.26953125,0.33984375,-0.427734375,0.03759765625,0.69140625,-0.69921875,0.46484375,-0.0380859375,0.158203125,0.48828125,0.10888671875,-0.435546875,-0.3046875,-0.1494140625,-0.3828125,0.259765625,-1.1015625,0.0238037109375,-1.546875,-0.12255859375,0.6640625,0.64453125,0.62890625,0.59375,0.04931640625,0.126953125,-0.33984375,0.265625,0.9921875,0.416015625,0.146484375,-0.609375,-0.0072021484375,0.1533203125,-0.5390625,0.6328125,0.275390625,0.189453125,-0.16015625,-0.038330078125,0.134765625,-0.1572265625,0.1474609375,-0.0986328125,-0.73046875,0.8515625,-0.2158203125,-0.216796875,-0.546875,-0.08349609375,0.2734375,-0.828125,0.146484375,-0.439453125,The painting is West of Ali. Ali turns around. The painting is BLANK Ali.,The painting is West of Ali. Ali turns around. The painting is West of Ali.,11,15
The painting is West of Ali. Ali turns left. The painting is BLANK Ali.,geocentric_near,target,geocentric_near_target,West of,South of,e1ba7f24-bbfb-4768-ae0f-d0b4d2116628,755f2c4d-3da2-4db8-bedd-f1a04cb521da,The painting is West of Ali. Ali turns left. The painting is West of Ali.,0.45,5466.41249999823,2557.14285714179,0.5,0.333333333333333,0.428571428571429,0,0,0,0,-8.25,0.0,0.2625,4.576875,73,0.59375,0.0311279296875,-2.765625,-0.0194091796875,-0.6953125,0.447265625,-0.6015625,-0.37109375,-0.828125,0.4765625,-0.2451171875,-0.265625,-0.408203125,1.046875,-1.1640625,-0.455078125,-0.341796875,0.080078125,0.234375,0.26953125,-0.1533203125,0.51171875,-0.66796875,-0.08349609375,-0.061279296875,0.033935546875,-0.09716796875,-0.1630859375,0.240234375,-0.40234375,-0.09765625,0.29296875,-0.60546875,-0.2294921875,-0.0240478515625,-0.08984375,0.1533203125,-0.69921875,-0.306640625,0.1396484375,0.2021484375,-0.193359375,-0.25,0.326171875,-0.40234375,0.0137939453125,0.6796875,-0.72265625,0.48828125,-0.0281982421875,0.16015625,0.392578125,0.11474609375,-0.44140625,-0.294921875,-0.169921875,-0.345703125,0.228515625,-1.109375,0.005340576171875,-1.4921875,-0.11865234375,0.66015625,0.6640625,0.66796875,0.56640625,0.025146484375,0.109375,-0.287109375,0.22265625,0.98828125,0.271484375,0.1669921875,-0.61328125,-0.0030364990234375,0.1376953125,-0.55078125,0.609375,0.251953125,0.20703125,-0.15625,-0.06640625,0.1669921875,-0.10205078125,0.1767578125,-0.06689453125,-0.74609375,0.84375,-0.1923828125,-0.2021484375,-0.486328125,-0.08154296875,0.275390625,-0.83203125,0.1181640625,-0.44140625,The painting is West of Ali. Ali turns left. The painting is BLANK Ali.,The painting is West of Ali. Ali turns left. The painting is West of Ali.,20,14
The painting is West of Ali. Ali turns right. The painting is BLANK Ali.,geocentric_near,target,geocentric_near_target,West of,North of,829bce68-680e-4aba-867b-66c139019138,7fb75cc7-af4d-4698-9d29-a9b064fdde65,The painting is West of Ali. Ali turns right. The painting is West of Ali.,0.5,7618.33749998128,4989.5571428399,0.8,0.75,0.777777777777778,0,0,0,0,-8.0625,0.0,0.0625,4.6,74,0.59765625,0.0186767578125,-2.765625,-0.0279541015625,-0.69140625,0.427734375,-0.6015625,-0.361328125,-0.83203125,0.490234375,-0.251953125,-0.259765625,-0.41015625,1.0234375,-1.171875,-0.458984375,-0.337890625,0.0732421875,0.2197265625,0.2734375,-0.1591796875,0.5234375,-0.65625,-0.09326171875,-0.052978515625,0.024169921875,-0.111328125,-0.1513671875,0.251953125,-0.408203125,-0.103515625,0.31640625,-0.609375,-0.158203125,0.001708984375,-0.09228515625,0.150390625,-0.703125,-0.3046875,0.142578125,0.1982421875,-0.1943359375,-0.255859375,0.30859375,-0.408203125,0.023193359375,0.67578125,-0.71875,0.484375,-0.039794921875,0.1572265625,0.3984375,0.1162109375,-0.4453125,-0.298828125,-0.166015625,-0.33984375,0.2294921875,-1.109375,0.00074005126953125,-1.5,-0.11279296875,0.65625,0.66015625,0.6640625,0.578125,0.040771484375,0.125,-0.29296875,0.236328125,0.99609375,0.275390625,0.1591796875,-0.60546875,-0.01123046875,0.1455078125,-0.54296875,0.609375,0.267578125,0.205078125,-0.1572265625,-0.07080078125,0.1513671875,-0.09765625,0.1708984375,-0.046875,-0.76171875,0.8359375,-0.1904296875,-0.193359375,-0.498046875,-0.08837890625,0.2734375,-0.828125,0.111328125,-0.44921875,The painting is West of Ali. Ali turns right. The painting is BLANK Ali.,The painting is West of Ali. Ali turns right. The painting is West of Ali.,20,17
The painting is behind Ali. Ali turns around. The painting is BLANK Ali.,egocentric_near,target,egocentric_near_target,in front of,behind,7bbd54c0-fc6d-4875-b22b-fd3f9372615c,f9213fc9-1eb1-4ca9-bf7a-e3aba19acb8d,The painting is behind Ali. Ali turns around. The painting is in front of Ali.,0.952380952380952,4801.235714271,1296.72307686594,,,,0,1,1,1,9.3125,-1.0,0.139880952380952,4.588125,78,0.6171875,0.06689453125,-2.75,-0.05517578125,-0.7265625,0.400390625,-0.6171875,-0.427734375,-0.765625,0.408203125,-0.31640625,-0.1748046875,-0.3828125,1.0625,-1.140625,-0.470703125,-0.40234375,0.11669921875,0.162109375,0.30859375,-0.1796875,0.427734375,-0.57421875,-0.00787353515625,-0.02685546875,0.0286865234375,-0.2177734375,-0.00139617919921875,0.267578125,-0.3671875,-0.03271484375,0.279296875,-0.59375,-0.28125,-0.0089111328125,-0.038330078125,0.16796875,-0.6875,-0.4140625,0.140625,0.21484375,-0.27734375,-0.310546875,0.330078125,-0.43359375,0.034423828125,0.73046875,-0.66796875,0.41796875,0.0135498046875,0.07421875,0.54296875,0.1015625,-0.33984375,-0.2412109375,-0.2197265625,-0.439453125,0.296875,-0.828125,-0.02001953125,-1.5859375,-0.16796875,0.69140625,0.58984375,0.68359375,0.60546875,-0.0035400390625,0.16796875,-0.255859375,0.3125,0.9609375,0.28515625,0.1396484375,-0.58984375,0.0242919921875,0.265625,-0.466796875,0.80859375,0.365234375,0.23046875,-0.1435546875,-0.06591796875,0.045654296875,-0.177734375,0.2353515625,-0.1416015625,-0.63671875,0.77734375,-0.271484375,-0.11572265625,-0.60546875,-0.1435546875,0.275390625,-0.79296875,0.10107421875,-0.400390625,The painting is behind Ali. Ali turns around. The painting is BLANK Ali.,The painting is behind Ali. Ali turns around. The painting is in front of Ali.,21,0
The painting is behind Ali. Ali turns left. The painting is BLANK Ali.,egocentric_near,target,egocentric_near_target,left of,right of,fd49c9b1-7173-4339-939b-4e1848f1c791,59fc66d4-3afa-42da-a45d-f73f7a531076,The painting is behind Ali. Ali turns left. The painting is left of Ali.,0.666666666666667,6701.91249990766,4192.05555561371,0.5,1.0,0.714285714285714,0,0,0,0,2.625,-1.0,0.166666666666667,4.552666666666666,72,0.62890625,0.0400390625,-2.78125,-0.057373046875,-0.7421875,0.458984375,-0.57421875,-0.4140625,-0.7734375,0.498046875,-0.291015625,-0.25,-0.408203125,1.046875,-1.15625,-0.5546875,-0.357421875,0.0673828125,0.185546875,0.294921875,-0.1572265625,0.486328125,-0.59375,-0.0247802734375,-0.00787353515625,0.037841796875,-0.1875,-0.0791015625,0.2353515625,-0.3828125,-0.040771484375,0.248046875,-0.5859375,-0.2490234375,-0.024658203125,-0.087890625,0.16796875,-0.7109375,-0.3515625,0.158203125,0.2236328125,-0.251953125,-0.314453125,0.32421875,-0.404296875,0.01806640625,0.71484375,-0.6640625,0.388671875,-0.039794921875,0.0986328125,0.474609375,0.134765625,-0.35546875,-0.25,-0.2099609375,-0.431640625,0.3046875,-0.97265625,-0.03857421875,-1.5859375,-0.1669921875,0.64453125,0.6328125,0.68359375,0.59765625,-0.023681640625,0.154296875,-0.306640625,0.2890625,0.9296875,0.2431640625,0.1806640625,-0.55859375,-0.02783203125,0.2138671875,-0.48828125,0.7578125,0.306640625,0.19140625,-0.158203125,-0.09716796875,0.103515625,-0.1240234375,0.2451171875,-0.08837890625,-0.66796875,0.80078125,-0.2353515625,-0.11328125,-0.57421875,-0.1376953125,0.287109375,-0.796875,0.11328125,-0.423828125,The painting is behind Ali. Ali turns left. The painting is BLANK Ali.,The painting is behind Ali. Ali turns left. The painting is left of Ali.,21,18
The painting is behind Ali. Ali turns right. The painting is BLANK Ali.,egocentric_near,target,egocentric_near_target,right of,left of,1a2464fe-f332-4cb1-9a18-368fbf54b2bd,d9a06eb9-fb5e-4c97-bf49-13abe5a6d259,The painting is behind Ali. Ali turns right. The painting is right of Ali.,0.9,4921.3599999981,1992.91111109406,,,,0,1,1,1,4.6875,-1.0,0.275,4.6,74,0.625,0.021484375,-2.796875,-0.0654296875,-0.74609375,0.44140625,-0.578125,-0.41796875,-0.78515625,0.498046875,-0.275390625,-0.265625,-0.41796875,1.03125,-1.1328125,-0.5546875,-0.365234375,0.056640625,0.185546875,0.298828125,-0.1650390625,0.498046875,-0.578125,-0.049072265625,-0.00665283203125,0.0703125,-0.1630859375,-0.07373046875,0.2451171875,-0.37890625,-0.043701171875,0.271484375,-0.57421875,-0.197265625,-0.0257568359375,-0.091796875,0.1767578125,-0.70703125,-0.345703125,0.1455078125,0.228515625,-0.255859375,-0.330078125,0.328125,-0.4140625,0.029052734375,0.73046875,-0.703125,0.38671875,-0.0294189453125,0.109375,0.5,0.13671875,-0.375,-0.2578125,-0.2041015625,-0.41796875,0.306640625,-0.98046875,-0.0267333984375,-1.5859375,-0.1591796875,0.6484375,0.625,0.6796875,0.609375,-0.017822265625,0.1650390625,-0.314453125,0.294921875,0.9296875,0.259765625,0.1796875,-0.55859375,-0.037109375,0.2138671875,-0.47265625,0.75,0.3125,0.18359375,-0.162109375,-0.09423828125,0.09814453125,-0.1298828125,0.23828125,-0.10546875,-0.69140625,0.80859375,-0.2421875,-0.10888671875,-0.5703125,-0.138671875,0.279296875,-0.80078125,0.1181640625,-0.44140625,The painting is behind Ali. Ali turns right. The painting is BLANK Ali.,The painting is behind Ali. Ali turns right. The painting is right of Ali.,10,0
The painting is in front of Ali. Ali turns around. The painting is BLANK Ali.,egocentric_near,target,egocentric_near_target,behind,in front of,d2fe0223-575a-450c-a3e3-eb811555491c,19f5c34c-719a-4431-b54f-040c78a1ca51,The painting is in front of Ali. Ali turns around. The painting is behind Ali.,0.909090909090909,3426.70909091509,929.25,,,,1,1,1,1,12.625,1.0,0.0995670995670995,4.588125,78,0.6328125,0.061767578125,-2.75,-0.048583984375,-0.7421875,0.373046875,-0.6484375,-0.427734375,-0.72265625,0.384765625,-0.3203125,-0.2021484375,-0.412109375,1.0625,-1.1484375,-0.46484375,-0.419921875,0.134765625,0.1796875,0.3125,-0.173828125,0.390625,-0.58984375,-0.03125,-0.0537109375,0.08154296875,-0.21875,0.03564453125,0.19140625,-0.326171875,-0.0301513671875,0.326171875,-0.65234375,-0.259765625,0.01080322265625,0.0126953125,0.1533203125,-0.62890625,-0.384765625,0.1435546875,0.1884765625,-0.263671875,-0.287109375,0.35546875,-0.4453125,0.00848388671875,0.69140625,-0.67578125,0.35546875,-0.0230712890625,0.046875,0.55859375,0.0751953125,-0.35546875,-0.2578125,-0.1943359375,-0.48046875,0.306640625,-0.78125,-0.01507568359375,-1.6875,-0.10595703125,0.6796875,0.625,0.65234375,0.6171875,0.0299072265625,0.1943359375,-0.279296875,0.27734375,0.9609375,0.287109375,0.1689453125,-0.5859375,0.08740234375,0.302734375,-0.478515625,0.83203125,0.35546875,0.220703125,-0.1689453125,-0.04931640625,0.0245361328125,-0.1787109375,0.2294921875,-0.1142578125,-0.65625,0.8125,-0.298828125,-0.115234375,-0.6015625,-0.142578125,0.263671875,-0.7890625,0.12890625,-0.40234375,The painting is in front of Ali. Ali turns around. The painting is BLANK Ali.,The painting is in front of Ali. Ali turns around. The painting is behind Ali.,11,0
The painting is in front of Ali. Ali turns left. The painting is BLANK Ali.,egocentric_near,target,egocentric_near_target,right of,left of,d5c1bed7-60b5-4b91-90d9-a047d1788f12,5666700d-9f25-4fbd-a017-6492fe04606e,The painting is in front of Ali. Ali turns left. The painting is right of Ali.,0.9,6582.05454546213,2304.16999999769,,,,0,1,1,1,-4.0,0.0,0.127272727272727,4.663529411764706,78,0.640625,0.040283203125,-2.765625,-0.0478515625,-0.75390625,0.43359375,-0.61328125,-0.41796875,-0.734375,0.4609375,-0.296875,-0.259765625,-0.4296875,1.0390625,-1.1328125,-0.55078125,-0.369140625,0.1044921875,0.1923828125,0.298828125,-0.1572265625,0.447265625,-0.609375,-0.033203125,-0.04931640625,0.11083984375,-0.16796875,-0.07177734375,0.21484375,-0.34375,-0.0281982421875,0.302734375,-0.64453125,-0.23828125,-0.043701171875,-0.052978515625,0.1640625,-0.65625,-0.3359375,0.142578125,0.197265625,-0.24609375,-0.30859375,0.3515625,-0.421875,0.046630859375,0.69140625,-0.6875,0.337890625,-0.044189453125,0.06689453125,0.486328125,0.1015625,-0.341796875,-0.26953125,-0.20703125,-0.46484375,0.2890625,-0.88671875,-0.01544189453125,-1.609375,-0.1025390625,0.6875,0.63671875,0.6640625,0.6484375,0.00518798828125,0.166015625,-0.306640625,0.2578125,0.96484375,0.18359375,0.1923828125,-0.5625,0.038818359375,0.27734375,-0.48828125,0.79296875,0.322265625,0.16796875,-0.16015625,-0.054931640625,0.06689453125,-0.142578125,0.24609375,-0.0849609375,-0.6796875,0.83203125,-0.275390625,-0.10107421875,-0.6015625,-0.140625,0.279296875,-0.796875,0.12060546875,-0.4296875,The painting is in front of Ali. Ali turns left. The painting is BLANK Ali.,The painting is in front of Ali. Ali turns left. The painting is right of Ali.,20,0
The painting is in front of Ali. Ali turns right. The painting is BLANK Ali.,egocentric_near,target,egocentric_near_target,left of,right of,283f0702-3b71-4e3a-8530-ca64b90b76b6,f0714c55-5e03-4f80-8171-fb4af78e1ad8,The painting is in front of Ali. Ali turns right. The painting is left of Ali.,0.761904761904762,6817.1363636301,1971.26363638179,0.5,1.0,0.7,0,1,1,1,-7.125,0.0,-0.0108225108225108,4.6652941176470595,78,0.63671875,0.0252685546875,-2.765625,-0.054931640625,-0.75390625,0.423828125,-0.61328125,-0.41015625,-0.75,0.45703125,-0.275390625,-0.263671875,-0.435546875,1.0234375,-1.1171875,-0.55078125,-0.37109375,0.09375,0.1875,0.294921875,-0.1552734375,0.44921875,-0.609375,-0.03759765625,-0.044677734375,0.09619140625,-0.1708984375,-0.0703125,0.20703125,-0.3359375,-0.034423828125,0.29296875,-0.64453125,-0.25,-0.036376953125,-0.06103515625,0.1611328125,-0.66015625,-0.337890625,0.1484375,0.197265625,-0.24609375,-0.3046875,0.337890625,-0.431640625,0.02783203125,0.6875,-0.6796875,0.330078125,-0.050048828125,0.06640625,0.458984375,0.1044921875,-0.3359375,-0.259765625,-0.2080078125,-0.46484375,0.296875,-0.88671875,-0.0247802734375,-1.6171875,-0.1142578125,0.68359375,0.640625,0.65625,0.640625,0.02490234375,0.1708984375,-0.30859375,0.255859375,0.953125,0.1923828125,0.1845703125,-0.5625,0.029541015625,0.2578125,-0.47265625,0.796875,0.30078125,0.1650390625,-0.1630859375,-0.060791015625,0.054931640625,-0.1474609375,0.25390625,-0.08837890625,-0.68359375,0.828125,-0.265625,-0.107421875,-0.60546875,-0.1474609375,0.29296875,-0.78515625,0.119140625,-0.4140625,The painting is in front of Ali. Ali turns right. The painting is BLANK Ali.,The painting is in front of Ali. Ali turns right. The painting is left of Ali.,21,15
The painting is left of Ali. Ali turns around. The painting is BLANK Ali.,egocentric_near,target,egocentric_near_target,right of,left of,6da6e952-6afa-4e20-8307-4363b84096c6,d7a5f10b-56f3-4321-a665-c2c94f57e605,The painting is left of Ali. Ali turns around. The painting is right of Ali.,0.5,7656.07777778142,4717.96666667569,0.666666666666667,0.5,0.625,0,1,1,1,9.75,0.0,-0.366666666666667,4.65625,76,0.640625,0.04541015625,-2.75,-0.05322265625,-0.75,0.4296875,-0.57421875,-0.419921875,-0.7421875,0.4921875,-0.287109375,-0.291015625,-0.41015625,1.0546875,-1.1328125,-0.5390625,-0.361328125,0.064453125,0.20703125,0.287109375,-0.1728515625,0.498046875,-0.578125,-0.0234375,-0.0257568359375,0.080078125,-0.18359375,-0.09228515625,0.2412109375,-0.361328125,-0.0177001953125,0.255859375,-0.59375,-0.2236328125,-0.0966796875,-0.02685546875,0.16015625,-0.6875,-0.345703125,0.1474609375,0.220703125,-0.2470703125,-0.279296875,0.32421875,-0.427734375,0.0179443359375,0.7265625,-0.72265625,0.435546875,-0.0106201171875,0.1005859375,0.5,0.1298828125,-0.333984375,-0.234375,-0.2431640625,-0.458984375,0.3046875,-0.9375,-0.00689697265625,-1.5546875,-0.09521484375,0.6953125,0.640625,0.6875,0.57421875,-0.001434326171875,0.14453125,-0.28515625,0.25390625,0.98046875,0.365234375,0.1669921875,-0.58984375,-0.01116943359375,0.2109375,-0.494140625,0.765625,0.34375,0.220703125,-0.1611328125,-0.115234375,0.1396484375,-0.1259765625,0.21875,-0.1552734375,-0.68359375,0.83203125,-0.224609375,-0.1533203125,-0.59765625,-0.166015625,0.2451171875,-0.8203125,0.1142578125,-0.44921875,The painting is left of Ali. Ali turns around. The painting is BLANK Ali.,The painting is left of Ali. Ali turns around. The painting is right of Ali.,16,11
The painting is left of Ali. Ali turns left. The painting is BLANK Ali.,egocentric_near,target,egocentric_near_target,in front of,behind,c8169885-6d57-48cb-bc8e-e2ff0a52eefa,d5b1a90a-f4ac-43b6-bd61-6e2d513aaecc,The painting is left of Ali. Ali turns left. The painting is in front of Ali.,0.875,5217.16363636472,2052.1700000152,,,,0,0,1,1,2.5,0.0,0.075,4.643529411764706,77,0.625,0.057861328125,-2.765625,-0.040283203125,-0.7265625,0.439453125,-0.625,-0.42578125,-0.7421875,0.4296875,-0.330078125,-0.2041015625,-0.396484375,1.0625,-1.1328125,-0.51171875,-0.373046875,0.1513671875,0.189453125,0.28515625,-0.177734375,0.474609375,-0.578125,0.007232666015625,-0.04248046875,0.08203125,-0.2080078125,-0.0703125,0.2294921875,-0.359375,-0.07421875,0.267578125,-0.6328125,-0.2490234375,-0.037109375,-0.046142578125,0.150390625,-0.6796875,-0.306640625,0.1376953125,0.20703125,-0.259765625,-0.26953125,0.35546875,-0.40234375,0.003662109375,0.74609375,-0.61328125,0.400390625,-0.0302734375,0.0849609375,0.46484375,0.125,-0.35546875,-0.234375,-0.216796875,-0.416015625,0.326171875,-0.88671875,-0.08984375,-1.546875,-0.1943359375,0.67578125,0.609375,0.62890625,0.515625,-0.0478515625,0.146484375,-0.205078125,0.2275390625,0.96484375,0.294921875,0.162109375,-0.62109375,0.0556640625,0.2236328125,-0.49609375,0.765625,0.302734375,0.244140625,-0.1474609375,-0.11669921875,0.13671875,-0.1318359375,0.259765625,-0.10302734375,-0.6796875,0.76171875,-0.2255859375,-0.11669921875,-0.57421875,-0.1630859375,0.259765625,-0.8046875,0.08349609375,-0.412109375,The painting is left of Ali. Ali turns left. The painting is BLANK Ali.,The painting is left of Ali. Ali turns left. The painting is in front of Ali.,16,0
The painting is left of Ali. Ali turns right. The painting is BLANK Ali.,egocentric_near,target,egocentric_near_target,behind,in front of,32bfd394-11b3-4295-aea0-96ffac51ded1,c88108db-2098-4e7d-ac4c-1cb7c8cce858,The painting is left of Ali. Ali turns right. The painting is behind Ali.,0.85,4621.41538461842,2155.41538461713,,,,1,1,1,1,8.375,0.0,0.116666666666667,4.577333333333333,73,0.625,0.035400390625,-2.765625,-0.0517578125,-0.73046875,0.421875,-0.625,-0.42578125,-0.7421875,0.4375,-0.3125,-0.2255859375,-0.40625,1.0390625,-1.125,-0.5078125,-0.3828125,0.1328125,0.1923828125,0.291015625,-0.1796875,0.484375,-0.56640625,-0.024169921875,-0.0341796875,0.09375,-0.203125,-0.02734375,0.20703125,-0.345703125,-0.08642578125,0.27734375,-0.62890625,-0.216796875,0.014892578125,-0.02734375,0.154296875,-0.69140625,-0.33203125,0.150390625,0.193359375,-0.259765625,-0.248046875,0.34765625,-0.40625,-0.016357421875,0.73046875,-0.62890625,0.37890625,-0.049072265625,0.09326171875,0.478515625,0.1396484375,-0.34375,-0.224609375,-0.1953125,-0.423828125,0.314453125,-0.921875,-0.083984375,-1.59375,-0.150390625,0.65625,0.65625,0.63671875,0.54296875,-0.0252685546875,0.1728515625,-0.232421875,0.2470703125,0.96875,0.2373046875,0.1630859375,-0.6171875,0.0625,0.2353515625,-0.48828125,0.7890625,0.3125,0.25390625,-0.1845703125,-0.11474609375,0.1240234375,-0.1357421875,0.244140625,-0.080078125,-0.67578125,0.75390625,-0.2294921875,-0.1005859375,-0.54296875,-0.1845703125,0.2333984375,-0.80078125,0.08837890625,-0.439453125,The painting is left of Ali. Ali turns right. The painting is BLANK Ali.,The painting is left of Ali. Ali turns right. The painting is behind Ali.,20,0
The painting is right of Ali. Ali turns around. The painting is BLANK Ali.,egocentric_near,target,egocentric_near_target,left of,right of,569da32e-5406-4d8c-b5ae-f011369368ef,b70fd0cd-135e-45b2-9cc2-f17a7dd652a8,The painting is right of Ali. Ali turns around. The painting is left of Ali.,0.7,6644.20000001457,957.342857142644,0.666666666666667,0.5,0.625,0,1,1,1,1.4375,0.0,-0.0142857142857143,4.656250000000001,76,0.63671875,0.0289306640625,-2.75,-0.060302734375,-0.75390625,0.41796875,-0.578125,-0.416015625,-0.765625,0.490234375,-0.259765625,-0.283203125,-0.41796875,1.03125,-1.1171875,-0.546875,-0.359375,0.0751953125,0.197265625,0.291015625,-0.1689453125,0.5078125,-0.55859375,-0.00274658203125,-0.030517578125,0.06201171875,-0.1640625,-0.10986328125,0.2138671875,-0.34375,-0.004241943359375,0.287109375,-0.6171875,-0.26953125,-0.09326171875,-0.034423828125,0.1533203125,-0.6953125,-0.345703125,0.1435546875,0.216796875,-0.2373046875,-0.263671875,0.310546875,-0.4296875,0.0250244140625,0.69140625,-0.71875,0.427734375,-0.0208740234375,0.0947265625,0.50390625,0.1279296875,-0.328125,-0.2275390625,-0.265625,-0.453125,0.294921875,-0.94921875,-0.001953125,-1.5546875,-0.09423828125,0.69140625,0.640625,0.6875,0.57421875,0.00439453125,0.13671875,-0.294921875,0.25390625,0.953125,0.341796875,0.1640625,-0.5703125,-0.01495361328125,0.177734375,-0.4765625,0.78515625,0.330078125,0.2138671875,-0.1611328125,-0.109375,0.11572265625,-0.1337890625,0.2236328125,-0.1513671875,-0.7109375,0.8359375,-0.23046875,-0.1494140625,-0.60546875,-0.162109375,0.255859375,-0.81640625,0.10791015625,-0.4140625,The painting is right of Ali. Ali turns around. The painting is BLANK Ali.,The painting is right of Ali. Ali turns around. The painting is left of Ali.,20,11
The painting is right of Ali. Ali turns left. The painting is BLANK Ali.,egocentric_near,target,egocentric_near_target,behind,in front of,15ee8ad8-5804-4e72-8790-4c999481316d,9464cf69-94a8-47e0-bf12-b333afeb5059,The painting is right of Ali. Ali turns left. The painting is behind Ali.,0.636363636363636,6231.75555551176,1290.29999996669,0.4,1.0,0.666666666666667,1,1,1,1,7.8125,0.0,-0.173160173160173,4.575333333333333,73,0.625,0.03466796875,-2.765625,-0.0517578125,-0.73828125,0.41796875,-0.6328125,-0.427734375,-0.75,0.435546875,-0.3046875,-0.2138671875,-0.41015625,1.0234375,-1.125,-0.51953125,-0.375,0.1533203125,0.19140625,0.294921875,-0.177734375,0.5,-0.55078125,0.0040283203125,-0.035400390625,0.08935546875,-0.17578125,-0.041748046875,0.19140625,-0.333984375,-0.068359375,0.3046875,-0.6484375,-0.25390625,0.011474609375,-0.0242919921875,0.150390625,-0.6796875,-0.33984375,0.1416015625,0.19140625,-0.248046875,-0.2431640625,0.37109375,-0.3984375,-0.003936767578125,0.68359375,-0.63671875,0.380859375,-0.0595703125,0.09521484375,0.486328125,0.1337890625,-0.359375,-0.2216796875,-0.21875,-0.412109375,0.30078125,-0.93359375,-0.0751953125,-1.578125,-0.12890625,0.64453125,0.65234375,0.640625,0.5234375,-0.02685546875,0.1533203125,-0.2451171875,0.2431640625,0.94140625,0.2177734375,0.16796875,-0.59375,0.07177734375,0.236328125,-0.484375,0.77734375,0.314453125,0.23828125,-0.177734375,-0.10302734375,0.1220703125,-0.1279296875,0.248046875,-0.05615234375,-0.7109375,0.76171875,-0.2353515625,-0.09130859375,-0.5546875,-0.1845703125,0.23828125,-0.8125,0.07177734375,-0.419921875,The painting is right of Ali. Ali turns left. The painting is BLANK Ali.,The painting is right of Ali. Ali turns left. The painting is behind Ali.,11,14
The painting is right of Ali. Ali turns right. The painting is BLANK Ali.,egocentric_near,target,egocentric_near_target,in front of,behind,fd4fdb40-7cdb-4f4a-817c-0cfe85a616cd,86c1f116-7a99-4a81-a85b-d2789deb5909,The painting is right of Ali. Ali turns right. The painting is in front of Ali.,0.5625,5524.13636365736,1713.977777782,0.8,0.333333333333333,0.625,0,0,1,1,1.625,0.0,-0.0089285714285714,4.68529411764706,79,0.6171875,0.023193359375,-2.765625,-0.0556640625,-0.734375,0.419921875,-0.63671875,-0.42578125,-0.7734375,0.42578125,-0.291015625,-0.2041015625,-0.412109375,1.015625,-1.109375,-0.51953125,-0.373046875,0.15625,0.181640625,0.287109375,-0.1806640625,0.494140625,-0.54296875,0.0166015625,-0.045654296875,0.10498046875,-0.1552734375,-0.06396484375,0.2314453125,-0.337890625,-0.055908203125,0.3125,-0.63671875,-0.275390625,-0.02734375,-0.04833984375,0.1533203125,-0.69140625,-0.306640625,0.1259765625,0.205078125,-0.2470703125,-0.2890625,0.35546875,-0.4140625,0.03125,0.71484375,-0.625,0.384765625,-0.041259765625,0.0908203125,0.486328125,0.12158203125,-0.353515625,-0.236328125,-0.224609375,-0.41015625,0.322265625,-0.8984375,-0.0771484375,-1.5546875,-0.185546875,0.67578125,0.609375,0.63671875,0.51953125,-0.031005859375,0.1396484375,-0.2138671875,0.2412109375,0.9453125,0.265625,0.158203125,-0.609375,0.0228271484375,0.201171875,-0.4609375,0.78515625,0.294921875,0.2294921875,-0.1455078125,-0.10791015625,0.1083984375,-0.1474609375,0.263671875,-0.12890625,-0.73046875,0.76171875,-0.2294921875,-0.10888671875,-0.58984375,-0.1650390625,0.259765625,-0.80859375,0.1005859375,-0.412109375,The painting is right of Ali. Ali turns right. The painting is BLANK Ali.,The painting is right of Ali. Ali turns right. The painting is in front of Ali.,16,12
The painting is to Ali's left. The painting is moved left. The painting is to Ali's BLANK.,egocentric_near,target,egocentric_near_target,right,left,765ece96-2e38-41e6-8aa4-e1d37a691415,33d5f7dc-85a0-4c33-ad94-ea5d1e85864b,The painting is to Ali's left. The painting is moved left. The painting is to Ali's right.,0.3,3009.13999999985,1631.34000000022,0.25,0.0,0.142857142857143,0,1,0,0,0.375,-1.0,0.1,4.726999999999999,90,0.6875,-0.004791259765625,-2.75,-0.033203125,-0.78125,0.47265625,-0.59375,-0.427734375,-0.7265625,0.484375,-0.296875,-0.1484375,-0.44921875,1.046875,-1.1484375,-0.53515625,-0.416015625,0.1015625,0.2314453125,0.349609375,-0.19921875,0.482421875,-0.458984375,-0.05859375,-0.107421875,0.10888671875,-0.2080078125,-0.007293701171875,0.177734375,-0.341796875,-0.06591796875,0.1591796875,-0.58984375,-0.177734375,-0.0302734375,-0.01202392578125,0.08349609375,-0.6484375,-0.3125,0.10986328125,0.1953125,-0.25,-0.271484375,0.408203125,-0.447265625,-0.0244140625,0.765625,-0.75390625,0.4765625,0.103515625,0.0177001953125,0.466796875,0.1474609375,-0.470703125,-0.26171875,-0.17578125,-0.48828125,0.28515625,-0.93359375,-0.04248046875,-1.515625,-0.1337890625,0.73828125,0.6953125,0.640625,0.53515625,-0.10107421875,0.150390625,-0.32421875,0.244140625,0.99609375,0.341796875,0.125,-0.59765625,0.0830078125,0.236328125,-0.60546875,0.8125,0.376953125,0.2431640625,-0.16015625,-0.061767578125,0.095703125,-0.1337890625,0.1923828125,-0.140625,-0.70703125,0.8046875,-0.30078125,-0.23046875,-0.5625,-0.08984375,0.291015625,-0.86328125,0.11328125,-0.4921875,The painting is to Ali's left. The painting is moved left. The painting is to Ali's BLANK.,The painting is to Ali's left. The painting is moved left. The painting is to Ali's right.,10,20
The painting is to Ali's right. The painting is moved right. The painting is to Ali's BLANK.,egocentric_near,target,egocentric_near_target,right,left,f365f206-de32-4121-a0cf-f8b7be937ae9,4e1e4c8f-de93-44b5-a196-29575450bd42,The painting is to Ali's right. The painting is moved right. The painting is to Ali's right.,0.75,6901.01666665093,1859.01000001729,0.75,0.5,0.666666666666667,1,1,1,1,-7.3125,1.0,0.204545454545455,4.775,92,0.6796875,-0.036376953125,-2.75,-0.04638671875,-0.7890625,0.443359375,-0.59765625,-0.431640625,-0.74609375,0.482421875,-0.271484375,-0.177734375,-0.458984375,1.0390625,-1.125,-0.55859375,-0.408203125,0.0712890625,0.224609375,0.337890625,-0.19921875,0.474609375,-0.427734375,-0.048095703125,-0.0966796875,0.115234375,-0.150390625,0.0031585693359375,0.1640625,-0.33203125,-0.05126953125,0.189453125,-0.5703125,-0.1923828125,-0.0303955078125,-0.00299072265625,0.10107421875,-0.6640625,-0.302734375,0.091796875,0.203125,-0.263671875,-0.275390625,0.423828125,-0.462890625,0.004425048828125,0.77734375,-0.78515625,0.494140625,0.11572265625,0.043212890625,0.5078125,0.1474609375,-0.5078125,-0.291015625,-0.1669921875,-0.484375,0.310546875,-1.0,-0.046630859375,-1.5078125,-0.1748046875,0.71484375,0.70703125,0.625,0.52734375,-0.0361328125,0.15625,-0.337890625,0.2470703125,0.99609375,0.369140625,0.1240234375,-0.59765625,0.0517578125,0.2109375,-0.58984375,0.8046875,0.333984375,0.2373046875,-0.16015625,-0.06298828125,0.09423828125,-0.1572265625,0.1689453125,-0.1552734375,-0.73828125,0.78515625,-0.33203125,-0.244140625,-0.55078125,-0.08935546875,0.28125,-0.859375,0.146484375,-0.49609375,The painting is to Ali's right. The painting is moved right. The painting is to Ali's BLANK.,The painting is to Ali's right. The painting is moved right. The painting is to Ali's right.,16,18
The paper is in one piece. Ali folds the paper. The paper is in BLANK.,state_nonfollows,target,state_nonfollows_target,one piece,two pieces,b4d93675-966f-4e48-9d4d-d2ebaae8e546,28c71d02-d9fd-4024-8e42-b2d99d115362,The paper is in one piece. Ali folds the paper. The paper is in one piece.,0.9,3577.64166667033,1437.39999999814,,,,0,0,1,1,-4.9375,-1.0,-0.0545454545454546,4.859411764705882,74,0.62109375,0.0284423828125,-2.90625,-0.07177734375,-0.7421875,0.390625,-0.5234375,-0.2451171875,-0.70703125,0.30078125,-0.30859375,-0.1669921875,-0.400390625,1.234375,-1.0703125,-0.37890625,-0.359375,0.13671875,0.1435546875,0.2265625,-0.1787109375,0.470703125,-0.52734375,0.058837890625,-0.1142578125,0.04150390625,-0.365234375,0.126953125,0.1689453125,-0.3671875,0.04150390625,0.267578125,-0.62109375,-0.1513671875,-0.142578125,-0.0220947265625,0.11376953125,-0.67578125,-0.2373046875,0.1767578125,0.2080078125,-0.3046875,-0.212890625,0.486328125,-0.4765625,-0.00457763671875,0.7265625,-0.6875,0.341796875,0.2236328125,0.0242919921875,0.38671875,0.09228515625,-0.392578125,-0.259765625,-0.17578125,-0.54296875,0.306640625,-0.7890625,0.0478515625,-1.59375,-0.103515625,0.73828125,0.6328125,0.609375,0.6015625,-0.10400390625,0.255859375,-0.45703125,0.337890625,0.78515625,0.150390625,0.1435546875,-0.52734375,-0.0478515625,0.2734375,-0.56640625,0.73828125,0.337890625,0.1337890625,-0.138671875,0.0458984375,0.1103515625,-0.162109375,0.2255859375,-0.0810546875,-0.7890625,0.72265625,-0.375,-0.1884765625,-0.68359375,-0.1611328125,0.2373046875,-0.6796875,0.1005859375,-0.3046875,The paper is in one piece. Ali folds the paper. The paper is in BLANK.,The paper is in one piece. Ali folds the paper. The paper is in one piece.,20,0
The paper is in one piece. Ali rips the paper. The paper is in BLANK.,state_follows,target,state_follows_target,two pieces,one piece,e6b6dede-8ee5-4912-83e5-97076c8a37aa,f4e89437-6aac-4194-8f1e-5b01b61fdd8c,The paper is in one piece. Ali rips the paper. The paper is in two pieces.,1.0,3631.44166666487,1450.43333341647,,,,0,1,1,1,14.5,-1.0,0.0625,4.778823529411765,74,0.61328125,0.043701171875,-2.90625,-0.068359375,-0.74609375,0.39453125,-0.51953125,-0.234375,-0.6953125,0.33203125,-0.28515625,-0.1552734375,-0.416015625,1.1796875,-1.0625,-0.423828125,-0.369140625,0.1357421875,0.126953125,0.25,-0.185546875,0.4765625,-0.470703125,0.031982421875,-0.11181640625,0.060791015625,-0.37890625,0.1923828125,0.169921875,-0.34765625,0.0458984375,0.24609375,-0.64453125,-0.1640625,-0.1494140625,-0.0498046875,0.11083984375,-0.66796875,-0.1845703125,0.1767578125,0.1865234375,-0.337890625,-0.15625,0.451171875,-0.421875,0.04296875,0.68359375,-0.64453125,0.353515625,0.251953125,0.033203125,0.369140625,0.1083984375,-0.37890625,-0.23828125,-0.2216796875,-0.51171875,0.333984375,-0.73046875,0.0247802734375,-1.5390625,-0.055419921875,0.80078125,0.5234375,0.625,0.58203125,-0.115234375,0.203125,-0.435546875,0.38671875,0.75390625,0.09912109375,0.146484375,-0.46875,-0.0096435546875,0.3125,-0.5859375,0.734375,0.310546875,0.158203125,-0.115234375,0.06494140625,0.11328125,-0.08154296875,0.234375,-0.046875,-0.78515625,0.69140625,-0.341796875,-0.1767578125,-0.65234375,-0.14453125,0.2333984375,-0.6953125,0.0693359375,-0.306640625,The paper is in one piece. Ali rips the paper. The paper is in BLANK.,The paper is in one piece. Ali rips the paper. The paper is in two pieces.,21,0
The paper is in two pieces. Ali tapes the pieces together. The paper is in BLANK.,state_follows,target,state_follows_target,one piece,two pieces,,ad252f36-bb68-4198-8f68-93070980b5f3,The paper is in two pieces. Ali tapes the pieces together. The paper is in one piece.,0.9,4233.19166666269,1431.88181818141,,,,0,1,1,1,11.125,,,4.845,85,0.609375,0.0208740234375,-2.890625,-0.076171875,-0.75390625,0.3984375,-0.54296875,-0.28125,-0.68359375,0.326171875,-0.361328125,-0.1796875,-0.3984375,1.203125,-1.0859375,-0.37109375,-0.35546875,0.1708984375,0.12890625,0.2119140625,-0.1748046875,0.470703125,-0.482421875,0.06494140625,-0.07421875,0.00049591064453125,-0.46875,0.171875,0.138671875,-0.2890625,0.05712890625,0.298828125,-0.6796875,-0.1591796875,-0.166015625,0.026611328125,0.0869140625,-0.6875,-0.1884765625,0.205078125,0.19140625,-0.345703125,-0.2080078125,0.455078125,-0.455078125,0.05712890625,0.7578125,-0.703125,0.345703125,0.1669921875,0.041748046875,0.427734375,0.09912109375,-0.40234375,-0.25,-0.1796875,-0.5390625,0.32421875,-0.6640625,0.0869140625,-1.484375,-0.033935546875,0.7734375,0.62890625,0.6875,0.59765625,-0.1357421875,0.1923828125,-0.435546875,0.357421875,0.796875,-0.04345703125,0.16796875,-0.5078125,0.032470703125,0.1708984375,-0.52734375,0.75,0.380859375,0.07275390625,-0.10791015625,0.035400390625,0.08984375,-0.1845703125,0.306640625,-0.09521484375,-0.68359375,0.703125,-0.3515625,-0.15625,-0.62890625,-0.169921875,0.2421875,-0.6953125,0.09228515625,-0.27734375,The paper is in two pieces. Ali tapes the pieces together. The paper is in BLANK.,The paper is in two pieces. Ali tapes the pieces together. The paper is in one piece.,20,0
The ping pong ball is on the floor. Ali rolls a tennis ball into the ping pong ball. The ping pong ball BLANK.,action_follows,target,action_follows_target,moves,doesn't move,bd853b49-e618-4d12-a04b-41959d6f743c,f09beff4-e59d-478a-a874-2091cbe39890,The ping pong ball is on the floor. Ali rolls a tennis ball into the ping pong ball. The ping pong ball moves.,0.875,5894.45555558428,2037.81666665897,,,,1,1,1,1,14.25,0.0,0.0,4.090416666666666,110,0.69140625,0.0098876953125,-2.875,-0.0419921875,-0.74609375,0.337890625,-0.51953125,-0.380859375,-0.83984375,0.28125,-0.1494140625,-0.2216796875,-0.423828125,1.125,-0.90625,-0.57421875,-0.408203125,0.10986328125,0.12255859375,0.2734375,-0.1748046875,0.3984375,-0.33203125,-0.2041015625,-0.150390625,0.0233154296875,-0.08544921875,0.287109375,-0.042236328125,-0.30859375,-0.030029296875,0.2109375,-0.75,-0.05908203125,-0.12890625,0.1669921875,0.0947265625,-0.546875,-0.345703125,0.1259765625,0.18359375,-0.177734375,-0.259765625,0.455078125,-0.4453125,0.020751953125,0.65234375,-0.478515625,0.2734375,0.1533203125,-0.015869140625,0.37109375,0.05517578125,-0.578125,-0.400390625,-0.2177734375,-0.62890625,0.380859375,-0.65625,-0.043701171875,-1.765625,-0.126953125,0.70703125,0.58203125,0.435546875,0.62109375,0.12353515625,0.2451171875,-0.46875,0.322265625,1.0,0.439453125,0.06689453125,-0.515625,0.1484375,0.37109375,-0.6171875,0.79296875,0.21484375,0.146484375,-0.1923828125,0.10888671875,0.01904296875,-0.380859375,0.212890625,-0.11474609375,-0.875,0.8125,-0.44140625,-0.2392578125,-0.75390625,-0.158203125,0.2451171875,-0.72265625,0.21875,-0.470703125,The ping pong ball is on the floor. Ali rolls a tennis ball into the ping pong ball. The ping pong ball BLANK.,The ping pong ball is on the floor. Ali rolls a tennis ball into the ping pong ball. The ping pong ball moves.,16,0
The room is bright. Ali turns off the lights. The room is BLANK.,state_follows,target,state_follows_target,dark,bright,2f583a9c-915c-4db7-9460-c961333e6837,9c47454a-594b-4820-86c4-f653d9616713,The room is bright. Ali turns off the lights. The room is dark.,0.9,3344.01818181879,784.379999998026,,,,1,1,1,1,16.25,1.0,0.0333333333333333,4.737857142857144,63,0.65625,0.05615234375,-2.828125,-0.051025390625,-0.76953125,0.337890625,-0.53125,-0.32421875,-0.78125,0.390625,-0.376953125,-0.1904296875,-0.40234375,1.03125,-1.1484375,-0.5078125,-0.326171875,0.1142578125,0.162109375,0.314453125,-0.1767578125,0.359375,-0.6796875,-0.045166015625,-0.087890625,-0.01080322265625,-0.158203125,0.296875,0.251953125,-0.359375,-0.09228515625,0.353515625,-0.59765625,-0.1611328125,0.1064453125,-0.19140625,0.134765625,-0.51171875,-0.3515625,0.2080078125,0.2021484375,-0.2578125,-0.357421875,0.373046875,-0.435546875,-0.09814453125,0.66796875,-0.6171875,0.34765625,0.103515625,0.12451171875,0.400390625,0.10302734375,-0.349609375,-0.2421875,-0.265625,-0.455078125,0.384765625,-0.7265625,-0.1025390625,-1.6328125,-0.09130859375,0.7734375,0.58203125,0.60546875,0.4375,-0.0771484375,0.1240234375,-0.39453125,0.39453125,0.86328125,0.2421875,0.1396484375,-0.43359375,0.12353515625,0.158203125,-0.5703125,0.88671875,0.326171875,0.0732421875,-0.2060546875,0.0791015625,0.16015625,-0.0625,0.15625,-0.177734375,-0.75390625,0.8046875,-0.29296875,-0.08984375,-0.53515625,-0.130859375,0.267578125,-0.8125,0.10107421875,-0.30859375,The room is bright. Ali turns off the lights. The room is BLANK.,The room is bright. Ali turns off the lights. The room is dark.,20,0
The room is bright. Ali turns on a light. The room gets BLANK.,state_follows,target,state_follows_target,brighter,darker,1efaddde-1dac-4369-85d1-f74cae6e311a,5e1a78fa-2b63-43c2-b878-3ccb061a8b6f,The room is bright. Ali turns on a light. The room gets brighter.,0.9375,5555.56666665152,1932.8999999897,,,,1,1,1,1,12.375,0.0,-0.0148809523809523,4.684285714285714,65,0.65625,0.072265625,-2.796875,-0.043701171875,-0.78515625,0.345703125,-0.51953125,-0.314453125,-0.78125,0.37109375,-0.31640625,-0.1923828125,-0.3828125,1.0859375,-1.125,-0.55859375,-0.34375,0.11181640625,0.11669921875,0.291015625,-0.1865234375,0.33984375,-0.62890625,0.0289306640625,-0.078125,0.00958251953125,-0.1748046875,0.287109375,0.259765625,-0.33203125,-0.064453125,0.3828125,-0.63671875,-0.1552734375,0.09765625,-0.17578125,0.12109375,-0.55078125,-0.328125,0.2060546875,0.21484375,-0.2275390625,-0.333984375,0.36328125,-0.423828125,-0.061767578125,0.66796875,-0.58984375,0.310546875,0.0235595703125,0.1103515625,0.45703125,0.11328125,-0.408203125,-0.2294921875,-0.2451171875,-0.494140625,0.427734375,-0.86328125,-0.08837890625,-1.6875,-0.1796875,0.70703125,0.58984375,0.5703125,0.447265625,0.03076171875,0.1162109375,-0.453125,0.421875,0.875,0.2177734375,0.111328125,-0.404296875,0.0947265625,0.24609375,-0.5234375,0.859375,0.31640625,0.1044921875,-0.20703125,0.07470703125,0.1396484375,-0.1318359375,0.1484375,-0.11376953125,-0.78125,0.78515625,-0.33984375,-0.07861328125,-0.56640625,-0.10009765625,0.2275390625,-0.7734375,0.111328125,-0.353515625,The room is bright. Ali turns on a light. The room gets BLANK.,The room is bright. Ali turns on a light. The room gets brighter.,16,0
The room is dark. Ali blows out the candle. The room gets BLANK.,state_follows,target,state_follows_target,darker,lighter,10a7839c-d76d-4533-9ab9-e1d422ae582d,884e6eed-3c01-46b6-af43-7cbbd05a0334,The room is dark. Ali blows out the candle. The room gets darker.,0.952380952380952,3345.25833334044,1175.40000001093,,,,1,1,1,1,15.9375,1.0,-0.0021645021645022,4.366428571428572,65,0.65234375,0.028564453125,-2.765625,-0.051513671875,-0.7578125,0.396484375,-0.52734375,-0.3203125,-0.77734375,0.39453125,-0.2890625,-0.1748046875,-0.38671875,1.0234375,-1.125,-0.5390625,-0.328125,0.10693359375,0.1455078125,0.26953125,-0.1826171875,0.365234375,-0.62109375,-0.07177734375,-0.12109375,-0.046142578125,-0.1875,0.337890625,0.23828125,-0.365234375,-0.078125,0.322265625,-0.609375,-0.2119140625,0.035888671875,-0.1787109375,0.1357421875,-0.51953125,-0.318359375,0.203125,0.208984375,-0.21484375,-0.3203125,0.357421875,-0.40625,-0.029052734375,0.7109375,-0.51171875,0.287109375,-0.0135498046875,0.1279296875,0.412109375,0.11572265625,-0.373046875,-0.2490234375,-0.228515625,-0.50390625,0.43359375,-0.84375,-0.111328125,-1.71875,-0.166015625,0.71484375,0.58984375,0.6328125,0.466796875,0.037353515625,0.09912109375,-0.45703125,0.5,0.8125,0.2021484375,0.1181640625,-0.380859375,0.1123046875,0.2490234375,-0.55859375,0.875,0.294921875,0.10205078125,-0.2041015625,0.064453125,0.11474609375,-0.11474609375,0.154296875,-0.10791015625,-0.8359375,0.76171875,-0.396484375,-0.029052734375,-0.54296875,-0.080078125,0.1953125,-0.8359375,0.10205078125,-0.365234375,The room is dark. Ali blows out the candle. The room gets BLANK.,The room is dark. Ali blows out the candle. The room gets darker.,21,0
The room is dark. Ali turns on the light. The room gets BLANK.,state_follows,target,state_follows_target,lighter,darker,6b1f4870-311e-49b9-91f4-426b711fdbb0,9a07d4dd-ae2c-4f0e-aa0b-5ffabcf172ff,The room is dark. Ali turns on the light. The room gets lighter.,0.909090909090909,2736.89166665822,1374.84545451403,,,,1,1,1,1,19.25,0.0,-0.0284090909090909,4.7957142857142845,64,0.6484375,0.052734375,-2.796875,-0.031982421875,-0.7734375,0.390625,-0.54296875,-0.30859375,-0.7734375,0.404296875,-0.31640625,-0.208984375,-0.3984375,1.0546875,-1.15625,-0.5390625,-0.330078125,0.126953125,0.1484375,0.30859375,-0.177734375,0.349609375,-0.64453125,0.01226806640625,-0.08837890625,-0.031494140625,-0.220703125,0.341796875,0.2451171875,-0.34375,-0.0634765625,0.35546875,-0.62109375,-0.1240234375,0.09521484375,-0.171875,0.1416015625,-0.55859375,-0.3125,0.197265625,0.224609375,-0.2314453125,-0.369140625,0.36328125,-0.416015625,-0.05810546875,0.6875,-0.5859375,0.314453125,0.011474609375,0.107421875,0.53515625,0.12353515625,-0.42578125,-0.23828125,-0.23046875,-0.5,0.45703125,-0.8203125,-0.06396484375,-1.7421875,-0.1796875,0.7421875,0.59375,0.59375,0.44921875,0.02392578125,0.111328125,-0.482421875,0.46484375,0.8671875,0.1572265625,0.11572265625,-0.423828125,0.1064453125,0.271484375,-0.54296875,0.875,0.32421875,0.068359375,-0.193359375,0.0947265625,0.12451171875,-0.1064453125,0.1552734375,-0.0859375,-0.765625,0.77734375,-0.361328125,-0.0439453125,-0.56640625,-0.119140625,0.224609375,-0.7734375,0.1015625,-0.37109375,The room is dark. Ali turns on the light. The room gets BLANK.,The room is dark. Ali turns on the light. The room gets lighter.,11,0
The seesaw is balanced. Ali tilts the right side of the seesaw. The left side BLANK.,action_follows,target,action_follows_target,goes up,goes down,a2f6568e-ec28-4dac-ae3f-190047f4c607,4691fc1b-2647-49d9-a39e-879da5cfdff9,The seesaw is balanced. Ali tilts the right side of the seesaw. The left side goes up.,0.9,4842.61666667151,1414.04000000544,,,,0,1,1,1,0.0,-1.0,0.280952380952381,3.947777777777777,86,0.6484375,0.0059814453125,-2.71875,-0.058349609375,-0.765625,0.3515625,-0.63671875,-0.38671875,-0.80078125,0.474609375,-0.318359375,-0.1435546875,-0.419921875,1.1015625,-1.03125,-0.640625,-0.353515625,0.07666015625,0.1376953125,0.302734375,-0.2041015625,0.62109375,-0.67578125,0.007080078125,-0.1748046875,-0.142578125,-0.07275390625,0.08349609375,0.056640625,-0.29296875,-0.07080078125,0.220703125,-0.73828125,-0.3515625,0.0252685546875,0.035888671875,0.068359375,-0.443359375,-0.400390625,0.08740234375,0.1630859375,-0.28515625,-0.283203125,0.458984375,-0.494140625,0.2138671875,0.62890625,-0.5703125,0.271484375,0.037353515625,0.04541015625,0.408203125,0.0703125,-0.32421875,-0.302734375,-0.1728515625,-0.62109375,0.478515625,-0.78515625,-0.1259765625,-1.65625,-0.1826171875,0.72265625,0.55859375,0.59375,0.486328125,0.123046875,0.1259765625,-0.609375,0.333984375,0.95703125,0.392578125,0.06103515625,-0.462890625,0.11572265625,0.2734375,-0.5625,0.77734375,0.2890625,0.1806640625,-0.2314453125,0.064453125,0.197265625,-0.248046875,0.0439453125,-0.2041015625,-0.7109375,0.73046875,-0.458984375,-0.2109375,-0.72265625,-0.32421875,0.10791015625,-0.81640625,0.21484375,-0.46875,The seesaw is balanced. Ali tilts the right side of the seesaw. The left side BLANK.,The seesaw is balanced. Ali tilts the right side of the seesaw. The left side goes up.,20,0
The soup is on the stove. Ali turns off the stove. The soup gets BLANK.,state_follows,target,state_follows_target,colder,warmer,65268ba4-e40e-4eaa-8baa-aad10d62962f,ee67edee-b4e7-4ff1-92af-aaf4ef0617e2,The soup is on the stove. Ali turns off the stove. The soup gets colder.,0.857142857142857,4647.99999997883,1259.37272728099,,,,1,1,1,1,14.625,0.0,-0.0476190476190477,4.088749999999999,72,0.6328125,0.064453125,-2.796875,-0.06982421875,-0.76953125,0.359375,-0.54296875,-0.318359375,-0.76953125,0.30078125,-0.267578125,-0.2216796875,-0.390625,1.1015625,-1.1015625,-0.470703125,-0.365234375,0.08154296875,0.1748046875,0.263671875,-0.1708984375,0.365234375,-0.5546875,-0.029541015625,-0.06640625,-0.0810546875,-0.1953125,0.1494140625,0.185546875,-0.375,-0.036376953125,0.30078125,-0.68359375,-0.2021484375,-0.0137939453125,-0.09716796875,0.11962890625,-0.490234375,-0.296875,0.1416015625,0.2060546875,-0.28125,-0.32421875,0.369140625,-0.44921875,0.017822265625,0.71484375,-0.5625,0.23046875,0.0267333984375,0.06396484375,0.412109375,0.1123046875,-0.345703125,-0.2099609375,-0.1552734375,-0.5234375,0.326171875,-0.82421875,-0.07666015625,-1.7890625,-0.08740234375,0.70703125,0.58984375,0.5625,0.478515625,0.01416015625,0.138671875,-0.45703125,0.412109375,0.85546875,0.28125,0.11865234375,-0.44140625,0.08837890625,0.240234375,-0.61328125,0.890625,0.28515625,0.1318359375,-0.181640625,0.005279541015625,0.1123046875,-0.0751953125,0.185546875,-0.2275390625,-0.82421875,0.7265625,-0.384765625,-0.05712890625,-0.54296875,-0.09033203125,0.2353515625,-0.76171875,0.15234375,-0.3203125,The soup is on the stove. Ali turns off the stove. The soup gets BLANK.,The soup is on the stove. Ali turns off the stove. The soup gets colder.,21,0
The soup is on the stove. Ali turns on the stove. The soup gets BLANK.,state_follows,target,state_follows_target,warmer,colder,7ca2356d-2e6b-426e-82ac-2b22729c3575,ebfd03b3-9c41-4d13-9613-39b5d7ee47b6,The soup is on the stove. Ali turns on the stove. The soup gets warmer.,0.85,3576.11818183078,1054.52222221986,,,,1,1,1,1,17.125,0.0,-0.15,4.115,71,0.6328125,0.07861328125,-2.8125,-0.072265625,-0.7734375,0.35546875,-0.53515625,-0.31640625,-0.7578125,0.28515625,-0.24609375,-0.234375,-0.392578125,1.125,-1.1171875,-0.45703125,-0.380859375,0.0927734375,0.1533203125,0.271484375,-0.173828125,0.35546875,-0.53515625,-0.00811767578125,-0.06298828125,-0.10498046875,-0.1904296875,0.1455078125,0.185546875,-0.369140625,-0.01495361328125,0.330078125,-0.6875,-0.1318359375,-0.013671875,-0.08349609375,0.115234375,-0.494140625,-0.2734375,0.1328125,0.2158203125,-0.265625,-0.341796875,0.404296875,-0.44921875,-0.0250244140625,0.71875,-0.6796875,0.25390625,0.0390625,0.01019287109375,0.474609375,0.10693359375,-0.41015625,-0.2177734375,-0.1748046875,-0.515625,0.291015625,-0.92578125,-0.06591796875,-1.8125,-0.1181640625,0.71484375,0.60546875,0.5546875,0.5078125,0.04443359375,0.1611328125,-0.46484375,0.392578125,0.85546875,0.359375,0.12109375,-0.470703125,0.032958984375,0.2275390625,-0.58984375,0.890625,0.25390625,0.138671875,-0.169921875,0.0014495849609375,0.1123046875,-0.12451171875,0.201171875,-0.2490234375,-0.86328125,0.73828125,-0.3984375,-0.125,-0.54296875,-0.06591796875,0.22265625,-0.734375,0.1552734375,-0.333984375,The soup is on the stove. Ali turns on the stove. The soup gets BLANK.,The soup is on the stove. Ali turns on the stove. The soup gets warmer.,20,0
The soup is on the table. Ali turns on the stove. The soup gets BLANK.,state_nonfollows,target,state_nonfollows_target,colder,warmer,3f9080ad-163f-4292-b126-23641aac21fc,f48a91e2-22e0-4c2b-b42a-6ec8df05393f,The soup is on the table. Ali turns on the stove. The soup gets colder.,0.3125,4282.68571427835,1513.51666666567,0.333333333333333,0.333333333333333,0.333333333333333,0,0,0,0,-16.25,-1.0,-0.639880952380952,4.2975,71,0.6328125,0.087890625,-2.828125,-0.06298828125,-0.765625,0.34375,-0.53515625,-0.302734375,-0.75,0.283203125,-0.2421875,-0.244140625,-0.384765625,1.109375,-1.109375,-0.45703125,-0.3828125,0.0859375,0.12109375,0.271484375,-0.17578125,0.34765625,-0.5390625,0.003936767578125,-0.062255859375,-0.0810546875,-0.236328125,0.1923828125,0.181640625,-0.345703125,-0.033447265625,0.322265625,-0.69921875,-0.140625,0.037841796875,-0.06640625,0.1103515625,-0.49609375,-0.287109375,0.162109375,0.21875,-0.263671875,-0.333984375,0.375,-0.435546875,-0.04345703125,0.68359375,-0.65625,0.2373046875,0.045654296875,0.08056640625,0.427734375,0.1083984375,-0.345703125,-0.18359375,-0.16796875,-0.5234375,0.337890625,-0.9609375,-0.08203125,-1.84375,-0.09521484375,0.6953125,0.6171875,0.57421875,0.55859375,0.0322265625,0.177734375,-0.478515625,0.3984375,0.8984375,0.396484375,0.1279296875,-0.484375,0.01153564453125,0.236328125,-0.578125,0.921875,0.2890625,0.1533203125,-0.1650390625,0.0031585693359375,0.125,-0.1181640625,0.2109375,-0.24609375,-0.81640625,0.71875,-0.396484375,-0.1201171875,-0.5859375,-0.07958984375,0.234375,-0.734375,0.1552734375,-0.32421875,The soup is on the table. Ali turns on the stove. The soup gets BLANK.,The soup is on the table. Ali turns on the stove. The soup gets colder.,16,15
The statue is East of Ali. Ali walks North. The statue is BLANK of Ali.,geocentric_near,target,geocentric_near_target,East of,South of,7f3db410-a330-48b3-b178-1f9eb60fc88a,bed5c852-6e27-4cca-be42-7d3a0632c454,The statue is East of Ali. Ali walks North. The statue is East of Ali.,0.6875,6901.38999999464,3076.5555555599,1.0,1.0,1.0,0,0,0,0,-1.125,0.0,0.0056818181818182,4.338750000000001,70,0.60546875,0.027099609375,-2.75,-0.0458984375,-0.671875,0.48046875,-0.609375,-0.3203125,-0.80859375,0.482421875,-0.228515625,-0.25,-0.416015625,1.0234375,-1.234375,-0.416015625,-0.294921875,0.048828125,0.19921875,0.2373046875,-0.1669921875,0.54296875,-0.7265625,-0.09521484375,-0.0810546875,0.059814453125,-0.1455078125,-0.0849609375,0.2314453125,-0.380859375,-0.10546875,0.23828125,-0.61328125,-0.19921875,-0.01226806640625,-0.0712890625,0.17578125,-0.765625,-0.3125,0.119140625,0.2294921875,-0.1943359375,-0.30859375,0.35546875,-0.416015625,-0.004852294921875,0.6953125,-0.6328125,0.451171875,-0.03759765625,0.1044921875,0.37109375,0.1240234375,-0.36328125,-0.314453125,-0.2392578125,-0.40234375,0.16796875,-1.0,-0.05126953125,-1.5390625,-0.103515625,0.73046875,0.63671875,0.671875,0.5859375,0.032958984375,0.158203125,-0.21875,0.1513671875,0.97265625,0.29296875,0.171875,-0.58984375,0.09375,0.1416015625,-0.5390625,0.65625,0.302734375,0.203125,-0.1826171875,-0.1162109375,0.2314453125,-0.0015106201171875,0.166015625,-0.203125,-0.6796875,0.82421875,-0.201171875,-0.185546875,-0.482421875,-0.0986328125,0.2265625,-0.84375,0.083984375,-0.439453125,The statue is East of Ali. Ali walks North. The statue is BLANK of Ali.,The statue is East of Ali. Ali walks North. The statue is East of Ali.,16,11
The statue is East of Ali. Ali walks South. The statue is BLANK of Ali.,geocentric_near,target,geocentric_near_target,East of,North of,33b84f5c-f207-46c9-8c96-266e50ca0819,7132ca09-59fa-476f-9222-57847641467d,The statue is East of Ali. Ali walks South. The statue is East of Ali.,0.636363636363636,5528.43333334786,2554.23333335068,0.5,0.333333333333333,0.428571428571429,0,0,0,0,-7.125,0.0,-0.0969696969696969,4.34375,70,0.609375,0.028564453125,-2.75,-0.04736328125,-0.66796875,0.470703125,-0.59765625,-0.310546875,-0.8125,0.49609375,-0.2373046875,-0.251953125,-0.412109375,1.0234375,-1.2421875,-0.427734375,-0.29296875,0.042724609375,0.1953125,0.240234375,-0.1689453125,0.54296875,-0.73046875,-0.10107421875,-0.07958984375,0.044189453125,-0.166015625,-0.0751953125,0.2255859375,-0.3984375,-0.1044921875,0.251953125,-0.62890625,-0.1552734375,-0.00537109375,-0.0732421875,0.1689453125,-0.765625,-0.32421875,0.12158203125,0.23046875,-0.193359375,-0.302734375,0.33984375,-0.412109375,-0.010498046875,0.69140625,-0.6328125,0.4453125,-0.05615234375,0.09423828125,0.37890625,0.1279296875,-0.3671875,-0.3203125,-0.236328125,-0.400390625,0.16796875,-1.015625,-0.05419921875,-1.546875,-0.1015625,0.73828125,0.625,0.6640625,0.59375,0.0341796875,0.1591796875,-0.2158203125,0.154296875,0.953125,0.3125,0.166015625,-0.59375,0.091796875,0.1298828125,-0.52734375,0.671875,0.3125,0.2060546875,-0.185546875,-0.12255859375,0.2412109375,0.005126953125,0.1552734375,-0.2080078125,-0.6875,0.8203125,-0.2021484375,-0.1865234375,-0.474609375,-0.10498046875,0.2236328125,-0.8359375,0.07861328125,-0.439453125,The statue is East of Ali. Ali walks South. The statue is BLANK of Ali.,The statue is East of Ali. Ali walks South. The statue is East of Ali.,11,14
The statue is North of Ali. Ali walks East. The statue is BLANK of Ali.,geocentric_near,target,geocentric_near_target,North of,West of,f43f788d-7543-4b34-b2c4-94551f46632a,97a7f128-d80a-434a-923a-5b23093392d4,The statue is North of Ali. Ali walks East. The statue is North of Ali.,0.727272727272727,7848.91111107274,4078.15555561044,0.8,0.666666666666667,0.75,0,0,1,1,-5.5,0.0,-0.0060606060606059,4.351875,71,0.61328125,0.0208740234375,-2.75,-0.03662109375,-0.67578125,0.46484375,-0.6015625,-0.326171875,-0.80859375,0.470703125,-0.265625,-0.244140625,-0.40625,1.0,-1.2421875,-0.4375,-0.296875,0.052734375,0.189453125,0.251953125,-0.162109375,0.54296875,-0.71484375,-0.091796875,-0.04931640625,0.043701171875,-0.1318359375,-0.115234375,0.232421875,-0.392578125,-0.11474609375,0.2431640625,-0.6171875,-0.1748046875,-0.01397705078125,-0.0625,0.1630859375,-0.765625,-0.3125,0.10986328125,0.2275390625,-0.2021484375,-0.330078125,0.380859375,-0.431640625,-0.00750732421875,0.70703125,-0.6484375,0.4296875,-0.02880859375,0.09619140625,0.373046875,0.119140625,-0.3671875,-0.3125,-0.24609375,-0.408203125,0.1875,-1.0078125,-0.04443359375,-1.546875,-0.1142578125,0.74609375,0.640625,0.6484375,0.6171875,0.024169921875,0.166015625,-0.23828125,0.1533203125,0.96484375,0.3046875,0.1669921875,-0.6015625,0.11474609375,0.158203125,-0.5625,0.671875,0.3125,0.2197265625,-0.1708984375,-0.1162109375,0.2333984375,0.0284423828125,0.1396484375,-0.1875,-0.6796875,0.828125,-0.2060546875,-0.1923828125,-0.48046875,-0.1318359375,0.2275390625,-0.84375,0.09130859375,-0.431640625,The statue is North of Ali. Ali walks East. The statue is BLANK of Ali.,The statue is North of Ali. Ali walks East. The statue is North of Ali.,11,15
The statue is North of Ali. Ali walks West. The statue is BLANK of Ali.,geocentric_near,target,geocentric_near_target,North of,East of,8ce99cef-a045-4815-9e92-93dc12280686,cd6c5c62-7e69-4c2f-abed-f16de0c2cc46,The statue is North of Ali. Ali walks West. The statue is North of Ali.,0.476190476190476,8342.783333309,2252.91428573589,0.8,1.0,0.857142857142857,0,0,0,0,-6.5,0.0,0.0,4.361875,71,0.609375,0.020751953125,-2.765625,-0.03857421875,-0.671875,0.470703125,-0.60546875,-0.328125,-0.81640625,0.48828125,-0.25390625,-0.2373046875,-0.40234375,1.0,-1.234375,-0.4375,-0.298828125,0.0400390625,0.189453125,0.248046875,-0.1611328125,0.546875,-0.72265625,-0.09521484375,-0.05419921875,0.05126953125,-0.1435546875,-0.09765625,0.21875,-0.40234375,-0.10498046875,0.2578125,-0.625,-0.1787109375,-0.00872802734375,-0.07470703125,0.16015625,-0.7578125,-0.314453125,0.10546875,0.2255859375,-0.197265625,-0.330078125,0.36328125,-0.4296875,-0.01507568359375,0.70703125,-0.640625,0.43359375,-0.04931640625,0.08984375,0.365234375,0.11962890625,-0.36328125,-0.30859375,-0.2392578125,-0.416015625,0.181640625,-1.015625,-0.03564453125,-1.5546875,-0.1162109375,0.74609375,0.640625,0.6484375,0.6015625,0.017822265625,0.1669921875,-0.2373046875,0.1513671875,0.96484375,0.314453125,0.16796875,-0.60546875,0.1064453125,0.1689453125,-0.5546875,0.6796875,0.30859375,0.2119140625,-0.1728515625,-0.11328125,0.2353515625,0.0224609375,0.1416015625,-0.2041015625,-0.6796875,0.82421875,-0.19921875,-0.193359375,-0.482421875,-0.125,0.234375,-0.84375,0.11083984375,-0.421875,The statue is North of Ali. Ali walks West. The statue is BLANK of Ali.,The statue is North of Ali. Ali walks West. The statue is North of Ali.,21,13
The statue is South of Ali. Ali walks East. The statue is BLANK of Ali.,geocentric_near,target,geocentric_near_target,South of,West of,f22447ca-9574-4a2a-97a3-2d2bf9e6af56,74f043f5-acec-4feb-86b0-8ef876aecd9e,The statue is South of Ali. Ali walks East. The statue is South of Ali.,0.65,4998.78333331365,5204.93333331527,0.75,1.0,0.8,0,0,1,1,-6.4375,0.0,0.3375,4.3618749999999995,71,0.6015625,0.0167236328125,-2.734375,-0.037841796875,-0.671875,0.474609375,-0.5859375,-0.318359375,-0.82421875,0.455078125,-0.2275390625,-0.275390625,-0.41015625,1.0390625,-1.21875,-0.4375,-0.3046875,0.051513671875,0.208984375,0.259765625,-0.1640625,0.53125,-0.73046875,-0.0927734375,-0.05712890625,0.07470703125,-0.09912109375,-0.11865234375,0.234375,-0.39453125,-0.09765625,0.2265625,-0.62109375,-0.271484375,-0.0361328125,-0.059326171875,0.1640625,-0.77734375,-0.296875,0.103515625,0.2314453125,-0.197265625,-0.3203125,0.375,-0.421875,-0.0030517578125,0.7109375,-0.63671875,0.447265625,-0.041748046875,0.10595703125,0.375,0.11962890625,-0.384765625,-0.318359375,-0.232421875,-0.40625,0.1767578125,-1.03125,-0.0274658203125,-1.5390625,-0.1083984375,0.7265625,0.6484375,0.6640625,0.61328125,0.03369140625,0.142578125,-0.2421875,0.162109375,0.96484375,0.318359375,0.162109375,-0.58984375,0.1005859375,0.1083984375,-0.546875,0.65234375,0.302734375,0.205078125,-0.177734375,-0.11328125,0.255859375,-0.002410888671875,0.1396484375,-0.2041015625,-0.6875,0.80859375,-0.19140625,-0.21484375,-0.435546875,-0.1279296875,0.21484375,-0.84765625,0.1064453125,-0.427734375,The statue is South of Ali. Ali walks East. The statue is BLANK of Ali.,The statue is South of Ali. Ali walks East. The statue is South of Ali.,20,10
The statue is West of Ali. Ali walks North. The statue is BLANK of Ali.,geocentric_near,target,geocentric_near_target,West of,South of,ee3ae132-a497-4dbe-b99f-a973cdb161ed,02001830-4e69-4fbb-bf98-17c2b84f5101,The statue is West of Ali. Ali walks North. The statue is West of Ali.,0.571428571428571,5572.68000003099,997.780000305176,0.5,0.666666666666667,0.571428571428571,0,0,0,0,-7.0625,0.0,0.142857142857143,4.358750000000001,70,0.6015625,0.0118408203125,-2.75,-0.03076171875,-0.6796875,0.478515625,-0.6015625,-0.32421875,-0.8125,0.42578125,-0.244140625,-0.2578125,-0.412109375,1.0234375,-1.2109375,-0.447265625,-0.3125,0.0556640625,0.1943359375,0.25,-0.1591796875,0.5390625,-0.7265625,-0.109375,-0.0439453125,0.05419921875,-0.10400390625,-0.134765625,0.2265625,-0.390625,-0.1162109375,0.25390625,-0.625,-0.216796875,-0.0034942626953125,-0.083984375,0.1689453125,-0.76171875,-0.2890625,0.1123046875,0.2275390625,-0.19921875,-0.306640625,0.365234375,-0.412109375,-0.015380859375,0.69921875,-0.6328125,0.4609375,-0.0458984375,0.11279296875,0.37109375,0.125,-0.3671875,-0.310546875,-0.2275390625,-0.388671875,0.171875,-1.0078125,-0.03955078125,-1.5078125,-0.12109375,0.734375,0.6484375,0.671875,0.5859375,0.029052734375,0.150390625,-0.2255859375,0.166015625,0.99609375,0.2734375,0.166015625,-0.58984375,0.1025390625,0.138671875,-0.546875,0.640625,0.31640625,0.2119140625,-0.1767578125,-0.09765625,0.2177734375,-0.00188446044921875,0.15234375,-0.205078125,-0.66796875,0.80859375,-0.197265625,-0.181640625,-0.470703125,-0.1015625,0.2275390625,-0.859375,0.1279296875,-0.4296875,The statue is West of Ali. Ali walks North. The statue is BLANK of Ali.,The statue is West of Ali. Ali walks North. The statue is West of Ali.,21,16
The statue is West of Ali. Ali walks South. The statue is BLANK of Ali.,geocentric_near,target,geocentric_near_target,West of,North of,81123323-a1cd-4a74-88ff-4731a319aea6,947caead-a96c-4aae-bb19-33860a26d48c,The statue is West of Ali. Ali walks South. The statue is West of Ali.,0.7,7547.28749999823,2370.94285714201,1.0,1.0,1.0,0,0,0,0,1.5,0.0,0.325,4.36375,70,0.6015625,0.013427734375,-2.75,-0.031982421875,-0.67578125,0.46875,-0.5859375,-0.314453125,-0.81640625,0.439453125,-0.25390625,-0.26171875,-0.408203125,1.0234375,-1.2265625,-0.458984375,-0.30859375,0.049072265625,0.1904296875,0.25390625,-0.162109375,0.5390625,-0.7265625,-0.11279296875,-0.041748046875,0.03857421875,-0.12060546875,-0.130859375,0.224609375,-0.41015625,-0.11767578125,0.26953125,-0.63671875,-0.173828125,0.005523681640625,-0.08740234375,0.1640625,-0.76171875,-0.30078125,0.11376953125,0.228515625,-0.1982421875,-0.3046875,0.345703125,-0.408203125,-0.02294921875,0.6953125,-0.6328125,0.45703125,-0.061279296875,0.10888671875,0.384765625,0.12890625,-0.3671875,-0.318359375,-0.23046875,-0.388671875,0.17578125,-1.0234375,-0.043701171875,-1.5078125,-0.12109375,0.74609375,0.64453125,0.66796875,0.59765625,0.0311279296875,0.1552734375,-0.220703125,0.1669921875,0.9765625,0.291015625,0.158203125,-0.59375,0.0986328125,0.12890625,-0.54296875,0.6640625,0.322265625,0.2177734375,-0.1767578125,-0.103515625,0.2294921875,0.0028228759765625,0.1396484375,-0.208984375,-0.6796875,0.80859375,-0.197265625,-0.1806640625,-0.458984375,-0.10595703125,0.2236328125,-0.8515625,0.123046875,-0.4296875,The statue is West of Ali. Ali walks South. The statue is BLANK of Ali.,The statue is West of Ali. Ali walks South. The statue is West of Ali.,20,15
The stove is off. Ali puts his hand on the stove. Ali's hand is BLANK.,state_nonfollows,target,state_nonfollows_target,not burnt,burnt,76b9bbbb-91b7-41de-8e64-e7dee692f78a,1e8c9df6-8b18-4b80-9fd0-827d9bfda64f,The stove is off. Ali puts his hand on the stove. Ali's hand is not burnt.,0.875,4205.47777779152,1955.31428574239,,,,0,1,1,1,-5.6875,-1.0,0.0178571428571429,4.407777777777778,74,0.640625,0.040283203125,-2.75,-0.054931640625,-0.74609375,0.37890625,-0.60546875,-0.380859375,-0.76953125,0.365234375,-0.3359375,-0.1748046875,-0.40234375,1.109375,-1.109375,-0.49609375,-0.376953125,0.1123046875,0.11865234375,0.30078125,-0.19140625,0.33984375,-0.46484375,-0.1181640625,-0.09814453125,-0.0016326904296875,-0.197265625,0.025390625,0.1806640625,-0.306640625,-0.0279541015625,0.34375,-0.66015625,-0.11083984375,0.1044921875,-0.08154296875,0.1845703125,-0.443359375,-0.3359375,0.1259765625,0.216796875,-0.2734375,-0.31640625,0.400390625,-0.4453125,0.0771484375,0.6875,-0.380859375,0.2578125,-0.10546875,0.01336669921875,0.38671875,0.10400390625,-0.3515625,-0.2490234375,-0.2001953125,-0.5390625,0.3671875,-0.77734375,-0.138671875,-1.71875,-0.169921875,0.7265625,0.5625,0.578125,0.66015625,-0.1328125,0.06640625,-0.474609375,0.43359375,1.0078125,0.296875,0.0859375,-0.412109375,0.095703125,0.375,-0.6875,0.796875,0.310546875,0.1630859375,-0.2216796875,0.08837890625,-0.006927490234375,-0.1533203125,0.1494140625,-0.2080078125,-0.64453125,0.71875,-0.423828125,-0.1748046875,-0.80859375,-0.10791015625,0.232421875,-0.7265625,0.11669921875,-0.3828125,The stove is off. Ali puts his hand on the stove. Ali's hand is BLANK.,The stove is off. Ali puts his hand on the stove. Ali's hand is not burnt.,16,0
The stove is on high heat. Ali puts his hand on the stove. Ali's hand is BLANK.,state_follows,target,state_follows_target,burnt,not burnt,,67810b25-c28d-412d-8b78-17385a8effa1,The stove is on high heat. Ali puts his hand on the stove. Ali's hand is burnt.,1.0,3564.20769231709,1452.4545454559,,,,1,1,1,1,16.25,,,4.381578947368422,79,0.64453125,0.0498046875,-2.8125,-0.047607421875,-0.7421875,0.373046875,-0.64453125,-0.412109375,-0.76953125,0.357421875,-0.296875,-0.171875,-0.376953125,1.1171875,-1.0703125,-0.458984375,-0.3828125,0.10107421875,0.1259765625,0.26953125,-0.197265625,0.3203125,-0.44921875,-0.11865234375,-0.09326171875,0.01708984375,-0.1748046875,0.07763671875,0.12890625,-0.265625,-0.0277099609375,0.3828125,-0.73828125,-0.11572265625,0.09912109375,-0.07080078125,0.1728515625,-0.421875,-0.322265625,0.1337890625,0.2138671875,-0.283203125,-0.29296875,0.439453125,-0.46484375,0.050537109375,0.6953125,-0.2412109375,0.2080078125,-0.1318359375,-0.00494384765625,0.388671875,0.0888671875,-0.3359375,-0.2333984375,-0.2236328125,-0.58203125,0.37109375,-0.828125,-0.177734375,-1.8125,-0.1904296875,0.75,0.5703125,0.52734375,0.58203125,-0.042236328125,0.08935546875,-0.47265625,0.44140625,0.9765625,0.25,0.11279296875,-0.37890625,0.09912109375,0.2890625,-0.69921875,0.82421875,0.298828125,0.21484375,-0.2255859375,0.11767578125,-0.055908203125,-0.173828125,0.158203125,-0.2265625,-0.6953125,0.67578125,-0.4609375,-0.2041015625,-0.7890625,-0.16015625,0.23046875,-0.70703125,0.11376953125,-0.419921875,The stove is on high heat. Ali puts his hand on the stove. Ali's hand is BLANK.,The stove is on high heat. Ali puts his hand on the stove. Ali's hand is burnt.,20,0
The tennis ball is at the top of the ramp and the bowling ball is at the bottom of the ramp. Ali rolls the tennis ball down the ramp. The tennis ball is getting BLANK the bowling ball.,relative_pos,target,relative_pos_target,closer to,further from,fe781dc0-3bb6-41f3-a5ea-df38a523efb8,846af24b-36e4-4c09-8e68-82f04237da22,The tennis ball is at the top of the ramp and the bowling ball is at the bottom of the ramp. Ali rolls the tennis ball down the ramp. The tennis ball is getting closer to the bowling ball.,0.9375,8070.48181816665,2817.59090909768,,,,0,1,1,1,10.0625,-1.0,0.1875,4.465249999999999,188,0.72265625,0.036376953125,-3.015625,-0.07763671875,-0.890625,0.357421875,-0.7578125,-0.44921875,-0.66796875,0.15234375,-0.2490234375,-0.322265625,-0.380859375,1.1640625,-1.0546875,-0.375,-0.396484375,0.09326171875,0.2265625,0.193359375,-0.171875,0.490234375,-0.443359375,-0.2109375,-0.291015625,0.08642578125,-0.031982421875,0.734375,0.0003814697265625,-0.2255859375,-0.043212890625,0.1572265625,-0.86328125,-0.359375,-0.275390625,0.2275390625,0.14453125,-0.51953125,-0.51953125,0.1455078125,0.169921875,-0.2216796875,-0.232421875,0.349609375,-0.53515625,0.171875,0.7578125,-0.419921875,0.189453125,0.00433349609375,0.0205078125,0.24609375,0.0703125,-0.455078125,-0.376953125,-0.30859375,-0.64453125,0.19921875,-0.318359375,-0.1650390625,-1.9453125,0.0157470703125,0.80078125,0.546875,0.55078125,0.74609375,0.091796875,0.314453125,-0.45703125,0.3046875,1.1015625,0.40234375,0.0703125,-0.4921875,0.39453125,0.458984375,-0.72265625,0.74609375,0.15625,0.1416015625,-0.1923828125,0.11328125,0.07568359375,-0.306640625,0.1943359375,-0.07470703125,-0.71875,0.7109375,-0.48828125,-0.2119140625,-0.75390625,-0.1513671875,0.18359375,-0.9375,0.298828125,-0.55078125,The tennis ball is at the top of the ramp and the bowling ball is at the bottom of the ramp. Ali rolls the tennis ball down the ramp. The tennis ball is getting BLANK the bowling ball.,The tennis ball is at the top of the ramp and the bowling ball is at the bottom of the ramp. Ali rolls the tennis ball down the ramp. The tennis ball is getting closer to the bowling ball.,16,0
The tennis ball is at the top of ther amp and the bowling ball is at the bottom of the ramp. Ali rolls the bowling ball up the ramp. The bowling ball is getting BLANK the tennis ball.,relative_pos,target,relative_pos_target,closer to,further from,4bb20c54-c69e-41ec-8f97-997a8ba57194,54271b17-d651-4da5-837c-ace767d0414c,The tennis ball is at the top of the ramp and the bowling ball is at the bottom of the ramp. Ali rolls the bowling ball up the ramp. The bowling ball is getting closer to the tennis ball.,0.818181818181818,10562.56,1323.10000002384,,,,0,1,1,1,10.9375,-1.0,-0.0865800865800865,4.449499999999999,187,0.7109375,0.041748046875,-2.96875,-0.06689453125,-0.8515625,0.365234375,-0.74609375,-0.435546875,-0.68359375,0.1767578125,-0.2412109375,-0.33203125,-0.373046875,1.1328125,-1.0546875,-0.392578125,-0.380859375,0.091796875,0.2099609375,0.173828125,-0.1650390625,0.482421875,-0.419921875,-0.216796875,-0.26953125,0.0849609375,-0.051025390625,0.74609375,-0.003265380859375,-0.232421875,-0.021240234375,0.248046875,-0.88671875,-0.34765625,-0.28515625,0.1591796875,0.1357421875,-0.48828125,-0.4921875,0.11669921875,0.1728515625,-0.21484375,-0.2255859375,0.3671875,-0.5234375,0.2412109375,0.72265625,-0.37890625,0.1689453125,-0.08203125,-0.00421142578125,0.275390625,0.07666015625,-0.44140625,-0.388671875,-0.244140625,-0.609375,0.283203125,-0.412109375,-0.158203125,-1.9609375,-0.03857421875,0.80078125,0.5703125,0.5234375,0.625,0.037353515625,0.28515625,-0.453125,0.3203125,1.0859375,0.357421875,0.04541015625,-0.5234375,0.353515625,0.447265625,-0.72265625,0.70703125,0.11083984375,0.1611328125,-0.1787109375,0.109375,0.0301513671875,-0.427734375,0.1953125,-0.119140625,-0.73046875,0.71875,-0.46484375,-0.25,-0.6953125,-0.130859375,0.1669921875,-0.91015625,0.341796875,-0.57421875,The tennis ball is at the top of ther amp and the bowling ball is at the bottom of the ramp. Ali rolls the bowling ball up the ramp. The bowling ball is getting BLANK the tennis ball.,The tennis ball is at the top of the ramp and the bowling ball is at the bottom of the ramp. Ali rolls the bowling ball up the ramp. The bowling ball is getting closer to the tennis ball.,11,0
The tennis ball is far from the bowling ball. Ali rolls the bowling ball. The tennis ball is BLANK the bowling ball.,relative_pos,target,relative_pos_target,closer to,further from,03766399-07b2-4199-94af-4c2ef1c26683,a1ae3942-75df-4058-b980-4f4f793a3997,The tennis ball is far from the bowling ball. Ali rolls the bowling ball. The tennis ball is closer to the bowling ball.,0.818181818181818,3765.58571427821,3005.78888887622,,,,0,0,1,1,-3.875,0.0,-0.0909090909090908,4.354166666666667,120,0.65234375,0.045654296875,-2.953125,-0.09912109375,-0.77734375,0.447265625,-0.55078125,-0.47265625,-0.81640625,0.240234375,-0.216796875,-0.353515625,-0.373046875,1.171875,-1.046875,-0.4296875,-0.30078125,0.1669921875,0.21875,0.1806640625,-0.125,0.50390625,-0.328125,-0.1669921875,-0.19921875,-0.03662109375,-0.1416015625,0.46484375,0.07568359375,-0.263671875,0.01611328125,0.265625,-0.86328125,-0.185546875,-0.19140625,0.08056640625,0.1103515625,-0.56640625,-0.4296875,0.13671875,0.201171875,-0.1962890625,-0.3125,0.357421875,-0.474609375,0.039794921875,0.6953125,-0.46875,0.26953125,0.0791015625,0.0247802734375,0.291015625,0.080078125,-0.41015625,-0.328125,-0.228515625,-0.55859375,0.2236328125,-0.62109375,-0.130859375,-1.7109375,-0.09228515625,0.796875,0.52734375,0.5234375,0.53125,0.0537109375,0.2275390625,-0.380859375,0.19921875,1.0390625,0.44140625,0.083984375,-0.546875,0.162109375,0.33203125,-0.65234375,0.80078125,0.205078125,0.21875,-0.1640625,0.0224609375,0.07470703125,-0.2197265625,0.1845703125,-0.03173828125,-0.75390625,0.76953125,-0.40625,-0.212890625,-0.62890625,-0.18359375,0.203125,-0.875,0.150390625,-0.392578125,The tennis ball is far from the bowling ball. Ali rolls the bowling ball. The tennis ball is BLANK the bowling ball.,The tennis ball is far from the bowling ball. Ali rolls the bowling ball. The tennis ball is closer to the bowling ball.,11,0
The tennis ball is next to the bowling ball. Ali throws the tennis ball. The tennis ball is BLANK the bowling ball.,action_follows,target,action_follows_target,far from,close to,00a86d8b-08ea-4f7b-9846-689b52e5bed3,4f8dcd3d-9eb1-45d4-bfac-220c08eeca86,The tennis ball is next to the bowling ball. Ali throws the tennis ball. The tennis ball is far from the bowling ball.,1.0,5780.3857143061,2159.60000006296,,,,0,1,1,1,3.0,-1.0,0.0,4.46625,118,0.64453125,0.07421875,-3.0,-0.10791015625,-0.79296875,0.482421875,-0.5546875,-0.482421875,-0.7890625,0.310546875,-0.2216796875,-0.333984375,-0.373046875,1.140625,-1.0078125,-0.4375,-0.318359375,0.1982421875,0.2138671875,0.2294921875,-0.15234375,0.474609375,-0.3515625,-0.197265625,-0.15625,-0.0262451171875,-0.162109375,0.431640625,0.037841796875,-0.2734375,-0.000476837158203125,0.263671875,-0.828125,-0.1025390625,-0.1259765625,0.078125,0.1103515625,-0.56640625,-0.427734375,0.11083984375,0.1728515625,-0.22265625,-0.361328125,0.388671875,-0.490234375,-0.029296875,0.734375,-0.54296875,0.275390625,0.154296875,0.00860595703125,0.318359375,0.0849609375,-0.41796875,-0.314453125,-0.236328125,-0.5546875,0.279296875,-0.671875,-0.107421875,-1.6953125,-0.154296875,0.7265625,0.49609375,0.51171875,0.609375,0.0238037109375,0.2890625,-0.322265625,0.1865234375,1.0703125,0.423828125,0.07666015625,-0.54296875,0.050048828125,0.341796875,-0.61328125,0.89453125,0.2080078125,0.1708984375,-0.1630859375,0.035400390625,0.020751953125,-0.3046875,0.1943359375,-0.06494140625,-0.78125,0.7421875,-0.41796875,-0.1396484375,-0.71484375,-0.19140625,0.2021484375,-0.82421875,0.197265625,-0.380859375,The tennis ball is next to the bowling ball. Ali throws the tennis ball. The tennis ball is BLANK the bowling ball.,The tennis ball is next to the bowling ball. Ali throws the tennis ball. The tennis ball is far from the bowling ball.,21,0
The tennis ball is touching the bowling ball. Ali rolls the bowling ball. The bowling ball is BLANK the tennis ball.,relative_pos,target,relative_pos_target,further from,closer to,fd34f77c-61c1-4009-82e5-512ea1b27077,0716baee-d70a-493a-88b0-ea1caf217e44,The tennis ball is touching the bowling ball. Ali rolls the bowling ball. The bowling ball is further from the tennis ball.,0.8125,7056.13333332663,2996.11999999136,,,,0,1,1,1,10.125,-1.0,0.375,4.270434782608695,123,0.65625,0.043701171875,-2.953125,-0.0947265625,-0.77734375,0.447265625,-0.5234375,-0.48828125,-0.82421875,0.2431640625,-0.23046875,-0.353515625,-0.376953125,1.1875,-1.0625,-0.447265625,-0.337890625,0.11279296875,0.22265625,0.1630859375,-0.134765625,0.466796875,-0.328125,-0.1962890625,-0.19140625,-0.0255126953125,-0.1923828125,0.42578125,0.0771484375,-0.27734375,0.006561279296875,0.2373046875,-0.8671875,-0.1455078125,-0.123046875,0.05419921875,0.08447265625,-0.54296875,-0.427734375,0.11962890625,0.1826171875,-0.1796875,-0.33984375,0.365234375,-0.494140625,0.0810546875,0.703125,-0.44921875,0.2470703125,0.0260009765625,-0.0322265625,0.328125,0.09423828125,-0.3828125,-0.326171875,-0.150390625,-0.54296875,0.23046875,-0.7421875,-0.201171875,-1.84375,-0.1630859375,0.78125,0.5625,0.466796875,0.640625,0.06396484375,0.234375,-0.369140625,0.314453125,1.0546875,0.43359375,0.08642578125,-0.5546875,0.193359375,0.33984375,-0.6171875,0.79296875,0.193359375,0.20703125,-0.1875,0.0198974609375,0.04541015625,-0.359375,0.19140625,-0.06103515625,-0.796875,0.73828125,-0.41015625,-0.19921875,-0.59765625,-0.205078125,0.19921875,-0.8671875,0.2216796875,-0.4375,The tennis ball is touching the bowling ball. Ali rolls the bowling ball. The bowling ball is BLANK the tennis ball.,The tennis ball is touching the bowling ball. Ali rolls the bowling ball. The bowling ball is further from the tennis ball.,16,0
The wagon is on top of the hill. Ali pushes the wagon. The wagon BLANK.,action_follows,target,action_follows_target,rolls,stays still,,4edd0efa-8cc9-4add-b070-cb419ceacfe0,The wagon is on top of the hill. Ali pushes the wagon. The wagon rolls.,0.95,3668.93333333094,1346.96363637071,,,,1,1,1,1,16.75,,,4.265625,71,0.640625,-0.041015625,-2.734375,-0.04150390625,-0.78125,0.306640625,-0.55078125,-0.265625,-0.7578125,0.33203125,-0.306640625,-0.208984375,-0.39453125,1.0859375,-1.125,-0.416015625,-0.390625,0.142578125,0.07763671875,0.322265625,-0.1943359375,0.57421875,-0.58984375,-0.0240478515625,-0.07763671875,-0.024658203125,-0.14453125,0.1103515625,0.1298828125,-0.3984375,-0.08349609375,0.392578125,-0.7109375,-0.1640625,-0.0791015625,0.01416015625,0.12890625,-0.482421875,-0.279296875,0.1279296875,0.1640625,-0.27734375,-0.365234375,0.455078125,-0.423828125,-0.00567626953125,0.6953125,-0.64453125,0.30078125,0.1318359375,-0.005584716796875,0.5390625,0.08984375,-0.412109375,-0.2431640625,-0.2392578125,-0.462890625,0.380859375,-0.86328125,-0.057861328125,-1.6796875,-0.1513671875,0.71875,0.625,0.55078125,0.60546875,0.0712890625,0.173828125,-0.3828125,0.26171875,0.85546875,0.4140625,0.12353515625,-0.4609375,0.1884765625,0.2041015625,-0.57421875,0.86328125,0.3046875,0.1923828125,-0.1865234375,0.0194091796875,0.1396484375,-0.234375,0.283203125,-0.279296875,-0.78515625,0.68359375,-0.369140625,-0.146484375,-0.6640625,-0.1396484375,0.2333984375,-0.7109375,0.1845703125,-0.4140625,The wagon is on top of the hill. Ali pushes the wagon. The wagon BLANK.,The wagon is on top of the hill. Ali pushes the wagon. The wagon rolls.,20,0
The wall was painted 1 month ago. Ali touches the wall. Ali's hand is BLANK.,state_nonfollows,target,state_nonfollows_target,clean,painted,dfe7f33a-88b5-4da3-85e2-f5ac39af30c0,3279f507-fe51-4180-a7d2-e774b419c51e,The wall was painted 1 month ago. Ali touches the wall. Ali's hand is clean.,0.80952380952381,4919.36999991518,1674.06666662585,,,,1,1,1,1,-8.6875,1.0,0.0367965367965368,4.511176470588235,76,0.65625,0.02001953125,-2.796875,-0.00933837890625,-0.7578125,0.31640625,-0.61328125,-0.341796875,-0.76171875,0.478515625,-0.28515625,-0.06884765625,-0.359375,1.0546875,-1.1171875,-0.482421875,-0.36328125,0.0228271484375,0.107421875,0.275390625,-0.1943359375,0.3125,-0.48046875,0.040283203125,-0.0888671875,0.19140625,-0.140625,0.10400390625,0.21875,-0.3203125,-0.08251953125,0.2734375,-0.6484375,-0.146484375,-0.00072479248046875,-0.0888671875,0.2109375,-0.470703125,-0.2734375,0.10546875,0.236328125,-0.2333984375,-0.33203125,0.515625,-0.40234375,-0.04638671875,0.69140625,-0.466796875,0.2021484375,0.0390625,0.048583984375,0.359375,0.10546875,-0.357421875,-0.1787109375,-0.13671875,-0.6171875,0.390625,-0.80078125,-0.057373046875,-1.8046875,-0.1630859375,0.6484375,0.62890625,0.578125,0.59765625,-0.11083984375,0.181640625,-0.46875,0.486328125,0.87890625,0.251953125,0.138671875,-0.41796875,0.1376953125,0.326171875,-0.5703125,0.78515625,0.35546875,0.189453125,-0.2451171875,0.0771484375,0.027587890625,-0.2294921875,0.150390625,-0.2275390625,-0.671875,0.72265625,-0.404296875,-0.158203125,-0.69921875,-0.140625,0.271484375,-0.671875,0.045166015625,-0.357421875,The wall was painted 1 month ago. Ali touches the wall. Ali's hand is BLANK.,The wall was painted 1 month ago. Ali touches the wall. Ali's hand is clean.,21,0
The wall was painted 5 minutes ago. Ali touches the wall. Ali's hand is BLANK.,state_follows,target,state_follows_target,painted,clean,bd7fb308-8b42-40a6-ab60-0d51dde18d3d,4cda2bed-9894-4e4f-b78e-40403e1b649a,The wall was painted 5 minutes ago. Ali touches the wall. Ali's hand is painted.,1.0,3709.81818178939,2262.68181819807,,,,1,1,1,1,13.75,1.0,0.25,4.445294117647059,80,0.66015625,0.003997802734375,-2.796875,-0.018310546875,-0.76171875,0.314453125,-0.59765625,-0.3828125,-0.7578125,0.462890625,-0.271484375,-0.107421875,-0.34765625,1.0546875,-1.09375,-0.47265625,-0.36328125,0.02685546875,0.1259765625,0.26953125,-0.1767578125,0.294921875,-0.455078125,0.032470703125,-0.1142578125,0.1865234375,-0.171875,0.09521484375,0.2099609375,-0.34765625,-0.052001953125,0.28515625,-0.640625,-0.1767578125,-0.001617431640625,-0.09228515625,0.2080078125,-0.470703125,-0.294921875,0.083984375,0.2294921875,-0.21484375,-0.318359375,0.515625,-0.41796875,-0.06005859375,0.703125,-0.494140625,0.240234375,0.053466796875,0.033203125,0.388671875,0.10595703125,-0.400390625,-0.203125,-0.130859375,-0.60546875,0.42578125,-0.8359375,-0.0703125,-1.7890625,-0.17578125,0.65625,0.61328125,0.578125,0.62890625,-0.1025390625,0.1650390625,-0.447265625,0.486328125,0.89453125,0.2470703125,0.142578125,-0.4140625,0.09619140625,0.32421875,-0.578125,0.76953125,0.3515625,0.2021484375,-0.2294921875,0.05419921875,0.031494140625,-0.21484375,0.16796875,-0.25390625,-0.66015625,0.7265625,-0.40625,-0.1669921875,-0.67578125,-0.140625,0.271484375,-0.69140625,0.0498046875,-0.396484375,The wall was painted 5 minutes ago. Ali touches the wall. Ali's hand is BLANK.,The wall was painted 5 minutes ago. Ali touches the wall. Ali's hand is painted.,11,0
The water is in the bucket. Ali puts the bucket in the freezer. The water BLANK.,state_follows,target,state_follows_target,freezes,doesn't freeze,7cf0a684-728e-4297-b269-dc2080f76c75,15982e80-ee9a-463f-aac7-93d6d157cfdc,The water is in the bucket. Ali puts the bucket in the freezer. The water freezes.,1.0,4386.84166665531,1209.85454545644,,,,1,1,1,1,14.5,0.0,0.0454545454545454,4.304705882352941,82,0.69921875,0.059814453125,-2.78125,-0.055908203125,-0.8359375,0.333984375,-0.60546875,-0.306640625,-0.71484375,0.474609375,-0.287109375,-0.2197265625,-0.421875,1.09375,-1.0546875,-0.45703125,-0.439453125,0.04248046875,0.1796875,0.30078125,-0.208984375,0.353515625,-0.474609375,-0.0024566650390625,-0.140625,-0.1005859375,-0.30859375,0.22265625,0.0859375,-0.337890625,-0.030517578125,0.296875,-0.7578125,-0.0277099609375,-0.07666015625,0.045654296875,0.1435546875,-0.49609375,-0.2890625,0.1025390625,0.201171875,-0.1982421875,-0.208984375,0.423828125,-0.478515625,0.054443359375,0.71484375,-0.546875,0.29296875,0.10302734375,0.0283203125,0.51953125,0.09814453125,-0.38671875,-0.2158203125,-0.173828125,-0.52734375,0.400390625,-0.79296875,-0.10205078125,-1.8203125,-0.09814453125,0.734375,0.5390625,0.4921875,0.56640625,0.056640625,0.1904296875,-0.42578125,0.3359375,0.8125,0.251953125,0.1552734375,-0.498046875,0.2578125,0.376953125,-0.6328125,0.87109375,0.33203125,0.2255859375,-0.15234375,0.0286865234375,0.04248046875,-0.1494140625,0.193359375,-0.2578125,-0.7109375,0.75390625,-0.404296875,-0.07373046875,-0.59375,-0.162109375,0.2080078125,-0.68359375,0.2109375,-0.453125,The water is in the bucket. Ali puts the bucket in the freezer. The water BLANK.,The water is in the bucket. Ali puts the bucket in the freezer. The water freezes.,20,0
The window is behind Ali and the wall is in front of Ali. Ali throws the baseball at the wall. The window BLANK.,state_nonfollows,target,state_nonfollows_target,doesn't break,breaks,1bff89f3-4c52-4f5a-b17d-4415b1245d9e,88712078-fc2f-436a-8a04-1757993c015e,The window is behind Ali and the wall is in front of Ali. Ali throws the baseball at the wall. The window doesn't break.,0.7,10525.9875000087,2030.9400000006,0.8,1.0,0.833333333333333,0,0,1,1,8.25,0.0,-0.118181818181818,4.488076923076923,120,0.67578125,0.059326171875,-2.796875,-0.031005859375,-0.8046875,0.384765625,-0.640625,-0.341796875,-0.72265625,0.328125,-0.33984375,-0.095703125,-0.369140625,1.0625,-1.078125,-0.498046875,-0.43359375,-0.00897216796875,0.140625,0.32421875,-0.2119140625,0.3671875,-0.54296875,-0.1044921875,-0.1123046875,0.0074462890625,-0.13671875,0.3125,0.032470703125,-0.373046875,-0.08740234375,0.296875,-0.72265625,-0.224609375,-0.00457763671875,0.1005859375,0.1650390625,-0.53125,-0.3671875,0.1318359375,0.2216796875,-0.2275390625,-0.25,0.384765625,-0.439453125,0.1064453125,0.6953125,-0.515625,0.267578125,-0.0751953125,-0.0281982421875,0.419921875,0.10546875,-0.494140625,-0.31640625,-0.1640625,-0.48828125,0.408203125,-0.69921875,-0.1396484375,-1.8046875,-0.1357421875,0.78125,0.578125,0.5859375,0.69921875,0.03173828125,0.28125,-0.345703125,0.228515625,0.984375,0.453125,0.1484375,-0.60546875,0.2119140625,0.298828125,-0.58984375,0.8125,0.279296875,0.1884765625,-0.1435546875,0.07080078125,-0.01177978515625,-0.1728515625,0.2001953125,-0.2265625,-0.625,0.76953125,-0.345703125,-0.07958984375,-0.7578125,-0.0869140625,0.318359375,-0.74609375,0.2412109375,-0.55859375,The window is behind Ali and the wall is in front of Ali. Ali throws the baseball at the wall. The window BLANK.,The window is behind Ali and the wall is in front of Ali. Ali throws the baseball at the wall. The window doesn't break.,20,10
The window is behind Ali. Ali throws the baseball forward. The window BLANK.,state_nonfollows,target,state_nonfollows_target,doesn't break,breaks,67240da5-115f-475b-8f7c-3f7670ace45e,71cbbb37-63ba-4e5b-a641-28bac214cb01,The window is behind Ali. Ali throws the baseball forward. The window doesn't break.,0.454545454545455,4951.37142864641,863.900000005029,0.8,1.0,0.833333333333333,0,0,1,1,-5.125,0.0,-0.295454545454545,4.2487499999999985,84,0.64453125,0.0272216796875,-2.734375,-0.042236328125,-0.76171875,0.435546875,-0.5546875,-0.3515625,-0.79296875,0.369140625,-0.35546875,-0.1005859375,-0.361328125,1.078125,-1.0546875,-0.53125,-0.400390625,0.052001953125,0.115234375,0.296875,-0.20703125,0.380859375,-0.53515625,-0.0289306640625,0.002471923828125,-0.07275390625,-0.2001953125,0.1455078125,0.08935546875,-0.40625,-0.0537109375,0.341796875,-0.609375,-0.1181640625,0.03564453125,0.0012054443359375,0.162109375,-0.54296875,-0.3671875,0.158203125,0.2333984375,-0.244140625,-0.2236328125,0.42578125,-0.388671875,0.064453125,0.67578125,-0.55859375,0.33203125,0.0294189453125,0.046875,0.416015625,0.123046875,-0.447265625,-0.275390625,-0.1416015625,-0.458984375,0.375,-0.94140625,-0.0869140625,-1.7109375,-0.1376953125,0.69921875,0.56640625,0.56640625,0.59375,-0.00145721435546875,0.1044921875,-0.400390625,0.3203125,0.82421875,0.33203125,0.1396484375,-0.53125,0.10791015625,0.1865234375,-0.52734375,0.8046875,0.3046875,0.20703125,-0.126953125,-0.003021240234375,0.025390625,-0.2333984375,0.255859375,-0.181640625,-0.71875,0.8046875,-0.337890625,-0.154296875,-0.6640625,-0.10498046875,0.27734375,-0.69921875,0.2021484375,-0.447265625,The window is behind Ali. Ali throws the baseball forward. The window BLANK.,The window is behind Ali. Ali throws the baseball forward. The window doesn't break.,11,8
The window is in front of Ali. Ali throws the baseball forward. The window BLANK.,state_follows,target,state_follows_target,breaks,doesn't break,4278e8cb-5716-4045-8ba1-f6e877f7c58b,7ae63c21-e740-4eec-b157-525003dfdb34,The window is in front of Ali. Ali throws the baseball forward. The window breaks.,0.875,5779.38888890151,3325.66363638081,,,,1,1,1,1,12.0625,1.0,0.0178571428571429,4.489375,82,0.67578125,0.0303955078125,-2.71875,-0.03076171875,-0.7734375,0.3984375,-0.58984375,-0.345703125,-0.765625,0.345703125,-0.349609375,-0.10107421875,-0.392578125,1.0703125,-1.0234375,-0.52734375,-0.421875,0.06298828125,0.1435546875,0.27734375,-0.2041015625,0.359375,-0.5390625,-0.032470703125,-0.03466796875,-0.004852294921875,-0.169921875,0.1826171875,0.033935546875,-0.390625,-0.0419921875,0.416015625,-0.68359375,-0.09716796875,0.0230712890625,0.025634765625,0.146484375,-0.4921875,-0.35546875,0.1376953125,0.2119140625,-0.21875,-0.20703125,0.482421875,-0.41796875,0.046875,0.6875,-0.4765625,0.29296875,0.064453125,0.0498046875,0.37890625,0.10986328125,-0.427734375,-0.255859375,-0.1787109375,-0.5234375,0.361328125,-0.890625,-0.09326171875,-1.8203125,-0.10009765625,0.68359375,0.609375,0.5234375,0.640625,0.05908203125,0.140625,-0.3671875,0.228515625,0.796875,0.28515625,0.15625,-0.515625,0.1669921875,0.2333984375,-0.5390625,0.79296875,0.27734375,0.22265625,-0.146484375,0.031982421875,0.038330078125,-0.20703125,0.25390625,-0.1865234375,-0.69921875,0.796875,-0.34765625,-0.1279296875,-0.65625,-0.10888671875,0.251953125,-0.70703125,0.2236328125,-0.439453125,The window is in front of Ali. Ali throws the baseball forward. The window BLANK.,The window is in front of Ali. Ali throws the baseball forward. The window breaks.,16,0
The wine glass is on the floor. Ali touches the glass. The glass BLANK.,state_nonfollows,target,state_nonfollows_target,doesn't break,breaks,,1f949abf-4d1b-4015-ac38-cd172dc472b7,The wine glass is on the floor. Ali touches the glass. The glass doesn't break.,0.9375,4372.12000002358,3059.16999999788,,,,0,0,1,1,-16.625,,,4.478235294117646,79,0.69921875,-0.037841796875,-2.8125,-0.017333984375,-0.765625,0.326171875,-0.62109375,-0.33203125,-0.73046875,0.375,-0.2890625,-0.169921875,-0.3984375,1.109375,-1.0625,-0.478515625,-0.4140625,0.03271484375,0.115234375,0.3046875,-0.2041015625,0.365234375,-0.484375,-0.037841796875,-0.078125,-0.10009765625,-0.271484375,0.283203125,0.0869140625,-0.349609375,-0.0096435546875,0.322265625,-0.62890625,-0.007537841796875,0.001251220703125,-0.01806640625,0.1650390625,-0.53515625,-0.28125,0.11767578125,0.212890625,-0.28125,-0.267578125,0.48828125,-0.400390625,0.0869140625,0.703125,-0.427734375,0.3203125,0.002960205078125,0.0218505859375,0.44921875,0.10205078125,-0.373046875,-0.220703125,-0.1533203125,-0.53515625,0.4296875,-0.8515625,-0.060791015625,-1.625,-0.1572265625,0.6953125,0.5390625,0.625,0.66796875,-0.0673828125,0.1533203125,-0.44140625,0.45703125,0.87109375,0.357421875,0.1298828125,-0.44140625,0.048828125,0.265625,-0.5859375,0.87890625,0.31640625,0.1494140625,-0.12353515625,0.07568359375,0.0927734375,-0.1748046875,0.216796875,-0.2734375,-0.83984375,0.66796875,-0.408203125,-0.134765625,-0.70703125,-0.16015625,0.2314453125,-0.65625,0.24609375,-0.4296875,The wine glass is on the floor. Ali touches the glass. The glass BLANK.,The wine glass is on the floor. Ali touches the glass. The glass doesn't break.,16,0
The wine glass is on the table. Ali bumps the lamp. The wine BLANK.,action_nonfollows,target,action_nonfollows_target,doesn't spill,spills,1bfdbc33-cb86-4ebc-abbc-7dce13cc17c6,97dd01de-586e-4782-902f-a496e522e421,The wine glass is on the table. Ali bumps the lamp. The wine doesn't spill.,0.65,6115.48888889079,1675.20000000042,0.8,0.5,0.714285714285714,0,0,0,0,-17.0,0.0,0.126190476190476,4.304117647058824,75,0.6640625,0.025146484375,-2.78125,-0.041015625,-0.73828125,0.33203125,-0.57421875,-0.37109375,-0.77734375,0.37109375,-0.240234375,-0.1650390625,-0.37890625,1.0625,-1.0859375,-0.4140625,-0.3984375,-0.0021820068359375,0.1220703125,0.310546875,-0.1953125,0.349609375,-0.4921875,-0.050537109375,-0.0751953125,-0.08984375,-0.2265625,0.251953125,0.10498046875,-0.365234375,-0.03857421875,0.28515625,-0.6015625,0.0537109375,0.026123046875,-0.059814453125,0.21875,-0.484375,-0.2197265625,0.154296875,0.23046875,-0.265625,-0.27734375,0.51171875,-0.392578125,0.0230712890625,0.6640625,-0.53125,0.361328125,0.0595703125,0.0810546875,0.47265625,0.1357421875,-0.44921875,-0.232421875,-0.1796875,-0.45703125,0.392578125,-0.828125,-0.1845703125,-1.65625,-0.1767578125,0.71875,0.5703125,0.5703125,0.58203125,-0.029296875,0.177734375,-0.419921875,0.41796875,0.8046875,0.41796875,0.142578125,-0.490234375,0.1005859375,0.302734375,-0.6015625,0.94140625,0.298828125,0.1982421875,-0.12109375,0.09814453125,0.0947265625,-0.11083984375,0.1767578125,-0.20703125,-0.82421875,0.640625,-0.427734375,-0.1259765625,-0.703125,-0.1728515625,0.2109375,-0.68359375,0.2197265625,-0.470703125,The wine glass is on the table. Ali bumps the lamp. The wine BLANK.,The wine glass is on the table. Ali bumps the lamp. The wine doesn't spill.,20,12
The wine glass is on the table. The wine glass falls over. The wine spills on the BLANK.,action_follows,target,action_follows_target,table,floor,c9977554-3838-4ed6-9cec-9bc70ef147a5,8f2f6473-016c-480b-a77b-a4bfd6af9f64,The wine glass is on the table. The wine glass falls over. The wine spills on the table.,0.454545454545455,3674.29000000954,2954.95555556814,0.2,0.6,0.4,1,1,1,1,-6.5,0.0,-0.545454545454545,4.684736842105264,88,0.640625,-0.005889892578125,-2.890625,-0.036865234375,-0.77734375,0.330078125,-0.63671875,-0.396484375,-0.72265625,0.322265625,-0.125,-0.224609375,-0.404296875,1.125,-1.1015625,-0.34765625,-0.359375,-0.0263671875,0.1640625,0.287109375,-0.1708984375,0.3828125,-0.62890625,-0.1591796875,-0.1396484375,-0.1337890625,-0.1708984375,0.345703125,0.0830078125,-0.361328125,-0.0986328125,0.2216796875,-0.734375,0.1435546875,-0.10400390625,0.02099609375,0.12451171875,-0.51171875,-0.1318359375,0.1826171875,0.208984375,-0.306640625,-0.375,0.498046875,-0.484375,0.0024566650390625,0.68359375,-0.5859375,0.267578125,0.126953125,0.0247802734375,0.44140625,0.0888671875,-0.3515625,-0.2333984375,-0.1474609375,-0.515625,0.28515625,-0.65625,-0.0849609375,-1.7890625,-0.19140625,0.7578125,0.63671875,0.55078125,0.53515625,0.00091552734375,0.294921875,-0.400390625,0.353515625,0.93359375,0.41015625,0.1396484375,-0.51953125,0.2451171875,0.404296875,-0.6796875,0.8828125,0.248046875,0.248046875,-0.154296875,0.10009765625,0.10986328125,-0.031005859375,0.19921875,-0.1611328125,-0.75390625,0.65625,-0.46875,-0.07275390625,-0.63671875,-0.08935546875,0.2578125,-0.890625,0.03173828125,-0.53125,The wine glass is on the table. The wine glass falls over. The wine spills on the BLANK.,The wine glass is on the table. The wine glass falls over. The wine spills on the table.,11,18
There is a bowling ball on the right side of the seesaw. Ali picks the bowling ball up. The right side BLANK.,action_follows,target,action_follows_target,goes up,stays down,a6f86d0b-2983-48db-9629-c651127b36a5,5947efd4-e8c4-4af8-a6ff-2fb3fee89cf3,There is a bowling ball on the right side of the seesaw. Ali picks the bowling ball up. The right side goes up.,0.818181818181818,4900.50000000269,2580.27777780634,,,,0,1,1,1,7.9375,-1.0,-0.0909090909090908,4.605833333333334,111,0.66796875,0.0108642578125,-2.90625,-0.06982421875,-0.84375,0.353515625,-0.58984375,-0.3984375,-0.7734375,0.298828125,-0.2412109375,-0.2236328125,-0.373046875,1.1484375,-1.046875,-0.478515625,-0.330078125,0.173828125,0.0291748046875,0.2431640625,-0.2099609375,0.51953125,-0.51171875,0.0242919921875,-0.203125,0.08740234375,-0.0751953125,0.05517578125,0.036865234375,-0.34375,-0.0791015625,0.1630859375,-0.73828125,-0.1826171875,-0.107421875,-0.017822265625,0.10546875,-0.44921875,-0.27734375,0.1005859375,0.162109375,-0.265625,-0.373046875,0.455078125,-0.462890625,0.24609375,0.703125,-0.546875,0.2578125,0.054931640625,-0.040283203125,0.416015625,0.0888671875,-0.423828125,-0.31640625,-0.2041015625,-0.71484375,0.36328125,-0.6640625,-0.0020751953125,-1.8046875,-0.0751953125,0.7265625,0.65234375,0.578125,0.66015625,0.1748046875,0.181640625,-0.53515625,0.251953125,0.96875,0.2314453125,0.051513671875,-0.5078125,0.3515625,0.26171875,-0.625,0.703125,0.18359375,0.173828125,-0.2080078125,-0.00136566162109375,0.11181640625,-0.2421875,0.2001953125,-0.2431640625,-0.81640625,0.73828125,-0.4140625,-0.2255859375,-0.58203125,-0.1435546875,0.1484375,-0.86328125,0.216796875,-0.37890625,There is a bowling ball on the right side of the seesaw. Ali picks the bowling ball up. The right side BLANK.,There is a bowling ball on the right side of the seesaw. Ali picks the bowling ball up. The right side goes up.,11,0
There is a bowling ball on the right side of the seesaw. Ali puts a tennis ball on the left side of the seesaw. The left side BLANK.,action_nonfollows,target,action_nonfollows_target,stays up,goes down,9b072fc1-17df-4f34-a60c-2249b7569858,400aa0cd-18e8-471d-ba4a-e1f9061ba1d3,There is a bowling ball on the right side of the seesaw. Ali puts a tennis ball on the left side of the seesaw. The left side stays up.,0.875,11214.0374999936,6755.3750000149,,,,0,1,1,1,-10.9375,0.0,0.0,4.377666666666666,135,0.69921875,0.0380859375,-2.9375,-0.06591796875,-0.859375,0.396484375,-0.64453125,-0.4296875,-0.73046875,0.29296875,-0.220703125,-0.1572265625,-0.408203125,1.15625,-1.0234375,-0.4921875,-0.357421875,0.1533203125,0.01513671875,0.2578125,-0.2177734375,0.55859375,-0.5390625,-0.0830078125,-0.265625,0.10205078125,-0.04541015625,0.12890625,0.01434326171875,-0.26171875,-0.06591796875,0.1240234375,-0.828125,-0.1416015625,-0.140625,0.0791015625,0.1025390625,-0.47265625,-0.36328125,0.059814453125,0.126953125,-0.25,-0.3125,0.373046875,-0.53125,0.22265625,0.703125,-0.515625,0.2333984375,0.05029296875,-0.07373046875,0.287109375,0.0830078125,-0.466796875,-0.283203125,-0.2392578125,-0.75390625,0.326171875,-0.6171875,-0.024658203125,-1.7265625,-0.0224609375,0.76171875,0.67578125,0.53515625,0.62109375,0.10302734375,0.26953125,-0.56640625,0.1689453125,1.015625,0.2490234375,0.029296875,-0.52734375,0.416015625,0.255859375,-0.671875,0.703125,0.15625,0.15234375,-0.2314453125,0.0203857421875,0.1279296875,-0.244140625,0.2138671875,-0.26953125,-0.828125,0.77734375,-0.447265625,-0.1875,-0.58984375,-0.16015625,0.1611328125,-0.94140625,0.1572265625,-0.4140625,There is a bowling ball on the right side of the seesaw. Ali puts a tennis ball on the left side of the seesaw. The left side BLANK.,There is a bowling ball on the right side of the seesaw. Ali puts a tennis ball on the left side of the seesaw. The left side stays up.,16,0
Ali and Mark are facing BLANK eachother. Mark turns around. Mark is facing towards Ali.,two_refs_egocentric,context,two_refs_egocentric_context,away from,towards,b487e9f1-f216-4229-8b45-f420981e75a0,6fc5ddfd-59fe-4866-bc22-7d95c52d5e24,Ali and Mark are facing away from eachother. Mark turns around. Mark is facing towards Ali.,0.866666666666667,4721.06923077513,2095.30833332023,,,,0,1,1,1,-5.3125,1.0,0.0333333333333333,4.309411764705881,91,0.6015625,0.056640625,-2.671875,-0.040771484375,-0.71484375,0.333984375,-0.52734375,-0.375,-0.8046875,0.439453125,-0.3671875,-0.248046875,-0.369140625,1.015625,-1.125,-0.54296875,-0.3671875,0.0634765625,0.1962890625,0.279296875,-0.1806640625,0.490234375,-0.6015625,-0.0260009765625,-0.09375,-0.0281982421875,-0.326171875,-0.0145263671875,0.2353515625,-0.28125,-0.06103515625,0.326171875,-0.65234375,-0.26171875,0.052490234375,-0.036376953125,0.1318359375,-0.7578125,-0.380859375,0.111328125,0.2099609375,-0.2236328125,-0.322265625,0.3359375,-0.40234375,0.009033203125,0.63671875,-0.58203125,0.341796875,-0.1337890625,0.06689453125,0.51953125,0.1455078125,-0.2890625,-0.26171875,-0.212890625,-0.498046875,0.3359375,-1.015625,-0.0128173828125,-1.6015625,-0.1259765625,0.76171875,0.5859375,0.6953125,0.515625,-0.06689453125,0.2138671875,-0.36328125,0.2216796875,0.94140625,0.369140625,0.0810546875,-0.51953125,-0.06982421875,0.12451171875,-0.490234375,0.77734375,0.29296875,0.25390625,-0.1669921875,-0.08984375,0.0869140625,-0.15625,0.21484375,-0.275390625,-0.50390625,0.73828125,-0.302734375,-0.1376953125,-0.53515625,-0.07275390625,0.2021484375,-0.7890625,0.10791015625,-0.45703125,Ali and Mark are facing BLANK eachother. Mark turns around. Mark is facing towards Ali.,Ali and Mark are facing away from eachother. Mark turns around. Mark is facing towards Ali.,15,0
Ali and Mark are facing eachother. BLANK turns around. Ali is facing towards Mark.,two_refs_egocentric,context,two_refs_egocentric_context,Mark,Ali,ad9d5ad4-2c5f-4f8c-b4d0-1372fed2356b,aaf79034-1765-467d-965f-7b2d0159db68,Ali and Mark are facing eachother. Mark turns around. Ali is facing towards Mark.,0.727272727272727,5456.87777771635,12490.3444443891,0.8,0.5,0.714285714285714,1,1,1,1,6.125,0.0,-0.289772727272727,4.2219999999999995,81,0.56640625,0.061279296875,-2.703125,-0.00933837890625,-0.703125,0.40625,-0.498046875,-0.345703125,-0.828125,0.470703125,-0.328125,-0.19921875,-0.3828125,1.078125,-1.1328125,-0.4765625,-0.345703125,0.0135498046875,0.15625,0.3125,-0.16015625,0.453125,-0.53125,0.057861328125,-0.10693359375,-0.0966796875,-0.365234375,0.015869140625,0.328125,-0.279296875,-0.1083984375,0.275390625,-0.470703125,-0.1455078125,0.036376953125,-0.0791015625,0.1435546875,-0.66796875,-0.3984375,0.123046875,0.2294921875,-0.240234375,-0.390625,0.388671875,-0.404296875,-0.050537109375,0.71484375,-0.8984375,0.41015625,-0.005584716796875,0.0517578125,0.59765625,0.177734375,-0.443359375,-0.267578125,-0.2265625,-0.515625,0.275390625,-1.078125,-0.028564453125,-1.5703125,-0.1953125,0.7265625,0.62890625,0.73046875,0.515625,-0.12060546875,0.1787109375,-0.361328125,0.1396484375,1.0078125,0.44921875,0.1474609375,-0.56640625,-0.146484375,0.10791015625,-0.48828125,0.80859375,0.287109375,0.2578125,-0.1865234375,-0.142578125,0.10791015625,-0.035888671875,0.177734375,-0.2421875,-0.51171875,0.84765625,-0.310546875,-0.162109375,-0.63671875,-0.024169921875,0.2197265625,-0.82421875,0.1064453125,-0.484375,Ali and Mark are facing eachother. BLANK turns around. Ali is facing towards Mark.,Ali and Mark are facing eachother. Mark turns around. Ali is facing towards Mark.,22,12
Ali is BLANK of Milwaukee. Ali walks East. Ali is getting further from Milwaukee.,geocentric_distant,context,geocentric_distant_context,East,West,89065c23-c333-4e32-80e7-8c55f4c1b3af,bed73e8c-2190-4ce1-b61e-150f5ed1c776,Ali is East of Milwaukee. Ali walks East. Ali is getting further from Milwaukee.,0.666666666666667,5696.89000005014,3955.57272725349,0.2,0.666666666666667,0.375,0,0,1,1,4.375,0.0,-0.116666666666667,4.302666666666667,80,0.55078125,0.026123046875,-2.75,-0.0390625,-0.6640625,0.39453125,-0.55859375,-0.33984375,-0.79296875,0.4296875,-0.291015625,-0.2109375,-0.35546875,0.98828125,-1.125,-0.42578125,-0.310546875,0.087890625,0.16796875,0.3046875,-0.1708984375,0.5078125,-0.625,0.04052734375,-0.1025390625,0.0859375,-0.2265625,-0.091796875,0.255859375,-0.40234375,-0.1455078125,0.30859375,-0.65234375,-0.34375,0.1005859375,-0.08203125,0.0927734375,-0.6328125,-0.384765625,0.0703125,0.2373046875,-0.2451171875,-0.306640625,0.400390625,-0.400390625,0.04150390625,0.71484375,-0.61328125,0.333984375,0.05322265625,0.1123046875,0.484375,0.130859375,-0.25390625,-0.240234375,-0.1904296875,-0.55078125,0.173828125,-0.9921875,0.031494140625,-1.78125,-0.169921875,0.6484375,0.63671875,0.6328125,0.5,-0.004119873046875,0.0205078125,-0.455078125,0.255859375,0.88671875,0.4609375,0.08642578125,-0.474609375,-0.034423828125,-0.00179290771484375,-0.6015625,0.65625,0.298828125,0.244140625,-0.19140625,-0.1396484375,0.15234375,-0.099609375,0.15234375,-0.296875,-0.60546875,0.83203125,-0.302734375,-0.2578125,-0.5,-0.055908203125,0.1845703125,-0.7578125,0.107421875,-0.388671875,Ali is BLANK of Milwaukee. Ali walks East. Ali is getting further from Milwaukee.,Ali is East of Milwaukee. Ali walks East. Ali is getting further from Milwaukee.,15,15
Ali is BLANK of Milwaukee. Ali walks North. Ali is getting closer to Milwaukee.,geocentric_distant,context,geocentric_distant_context,South,North,f0a6827f-b6bd-4969-a8c9-cf2319501485,9dca2d9b-abbf-4a6e-b9ca-e05ba8ab913e,Ali is South of Milwaukee. Ali walks North. Ali is getting closer to Milwaukee.,0.666666666666667,1227.94285713349,690.828571494137,0.4,1.0,0.666666666666667,1,1,1,1,-4.875,-1.0,-0.104166666666667,4.262,79,0.546875,0.07177734375,-2.765625,-0.03564453125,-0.68359375,0.41015625,-0.59765625,-0.328125,-0.78125,0.416015625,-0.330078125,-0.16015625,-0.35546875,1.03125,-1.15625,-0.484375,-0.3125,0.10107421875,0.13671875,0.28125,-0.1611328125,0.52734375,-0.6328125,0.03125,-0.1123046875,0.1162109375,-0.224609375,0.044921875,0.26171875,-0.400390625,-0.154296875,0.2333984375,-0.64453125,-0.3671875,0.1328125,-0.03955078125,0.0888671875,-0.63671875,-0.443359375,0.0966796875,0.2265625,-0.26171875,-0.3359375,0.40625,-0.40625,0.00738525390625,0.69921875,-0.6484375,0.333984375,0.0159912109375,0.1220703125,0.474609375,0.1318359375,-0.27734375,-0.259765625,-0.2119140625,-0.53515625,0.134765625,-0.94140625,0.0537109375,-1.71875,-0.11083984375,0.66015625,0.609375,0.63671875,0.51171875,0.032470703125,0.006988525390625,-0.44921875,0.263671875,0.875,0.416015625,0.08154296875,-0.451171875,-0.05322265625,0.0228271484375,-0.59375,0.5859375,0.267578125,0.2109375,-0.185546875,-0.1416015625,0.11181640625,-0.062255859375,0.1513671875,-0.25390625,-0.62109375,0.83984375,-0.298828125,-0.251953125,-0.4765625,-0.055419921875,0.181640625,-0.73828125,0.10595703125,-0.37109375,Ali is BLANK of Milwaukee. Ali walks North. Ali is getting closer to Milwaukee.,Ali is South of Milwaukee. Ali walks North. Ali is getting closer to Milwaukee.,21,17
Ali is BLANK of Milwaukee. Ali walks South. Ali is getting further from Milwaukee.,geocentric_distant,context,geocentric_distant_context,South,North,e50c50d6-1edf-4c19-bc04-2b00258f3c70,da9ce4e1-d6fd-430c-ab2a-8e4cfb1e1400,Ali is South of Milwaukee. Ali walks South. Ali is getting further from Milwaukee.,0.75,3171.44285801559,2359.5571426382,0.2,0.5,0.333333333333333,0,0,1,1,3.75,0.0,0.0681818181818182,4.326666666666667,82,0.54296875,0.0634765625,-2.75,-0.044189453125,-0.66796875,0.416015625,-0.578125,-0.318359375,-0.78125,0.3984375,-0.30078125,-0.2099609375,-0.353515625,1.0234375,-1.140625,-0.46484375,-0.32421875,0.09423828125,0.16796875,0.271484375,-0.17578125,0.5390625,-0.64453125,0.032470703125,-0.0986328125,0.12060546875,-0.2490234375,-0.021240234375,0.259765625,-0.39453125,-0.150390625,0.240234375,-0.63671875,-0.376953125,0.11181640625,-0.06640625,0.08984375,-0.63671875,-0.39453125,0.08642578125,0.232421875,-0.24609375,-0.31640625,0.40625,-0.3984375,0.0220947265625,0.72265625,-0.61328125,0.34375,0.04345703125,0.12890625,0.45703125,0.1318359375,-0.259765625,-0.244140625,-0.1953125,-0.53515625,0.1708984375,-1.0,0.034912109375,-1.7421875,-0.15625,0.640625,0.62890625,0.62890625,0.4765625,-0.0096435546875,0.0167236328125,-0.443359375,0.26171875,0.87890625,0.46484375,0.08203125,-0.47265625,-0.055419921875,-0.006561279296875,-0.59375,0.62890625,0.287109375,0.2353515625,-0.1943359375,-0.1435546875,0.1435546875,-0.07958984375,0.1572265625,-0.3203125,-0.609375,0.8203125,-0.30859375,-0.25390625,-0.474609375,-0.044921875,0.1826171875,-0.7421875,0.1494140625,-0.390625,Ali is BLANK of Milwaukee. Ali walks South. Ali is getting further from Milwaukee.,Ali is South of Milwaukee. Ali walks South. Ali is getting further from Milwaukee.,16,17
Ali is BLANK of Milwaukee. Ali walks West. Ali is getting closer to Milwaukee.,geocentric_distant,context,geocentric_distant_context,East,West,aa8228bc-d828-4cf4-ab03-e31dad8a151b,a049e969-bc7f-4cf3-837b-136cd4fedea7,Ali is East of Milwaukee. Ali walks West. Ali is getting closer to Milwaukee.,0.571428571428571,4132.93333329757,4013.15714279243,0.4,0.333333333333333,0.375,1,1,1,1,-1.625,-1.0,0.0476190476190477,4.243333333333333,77,0.54296875,0.0230712890625,-2.765625,-0.023681640625,-0.68359375,0.390625,-0.5703125,-0.34765625,-0.80078125,0.421875,-0.302734375,-0.1650390625,-0.35546875,1.0,-1.125,-0.462890625,-0.3125,0.09228515625,0.1376953125,0.318359375,-0.162109375,0.498046875,-0.6171875,0.023681640625,-0.11767578125,0.0751953125,-0.169921875,-0.06591796875,0.2490234375,-0.41015625,-0.146484375,0.318359375,-0.66015625,-0.36328125,0.1083984375,-0.059326171875,0.08447265625,-0.62109375,-0.431640625,0.0703125,0.2255859375,-0.265625,-0.3203125,0.4140625,-0.39453125,0.01611328125,0.703125,-0.65625,0.330078125,0.043701171875,0.1240234375,0.498046875,0.130859375,-0.29296875,-0.2451171875,-0.19140625,-0.5390625,0.142578125,-0.94921875,0.044189453125,-1.734375,-0.130859375,0.65234375,0.6015625,0.6328125,0.50390625,0.02587890625,0.00921630859375,-0.431640625,0.26171875,0.890625,0.404296875,0.08740234375,-0.451171875,-0.09326171875,0.007598876953125,-0.60546875,0.64453125,0.28125,0.212890625,-0.181640625,-0.138671875,0.1064453125,-0.0693359375,0.138671875,-0.23828125,-0.62890625,0.84375,-0.287109375,-0.2412109375,-0.474609375,-0.051025390625,0.1826171875,-0.7578125,0.08203125,-0.380859375,Ali is BLANK of Milwaukee. Ali walks West. Ali is getting closer to Milwaukee.,Ali is East of Milwaukee. Ali walks West. Ali is getting closer to Milwaukee.,21,15
Ali is BLANK painting. Ali turns around. Ali is behind the painting.,egocentric_near,context,egocentric_near_context,behind,in front of,096696ac-ed35-45ec-9398-3b08e994da50,609267cd-7803-4f08-abfe-40ef7cec461e,Ali is behind painting. Ali turns around. Ali is behind the painting.,0.333333333333333,3559.4600000238,2510.49999996275,0.25,0.333333333333333,0.285714285714286,0,0,0,0,2.375,0.0,-0.0833333333333333,4.444615384615384,69,0.6328125,0.05859375,-2.765625,-0.06591796875,-0.73046875,0.359375,-0.609375,-0.408203125,-0.75,0.44140625,-0.298828125,-0.18359375,-0.396484375,1.1015625,-1.1953125,-0.484375,-0.416015625,0.1455078125,0.1484375,0.322265625,-0.1982421875,0.447265625,-0.5625,-0.0595703125,-0.064453125,0.041259765625,-0.251953125,-0.07666015625,0.25390625,-0.322265625,-0.024169921875,0.2890625,-0.6484375,-0.275390625,0.1279296875,-0.0908203125,0.1337890625,-0.62890625,-0.380859375,0.11669921875,0.1884765625,-0.283203125,-0.287109375,0.298828125,-0.41015625,0.0380859375,0.6640625,-0.60546875,0.3671875,-0.11328125,0.1240234375,0.59375,0.11279296875,-0.296875,-0.271484375,-0.142578125,-0.50390625,0.291015625,-1.0390625,0.046630859375,-1.734375,-0.1767578125,0.66015625,0.7421875,0.671875,0.42578125,-0.09033203125,0.09912109375,-0.435546875,0.267578125,0.8671875,0.474609375,0.1103515625,-0.490234375,-0.1708984375,0.1748046875,-0.5625,0.73046875,0.2333984375,0.205078125,-0.138671875,-0.06494140625,0.0888671875,-0.10986328125,0.21875,-0.1630859375,-0.6015625,0.80859375,-0.345703125,-0.193359375,-0.61328125,-0.08154296875,0.2373046875,-0.7578125,0.009033203125,-0.3828125,Ali is BLANK painting. Ali turns around. Ali is behind the painting.,Ali is behind painting. Ali turns around. Ali is behind the painting.,15,18
Ali is BLANK the painting. Ali turns around. Ali is right of the painting.,egocentric_near,context,egocentric_near_context,right of,left of,5822be6b-27bb-4a97-8ea6-e5bd6393428f,7824379a-18fd-4387-bae9-d9add803a5e1,Ali is right of the painting. Ali turns around. Ali is right of the painting.,0.380952380952381,1723.09999998411,1271.8750000298,0.4,0.2,0.3,0,0,0,0,-5.125,0.0,0.19047619047619,4.781249999999999,77,0.6640625,0.0247802734375,-2.78125,-0.0751953125,-0.74609375,0.375,-0.58984375,-0.384765625,-0.7421875,0.5,-0.25,-0.29296875,-0.447265625,1.0390625,-1.1875,-0.57421875,-0.3671875,0.109375,0.212890625,0.2734375,-0.173828125,0.4921875,-0.5390625,-0.049072265625,-0.0556640625,0.0810546875,-0.1416015625,-0.091796875,0.271484375,-0.3359375,0.02099609375,0.2421875,-0.6328125,-0.33203125,-0.0654296875,-0.09228515625,0.1328125,-0.6640625,-0.35546875,0.0888671875,0.2021484375,-0.2373046875,-0.3046875,0.30859375,-0.455078125,0.0947265625,0.70703125,-0.67578125,0.376953125,-0.0751953125,0.1474609375,0.5859375,0.1328125,-0.3046875,-0.26171875,-0.17578125,-0.51171875,0.302734375,-1.0546875,-0.00762939453125,-1.6875,-0.1796875,0.6640625,0.76953125,0.6640625,0.46484375,-0.08544921875,0.07958984375,-0.38671875,0.2119140625,0.96484375,0.59375,0.11767578125,-0.5078125,-0.197265625,0.11376953125,-0.515625,0.62109375,0.296875,0.1875,-0.1435546875,-0.09033203125,0.16796875,-0.11572265625,0.21875,-0.208984375,-0.65234375,0.84375,-0.31640625,-0.2099609375,-0.59375,-0.083984375,0.2412109375,-0.8046875,0.1005859375,-0.41796875,Ali is BLANK the painting. Ali turns around. Ali is right of the painting.,Ali is right of the painting. Ali turns around. Ali is right of the painting.,21,18
Ali is BLANK the painting. Ali turns around. The painting is behind Ali.,egocentric_near,context,egocentric_near_context,in front of,behind,41669bbc-e147-4ef2-b5f6-fd533d0f6134,f83dd260-f34c-47e3-89bb-8305e55ce905,Ali is in front of the painting. Ali turns around. The painting is behind Ali.,0.857142857142857,4763.98181817871,1399.91000013053,,,,0,1,1,1,3.5,1.0,-0.0571428571428571,4.6587499999999995,78,0.6328125,0.0634765625,-2.765625,-0.0634765625,-0.71875,0.390625,-0.625,-0.412109375,-0.76171875,0.41015625,-0.3125,-0.1884765625,-0.388671875,1.0703125,-1.171875,-0.48046875,-0.40234375,0.1396484375,0.1669921875,0.30859375,-0.1796875,0.439453125,-0.5625,-0.0228271484375,-0.039794921875,0.015625,-0.2314453125,-0.029296875,0.28515625,-0.34765625,-0.0194091796875,0.259765625,-0.66796875,-0.341796875,0.0289306640625,-0.0654296875,0.1357421875,-0.625,-0.40234375,0.1259765625,0.18359375,-0.2734375,-0.3125,0.30859375,-0.43359375,0.0634765625,0.70703125,-0.62890625,0.310546875,-0.0947265625,0.07568359375,0.57421875,0.109375,-0.302734375,-0.259765625,-0.1982421875,-0.5234375,0.2041015625,-0.953125,-0.013916015625,-1.65625,-0.1748046875,0.7109375,0.63671875,0.6875,0.423828125,-0.00933837890625,0.11328125,-0.384765625,0.275390625,0.87890625,0.474609375,0.0966796875,-0.474609375,-0.0947265625,0.2119140625,-0.5234375,0.69140625,0.275390625,0.1962890625,-0.142578125,-0.040771484375,0.1064453125,-0.1767578125,0.25,-0.130859375,-0.609375,0.78125,-0.341796875,-0.16796875,-0.5703125,-0.087890625,0.2314453125,-0.76171875,0.064453125,-0.34765625,Ali is BLANK the painting. Ali turns around. The painting is behind Ali.,Ali is in front of the painting. Ali turns around. The painting is behind Ali.,21,0
Ali is BLANK the wagon. Ali pulls on the wagon. The wagon doesn't move.,action_nonfollows,context,action_nonfollows_context,in,outside,32ed38b1-49e1-4851-b355-d2e88fcbf39d,55764064-722f-49d8-98a5-2e2d84e42d64,Ali is in the wagon. Ali pulls on the wagon. The wagon doesn't move.,0.533333333333333,3946.92999988887,3185.32000007499,0.5,0.5,0.5,1,0,1,1,3.1875,-1.0,0.0666666666666667,4.02375,68,0.6640625,-0.017822265625,-2.6875,-0.07421875,-0.7578125,0.283203125,-0.55859375,-0.27734375,-0.74609375,0.359375,-0.24609375,-0.203125,-0.42578125,1.0625,-1.171875,-0.458984375,-0.431640625,0.177734375,0.150390625,0.2021484375,-0.201171875,0.494140625,-0.515625,-0.0281982421875,-0.11767578125,-0.08984375,-0.2578125,0.0035247802734375,0.181640625,-0.3515625,-0.0791015625,0.326171875,-0.671875,-0.212890625,-0.06787109375,-0.0177001953125,0.142578125,-0.5546875,-0.296875,0.035400390625,0.1513671875,-0.240234375,-0.2255859375,0.423828125,-0.43359375,0.072265625,0.76171875,-0.5859375,0.302734375,0.1201171875,0.0233154296875,0.498046875,0.1259765625,-0.38671875,-0.275390625,-0.16015625,-0.55078125,0.255859375,-0.98046875,0.0181884765625,-1.6796875,-0.2060546875,0.69921875,0.64453125,0.5703125,0.484375,0.04736328125,0.060791015625,-0.453125,0.30078125,0.89453125,0.396484375,0.051513671875,-0.4609375,-0.0106201171875,0.216796875,-0.58984375,0.8203125,0.302734375,0.1826171875,-0.2138671875,0.00152587890625,0.1279296875,-0.20703125,0.255859375,-0.310546875,-0.6796875,0.734375,-0.365234375,-0.1728515625,-0.62109375,-0.140625,0.2109375,-0.671875,0.07763671875,-0.33984375,Ali is BLANK the wagon. Ali pulls on the wagon. The wagon doesn't move.,Ali is in the wagon. Ali pulls on the wagon. The wagon doesn't move.,15,14
Ali is BLANK the wagon. Ali pulls on the wagon. The wagon moves.,action_follows,context,action_follows_context,in front of,behind,5f75d2f1-000d-4a9e-a7b8-5b35fb4f4f51,9d2b43af-ba61-47f3-993c-7e93b7ced28a,Ali is in front of the wagon. Ali pulls on the wagon. The wagon moves.,0.714285714285714,3625.51111115019,2633.47499995306,0.8,0.666666666666667,0.75,0,1,1,1,-3.25,1.0,0.235714285714286,4.161874999999998,70,0.6484375,-0.0140380859375,-2.734375,-0.078125,-0.75390625,0.2890625,-0.609375,-0.29296875,-0.7109375,0.34765625,-0.259765625,-0.2109375,-0.416015625,1.0859375,-1.1953125,-0.46875,-0.396484375,0.1943359375,0.13671875,0.2236328125,-0.189453125,0.51953125,-0.53125,-0.0291748046875,-0.10009765625,-0.07080078125,-0.2119140625,-0.0751953125,0.228515625,-0.35546875,-0.04150390625,0.345703125,-0.73828125,-0.2373046875,-0.038818359375,-0.0201416015625,0.1572265625,-0.56640625,-0.396484375,0.0167236328125,0.1728515625,-0.267578125,-0.279296875,0.380859375,-0.435546875,0.1162109375,0.73828125,-0.62890625,0.318359375,0.1103515625,0.0361328125,0.451171875,0.1064453125,-0.328125,-0.26171875,-0.189453125,-0.53125,0.20703125,-0.96875,-0.0201416015625,-1.6484375,-0.2265625,0.70703125,0.65625,0.6015625,0.51953125,0.035400390625,0.11865234375,-0.390625,0.2158203125,0.84765625,0.455078125,0.0732421875,-0.462890625,-0.045654296875,0.1923828125,-0.546875,0.796875,0.279296875,0.19140625,-0.1513671875,-0.044189453125,0.1396484375,-0.25,0.30859375,-0.2890625,-0.6484375,0.74609375,-0.3359375,-0.1708984375,-0.640625,-0.1484375,0.2333984375,-0.703125,0.06396484375,-0.330078125,Ali is BLANK the wagon. Ali pulls on the wagon. The wagon moves.,Ali is in front of the wagon. Ali pulls on the wagon. The wagon moves.,21,14
Ali is BLANK the wagon. Ali pushes on the wagon. The wagon doesn't move.,action_nonfollows,context,action_nonfollows_context,in,outside,fe5c4d24-63dd-4b9b-9938-f10e3408d97e,f827d2d9-18d0-4d34-a155-7ec3d4f1b7ab,Ali is in the wagon. Ali pushes on the wagon. The wagon doesn't move.,0.523809523809524,995.416666502754,3095.23333334426,0.166666666666667,1.0,0.545454545454545,1,0,1,1,-3.0625,-1.0,-0.273809523809524,3.9856249999999998,69,0.66015625,-0.01312255859375,-2.703125,-0.07666015625,-0.75390625,0.263671875,-0.56640625,-0.28125,-0.7421875,0.35546875,-0.234375,-0.171875,-0.42578125,1.0546875,-1.1796875,-0.466796875,-0.435546875,0.1767578125,0.1435546875,0.2470703125,-0.205078125,0.484375,-0.51953125,-0.032470703125,-0.11376953125,-0.076171875,-0.24609375,-0.01513671875,0.193359375,-0.37109375,-0.06884765625,0.341796875,-0.68359375,-0.205078125,-0.047119140625,-0.0400390625,0.15234375,-0.5703125,-0.296875,0.056640625,0.154296875,-0.2353515625,-0.2314453125,0.4140625,-0.439453125,0.083984375,0.7734375,-0.56640625,0.283203125,0.099609375,0.033935546875,0.5078125,0.12255859375,-0.384765625,-0.279296875,-0.166015625,-0.546875,0.2578125,-0.98046875,0.0205078125,-1.6953125,-0.2060546875,0.703125,0.65625,0.5625,0.478515625,0.053955078125,0.038818359375,-0.458984375,0.3203125,0.875,0.39453125,0.05126953125,-0.451171875,-0.00994873046875,0.1640625,-0.58203125,0.7890625,0.28125,0.166015625,-0.19921875,0.009765625,0.1328125,-0.21484375,0.267578125,-0.306640625,-0.703125,0.73046875,-0.353515625,-0.166015625,-0.58984375,-0.13671875,0.205078125,-0.68359375,0.0986328125,-0.330078125,Ali is BLANK the wagon. Ali pushes on the wagon. The wagon doesn't move.,Ali is in the wagon. Ali pushes on the wagon. The wagon doesn't move.,21,16
Ali is BLANK the wagon. Ali pushes on the wagon. The wagon moves.,action_follows,context,action_follows_context,behind,in front of,06261394-2494-4000-80fc-e2c872a1a938,1f747dd7-a364-472a-9024-76517340aef3,Ali is behind the wagon. Ali pushes on the wagon. The wagon moves.,0.733333333333333,4947.36999986265,3027.83000007551,0.75,1.0,0.833333333333333,1,1,0,0,7.6875,0.0,0.266666666666667,3.9564285714285705,66,0.64453125,-0.0152587890625,-2.765625,-0.08447265625,-0.75390625,0.263671875,-0.609375,-0.296875,-0.6953125,0.349609375,-0.244140625,-0.201171875,-0.421875,1.0703125,-1.2109375,-0.47265625,-0.404296875,0.1884765625,0.13671875,0.271484375,-0.1904296875,0.51953125,-0.53515625,-0.057861328125,-0.091796875,-0.052978515625,-0.216796875,-0.06982421875,0.21484375,-0.361328125,-0.0400390625,0.37109375,-0.7421875,-0.2177734375,0.0184326171875,-0.0019073486328125,0.166015625,-0.59375,-0.4140625,0.06494140625,0.1650390625,-0.2451171875,-0.255859375,0.37109375,-0.431640625,0.09375,0.7421875,-0.58203125,0.3125,0.09423828125,0.034423828125,0.4453125,0.11572265625,-0.353515625,-0.2490234375,-0.2138671875,-0.51953125,0.212890625,-0.9765625,-0.00689697265625,-1.6953125,-0.1923828125,0.6796875,0.6796875,0.59375,0.49609375,0.056884765625,0.125,-0.412109375,0.25,0.83203125,0.498046875,0.083984375,-0.45703125,-0.039306640625,0.166015625,-0.53125,0.7890625,0.26171875,0.1865234375,-0.1748046875,-0.047119140625,0.150390625,-0.2236328125,0.291015625,-0.275390625,-0.68359375,0.7421875,-0.326171875,-0.15625,-0.59375,-0.16015625,0.2119140625,-0.71484375,0.1015625,-0.353515625,Ali is BLANK the wagon. Ali pushes on the wagon. The wagon moves.,Ali is behind the wagon. Ali pushes on the wagon. The wagon moves.,15,14
Ali is BLANK. Ali turns around. Ali is behind the statue.,action_nonfollows,context,action_nonfollows_context,behind the statue,in front of the statue,a35f7ee0-1906-47e5-abbc-cf9b815c7618,cc306a89-3dc5-4910-aa0b-f2bddee9154d,Ali is behind the statue. Ali turns around. Ali is behind the statue.,0.333333333333333,6011.74999999814,8441.52499994449,0.333333333333333,0.6,0.454545454545455,0,0,1,1,2.875,0.0,-0.0208333333333333,4.354285714285715,69,0.66796875,0.03955078125,-2.890625,-0.0703125,-0.75,0.369140625,-0.609375,-0.359375,-0.68359375,0.431640625,-0.259765625,-0.220703125,-0.427734375,1.109375,-1.25,-0.48828125,-0.37890625,0.1396484375,0.1669921875,0.33984375,-0.203125,0.45703125,-0.62109375,-0.150390625,-0.12109375,-0.052734375,-0.1796875,0.044677734375,0.2255859375,-0.37109375,-0.10205078125,0.2041015625,-0.67578125,-0.298828125,0.1484375,-0.01324462890625,0.189453125,-0.62890625,-0.44140625,0.0732421875,0.203125,-0.27734375,-0.357421875,0.25390625,-0.447265625,0.140625,0.609375,-0.703125,0.380859375,-0.040771484375,0.1533203125,0.48046875,0.08447265625,-0.2890625,-0.291015625,-0.10986328125,-0.5078125,0.25390625,-0.94921875,0.057373046875,-1.765625,-0.1962890625,0.66015625,0.75,0.64453125,0.470703125,-0.16015625,0.080078125,-0.423828125,0.2451171875,0.9140625,0.51171875,0.12060546875,-0.515625,-0.1044921875,0.16015625,-0.51953125,0.58984375,0.30078125,0.2138671875,-0.12890625,-0.07861328125,0.08056640625,-0.10205078125,0.1943359375,-0.2255859375,-0.52734375,0.77734375,-0.328125,-0.2890625,-0.5859375,-0.040771484375,0.2431640625,-0.84765625,0.06640625,-0.400390625,Ali is BLANK. Ali turns around. Ali is behind the statue.,Ali is behind the statue. Ali turns around. Ali is behind the statue.,21,19
Ali is BLANK. Ali turns around. Ali is in front of the statue.,action_nonfollows,context,action_nonfollows_context,in front of the statue,behind the statue,f4ad53d3-ec87-41b3-9ff0-bd57c8451eea,0e147806-b88f-428d-a3c1-7bfa2651c6ad,Ali is in front of the statue. Ali turns around. Ali is in front of the statue.,0.375,6471.60000000522,4947.23333332812,0.25,0.333333333333333,0.285714285714286,0,0,1,1,-2.75,0.0,0.339285714285714,4.564444444444444,79,0.67578125,0.048095703125,-2.859375,-0.055908203125,-0.7421875,0.34375,-0.6484375,-0.357421875,-0.63671875,0.376953125,-0.263671875,-0.21875,-0.451171875,1.109375,-1.25,-0.48828125,-0.39453125,0.1650390625,0.19140625,0.337890625,-0.1943359375,0.42578125,-0.62109375,-0.171875,-0.1533203125,-0.00653076171875,-0.201171875,-0.00012302398681640625,0.2353515625,-0.40625,-0.087890625,0.2373046875,-0.69140625,-0.365234375,0.09033203125,-0.010009765625,0.1357421875,-0.58203125,-0.40625,0.0400390625,0.1875,-0.259765625,-0.369140625,0.251953125,-0.4765625,0.2080078125,0.5625,-0.671875,0.328125,-0.06494140625,0.1435546875,0.51953125,0.055908203125,-0.255859375,-0.322265625,-0.091796875,-0.57421875,0.201171875,-0.87890625,0.07080078125,-1.796875,-0.1845703125,0.66796875,0.81640625,0.6328125,0.5078125,-0.1591796875,0.10107421875,-0.419921875,0.2392578125,0.921875,0.5078125,0.1220703125,-0.5234375,-0.037841796875,0.162109375,-0.53515625,0.56640625,0.248046875,0.220703125,-0.11181640625,-0.0830078125,0.060791015625,-0.1533203125,0.2109375,-0.1826171875,-0.515625,0.765625,-0.330078125,-0.31640625,-0.64453125,-0.0439453125,0.267578125,-0.83203125,0.09228515625,-0.412109375,Ali is BLANK. Ali turns around. Ali is in front of the statue.,Ali is in front of the statue. Ali turns around. Ali is in front of the statue.,16,22
Ali is directly BLANK Milwaukee. Ali walks East. Ali is Northeast of Milwaukee.,geocentric_distant,context,geocentric_distant_context,North of,South of,f5ac588b-0ffe-4d1e-ba4a-35223ed0eeaa,0d9fb75a-906f-4ae5-b4e6-aa8baf863186,Ali is directly North of Milwaukee. Ali walks East. Ali is Northeast of Milwaukee.,0.866666666666667,4902.91818188046,3392.82500000624,,,,0,0,1,1,-0.625,1.0,-0.166666666666667,4.135999999999999,82,0.55859375,0.057373046875,-2.734375,-0.05859375,-0.65625,0.365234375,-0.6171875,-0.328125,-0.79296875,0.51171875,-0.296875,-0.259765625,-0.37890625,0.99609375,-1.1953125,-0.375,-0.294921875,0.0693359375,0.1513671875,0.1953125,-0.169921875,0.57421875,-0.734375,-0.091796875,-0.11474609375,0.0615234375,-0.220703125,-0.05615234375,0.302734375,-0.3984375,-0.0986328125,0.2392578125,-0.68359375,-0.1875,0.12890625,-0.07421875,0.12890625,-0.75390625,-0.37890625,0.06591796875,0.2109375,-0.283203125,-0.357421875,0.29296875,-0.427734375,0.01556396484375,0.671875,-0.55859375,0.375,-0.171875,0.138671875,0.3984375,0.1298828125,-0.2109375,-0.28515625,-0.205078125,-0.5078125,0.19921875,-1.09375,-0.0277099609375,-1.671875,-0.173828125,0.6640625,0.6015625,0.60546875,0.412109375,0.0220947265625,0.10986328125,-0.3671875,0.138671875,0.84765625,0.494140625,0.12060546875,-0.48046875,-0.08203125,0.060546875,-0.59375,0.6328125,0.310546875,0.2578125,-0.17578125,-0.1806640625,0.181640625,-0.146484375,0.181640625,-0.2490234375,-0.6328125,0.85546875,-0.2236328125,-0.259765625,-0.4375,-0.08203125,0.2275390625,-0.80078125,0.10498046875,-0.439453125,Ali is directly BLANK Milwaukee. Ali walks East. Ali is Northeast of Milwaukee.,Ali is directly North of Milwaukee. Ali walks East. Ali is Northeast of Milwaukee.,15,0
Ali is directly BLANK of Milwaukee. Ali walks West. Ali is Southwest of Milwaukee.,geocentric_distant,context,geocentric_distant_context,South,North,011d7d7d-c4a2-4906-a091-47a79f98cb38,300eca91-7f1c-427a-94bf-0ba740b8f6ac,Ali is directly South of Milwaukee. Ali walks West. Ali is Southwest of Milwaukee.,0.714285714285714,4734.45000004652,8512.55000004062,1.0,1.0,1.0,0,0,1,1,6.375,0.0,0.19047619047619,4.147333333333333,82,0.52734375,0.05615234375,-2.75,-0.0419921875,-0.66015625,0.3984375,-0.59765625,-0.314453125,-0.80078125,0.4453125,-0.291015625,-0.2216796875,-0.365234375,1.0,-1.15625,-0.419921875,-0.302734375,0.130859375,0.1416015625,0.25390625,-0.173828125,0.546875,-0.6875,-0.017578125,-0.09814453125,0.07275390625,-0.1884765625,-0.06298828125,0.296875,-0.365234375,-0.1513671875,0.248046875,-0.640625,-0.24609375,0.1064453125,-0.054931640625,0.09912109375,-0.68359375,-0.26953125,0.09814453125,0.216796875,-0.30078125,-0.31640625,0.37890625,-0.384765625,-0.0220947265625,0.7109375,-0.66015625,0.388671875,-0.08349609375,0.1357421875,0.48828125,0.150390625,-0.291015625,-0.26171875,-0.1787109375,-0.5234375,0.19140625,-1.1015625,-0.0029449462890625,-1.65625,-0.1455078125,0.66796875,0.6328125,0.609375,0.423828125,0.05322265625,0.0810546875,-0.38671875,0.1669921875,0.85546875,0.494140625,0.11279296875,-0.48046875,-0.041259765625,-0.00024318695068359375,-0.5859375,0.66796875,0.333984375,0.28515625,-0.1826171875,-0.185546875,0.1943359375,-0.1640625,0.1591796875,-0.2431640625,-0.67578125,0.83984375,-0.2451171875,-0.26171875,-0.416015625,-0.07470703125,0.2041015625,-0.7890625,0.162109375,-0.4375,Ali is directly BLANK of Milwaukee. Ali walks West. Ali is Southwest of Milwaukee.,Ali is directly South of Milwaukee. Ali walks West. Ali is Southwest of Milwaukee.,21,12
Ali is facing BLANK Chicago. Ali turns 180 degrees. Chicago is in front of Ali.,egocentric_distant,context,egocentric_distant_context,away from,towards,25ed1dae-2cf4-4858-b04d-b2895d5d0a9b,1aebb76a-850b-444b-bcc8-8b047580fc7d,Ali is facing away from Chicago. Ali turns 180 degrees. Chicago is in front of Ali.,0.8125,5158.58571382612,2387.21428484044,,,,0,1,1,1,4.8125,0.0,-0.0125,4.413529411764706,83,0.5625,0.091796875,-2.703125,-0.057861328125,-0.70703125,0.259765625,-0.62890625,-0.326171875,-0.69921875,0.32421875,-0.400390625,-0.216796875,-0.37890625,0.94921875,-1.1171875,-0.58203125,-0.3359375,0.130859375,0.1689453125,0.255859375,-0.193359375,0.439453125,-0.625,-0.087890625,-0.1533203125,0.1552734375,-0.06396484375,-0.00168609619140625,0.193359375,-0.4375,-0.046630859375,0.408203125,-0.8046875,-0.421875,0.134765625,-0.04052734375,0.036865234375,-0.66796875,-0.392578125,0.06298828125,0.1767578125,-0.26171875,-0.2294921875,0.353515625,-0.435546875,0.083984375,0.71875,-0.4296875,0.23828125,-0.055419921875,0.1591796875,0.421875,0.11474609375,-0.2099609375,-0.306640625,-0.1728515625,-0.6953125,0.1982421875,-0.9375,-0.06591796875,-1.6796875,-0.055908203125,0.67578125,0.5625,0.5859375,0.55078125,0.1064453125,0.06591796875,-0.486328125,0.298828125,0.9765625,0.388671875,0.07568359375,-0.53125,0.0030670166015625,0.09619140625,-0.5703125,0.6796875,0.224609375,0.22265625,-0.19921875,-0.0859375,0.0439453125,-0.18359375,0.1865234375,-0.291015625,-0.5234375,0.76953125,-0.35546875,-0.1826171875,-0.416015625,-0.1708984375,0.181640625,-0.79296875,0.119140625,-0.490234375,Ali is facing BLANK Chicago. Ali turns 180 degrees. Chicago is in front of Ali.,Ali is facing away from Chicago. Ali turns 180 degrees. Chicago is in front of Ali.,16,0
Ali is facing BLANK Chicago. Ali turns around. Chicago is in front of Ali.,egocentric_distant,context,egocentric_distant_context,away from,towards,4e6b1817-fcd6-4e24-9024-2d19f8bfe47a,e25a6624-2134-42f8-acce-85ba111ef569,Ali is facing away from Chicago. Ali turns around. Chicago is in front of Ali.,0.866666666666667,6606.57499999553,2564.98333329211,,,,0,1,1,1,-4.4375,0.0,-0.23030303030303,4.5893749999999995,78,0.5859375,0.080078125,-2.71875,-0.07763671875,-0.7109375,0.3046875,-0.58984375,-0.373046875,-0.734375,0.333984375,-0.369140625,-0.23828125,-0.37890625,0.98828125,-1.125,-0.5546875,-0.380859375,0.11669921875,0.2041015625,0.298828125,-0.19921875,0.51171875,-0.65234375,-0.06640625,-0.08056640625,0.08349609375,-0.1845703125,-0.0517578125,0.244140625,-0.44921875,-0.05224609375,0.3828125,-0.6953125,-0.37890625,0.05908203125,-0.04638671875,0.09716796875,-0.703125,-0.388671875,0.10546875,0.17578125,-0.275390625,-0.259765625,0.27734375,-0.447265625,0.1005859375,0.68359375,-0.458984375,0.3046875,-0.154296875,0.138671875,0.5390625,0.1025390625,-0.236328125,-0.30859375,-0.1943359375,-0.61328125,0.2177734375,-1.03125,0.0157470703125,-1.609375,-0.11962890625,0.7109375,0.55859375,0.60546875,0.462890625,0.036865234375,0.1396484375,-0.37890625,0.302734375,0.95703125,0.38671875,0.11572265625,-0.44921875,-0.0260009765625,0.09228515625,-0.49609375,0.6953125,0.25390625,0.248046875,-0.1728515625,-0.083984375,0.043212890625,-0.240234375,0.21875,-0.279296875,-0.609375,0.77734375,-0.29296875,-0.1845703125,-0.490234375,-0.08154296875,0.232421875,-0.79296875,0.0986328125,-0.423828125,Ali is facing BLANK Chicago. Ali turns around. Chicago is in front of Ali.,Ali is facing away from Chicago. Ali turns around. Chicago is in front of Ali.,15,0
Ali is facing BLANK Chicago. Ali turns left. Chicago is left of Ali.,egocentric_distant,context,egocentric_distant_context,away from,towards,f9301085-b253-4c4e-830f-4ab739ba6ab7,7f8567b3-1cc8-47a4-bcc3-b6b72b2f4e63,Ali is facing away from Chicago. Ali turns left. Chicago is left of Ali.,0.5,6393.75000001863,5681.26666668554,0.4,0.333333333333333,0.375,0,1,1,1,-3.125,0.0,0.1,4.5600000000000005,72,0.58203125,0.07470703125,-2.75,-0.072265625,-0.703125,0.376953125,-0.56640625,-0.373046875,-0.7578125,0.390625,-0.373046875,-0.265625,-0.37890625,1.0078125,-1.1796875,-0.6015625,-0.34375,0.1220703125,0.1962890625,0.294921875,-0.185546875,0.5625,-0.65625,-0.042724609375,-0.06591796875,0.06591796875,-0.2138671875,-0.07275390625,0.2333984375,-0.44921875,-0.0888671875,0.328125,-0.64453125,-0.310546875,-0.0152587890625,-0.1044921875,0.1416015625,-0.7421875,-0.3359375,0.11572265625,0.2060546875,-0.23828125,-0.28125,0.3203125,-0.400390625,0.060791015625,0.71484375,-0.494140625,0.359375,-0.0712890625,0.1298828125,0.4921875,0.1513671875,-0.24609375,-0.27734375,-0.1806640625,-0.5546875,0.244140625,-1.140625,-0.0086669921875,-1.5546875,-0.17578125,0.703125,0.55078125,0.65625,0.46484375,0.0537109375,0.07177734375,-0.322265625,0.24609375,0.94140625,0.43359375,0.1220703125,-0.470703125,-0.0751953125,0.04248046875,-0.5078125,0.7265625,0.23828125,0.2490234375,-0.1748046875,-0.1083984375,0.1484375,-0.203125,0.2265625,-0.251953125,-0.65234375,0.80859375,-0.2373046875,-0.201171875,-0.416015625,-0.0927734375,0.19921875,-0.796875,0.10009765625,-0.41796875,Ali is facing BLANK Chicago. Ali turns left. Chicago is left of Ali.,Ali is facing away from Chicago. Ali turns left. Chicago is left of Ali.,16,12
Ali is facing BLANK Chicago. Ali turns left. Chicago is right of Ali.,egocentric_distant,context,egocentric_distant_context,towards,away from,,431ac862-808b-48ca-8cc9-9227e24661e4,Ali is facing towards Chicago. Ali turns left. Chicago is right of Ali.,0.571428571428571,6938.33999998569,1436.86000001431,0.25,0.0,0.142857142857143,0,0,1,1,1.25,,,4.5371428571428565,71,0.58203125,0.055908203125,-2.75,-0.0810546875,-0.70703125,0.369140625,-0.58203125,-0.375,-0.76953125,0.388671875,-0.34375,-0.25,-0.396484375,0.96875,-1.140625,-0.6015625,-0.34765625,0.138671875,0.1982421875,0.27734375,-0.1796875,0.5546875,-0.62109375,-0.056640625,-0.0732421875,0.041259765625,-0.2021484375,-0.050537109375,0.236328125,-0.43359375,-0.0859375,0.328125,-0.65625,-0.3203125,-0.0262451171875,-0.107421875,0.1376953125,-0.74609375,-0.32421875,0.10302734375,0.203125,-0.244140625,-0.296875,0.361328125,-0.40234375,0.03955078125,0.6953125,-0.51953125,0.359375,-0.038330078125,0.142578125,0.54296875,0.150390625,-0.22265625,-0.28125,-0.19921875,-0.56640625,0.259765625,-1.1484375,-0.015869140625,-1.5703125,-0.1982421875,0.69140625,0.5625,0.64453125,0.466796875,0.047607421875,0.08984375,-0.3125,0.25390625,0.8984375,0.380859375,0.130859375,-0.474609375,-0.05908203125,0.043212890625,-0.486328125,0.71484375,0.216796875,0.244140625,-0.1953125,-0.11669921875,0.1689453125,-0.2060546875,0.2109375,-0.2197265625,-0.6640625,0.796875,-0.2451171875,-0.1875,-0.408203125,-0.064453125,0.1884765625,-0.78515625,0.087890625,-0.42578125,Ali is facing BLANK Chicago. Ali turns left. Chicago is right of Ali.,Ali is facing towards Chicago. Ali turns left. Chicago is right of Ali.,21,18
Ali is facing BLANK Chicago. Ali turns right. Chicago is left of Ali.,egocentric_distant,context,egocentric_distant_context,towards,away from,,d11f84d4-2104-4b0c-8891-39fe2409a5f7,Ali is facing towards Chicago. Ali turns right. Chicago is left of Ali.,0.733333333333333,4951.91999997571,6373.54000002444,0.5,1.0,0.666666666666667,1,0,1,1,-1.75,,,4.517142857142857,71,0.58203125,0.055419921875,-2.75,-0.0810546875,-0.703125,0.36328125,-0.57421875,-0.376953125,-0.7578125,0.392578125,-0.34375,-0.271484375,-0.388671875,0.98828125,-1.1484375,-0.58984375,-0.353515625,0.11083984375,0.1962890625,0.28125,-0.1845703125,0.55859375,-0.64453125,-0.06494140625,-0.06689453125,0.0693359375,-0.216796875,-0.052978515625,0.232421875,-0.4375,-0.0947265625,0.322265625,-0.66796875,-0.279296875,0.0019683837890625,-0.107421875,0.1259765625,-0.73828125,-0.3046875,0.1083984375,0.193359375,-0.244140625,-0.28515625,0.3359375,-0.408203125,0.05029296875,0.6953125,-0.515625,0.345703125,-0.05615234375,0.1279296875,0.52734375,0.15234375,-0.2197265625,-0.271484375,-0.177734375,-0.55078125,0.25390625,-1.140625,-0.006561279296875,-1.5546875,-0.19140625,0.6953125,0.56640625,0.65234375,0.470703125,0.052490234375,0.083984375,-0.326171875,0.2578125,0.8984375,0.37109375,0.1259765625,-0.48046875,-0.07080078125,0.02294921875,-0.498046875,0.73046875,0.201171875,0.2421875,-0.189453125,-0.123046875,0.1572265625,-0.203125,0.21484375,-0.212890625,-0.65625,0.796875,-0.2451171875,-0.1923828125,-0.421875,-0.0703125,0.1943359375,-0.77734375,0.09619140625,-0.4296875,Ali is facing BLANK Chicago. Ali turns right. Chicago is left of Ali.,Ali is facing towards Chicago. Ali turns right. Chicago is left of Ali.,15,15
Ali is facing BLANK Chicago. Ali turns right. Chicago is right of Ali.,egocentric_distant,context,egocentric_distant_context,away from,towards,f6274b9f-b9c9-46d3-939e-59068bccaeeb,6f5ebe09-85bc-471a-bb37-841f24fa4d09,Ali is facing away from Chicago. Ali turns right. Chicago is right of Ali.,0.909090909090909,3731.72000001189,5714.92727270494,,,,0,1,1,1,-0.875,0.0,-0.346590909090909,4.589333333333332,74,0.57421875,0.03857421875,-2.75,-0.087890625,-0.7109375,0.3515625,-0.5859375,-0.365234375,-0.78515625,0.384765625,-0.3359375,-0.265625,-0.400390625,0.9609375,-1.1484375,-0.6015625,-0.341796875,0.123046875,0.1943359375,0.283203125,-0.1865234375,0.5703125,-0.6171875,-0.05908203125,-0.068359375,0.06591796875,-0.1865234375,-0.06591796875,0.2412109375,-0.43359375,-0.09375,0.3359375,-0.63671875,-0.318359375,-0.0015411376953125,-0.126953125,0.1396484375,-0.75390625,-0.341796875,0.09814453125,0.2099609375,-0.2412109375,-0.32421875,0.326171875,-0.412109375,0.07275390625,0.69921875,-0.5078125,0.345703125,-0.0791015625,0.134765625,0.5078125,0.15625,-0.23828125,-0.265625,-0.1923828125,-0.54296875,0.236328125,-1.1171875,-0.032470703125,-1.5625,-0.177734375,0.70703125,0.5625,0.6640625,0.455078125,0.03173828125,0.07373046875,-0.326171875,0.25,0.9375,0.404296875,0.12451171875,-0.474609375,-0.05908203125,0.042236328125,-0.46875,0.71875,0.2353515625,0.23828125,-0.18359375,-0.1162109375,0.1552734375,-0.19921875,0.2255859375,-0.2421875,-0.671875,0.80078125,-0.2333984375,-0.19140625,-0.412109375,-0.0908203125,0.1953125,-0.796875,0.0908203125,-0.427734375,Ali is facing BLANK Chicago. Ali turns right. Chicago is right of Ali.,Ali is facing away from Chicago. Ali turns right. Chicago is right of Ali.,22,0
Ali is facing BLANK Mark. Ali turns around. Ali is facing away from Mark.,two_refs_egocentric,context,two_refs_egocentric_context,towards,away from,4a5d8a52-40f3-48f8-bec7-52fea52f6066,0e1987d0-56ac-4faf-bf4c-00e9eca4c1aa,Ali is facing towards Mark. Ali turns around. Ali is facing away from Mark.,0.6875,6622.90000075661,1915.1555557342,0.8,1.0,0.857142857142857,1,1,1,1,3.875,0.0,0.0125,4.430666666666667,75,0.57421875,0.083984375,-2.71875,-0.052490234375,-0.71875,0.359375,-0.5234375,-0.41796875,-0.7734375,0.42578125,-0.38671875,-0.2890625,-0.39453125,1.0859375,-1.1953125,-0.5546875,-0.388671875,0.1015625,0.181640625,0.296875,-0.1708984375,0.498046875,-0.5859375,-0.03369140625,-0.11279296875,-0.018310546875,-0.3359375,-0.041015625,0.2412109375,-0.349609375,-0.0108642578125,0.275390625,-0.6171875,-0.267578125,0.0361328125,-0.10400390625,0.08984375,-0.734375,-0.37109375,0.060546875,0.2021484375,-0.271484375,-0.333984375,0.345703125,-0.400390625,0.0274658203125,0.703125,-0.5625,0.34375,-0.10498046875,0.1591796875,0.64453125,0.1318359375,-0.3125,-0.275390625,-0.251953125,-0.55078125,0.2138671875,-0.98046875,-0.03271484375,-1.609375,-0.11669921875,0.65625,0.6015625,0.671875,0.45703125,-0.109375,0.10888671875,-0.400390625,0.2734375,0.96484375,0.271484375,0.1142578125,-0.54296875,-0.15625,0.1240234375,-0.474609375,0.7265625,0.3125,0.29296875,-0.205078125,-0.126953125,0.0986328125,-0.07763671875,0.1748046875,-0.275390625,-0.55078125,0.796875,-0.314453125,-0.1416015625,-0.546875,-0.044921875,0.201171875,-0.80859375,0.038330078125,-0.466796875,Ali is facing BLANK Mark. Ali turns around. Ali is facing away from Mark.,Ali is facing towards Mark. Ali turns around. Ali is facing away from Mark.,16,12
Ali is facing BLANK Mark. Ali turns around. Ali is facing towards Mark.,two_refs_egocentric,context,two_refs_egocentric_context,away from,towards,4c1e541d-3400-4b6a-844a-e58d31345913,5bbd51b4-7358-40dc-a42e-da4783b55c33,Ali is facing away from Mark. Ali turns around. Ali is facing towards Mark.,0.714285714285714,5607.9666667117,1347.45000009239,1.0,1.0,1.0,0,1,1,1,1.5,1.0,0.135714285714286,4.430666666666667,75,0.5625,0.07666015625,-2.71875,-0.038330078125,-0.703125,0.365234375,-0.490234375,-0.3828125,-0.79296875,0.4140625,-0.3828125,-0.24609375,-0.38671875,1.078125,-1.1875,-0.578125,-0.38671875,0.0859375,0.1689453125,0.302734375,-0.1826171875,0.4921875,-0.59375,-0.01214599609375,-0.099609375,-0.0166015625,-0.34765625,-0.032470703125,0.27734375,-0.341796875,-0.01348876953125,0.2890625,-0.60546875,-0.2373046875,0.048095703125,-0.107421875,0.107421875,-0.73046875,-0.36328125,0.054443359375,0.216796875,-0.275390625,-0.341796875,0.32421875,-0.390625,0.039794921875,0.6875,-0.6171875,0.37109375,-0.091796875,0.1572265625,0.6015625,0.134765625,-0.3125,-0.265625,-0.2421875,-0.53125,0.232421875,-1.03125,-0.0244140625,-1.5703125,-0.107421875,0.6640625,0.59765625,0.6953125,0.4609375,-0.09765625,0.083984375,-0.353515625,0.2890625,1.0390625,0.287109375,0.11474609375,-0.546875,-0.1962890625,0.08251953125,-0.412109375,0.74609375,0.34765625,0.30859375,-0.1796875,-0.13671875,0.1015625,-0.123046875,0.1943359375,-0.3046875,-0.578125,0.7890625,-0.298828125,-0.16796875,-0.5625,-0.06298828125,0.2109375,-0.8046875,0.07470703125,-0.4453125,Ali is facing BLANK Mark. Ali turns around. Ali is facing towards Mark.,Ali is facing away from Mark. Ali turns around. Ali is facing towards Mark.,21,14
Ali is facing BLANK Milwaukee. Ali turns 180 degrees. Ali is facing towards Milwaukee.,egocentric_distant,context,egocentric_distant_context,away from,towards,f993b7dc-a72d-44d7-9957-c61d5592bc3e,d18aa318-48f9-40be-b322-d4fcddd58fba,Ali is facing away from Milwaukee. Ali turns 180 degrees. Ali is facing towards Milwaukee.,0.761904761904762,4868.44999995828,1704.03333324939,0.833333333333333,1.0,0.888888888888889,0,1,1,1,7.5,1.0,-0.0476190476190476,4.043125,90,0.54296875,0.0908203125,-2.671875,-0.031982421875,-0.69921875,0.26953125,-0.57421875,-0.353515625,-0.74609375,0.380859375,-0.40625,-0.2275390625,-0.357421875,1.0,-1.171875,-0.578125,-0.3203125,0.11865234375,0.1240234375,0.248046875,-0.1630859375,0.447265625,-0.57421875,-0.062255859375,-0.162109375,0.06494140625,-0.1650390625,0.00063323974609375,0.2236328125,-0.40625,-0.039306640625,0.3046875,-0.73828125,-0.318359375,0.146484375,-0.099609375,0.0439453125,-0.6796875,-0.353515625,0.0177001953125,0.19921875,-0.26953125,-0.28125,0.40625,-0.3828125,0.021728515625,0.734375,-0.546875,0.267578125,0.0091552734375,0.2197265625,0.53515625,0.134765625,-0.2578125,-0.28515625,-0.169921875,-0.70703125,0.2041015625,-0.9140625,-0.039306640625,-1.640625,-0.041748046875,0.6328125,0.59375,0.6484375,0.5390625,0.08203125,0.00665283203125,-0.4921875,0.259765625,1.0390625,0.3203125,0.061279296875,-0.55859375,-0.09033203125,0.1318359375,-0.546875,0.703125,0.29296875,0.25,-0.1982421875,-0.1162109375,0.048828125,-0.154296875,0.15625,-0.25,-0.4921875,0.8125,-0.369140625,-0.1982421875,-0.466796875,-0.15234375,0.1533203125,-0.7890625,0.091796875,-0.451171875,Ali is facing BLANK Milwaukee. Ali turns 180 degrees. Ali is facing towards Milwaukee.,Ali is facing away from Milwaukee. Ali turns 180 degrees. Ali is facing towards Milwaukee.,21,13
Ali is facing BLANK Milwaukee. Ali turns around. Ali is facing away from Milwaukee.,egocentric_distant,context,egocentric_distant_context,towards,away from,37ab2636-2b2c-4d4b-b749-4d3b693adb31,23de7b7e-e75f-4d7c-8d6c-219a204d0f22,Ali is facing towards Milwaukee. Ali turns around. Ali is facing away from Milwaukee.,0.818181818181818,4509.62000003709,4356.67000001282,,,,1,1,1,1,5.3125,-1.0,0.119318181818182,4.19,85,0.5703125,0.08447265625,-2.6875,-0.06640625,-0.71875,0.3125,-0.56640625,-0.435546875,-0.76953125,0.3984375,-0.384765625,-0.30078125,-0.36328125,1.0546875,-1.203125,-0.52734375,-0.361328125,0.10888671875,0.1796875,0.275390625,-0.1611328125,0.51953125,-0.59765625,-0.05322265625,-0.09326171875,-0.02685546875,-0.287109375,-0.059814453125,0.25390625,-0.412109375,-0.034423828125,0.271484375,-0.625,-0.30078125,0.048828125,-0.09765625,0.09619140625,-0.7109375,-0.359375,0.058349609375,0.2001953125,-0.265625,-0.294921875,0.359375,-0.4140625,0.0284423828125,0.71484375,-0.5703125,0.341796875,-0.0771484375,0.1962890625,0.69140625,0.1328125,-0.3125,-0.287109375,-0.2255859375,-0.61328125,0.236328125,-0.96875,-0.01171875,-1.609375,-0.11083984375,0.65625,0.58984375,0.66796875,0.453125,-0.042724609375,0.0712890625,-0.3984375,0.25390625,0.95703125,0.330078125,0.10205078125,-0.50390625,-0.056884765625,0.15625,-0.546875,0.6796875,0.28515625,0.240234375,-0.1904296875,-0.10205078125,0.06201171875,-0.1318359375,0.15625,-0.2138671875,-0.55859375,0.83984375,-0.3203125,-0.1845703125,-0.51171875,-0.04541015625,0.181640625,-0.8125,0.047607421875,-0.408203125,Ali is facing BLANK Milwaukee. Ali turns around. Ali is facing away from Milwaukee.,Ali is facing towards Milwaukee. Ali turns around. Ali is facing away from Milwaukee.,22,0
Ali is facing BLANK Milwaukee. Ali turns around. Ali is facing towards Milwaukee.,egocentric_distant,context,egocentric_distant_context,away from,towards,b5aca2cb-80b5-4fe6-b111-c04c5d8caa1e,a142d675-e72e-4665-8813-7155bd331eb1,Ali is facing away from Milwaukee. Ali turns around. Ali is facing towards Milwaukee.,0.733333333333333,4970.27499993099,2417.24545456808,0.6,0.75,0.666666666666667,0,1,1,1,3.5,1.0,0.266666666666667,4.1899999999999995,85,0.55859375,0.0771484375,-2.6875,-0.05224609375,-0.70703125,0.318359375,-0.53515625,-0.40234375,-0.78515625,0.392578125,-0.37890625,-0.26171875,-0.35546875,1.046875,-1.1875,-0.55078125,-0.359375,0.09765625,0.1630859375,0.28125,-0.1728515625,0.515625,-0.60546875,-0.040771484375,-0.0830078125,-0.023681640625,-0.294921875,-0.04052734375,0.283203125,-0.4140625,-0.038818359375,0.28515625,-0.6171875,-0.28125,0.0625,-0.10546875,0.11474609375,-0.7109375,-0.353515625,0.054443359375,0.2158203125,-0.26953125,-0.302734375,0.345703125,-0.404296875,0.036865234375,0.69921875,-0.6171875,0.37109375,-0.0654296875,0.193359375,0.64453125,0.1376953125,-0.302734375,-0.275390625,-0.224609375,-0.59375,0.251953125,-1.015625,-0.01544189453125,-1.5859375,-0.10205078125,0.66796875,0.5859375,0.703125,0.451171875,-0.0194091796875,0.051025390625,-0.361328125,0.263671875,1.03125,0.365234375,0.1044921875,-0.5078125,-0.1083984375,0.11669921875,-0.478515625,0.6953125,0.31640625,0.2578125,-0.16796875,-0.1103515625,0.06103515625,-0.173828125,0.1767578125,-0.25,-0.5859375,0.83203125,-0.302734375,-0.2119140625,-0.5234375,-0.05712890625,0.1962890625,-0.80078125,0.0888671875,-0.388671875,Ali is facing BLANK Milwaukee. Ali turns around. Ali is facing towards Milwaukee.,Ali is facing away from Milwaukee. Ali turns around. Ali is facing towards Milwaukee.,15,14
Ali is holding the tennis ball and the ping pong ball is on the floor. Ali BLANK the ping pong ball. The ping pong ball is closer to the tennis ball.,relative_pos,context,relative_pos_context,drops,picks up,,815efc19-8692-423b-86dd-902699bb7d2b,Ali is holding the tennis ball and the ping pong ball is on the floor. Ali drops the ping pong ball. The ping pong ball is closer to the tennis ball.,0.2,5296.83333323803,6241.69999997295,0.2,0.25,0.222222222222222,0,0,0,0,-10.4375,,,4.181875000000001,149,0.640625,0.1103515625,-3.03125,-0.057373046875,-0.76171875,0.3828125,-0.60546875,-0.41015625,-0.80078125,0.23828125,-0.146484375,-0.28125,-0.35546875,1.0703125,-0.96875,-0.474609375,-0.40625,0.177734375,0.1484375,0.322265625,-0.1591796875,0.3828125,-0.302734375,-0.25,-0.287109375,0.1494140625,-0.169921875,0.53125,-0.057373046875,-0.314453125,-0.01129150390625,0.11328125,-0.8515625,-0.1953125,-0.076171875,0.21875,0.072265625,-0.58984375,-0.384765625,0.0849609375,0.12451171875,-0.2138671875,-0.42578125,0.462890625,-0.515625,-0.004150390625,0.6484375,-0.5,0.169921875,0.11962890625,-0.01202392578125,0.267578125,0.09716796875,-0.421875,-0.322265625,-0.1806640625,-0.66015625,0.13671875,-0.69921875,-0.061279296875,-1.8203125,-0.03369140625,0.7421875,0.609375,0.48046875,0.54296875,0.01007080078125,0.375,-0.447265625,0.30859375,1.0625,0.5,0.03857421875,-0.5234375,0.171875,0.38671875,-0.6328125,0.80859375,0.283203125,0.09765625,-0.16796875,0.072265625,-0.02294921875,-0.28125,0.2021484375,-0.07373046875,-0.78515625,0.72265625,-0.5546875,-0.154296875,-0.73828125,-0.14453125,0.1318359375,-0.74609375,0.189453125,-0.466796875,Ali is holding the tennis ball and the ping pong ball is on the floor. Ali BLANK the ping pong ball. The ping pong ball is closer to the tennis ball.,Ali is holding the tennis ball and the ping pong ball is on the floor. Ali drops the ping pong ball. The ping pong ball is closer to the tennis ball.,15,22
Ali is holding the tennis ball and the ping pong ball. Ali BLANK the ping pong ball. The ping pong ball is further from the tennis ball.,relative_pos,context,relative_pos_context,drops,picks up,ecec558b-0e60-4f97-9fd6-ff6ea631e844,c885cf08-3122-4f1c-bff8-ad3b84e36695,Ali is holding the tennis ball and the ping pong ball. Ali drops the ping pong ball. The ping pong ball is further from the tennis ball.,0.666666666666667,6193.09999982516,2662.03999979496,0.8,0.666666666666667,0.75,1,1,1,1,6.0,-1.0,0.183333333333333,4.060714285714286,136,0.62890625,0.09228515625,-2.96875,-0.0654296875,-0.7265625,0.40625,-0.58203125,-0.412109375,-0.859375,0.263671875,-0.1435546875,-0.3125,-0.353515625,1.0234375,-0.96484375,-0.478515625,-0.390625,0.21484375,0.171875,0.302734375,-0.1591796875,0.3984375,-0.326171875,-0.21875,-0.279296875,0.1650390625,-0.224609375,0.37890625,-0.049072265625,-0.296875,0.00390625,0.14453125,-0.82421875,-0.1513671875,-0.1103515625,0.15234375,0.09423828125,-0.59765625,-0.357421875,0.09228515625,0.1416015625,-0.1982421875,-0.40234375,0.486328125,-0.484375,-0.0274658203125,0.64453125,-0.515625,0.169921875,0.1416015625,-0.00714111328125,0.330078125,0.08544921875,-0.4375,-0.306640625,-0.109375,-0.65234375,0.107421875,-0.76953125,-0.06396484375,-1.7421875,-0.126953125,0.6875,0.58984375,0.46875,0.458984375,0.0260009765625,0.294921875,-0.498046875,0.283203125,1.0234375,0.62890625,0.03564453125,-0.51171875,0.08837890625,0.326171875,-0.6328125,0.8046875,0.234375,0.171875,-0.193359375,0.043701171875,-0.033935546875,-0.302734375,0.18359375,0.0087890625,-0.7734375,0.7734375,-0.546875,-0.1982421875,-0.71875,-0.1806640625,0.107421875,-0.73046875,0.2216796875,-0.439453125,Ali is holding the tennis ball and the ping pong ball. Ali BLANK the ping pong ball. The ping pong ball is further from the tennis ball.,Ali is holding the tennis ball and the ping pong ball. Ali drops the ping pong ball. The ping pong ball is further from the tennis ball.,21,16
Ali is standing on BLANK. Ali drops the glass. The glass breaks.,state_follows,context,state_follows_context,tile,carpet,4b3cc612-c739-46ee-9fa8-8bfb1caa908c,9e3b1a5a-c230-491b-be5d-5df40df5c3b2,Ali is standing on tile. Ali drops the glass. The glass breaks.,1.0,4456.54999993057,3538.65833336138,,,,1,1,1,1,5.3125,0.0,-0.0476190476190477,4.26923076923077,63,0.5859375,0.03076171875,-2.875,-0.0284423828125,-0.72265625,0.357421875,-0.55078125,-0.310546875,-0.76171875,0.4375,-0.298828125,-0.1982421875,-0.375,1.1484375,-1.0546875,-0.443359375,-0.384765625,0.07666015625,0.181640625,0.23828125,-0.197265625,0.41796875,-0.6015625,0.0277099609375,-0.080078125,0.007537841796875,-0.3515625,0.216796875,0.1787109375,-0.373046875,-0.09033203125,0.294921875,-0.63671875,-0.059326171875,8.869171142578125e-05,-0.1005859375,0.1640625,-0.5625,-0.1923828125,0.1259765625,0.193359375,-0.322265625,-0.373046875,0.4921875,-0.3984375,-0.0074462890625,0.69921875,-0.640625,0.318359375,0.0390625,0.09423828125,0.291015625,0.125,-0.322265625,-0.1708984375,-0.1650390625,-0.50390625,0.228515625,-0.93359375,0.038330078125,-1.7421875,-0.205078125,0.609375,0.6015625,0.640625,0.439453125,-0.09326171875,0.1455078125,-0.48046875,0.404296875,0.80859375,0.2890625,0.0986328125,-0.423828125,0.07177734375,0.14453125,-0.625,0.7109375,0.23046875,0.240234375,-0.158203125,-0.0103759765625,0.0703125,-0.047607421875,0.2294921875,-0.08203125,-0.68359375,0.68359375,-0.43359375,-0.109375,-0.5546875,-0.06982421875,0.171875,-0.7734375,0.0233154296875,-0.4296875,Ali is standing on BLANK. Ali drops the glass. The glass breaks.,Ali is standing on tile. Ali drops the glass. The glass breaks.,22,0
Ali is standing on BLANK. Ali drops the glass. The glass doesn't break.,state_follows,context,state_follows_context,carpet,tile,724ae992-a5de-4ee2-b1e8-0a398d30e12c,bbedd5f7-86c1-4277-948a-ec17b3b0abe9,Ali is standing on carpet. Ali drops the glass. The glass doesn't break.,1.0,2839.93076945841,2693.41538438258,,,,1,1,1,1,15.375,-1.0,-0.181818181818182,4.237333333333333,72,0.640625,0.0152587890625,-2.78125,-0.0184326171875,-0.73828125,0.337890625,-0.5625,-0.3203125,-0.765625,0.427734375,-0.314453125,-0.150390625,-0.404296875,1.1171875,-1.0546875,-0.443359375,-0.416015625,0.0498046875,0.177734375,0.2451171875,-0.2099609375,0.38671875,-0.5703125,0.002471923828125,-0.11767578125,0.019775390625,-0.322265625,0.224609375,0.1279296875,-0.38671875,-0.1015625,0.279296875,-0.6484375,-0.07861328125,0.02099609375,-0.0732421875,0.1455078125,-0.51953125,-0.1943359375,0.12890625,0.162109375,-0.302734375,-0.310546875,0.50390625,-0.427734375,0.034912109375,0.69140625,-0.546875,0.296875,-0.0286865234375,0.07275390625,0.279296875,0.1181640625,-0.365234375,-0.2177734375,-0.1181640625,-0.51953125,0.234375,-0.8671875,0.034423828125,-1.6875,-0.1953125,0.609375,0.625,0.578125,0.43359375,-0.0791015625,0.0908203125,-0.4921875,0.412109375,0.82421875,0.248046875,0.08447265625,-0.380859375,0.130859375,0.1396484375,-0.6796875,0.66015625,0.2373046875,0.2177734375,-0.1884765625,0.046630859375,0.0439453125,-0.07568359375,0.18359375,-0.09716796875,-0.68359375,0.671875,-0.44921875,-0.130859375,-0.546875,-0.08203125,0.203125,-0.74609375,0.060546875,-0.427734375,Ali is standing on BLANK. Ali drops the glass. The glass doesn't break.,Ali is standing on carpet. Ali drops the glass. The glass doesn't break.,16,0
Ali is to Mark's BLANK. Ali turns around. Ali is to Mark's right.,two_refs_egocentric,context,two_refs_egocentric_context,right,left,d4ca9932-5427-4bb3-bd0c-5b530b70c00c,5d6081c0-2b00-4c26-9edb-7aab052a472a,Ali is to Mark's right. Ali turns around. Ali is to Mark's right.,0.333333333333333,3369.74999998013,2557.93333332241,0.8,0.5,0.714285714285714,0,0,0,0,-4.25,0.0,0.333333333333333,4.735625,65,0.64453125,-0.0024871826171875,-2.71875,-0.0242919921875,-0.76171875,0.431640625,-0.51171875,-0.3203125,-0.7734375,0.44921875,-0.318359375,-0.1591796875,-0.466796875,1.0234375,-1.09375,-0.5078125,-0.4140625,0.1376953125,0.201171875,0.30859375,-0.2060546875,0.5234375,-0.45703125,-0.029052734375,-0.10205078125,0.0213623046875,-0.1904296875,-0.09375,0.259765625,-0.32421875,-0.07763671875,0.2158203125,-0.52734375,-0.1865234375,0.11083984375,-0.0703125,0.07666015625,-0.6640625,-0.390625,0.10791015625,0.1826171875,-0.248046875,-0.2890625,0.36328125,-0.4140625,0.042724609375,0.703125,-0.70703125,0.38671875,-0.0810546875,0.043701171875,0.50390625,0.154296875,-0.361328125,-0.25,-0.138671875,-0.515625,0.1748046875,-1.0625,-0.06494140625,-1.484375,-0.1865234375,0.671875,0.64453125,0.5546875,0.478515625,-0.0458984375,0.1416015625,-0.36328125,0.11767578125,0.9921875,0.40625,0.09814453125,-0.5546875,-0.259765625,0.0390625,-0.546875,0.66796875,0.306640625,0.2353515625,-0.2216796875,-0.07470703125,0.091796875,-0.08544921875,0.142578125,-0.294921875,-0.5703125,0.7734375,-0.296875,-0.2392578125,-0.52734375,-0.044189453125,0.2138671875,-0.80859375,0.15234375,-0.5,Ali is to Mark's BLANK. Ali turns around. Ali is to Mark's right.,Ali is to Mark's right. Ali turns around. Ali is to Mark's right.,21,18
Ali is to Mark's BLANK. Mark turns around. Ali is to Mark's left.,two_refs_egocentric,context,two_refs_egocentric_context,right,left,50399d26-50a2-4e47-adb8-c8834ae73cc3,10d4a6f7-87fe-46ba-84b1-ea6e6adf357f,Ali is to Mark's right. Mark turns around. Ali is to Mark's left.,0.6875,5423.2000000115,3304.93333335252,0.8,1.0,0.857142857142857,1,1,1,1,-0.25,0.0,0.0397727272727273,4.81375,65,0.65625,0.0009307861328125,-2.71875,-0.01611328125,-0.765625,0.44140625,-0.4921875,-0.310546875,-0.76953125,0.46484375,-0.33984375,-0.1494140625,-0.45703125,1.0234375,-1.109375,-0.5078125,-0.4140625,0.150390625,0.2138671875,0.32421875,-0.2041015625,0.5078125,-0.46484375,-0.018310546875,-0.12109375,0.0034637451171875,-0.2099609375,-0.07568359375,0.25390625,-0.345703125,-0.08740234375,0.2177734375,-0.546875,-0.146484375,0.1064453125,-0.07861328125,0.0869140625,-0.6640625,-0.427734375,0.12890625,0.173828125,-0.2373046875,-0.2890625,0.30078125,-0.40234375,0.04931640625,0.6796875,-0.65625,0.3671875,-0.142578125,0.0322265625,0.447265625,0.1611328125,-0.322265625,-0.2294921875,-0.1435546875,-0.482421875,0.173828125,-1.0703125,-0.041748046875,-1.5,-0.146484375,0.71875,0.65625,0.5546875,0.47265625,-0.09765625,0.1513671875,-0.34765625,0.109375,0.98828125,0.357421875,0.1015625,-0.53125,-0.2392578125,0.053466796875,-0.59765625,0.70703125,0.29296875,0.2021484375,-0.228515625,-0.049072265625,0.08544921875,-0.08544921875,0.1435546875,-0.296875,-0.546875,0.78125,-0.287109375,-0.234375,-0.482421875,-0.057861328125,0.216796875,-0.8203125,0.123046875,-0.5234375,Ali is to Mark's BLANK. Mark turns around. Ali is to Mark's left.,Ali is to Mark's right. Mark turns around. Ali is to Mark's left.,16,12
Ali is to the BLANK Mark. Mark looks to his left and Ali looks to his right. Ali is facing away from Mark.,two_refs_egocentric,context,two_refs_egocentric_context,right of,left of,6145248b-a1af-4bba-a47b-050a65f855e9,d455789e-7214-4ba1-ad38-64565dccbf77,Ali is to the right of Mark. Mark looks to his left and Ali looks to his right. Ali is facing away from Mark.,0.4375,7748.40000101676,3642.72000060044,0.6,0.5,0.571428571428571,0,1,0,0,0.75,0.0,0.324404761904762,5.0208,109,0.63671875,0.0014495849609375,-2.859375,-0.052978515625,-0.7890625,0.353515625,-0.66015625,-0.380859375,-0.671875,0.3984375,-0.29296875,-0.265625,-0.443359375,1.0234375,-1.203125,-0.54296875,-0.3671875,0.1513671875,0.251953125,0.2578125,-0.1767578125,0.5859375,-0.466796875,-0.119140625,-0.216796875,0.111328125,-0.1669921875,-0.0206298828125,0.1455078125,-0.365234375,-0.068359375,0.166015625,-0.6953125,-0.33203125,-0.0294189453125,-0.05322265625,0.08203125,-0.7421875,-0.494140625,0.05224609375,0.177734375,-0.24609375,-0.2734375,0.2431640625,-0.466796875,0.09326171875,0.6796875,-0.447265625,0.34375,-0.251953125,0.0069580078125,0.466796875,0.1201171875,-0.330078125,-0.306640625,-0.1826171875,-0.5859375,0.291015625,-0.9296875,-0.048095703125,-1.6640625,-0.1494140625,0.73046875,0.61328125,0.54296875,0.5703125,-0.01904296875,0.150390625,-0.2890625,0.023193359375,1.0703125,0.431640625,0.1591796875,-0.57421875,-0.1376953125,0.099609375,-0.5390625,0.54296875,0.30078125,0.19921875,-0.173828125,-0.125,0.1591796875,-0.1298828125,0.2001953125,-0.2099609375,-0.49609375,0.7890625,-0.2490234375,-0.2080078125,-0.56640625,-0.1337890625,0.1904296875,-0.92578125,0.0869140625,-0.53125,Ali is to the BLANK Mark. Mark looks to his left and Ali looks to his right. Ali is facing away from Mark.,Ali is to the right of Mark. Mark looks to his left and Ali looks to his right. Ali is facing away from Mark.,16,16
Ali is to the BLANK Mark. Mark looks to his left. Mark can't see Ali.,two_refs_egocentric,context,two_refs_egocentric_context,right of,left of,7d19a78e-90e7-4eb6-90d6-9cf93306ca31,4bf7bbb9-5d6d-47f4-a297-8b7fc22787cd,Ali is to the right of Mark. Mark looks to his left. Mark can't see Ali.,0.875,4500.59999999078,1765.78749945085,,,,0,1,1,1,-2.75,0.0,-0.125,4.912222222222223,72,0.65234375,-0.01397705078125,-2.78125,-0.04833984375,-0.7578125,0.396484375,-0.56640625,-0.3203125,-0.6875,0.435546875,-0.306640625,-0.2255859375,-0.458984375,1.0234375,-1.140625,-0.58203125,-0.384765625,0.11865234375,0.2265625,0.26171875,-0.189453125,0.52734375,-0.45703125,-0.046875,-0.1767578125,0.068359375,-0.189453125,-0.00946044921875,0.158203125,-0.400390625,-0.09765625,0.1953125,-0.6796875,-0.1826171875,-0.057373046875,-0.11669921875,0.1044921875,-0.75,-0.4140625,0.09033203125,0.1728515625,-0.2197265625,-0.2158203125,0.306640625,-0.431640625,0.10009765625,0.66796875,-0.421875,0.380859375,-0.185546875,0.0164794921875,0.447265625,0.1123046875,-0.31640625,-0.271484375,-0.119140625,-0.494140625,0.283203125,-1.078125,0.003265380859375,-1.5390625,-0.1767578125,0.7109375,0.62109375,0.61328125,0.53125,0.01177978515625,0.083984375,-0.271484375,0.1552734375,0.9765625,0.412109375,0.134765625,-0.51171875,-0.201171875,0.0198974609375,-0.4765625,0.59765625,0.326171875,0.255859375,-0.1826171875,-0.08740234375,0.1357421875,-0.1591796875,0.20703125,-0.236328125,-0.62890625,0.8046875,-0.23046875,-0.26953125,-0.4453125,-0.11376953125,0.20703125,-0.85546875,0.1328125,-0.484375,Ali is to the BLANK Mark. Mark looks to his left. Mark can't see Ali.,Ali is to the right of Mark. Mark looks to his left. Mark can't see Ali.,16,0
Ali is to the BLANK Mark. Mark looks to his right. Mark see Ali.,two_refs_egocentric,context,two_refs_egocentric_context,right of,left of,4c0d2153-8a79-4a23-9b45-c38ab14edce1,8f7779d1-883f-4bd5-951d-7634f15a3147,Ali is to the right of Mark. Mark looks to his right. Mark see Ali.,0.476190476190476,4843.67500000075,1440.85714285714,1.0,1.0,1.0,0,1,1,1,-5.1875,0.0,0.333333333333333,5.197500000000001,67,0.61328125,-0.022216796875,-2.84375,-0.0654296875,-0.7578125,0.38671875,-0.58984375,-0.318359375,-0.69921875,0.48046875,-0.310546875,-0.291015625,-0.462890625,1.0390625,-1.1640625,-0.56640625,-0.361328125,0.154296875,0.234375,0.26171875,-0.1865234375,0.5390625,-0.482421875,-0.026611328125,-0.09716796875,0.0301513671875,-0.1884765625,-0.08544921875,0.224609375,-0.390625,-0.0771484375,0.201171875,-0.6171875,-0.1357421875,-0.0966796875,-0.1484375,0.169921875,-0.76171875,-0.373046875,0.08544921875,0.2138671875,-0.1884765625,-0.259765625,0.267578125,-0.416015625,0.042724609375,0.68359375,-0.498046875,0.439453125,-0.07373046875,0.06494140625,0.4609375,0.134765625,-0.314453125,-0.267578125,-0.1376953125,-0.419921875,0.29296875,-1.1640625,0.0250244140625,-1.5,-0.2451171875,0.69921875,0.5859375,0.61328125,0.52734375,-0.004669189453125,0.0986328125,-0.2333984375,0.1435546875,1.015625,0.43359375,0.1640625,-0.51953125,-0.2734375,0.00160980224609375,-0.41015625,0.6328125,0.3125,0.2353515625,-0.150390625,-0.130859375,0.166015625,-0.20703125,0.228515625,-0.271484375,-0.63671875,0.796875,-0.2197265625,-0.2333984375,-0.47265625,-0.0654296875,0.1953125,-0.859375,0.154296875,-0.462890625,Ali is to the BLANK Mark. Mark looks to his right. Mark see Ali.,Ali is to the right of Mark. Mark looks to his right. Mark see Ali.,21,20
Chicago is BLANK Ali. Ali turns around. Chicago is behind Ali.,egocentric_distant,context,egocentric_distant_context,in front of,behind,e274cda8-80e9-4ed9-b106-71faf4d9c565,2ff1a24b-f8e4-4cb5-955f-f8d3205596cb,Chicago is in front of Ali. Ali turns around. Chicago is behind Ali.,0.818181818181818,3012.79999998709,2222.27777774384,,,,0,1,1,1,0.5,1.0,0.0568181818181818,4.562142857142857,68,0.59765625,0.0703125,-2.765625,-0.07763671875,-0.7109375,0.3515625,-0.63671875,-0.3515625,-0.765625,0.357421875,-0.34375,-0.1962890625,-0.390625,1.0546875,-1.1953125,-0.52734375,-0.373046875,0.1376953125,0.1630859375,0.314453125,-0.2021484375,0.51953125,-0.5625,-0.032470703125,-0.03173828125,0.01129150390625,-0.216796875,-0.1015625,0.267578125,-0.439453125,-0.052978515625,0.333984375,-0.5546875,-0.28125,0.03125,-0.1298828125,0.1630859375,-0.66796875,-0.357421875,0.0810546875,0.201171875,-0.265625,-0.279296875,0.2373046875,-0.392578125,0.1220703125,0.71484375,-0.578125,0.400390625,-0.07568359375,0.1474609375,0.6015625,0.12109375,-0.283203125,-0.275390625,-0.21875,-0.48046875,0.2431640625,-1.0234375,-0.0517578125,-1.5859375,-0.216796875,0.67578125,0.55859375,0.625,0.462890625,-0.0126953125,0.11767578125,-0.271484375,0.2353515625,0.87890625,0.341796875,0.11083984375,-0.49609375,-0.1513671875,0.03515625,-0.5703125,0.65625,0.2470703125,0.240234375,-0.1796875,-0.1005859375,0.046875,-0.2373046875,0.2109375,-0.2099609375,-0.69140625,0.83984375,-0.2138671875,-0.1572265625,-0.48046875,-0.11474609375,0.2275390625,-0.765625,0.126953125,-0.37109375,Chicago is BLANK Ali. Ali turns around. Chicago is behind Ali.,Chicago is in front of Ali. Ali turns around. Chicago is behind Ali.,22,0
Chicago is BLANK Ali. Ali turns around. Chicago is in front of Ali.,egocentric_distant,context,egocentric_distant_context,behind,in front of,1ab18f56-7a23-474a-8628-58a3b353c102,94af3027-751c-47dc-84ff-5a68cbecd267,Chicago is behind Ali. Ali turns around. Chicago is in front of Ali.,0.933333333333333,4751.85384625168,3117.77142852585,,,,1,1,1,1,5.3125,-1.0,-0.0242424242424243,4.562142857142857,68,0.62109375,0.06396484375,-2.765625,-0.07470703125,-0.71875,0.30859375,-0.6640625,-0.35546875,-0.70703125,0.33203125,-0.337890625,-0.2314453125,-0.42578125,1.046875,-1.21875,-0.53125,-0.390625,0.15234375,0.201171875,0.326171875,-0.197265625,0.51171875,-0.57421875,-0.0830078125,-0.06494140625,0.050537109375,-0.216796875,-0.052001953125,0.2314453125,-0.458984375,-0.05126953125,0.359375,-0.6328125,-0.28125,0.0703125,-0.08056640625,0.130859375,-0.640625,-0.361328125,0.0947265625,0.1728515625,-0.24609375,-0.267578125,0.2158203125,-0.419921875,0.1044921875,0.6953125,-0.546875,0.349609375,-0.1708984375,0.11376953125,0.6015625,0.1064453125,-0.291015625,-0.30859375,-0.21875,-0.53125,0.2060546875,-0.96484375,-0.062255859375,-1.6640625,-0.1298828125,0.6640625,0.578125,0.58203125,0.46875,0.056640625,0.181640625,-0.3125,0.2109375,0.890625,0.365234375,0.11865234375,-0.51953125,-0.10888671875,0.11474609375,-0.59375,0.60546875,0.2119140625,0.2353515625,-0.1982421875,-0.07861328125,0.0281982421875,-0.208984375,0.1865234375,-0.166015625,-0.671875,0.85546875,-0.2431640625,-0.1640625,-0.484375,-0.150390625,0.205078125,-0.7734375,0.1591796875,-0.396484375,Chicago is BLANK Ali. Ali turns around. Chicago is in front of Ali.,Chicago is behind Ali. Ali turns around. Chicago is in front of Ali.,15,0
Chicago is BLANK Ali. Ali turns around. Chicago is left of Ali.,egocentric_distant,context,egocentric_distant_context,right of,left of,75b7fecc-7bbd-45c9-9467-c9f1d4223adb,a786ec6e-e388-459a-b336-ef496fc4d326,Chicago is right of Ali. Ali turns around. Chicago is left of Ali.,0.666666666666667,4011.50999988914,1296.0111110078,0.6,0.666666666666667,0.625,0,1,1,1,5.3125,0.0,0.0476190476190477,4.640714285714286,66,0.62890625,0.048828125,-2.765625,-0.08056640625,-0.73046875,0.37109375,-0.5859375,-0.349609375,-0.7265625,0.43359375,-0.298828125,-0.3203125,-0.42578125,1.0390625,-1.1953125,-0.57421875,-0.34375,0.0712890625,0.2060546875,0.310546875,-0.1865234375,0.5703125,-0.5859375,-0.06396484375,-0.0247802734375,0.053466796875,-0.1943359375,-0.158203125,0.255859375,-0.451171875,-0.017822265625,0.306640625,-0.546875,-0.232421875,-0.0654296875,-0.1669921875,0.1630859375,-0.7109375,-0.310546875,0.08544921875,0.2197265625,-0.2294921875,-0.291015625,0.2197265625,-0.392578125,0.11669921875,0.69140625,-0.5859375,0.384765625,-0.111328125,0.1669921875,0.5390625,0.1357421875,-0.26171875,-0.279296875,-0.203125,-0.494140625,0.234375,-1.03125,-0.037109375,-1.5703125,-0.1337890625,0.65625,0.59765625,0.62109375,0.48046875,0.016357421875,0.119140625,-0.26953125,0.1982421875,0.9140625,0.37109375,0.13671875,-0.5078125,-0.169921875,0.09716796875,-0.60546875,0.6171875,0.236328125,0.21484375,-0.19140625,-0.0966796875,0.130859375,-0.16015625,0.2119140625,-0.1806640625,-0.703125,0.921875,-0.169921875,-0.18359375,-0.466796875,-0.1240234375,0.203125,-0.7890625,0.1376953125,-0.4296875,Chicago is BLANK Ali. Ali turns around. Chicago is left of Ali.,Chicago is right of Ali. Ali turns around. Chicago is left of Ali.,21,12
Chicago is BLANK Ali. Ali turns around. Chicago is right of Ali.,egocentric_distant,context,egocentric_distant_context,left of,right of,f78e68ae-defe-4a76-bc6d-756b8f21cda2,bd0f5cf2-1bf0-4afe-bd33-ce9732fbbc49,Chicago is left of Ali. Ali turns around. Chicago is right of Ali.,0.625,2979.58333308126,2406.48333257126,0.833333333333333,0.75,0.8,0,1,1,1,4.625,0.0,0.075,4.640714285714286,66,0.625,0.03271484375,-2.765625,-0.087890625,-0.734375,0.357421875,-0.59765625,-0.337890625,-0.74609375,0.427734375,-0.279296875,-0.306640625,-0.439453125,1.0078125,-1.1796875,-0.57421875,-0.34375,0.08740234375,0.19921875,0.310546875,-0.18359375,0.5625,-0.55859375,-0.04443359375,-0.0283203125,0.034423828125,-0.171875,-0.1572265625,0.2275390625,-0.431640625,-0.0203857421875,0.3125,-0.578125,-0.2470703125,-0.0703125,-0.1611328125,0.1640625,-0.70703125,-0.310546875,0.083984375,0.2177734375,-0.2255859375,-0.298828125,0.23828125,-0.40625,0.11328125,0.703125,-0.58984375,0.384765625,-0.10302734375,0.158203125,0.56640625,0.140625,-0.2470703125,-0.259765625,-0.2158203125,-0.484375,0.2265625,-1.0625,-0.07080078125,-1.5859375,-0.1513671875,0.6484375,0.6015625,0.62109375,0.4765625,0.02587890625,0.1298828125,-0.296875,0.1826171875,0.8828125,0.38671875,0.12890625,-0.5,-0.14453125,0.08740234375,-0.58203125,0.640625,0.2109375,0.208984375,-0.193359375,-0.10498046875,0.1240234375,-0.1865234375,0.19921875,-0.166015625,-0.72265625,0.890625,-0.18359375,-0.1669921875,-0.458984375,-0.134765625,0.2119140625,-0.78125,0.11767578125,-0.4140625,Chicago is BLANK Ali. Ali turns around. Chicago is right of Ali.,Chicago is left of Ali. Ali turns around. Chicago is right of Ali.,16,15
Chicago is BLANK Ali. Ali turns left. Chicago is left of Ali.,egocentric_distant,context,egocentric_distant_context,behind,in front of,2dbb9333-c9f9-4a99-a371-1151135dd830,b2947cb8-21ca-4d3e-9666-765c88ecadbd,Chicago is behind Ali. Ali turns left. Chicago is left of Ali.,0.523809523809524,10712.9999998893,3284.31428579773,0.833333333333333,1.0,0.875,0,0,1,1,4.875,0.0,0.333333333333333,4.5261538461538455,62,0.6171875,0.05712890625,-2.796875,-0.06982421875,-0.7109375,0.37109375,-0.640625,-0.35546875,-0.7265625,0.38671875,-0.341796875,-0.2470703125,-0.416015625,1.046875,-1.21875,-0.5703125,-0.353515625,0.1552734375,0.189453125,0.3046875,-0.193359375,0.56640625,-0.578125,-0.0478515625,-0.041748046875,0.060302734375,-0.208984375,-0.08203125,0.2021484375,-0.447265625,-0.1005859375,0.33984375,-0.59765625,-0.2197265625,0.0244140625,-0.11865234375,0.1484375,-0.66796875,-0.302734375,0.09130859375,0.2001953125,-0.2177734375,-0.2255859375,0.302734375,-0.384765625,0.06005859375,0.7265625,-0.46875,0.400390625,-0.08056640625,0.1337890625,0.4609375,0.14453125,-0.291015625,-0.271484375,-0.1982421875,-0.46484375,0.2470703125,-1.1171875,-0.0390625,-1.5703125,-0.2158203125,0.65625,0.546875,0.59765625,0.423828125,0.068359375,0.130859375,-0.271484375,0.169921875,0.84375,0.41796875,0.134765625,-0.50390625,-0.1064453125,0.08056640625,-0.59765625,0.63671875,0.171875,0.248046875,-0.203125,-0.10498046875,0.14453125,-0.2138671875,0.2265625,-0.1767578125,-0.69921875,0.8515625,-0.1884765625,-0.1875,-0.40625,-0.1474609375,0.203125,-0.76171875,0.16015625,-0.39453125,Chicago is BLANK Ali. Ali turns left. Chicago is left of Ali.,Chicago is behind Ali. Ali turns left. Chicago is left of Ali.,21,13
Chicago is BLANK Ali. Ali turns left. Chicago is right of Ali.,egocentric_distant,context,egocentric_distant_context,in front of,behind,bb3079e5-f2cd-4c7b-978b-e8b966694b0a,a0ad98be-c0ed-44cc-9e98-e8be414bdce1,Chicago is in front of Ali. Ali turns left. Chicago is right of Ali.,0.5625,3499.81428503405,5018.24285693946,0.8,0.666666666666667,0.75,0,0,1,1,-3.625,0.0,0.2875,4.659999999999999,68,0.609375,0.045166015625,-2.78125,-0.07421875,-0.7109375,0.369140625,-0.65625,-0.349609375,-0.75390625,0.3671875,-0.322265625,-0.2060546875,-0.423828125,1.0078125,-1.171875,-0.57421875,-0.34765625,0.1826171875,0.1826171875,0.29296875,-0.1904296875,0.5703125,-0.5625,-0.041015625,-0.056640625,0.05615234375,-0.1796875,-0.10546875,0.251953125,-0.4453125,-0.080078125,0.322265625,-0.61328125,-0.265625,-0.0230712890625,-0.1572265625,0.138671875,-0.67578125,-0.298828125,0.0556640625,0.19921875,-0.2314453125,-0.259765625,0.3125,-0.396484375,0.0927734375,0.71875,-0.482421875,0.380859375,-0.0302734375,0.12890625,0.50390625,0.1298828125,-0.263671875,-0.29296875,-0.19921875,-0.453125,0.28125,-1.0859375,-0.10791015625,-1.5546875,-0.2578125,0.6640625,0.546875,0.5625,0.447265625,0.01519775390625,0.12060546875,-0.248046875,0.154296875,0.8515625,0.37109375,0.138671875,-0.52734375,-0.11279296875,0.056396484375,-0.58203125,0.60546875,0.16015625,0.232421875,-0.181640625,-0.10546875,0.1494140625,-0.2158203125,0.2451171875,-0.19140625,-0.69921875,0.84765625,-0.1728515625,-0.1796875,-0.43359375,-0.1337890625,0.21484375,-0.7578125,0.140625,-0.38671875,Chicago is BLANK Ali. Ali turns left. Chicago is right of Ali.,Chicago is in front of Ali. Ali turns left. Chicago is right of Ali.,16,14
Chicago is BLANK Ali. Ali turns right. Chicago is left of Ali.,egocentric_distant,context,egocentric_distant_context,in front of,behind,4839dac7-e498-4238-9e07-40259b5cd926,247fc701-a50f-47a4-b9ce-26e0e37764e8,Chicago is in front of Ali. Ali turns right. Chicago is left of Ali.,0.636363636363636,5132.31428570939,4230.08333340411,0.5,1.0,0.714285714285714,0,1,1,1,-1.125,0.0,-0.0113636363636364,4.641333333333334,68,0.609375,0.044677734375,-2.78125,-0.07421875,-0.70703125,0.36328125,-0.64453125,-0.3515625,-0.7421875,0.369140625,-0.322265625,-0.228515625,-0.416015625,1.0234375,-1.1796875,-0.5703125,-0.353515625,0.1533203125,0.181640625,0.296875,-0.1953125,0.57421875,-0.578125,-0.052978515625,-0.050048828125,0.07666015625,-0.1943359375,-0.10546875,0.25390625,-0.451171875,-0.08935546875,0.310546875,-0.609375,-0.2158203125,0.00872802734375,-0.162109375,0.1328125,-0.671875,-0.296875,0.060546875,0.1923828125,-0.232421875,-0.255859375,0.279296875,-0.404296875,0.0986328125,0.7109375,-0.4765625,0.373046875,-0.036865234375,0.11767578125,0.5234375,0.130859375,-0.251953125,-0.28515625,-0.1884765625,-0.44921875,0.271484375,-1.0859375,-0.1123046875,-1.5546875,-0.2490234375,0.66796875,0.55078125,0.55859375,0.451171875,0.0279541015625,0.10791015625,-0.259765625,0.158203125,0.84375,0.35546875,0.1279296875,-0.53515625,-0.1298828125,0.025634765625,-0.58984375,0.609375,0.162109375,0.224609375,-0.1796875,-0.1083984375,0.130859375,-0.2119140625,0.2431640625,-0.173828125,-0.69140625,0.85546875,-0.17578125,-0.1845703125,-0.447265625,-0.138671875,0.208984375,-0.7578125,0.1591796875,-0.396484375,Chicago is BLANK Ali. Ali turns right. Chicago is left of Ali.,Chicago is in front of Ali. Ali turns right. Chicago is left of Ali.,22,18
Chicago is BLANK Ali. Ali turns right. Chicago is right of Ali.,egocentric_distant,context,egocentric_distant_context,behind,in front of,b7920861-da00-49d8-a4cf-aa185d36eed6,f7331836-b6ee-4bc7-b450-9586dd060445,Chicago is behind Ali. Ali turns right. Chicago is right of Ali.,0.733333333333333,3756.22499999707,10339.7249999524,0.333333333333333,0.6,0.454545454545455,1,0,1,1,5.25,-1.0,-0.133333333333333,4.5600000000000005,64,0.609375,0.0208740234375,-2.78125,-0.08642578125,-0.71875,0.349609375,-0.65625,-0.345703125,-0.7578125,0.3828125,-0.302734375,-0.248046875,-0.439453125,1.0,-1.1796875,-0.5703125,-0.3515625,0.15234375,0.18359375,0.298828125,-0.1953125,0.5703125,-0.52734375,-0.058837890625,-0.041748046875,0.05810546875,-0.1845703125,-0.0771484375,0.212890625,-0.423828125,-0.0927734375,0.34765625,-0.59375,-0.2255859375,0.029541015625,-0.1357421875,0.150390625,-0.671875,-0.306640625,0.06982421875,0.2041015625,-0.2255859375,-0.2734375,0.29296875,-0.39453125,0.06396484375,0.7265625,-0.478515625,0.376953125,-0.07421875,0.1279296875,0.458984375,0.1396484375,-0.291015625,-0.265625,-0.201171875,-0.45703125,0.2578125,-1.109375,-0.07568359375,-1.6171875,-0.2158203125,0.65625,0.55078125,0.6015625,0.4375,0.0654296875,0.1435546875,-0.267578125,0.1806640625,0.84375,0.38671875,0.1357421875,-0.51171875,-0.0947265625,0.07177734375,-0.5625,0.625,0.169921875,0.2431640625,-0.20703125,-0.11279296875,0.1474609375,-0.2236328125,0.224609375,-0.166015625,-0.7265625,0.84375,-0.19140625,-0.1728515625,-0.419921875,-0.1484375,0.19921875,-0.76171875,0.1552734375,-0.419921875,Chicago is BLANK Ali. Ali turns right. Chicago is right of Ali.,Chicago is behind Ali. Ali turns right. Chicago is right of Ali.,15,19
Chicago is to Ali's BLANK. Ali turns left. Ali is facing towards Chicago.,egocentric_distant,context,egocentric_distant_context,left,right,83222ab8-a0d0-461e-ba1e-8ff927d09e67,0750fd63-cf47-440e-b7a4-8a5f610d3264,Chicago is to Ali's left. Ali turns left. Ali is facing towards Chicago.,0.6875,4113.03749982989,5471.60000017728,0.25,0.5,0.375,0,0,1,1,-1.125,1.0,0.1125,4.429333333333333,72,0.60546875,0.030517578125,-2.78125,-0.046142578125,-0.72265625,0.419921875,-0.5625,-0.32421875,-0.7734375,0.376953125,-0.326171875,-0.1689453125,-0.404296875,1.0078125,-1.1484375,-0.55078125,-0.36328125,0.111328125,0.1572265625,0.322265625,-0.177734375,0.515625,-0.53515625,-0.01177978515625,-0.10009765625,0.06201171875,-0.1884765625,-0.11328125,0.224609375,-0.44921875,-0.13671875,0.36328125,-0.56640625,-0.2177734375,0.095703125,-0.13671875,0.1279296875,-0.60546875,-0.369140625,0.1337890625,0.2080078125,-0.2412109375,-0.26171875,0.330078125,-0.41015625,0.0264892578125,0.6171875,-0.5703125,0.365234375,-0.134765625,0.08154296875,0.5078125,0.1455078125,-0.357421875,-0.28125,-0.150390625,-0.466796875,0.2333984375,-1.203125,-0.0140380859375,-1.5703125,-0.224609375,0.6875,0.640625,0.625,0.421875,-0.0198974609375,0.030517578125,-0.330078125,0.08642578125,0.90234375,0.39453125,0.111328125,-0.453125,-0.11279296875,-0.03125,-0.62890625,0.65234375,0.2177734375,0.228515625,-0.201171875,-0.09033203125,0.138671875,-0.251953125,0.185546875,-0.203125,-0.6640625,0.80078125,-0.201171875,-0.224609375,-0.357421875,-0.09130859375,0.2021484375,-0.8203125,0.1376953125,-0.451171875,Chicago is to Ali's BLANK. Ali turns left. Ali is facing towards Chicago.,Chicago is to Ali's left. Ali turns left. Ali is facing towards Chicago.,16,20
Chicago is to Ali's BLANK. Ali turns right. Ali is facing away from Chicago.,egocentric_distant,context,egocentric_distant_context,left,right,f9d0da6e-4897-48df-958d-14bcf329f702,5e9dd12e-8bb9-47fb-b660-e16adaeb2857,Chicago is to Ali's left. Ali turns right. Ali is facing away from Chicago.,0.909090909090909,5691.48888873919,4387.13636362714,,,,0,0,1,1,1.75,0.0,0.0284090909090909,4.483125000000001,75,0.609375,0.0205078125,-2.78125,-0.06787109375,-0.73828125,0.392578125,-0.59765625,-0.349609375,-0.76171875,0.376953125,-0.31640625,-0.208984375,-0.40625,0.99609375,-1.1171875,-0.53515625,-0.3671875,0.1201171875,0.1640625,0.32421875,-0.173828125,0.53515625,-0.53125,-0.031982421875,-0.1044921875,0.08056640625,-0.1748046875,-0.138671875,0.193359375,-0.44140625,-0.1396484375,0.357421875,-0.59375,-0.2373046875,0.10400390625,-0.1533203125,0.1044921875,-0.60546875,-0.408203125,0.12451171875,0.1923828125,-0.240234375,-0.271484375,0.34375,-0.419921875,0.052001953125,0.61328125,-0.53125,0.3125,-0.193359375,0.076171875,0.474609375,0.1416015625,-0.35546875,-0.271484375,-0.1376953125,-0.478515625,0.2333984375,-1.109375,-0.03662109375,-1.59375,-0.18359375,0.66796875,0.65625,0.61328125,0.43359375,-0.054931640625,0.052978515625,-0.3359375,0.08056640625,0.890625,0.400390625,0.115234375,-0.453125,-0.08740234375,-0.001708984375,-0.65234375,0.671875,0.2197265625,0.2158203125,-0.2138671875,-0.07421875,0.11279296875,-0.2353515625,0.1845703125,-0.1796875,-0.65234375,0.8046875,-0.2001953125,-0.1943359375,-0.34765625,-0.1103515625,0.21875,-0.83203125,0.1044921875,-0.47265625,Chicago is to Ali's BLANK. Ali turns right. Ali is facing away from Chicago.,Chicago is to Ali's left. Ali turns right. Ali is facing away from Chicago.,22,0
Mark and Ali are both directly East of Budapest. Mark walks BLANK. Ali is South of Mark.,two_refs_geocentric,context,two_refs_geocentric_context,North,South,1cf5eafd-15da-41d9-9992-1ca25e13dd4c,1aec3e61-12e1-4aa2-93e2-bf7f052ea91c,Mark and Ali are both directly East of Budapest. Mark walks North. Ali is South of Mark.,0.909090909090909,5593.9545453256,6094.49166670205,,,,1,0,1,1,2.125,0.0,-0.346590909090909,4.367777777777778,88,0.5703125,0.03515625,-2.765625,-0.033935546875,-0.62890625,0.412109375,-0.56640625,-0.275390625,-0.85546875,0.46875,-0.232421875,-0.1806640625,-0.38671875,1.078125,-1.140625,-0.388671875,-0.287109375,0.130859375,0.193359375,0.23828125,-0.2021484375,0.6015625,-0.7421875,0.048583984375,-0.150390625,0.0556640625,-0.291015625,0.0252685546875,0.267578125,-0.279296875,-0.240234375,0.28125,-0.68359375,-0.1953125,0.08349609375,-0.037109375,0.12255859375,-0.78515625,-0.34375,0.1484375,0.22265625,-0.23828125,-0.3359375,0.341796875,-0.3828125,-0.052001953125,0.6875,-0.625,0.337890625,-0.09375,0.07861328125,0.349609375,0.1728515625,-0.2890625,-0.248046875,-0.263671875,-0.50390625,0.328125,-0.98046875,-0.048828125,-1.5703125,-0.15234375,0.6875,0.52734375,0.58203125,0.439453125,0.029296875,0.19921875,-0.373046875,0.16796875,0.9140625,0.48046875,0.126953125,-0.5078125,0.041259765625,0.1298828125,-0.63671875,0.71484375,0.40625,0.2431640625,-0.2314453125,-0.11279296875,0.1494140625,-0.0137939453125,0.1337890625,-0.220703125,-0.51953125,0.828125,-0.263671875,-0.2158203125,-0.46484375,-0.08935546875,0.1728515625,-0.76171875,0.0732421875,-0.5390625,Mark and Ali are both directly East of Budapest. Mark walks BLANK. Ali is South of Mark.,Mark and Ali are both directly East of Budapest. Mark walks North. Ali is South of Mark.,22,0
Mark and Ali are both directly West of Budapest. Mark walks BLANK. Ali is North of Mark.,two_refs_geocentric,context,two_refs_geocentric_context,South,North,e0e42831-78e0-4555-af62-7457e10ca767,b02292f4-7761-45aa-8538-07cd53291500,Mark and Ali are both directly West of Budapest. Mark walks South. Ali is North of Mark.,0.866666666666667,9237.55384609949,2403.36666668548,,,,1,0,0,0,4.625,0.0,-0.139393939393939,4.368888888888889,88,0.57421875,0.0311279296875,-2.765625,-0.02734375,-0.6328125,0.41015625,-0.5625,-0.27734375,-0.85546875,0.46484375,-0.259765625,-0.171875,-0.380859375,1.0546875,-1.1484375,-0.400390625,-0.294921875,0.1328125,0.1826171875,0.248046875,-0.1953125,0.59375,-0.72265625,0.044677734375,-0.1328125,0.02783203125,-0.28515625,-0.00131988525390625,0.26171875,-0.30078125,-0.2314453125,0.32421875,-0.69921875,-0.1376953125,0.0888671875,-0.0299072265625,0.12109375,-0.78515625,-0.3359375,0.1572265625,0.2158203125,-0.2421875,-0.322265625,0.328125,-0.38671875,-0.0625,0.69140625,-0.6328125,0.337890625,-0.125,0.0849609375,0.3671875,0.177734375,-0.296875,-0.25,-0.259765625,-0.51171875,0.31640625,-0.98828125,-0.05029296875,-1.5859375,-0.1474609375,0.6875,0.55859375,0.58984375,0.455078125,0.028076171875,0.2001953125,-0.384765625,0.1767578125,0.91796875,0.4609375,0.125,-0.498046875,0.03271484375,0.173828125,-0.64453125,0.70703125,0.384765625,0.2392578125,-0.2236328125,-0.1064453125,0.140625,-0.0107421875,0.12109375,-0.224609375,-0.5234375,0.82421875,-0.275390625,-0.2177734375,-0.466796875,-0.0830078125,0.1669921875,-0.765625,0.10498046875,-0.546875,Mark and Ali are both directly West of Budapest. Mark walks BLANK. Ali is North of Mark.,Mark and Ali are both directly West of Budapest. Mark walks South. Ali is North of Mark.,15,0
Mark and Ali are both facing BLANK. Ali turns to his left. Ali is facing away from Mark.,two_refs_egocentric,context,two_refs_egocentric_context,right,left,3ee06635-6bfb-4e68-a7d8-d5a766053beb,0af1119d-9652-4176-bee8-91eb6bacad4d,Mark and Ali are both facing right. Ali turns to his left. Ali is facing away from Mark.,0.428571428571429,3587.06666659812,3148.53333338102,0.6,1.0,0.714285714285714,1,1,0,0,2.25,-1.0,0.0952380952380953,4.548421052631579,88,0.609375,0.036376953125,-2.796875,-0.038818359375,-0.7578125,0.38671875,-0.56640625,-0.380859375,-0.75,0.435546875,-0.330078125,-0.2119140625,-0.38671875,1.09375,-1.09375,-0.5,-0.3515625,0.1435546875,0.17578125,0.294921875,-0.171875,0.51171875,-0.578125,0.021728515625,-0.1708984375,0.0302734375,-0.27734375,-0.142578125,0.1865234375,-0.296875,-0.1005859375,0.30859375,-0.6953125,-0.259765625,0.044921875,-0.09130859375,0.07958984375,-0.65625,-0.400390625,0.09912109375,0.19921875,-0.22265625,-0.328125,0.37890625,-0.423828125,0.01470947265625,0.61328125,-0.6015625,0.27734375,-0.263671875,0.064453125,0.41796875,0.1494140625,-0.314453125,-0.259765625,-0.1650390625,-0.58984375,0.404296875,-0.984375,-0.06005859375,-1.625,-0.09619140625,0.6640625,0.62890625,0.6875,0.4453125,-0.06494140625,0.1767578125,-0.431640625,0.17578125,0.97265625,0.375,0.13671875,-0.470703125,-0.08251953125,0.1181640625,-0.5703125,0.671875,0.34375,0.263671875,-0.19140625,-0.09326171875,0.07958984375,-0.072265625,0.189453125,-0.189453125,-0.45703125,0.765625,-0.33203125,-0.1484375,-0.49609375,-0.05224609375,0.1767578125,-0.859375,0.044677734375,-0.54296875,Mark and Ali are both facing BLANK. Ali turns to his left. Ali is facing away from Mark.,Mark and Ali are both facing right. Ali turns to his left. Ali is facing away from Mark.,21,14
Mark and Ali are both facing BLANK. Ali turns to his right. Ali is facing away from Mark.,two_refs_egocentric,context,two_refs_egocentric_context,left,right,29663c72-0b15-4907-88c3-bd660fbc97a4,7df32e98-c6ec-4362-9615-aed868e66f99,Mark and Ali are both facing left. Ali turns to his right. Ali is facing away from Mark.,0.625,6131.81250057882,6067.64285716361,0.6,1.0,0.75,0,0,0,0,2.25,0.0,-0.125,4.576315789473684,88,0.60546875,0.02001953125,-2.796875,-0.0458984375,-0.76171875,0.369140625,-0.5703125,-0.3828125,-0.76171875,0.44140625,-0.306640625,-0.22265625,-0.384765625,1.09375,-1.0859375,-0.50390625,-0.3515625,0.13671875,0.1708984375,0.296875,-0.1708984375,0.5234375,-0.58984375,0.01544189453125,-0.1640625,0.0252685546875,-0.283203125,-0.16015625,0.1806640625,-0.30078125,-0.11376953125,0.306640625,-0.6875,-0.26953125,0.050048828125,-0.10498046875,0.08203125,-0.6484375,-0.416015625,0.10791015625,0.1982421875,-0.2275390625,-0.333984375,0.376953125,-0.431640625,0.00653076171875,0.609375,-0.59765625,0.2734375,-0.267578125,0.054931640625,0.41015625,0.1552734375,-0.30859375,-0.25390625,-0.169921875,-0.5859375,0.408203125,-0.98046875,-0.06884765625,-1.6484375,-0.09716796875,0.66015625,0.625,0.68359375,0.435546875,-0.054931640625,0.18359375,-0.419921875,0.1728515625,0.9765625,0.384765625,0.13671875,-0.47265625,-0.07373046875,0.0947265625,-0.546875,0.67578125,0.34765625,0.2578125,-0.197265625,-0.09716796875,0.080078125,-0.08740234375,0.185546875,-0.19140625,-0.462890625,0.7734375,-0.328125,-0.1484375,-0.494140625,-0.06640625,0.185546875,-0.8515625,0.041259765625,-0.52734375,Mark and Ali are both facing BLANK. Ali turns to his right. Ali is facing away from Mark.,Mark and Ali are both facing left. Ali turns to his right. Ali is facing away from Mark.,16,18
Mark and Ali are facing BLANK eachother. Mark turns around. Ali is facing away from Mark.,two_refs_egocentric,context,two_refs_egocentric_context,away from,towards,2c401bc8-165e-4560-897a-4efd07a1d871,9f2a971f-7891-4d55-82e4-80ab3569a28c,Mark and Ali are facing away from eachother. Mark turns around. Ali is facing away from Mark.,0.19047619047619,684.000000029802,2336.80000001192,0.2,0.5,0.333333333333333,0,0,0,0,-9.75,0.0,0.35952380952381,4.263888888888889,93,0.609375,0.061279296875,-2.65625,-0.052490234375,-0.734375,0.328125,-0.55078125,-0.40234375,-0.78125,0.447265625,-0.369140625,-0.287109375,-0.3828125,1.0390625,-1.1484375,-0.5390625,-0.3515625,0.0869140625,0.21484375,0.2734375,-0.173828125,0.515625,-0.62109375,-0.0213623046875,-0.11865234375,-0.02587890625,-0.322265625,-0.032958984375,0.185546875,-0.30859375,-0.0654296875,0.28125,-0.65625,-0.30859375,0.0311279296875,-0.026611328125,0.126953125,-0.7890625,-0.404296875,0.1044921875,0.19921875,-0.23046875,-0.333984375,0.29296875,-0.44140625,-0.0107421875,0.69921875,-0.5546875,0.3046875,-0.1328125,0.09375,0.56640625,0.1396484375,-0.28125,-0.310546875,-0.236328125,-0.55859375,0.384765625,-0.9765625,-0.043212890625,-1.6953125,-0.1259765625,0.70703125,0.58203125,0.63671875,0.5078125,-0.014404296875,0.236328125,-0.396484375,0.205078125,0.9453125,0.447265625,0.07763671875,-0.54296875,-0.0225830078125,0.15234375,-0.5390625,0.74609375,0.271484375,0.193359375,-0.185546875,-0.0869140625,0.11572265625,-0.1328125,0.1748046875,-0.296875,-0.48828125,0.72265625,-0.361328125,-0.16015625,-0.546875,-0.10986328125,0.1767578125,-0.81640625,0.054931640625,-0.486328125,Mark and Ali are facing BLANK eachother. Mark turns around. Ali is facing away from Mark.,Mark and Ali are facing away from eachother. Mark turns around. Ali is facing away from Mark.,21,22
Mark is BLANK Ali. Ali turns around. Ali is facing away from Mark.,two_refs_egocentric,context,two_refs_egocentric_context,in front of,behind,7d763a8b-1fd6-45de-bddb-d1b217efe0d7,996ddd95-7162-4ee7-8690-98c78b9d6561,Mark is in front of Ali. Ali turns around. Ali is facing away from Mark.,0.818181818181818,3735.0142858816,5020.4666666612,,,,0,0,1,1,-9.25,0.0,-0.0056818181818182,4.5525,72,0.59375,0.07470703125,-2.734375,-0.046142578125,-0.7109375,0.328125,-0.56640625,-0.396484375,-0.75,0.396484375,-0.3515625,-0.1943359375,-0.396484375,1.0390625,-1.1015625,-0.51953125,-0.400390625,0.16796875,0.1552734375,0.275390625,-0.1953125,0.48828125,-0.5625,-0.0189208984375,-0.08984375,0.0126953125,-0.294921875,-0.12060546875,0.2431640625,-0.359375,-0.0306396484375,0.2734375,-0.69921875,-0.2392578125,0.1015625,-0.1513671875,0.1015625,-0.66796875,-0.3984375,0.032958984375,0.189453125,-0.2890625,-0.314453125,0.25,-0.421875,0.0810546875,0.6796875,-0.58203125,0.349609375,-0.158203125,0.134765625,0.546875,0.10205078125,-0.26953125,-0.27734375,-0.1767578125,-0.4609375,0.240234375,-0.96484375,-0.0908203125,-1.6015625,-0.2060546875,0.66796875,0.5859375,0.6953125,0.51171875,-0.12109375,0.1748046875,-0.29296875,0.2578125,0.953125,0.40234375,0.14453125,-0.5703125,-0.1484375,0.1357421875,-0.484375,0.69140625,0.3359375,0.248046875,-0.1787109375,-0.1142578125,0.07080078125,-0.2060546875,0.2294921875,-0.337890625,-0.50390625,0.796875,-0.2578125,-0.22265625,-0.478515625,-0.1279296875,0.2578125,-0.75390625,0.1142578125,-0.40234375,Mark is BLANK Ali. Ali turns around. Ali is facing away from Mark.,Mark is in front of Ali. Ali turns around. Ali is facing away from Mark.,22,0
Mark is BLANK Ali. Ali turns around. Ali is facing towards Mark.,two_refs_egocentric,context,two_refs_egocentric_context,behind,in front of,771e9b17-7d24-4977-913f-e650a0a2df3a,9e1aee41-4f39-40e2-b2ea-b7b448ee3d6d,Mark is behind Ali. Ali turns around. Ali is facing towards Mark.,0.933333333333333,4643.58333331998,3966.30769230296,,,,1,1,1,1,-3.625,0.0,-0.0242424242424243,4.354615384615385,65,0.5859375,0.060302734375,-2.75,-0.03564453125,-0.703125,0.330078125,-0.53515625,-0.369140625,-0.7578125,0.40234375,-0.337890625,-0.181640625,-0.40234375,1.0390625,-1.125,-0.53125,-0.40625,0.142578125,0.15234375,0.275390625,-0.201171875,0.4765625,-0.55859375,-0.0225830078125,-0.07763671875,-0.0012664794921875,-0.314453125,-0.07275390625,0.244140625,-0.328125,-0.038818359375,0.30078125,-0.67578125,-0.1767578125,0.12890625,-0.11572265625,0.1298828125,-0.6796875,-0.380859375,0.05029296875,0.1943359375,-0.275390625,-0.275390625,0.255859375,-0.408203125,0.0184326171875,0.68359375,-0.58984375,0.38671875,-0.166015625,0.146484375,0.52734375,0.11572265625,-0.267578125,-0.251953125,-0.21484375,-0.43359375,0.2216796875,-1.0234375,-0.04296875,-1.6171875,-0.185546875,0.64453125,0.58984375,0.71875,0.4921875,-0.08544921875,0.181640625,-0.25,0.26171875,0.96484375,0.380859375,0.1455078125,-0.55859375,-0.197265625,0.1201171875,-0.447265625,0.71875,0.33203125,0.271484375,-0.1943359375,-0.125,0.08447265625,-0.1904296875,0.2197265625,-0.30859375,-0.53125,0.77734375,-0.2451171875,-0.2216796875,-0.46484375,-0.11572265625,0.23046875,-0.7578125,0.150390625,-0.408203125,Mark is BLANK Ali. Ali turns around. Ali is facing towards Mark.,Mark is behind Ali. Ali turns around. Ali is facing towards Mark.,15,0
Mark is BLANK Ali. Mark walks backwards. Mark is getting further from Ali.,two_refs_egocentric,context,two_refs_egocentric_context,behind,in front of,7c4dd56f-d780-4ee2-8921-f52b16af982d,c2ee74e5-16de-4279-a23a-acbd7ca7713a,Mark is behind Ali. Mark walks backwards. Mark is getting further from Ali.,0.476190476190476,3078.18571441514,3892.64285709177,0.8,1.0,0.833333333333333,0,0,1,1,3.625,0.0,0.142857142857143,4.453571428571428,75,0.6171875,0.026611328125,-2.765625,-0.051025390625,-0.71875,0.345703125,-0.58984375,-0.369140625,-0.72265625,0.404296875,-0.35546875,-0.1796875,-0.396484375,1.03125,-1.09375,-0.55859375,-0.3984375,0.173828125,0.1474609375,0.2890625,-0.2060546875,0.5078125,-0.55859375,0.0086669921875,-0.08251953125,0.07275390625,-0.271484375,0.034912109375,0.205078125,-0.333984375,-0.078125,0.3125,-0.6796875,-0.302734375,0.123046875,-0.142578125,0.140625,-0.671875,-0.44921875,0.059814453125,0.201171875,-0.228515625,-0.251953125,0.34375,-0.40234375,0.037353515625,0.75,-0.490234375,0.353515625,-0.005645751953125,0.09814453125,0.44921875,0.09912109375,-0.2578125,-0.2421875,-0.2177734375,-0.5,0.1962890625,-0.96484375,-0.049072265625,-1.65625,-0.16015625,0.6171875,0.53125,0.62109375,0.484375,-0.0286865234375,0.0556640625,-0.359375,0.27734375,0.94921875,0.349609375,0.1337890625,-0.51953125,-0.19140625,0.0390625,-0.4453125,0.65625,0.3984375,0.28125,-0.197265625,-0.1396484375,0.09326171875,-0.1259765625,0.1875,-0.2734375,-0.5546875,0.78515625,-0.30859375,-0.2314453125,-0.57421875,-0.1318359375,0.228515625,-0.76171875,0.119140625,-0.416015625,Mark is BLANK Ali. Mark walks backwards. Mark is getting further from Ali.,Mark is behind Ali. Mark walks backwards. Mark is getting further from Ali.,21,16
Mark is BLANK Ali. Mark walks forwards. Mark is getting closer to Ali.,two_refs_egocentric,context,two_refs_egocentric_context,behind,in front of,f7ed4322-6f17-4f60-ac4f-404edc6ffe8b,174f837e-4f6c-4643-9ae0-906ecb12361f,Mark is behind Ali. Mark walks forwards. Mark is getting closer to Ali.,0.4375,5970.52000030465,3742.89999969192,0.6,1.0,0.714285714285714,1,1,1,1,5.125,-1.0,0.3125,4.345000000000001,71,0.60546875,0.0322265625,-2.765625,-0.04833984375,-0.71875,0.3515625,-0.59375,-0.3828125,-0.7421875,0.421875,-0.35546875,-0.1357421875,-0.3984375,1.0546875,-1.125,-0.5859375,-0.392578125,0.1689453125,0.13671875,0.306640625,-0.1982421875,0.5,-0.5546875,-0.002105712890625,-0.09033203125,0.058349609375,-0.255859375,0.0712890625,0.1923828125,-0.337890625,-0.0625,0.294921875,-0.72265625,-0.294921875,0.15625,-0.103515625,0.130859375,-0.65625,-0.50390625,0.06591796875,0.197265625,-0.2431640625,-0.3125,0.326171875,-0.404296875,0.01373291015625,0.73046875,-0.57421875,0.359375,-0.033935546875,0.0732421875,0.546875,0.1015625,-0.302734375,-0.259765625,-0.2109375,-0.470703125,0.17578125,-0.9375,-0.01141357421875,-1.6640625,-0.1201171875,0.64453125,0.5703125,0.65625,0.55078125,0.03759765625,0.08154296875,-0.361328125,0.27734375,0.9609375,0.365234375,0.1298828125,-0.54296875,-0.2392578125,0.04833984375,-0.416015625,0.703125,0.361328125,0.271484375,-0.205078125,-0.154296875,0.0546875,-0.138671875,0.181640625,-0.25390625,-0.58984375,0.77734375,-0.31640625,-0.1943359375,-0.59375,-0.1552734375,0.228515625,-0.75,0.115234375,-0.419921875,Mark is BLANK Ali. Mark walks forwards. Mark is getting closer to Ali.,Mark is behind Ali. Mark walks forwards. Mark is getting closer to Ali.,16,12
Mark is BLANK Ali. Mark walks forwards. Mark is getting further from Ali.,two_refs_egocentric,context,two_refs_egocentric_context,in front of,behind,20add1a9-8775-44a2-a0c7-6b09b612f701,f7d845e3-bf92-43ca-8274-b0da84be24af,Mark is in front of Ali. Mark walks forwards. Mark is getting further from Ali.,0.6,7405.67999998555,3815.78333331893,0.8,0.75,0.777777777777778,0,0,1,1,-4.3125,0.0,-0.0545454545454546,4.535625,79,0.60546875,0.0341796875,-2.765625,-0.05078125,-0.6953125,0.36328125,-0.5859375,-0.373046875,-0.7421875,0.3984375,-0.345703125,-0.15234375,-0.392578125,1.0390625,-1.09375,-0.5703125,-0.390625,0.181640625,0.1484375,0.287109375,-0.205078125,0.50390625,-0.57421875,0.0262451171875,-0.08837890625,0.05712890625,-0.279296875,-0.00909423828125,0.23828125,-0.35546875,-0.072265625,0.306640625,-0.7109375,-0.306640625,0.10546875,-0.1484375,0.140625,-0.64453125,-0.44921875,0.0341796875,0.2060546875,-0.2412109375,-0.326171875,0.333984375,-0.392578125,0.06884765625,0.74609375,-0.54296875,0.345703125,0.01214599609375,0.087890625,0.48828125,0.095703125,-0.25,-0.259765625,-0.1884765625,-0.48046875,0.201171875,-0.9375,-0.044921875,-1.640625,-0.1572265625,0.640625,0.53125,0.640625,0.54296875,-0.03125,0.04931640625,-0.33984375,0.28125,0.96484375,0.357421875,0.130859375,-0.55078125,-0.2265625,0.0019073486328125,-0.4140625,0.65234375,0.373046875,0.275390625,-0.1708984375,-0.1455078125,0.0673828125,-0.154296875,0.203125,-0.2734375,-0.55078125,0.78125,-0.30859375,-0.2158203125,-0.62890625,-0.1416015625,0.2451171875,-0.76171875,0.115234375,-0.42578125,Mark is BLANK Ali. Mark walks forwards. Mark is getting further from Ali.,Mark is in front of Ali. Mark walks forwards. Mark is getting further from Ali.,15,22
Mark is BLANK of Ali facing East. Ali is East of Mark facing West. Mark is facing towards Ali.,two_refs_geocentric,context,two_refs_geocentric_context,West,East,42c55655-608c-455a-a95f-db641d81ed1f,301d488b-e549-4394-b878-c0450833fda8,Mark is West of Ali facing East. Ali is East of Mark facing West. Mark is facing towards Ali.,0.666666666666667,6047.1571427903,7087.34285705217,0.8,1.0,0.833333333333333,1,1,1,1,4.5,0.0,-0.229166666666667,4.492499999999999,93,0.53515625,0.031982421875,-2.8125,0.037109375,-0.66015625,0.41015625,-0.50390625,-0.326171875,-0.81640625,0.5,-0.2138671875,-0.259765625,-0.416015625,1.0546875,-1.3046875,-0.486328125,-0.306640625,0.056640625,0.201171875,0.314453125,-0.1630859375,0.54296875,-0.609375,-0.051513671875,-0.162109375,-0.0478515625,-0.232421875,-0.16015625,0.23828125,-0.412109375,-0.12890625,0.322265625,-0.65625,-0.255859375,0.091796875,-0.09423828125,0.1044921875,-0.69921875,-0.3125,0.0693359375,0.2216796875,-0.267578125,-0.287109375,0.244140625,-0.4765625,0.01495361328125,0.6875,-0.625,0.32421875,-0.1015625,0.07080078125,0.55859375,0.189453125,-0.353515625,-0.326171875,-0.251953125,-0.51171875,0.189453125,-0.94140625,0.01373291015625,-1.5859375,-0.146484375,0.79296875,0.62109375,0.578125,0.3828125,0.01019287109375,0.1484375,-0.3203125,0.1171875,1.0703125,0.58203125,0.12158203125,-0.625,0.087890625,0.059326171875,-0.55078125,0.56640625,0.296875,0.28125,-0.1904296875,-0.197265625,0.263671875,-0.140625,0.09716796875,-0.3125,-0.53515625,0.88671875,-0.2314453125,-0.2373046875,-0.392578125,-0.028076171875,0.2060546875,-0.84765625,0.14453125,-0.5078125,Mark is BLANK of Ali facing East. Ali is East of Mark facing West. Mark is facing towards Ali.,Mark is West of Ali facing East. Ali is East of Mark facing West. Mark is facing towards Ali.,21,11
Mark is BLANK of Ali facing East. Ali is West of Mark facing West. Mark is facing away from Ali.,two_refs_geocentric,context,two_refs_geocentric_context,East,West,b1714cfb-af9a-4b49-8cdc-9b574b8f80a2,672521bd-9b42-4dd1-881e-61a57b15e1e2,Mark is East of Ali facing East. Ali is West of Mark facing West. Mark is facing away from Ali.,0.5625,7418.24000003934,5827.40000062697,0.8,1.0,0.888888888888889,0,0,1,1,0.25,0.0,0.1875,4.510000000000001,95,0.54296875,0.034423828125,-2.8125,0.030029296875,-0.67578125,0.400390625,-0.5234375,-0.357421875,-0.80078125,0.478515625,-0.2314453125,-0.279296875,-0.412109375,1.046875,-1.2734375,-0.48828125,-0.318359375,0.0654296875,0.205078125,0.310546875,-0.15625,0.55859375,-0.625,-0.068359375,-0.1826171875,-0.036865234375,-0.1865234375,-0.2001953125,0.20703125,-0.419921875,-0.1318359375,0.328125,-0.671875,-0.310546875,0.076171875,-0.1025390625,0.1015625,-0.70703125,-0.326171875,0.07275390625,0.2109375,-0.27734375,-0.263671875,0.2734375,-0.478515625,0.036376953125,0.6953125,-0.54296875,0.306640625,-0.1494140625,0.111328125,0.53125,0.1787109375,-0.353515625,-0.306640625,-0.26953125,-0.53515625,0.1962890625,-0.8515625,-0.0157470703125,-1.5859375,-0.154296875,0.80078125,0.62890625,0.5625,0.40625,0.0145263671875,0.1591796875,-0.3515625,0.10009765625,1.0625,0.5546875,0.1279296875,-0.62890625,0.08984375,0.11328125,-0.58203125,0.53125,0.31640625,0.251953125,-0.201171875,-0.1806640625,0.2578125,-0.07421875,0.10546875,-0.318359375,-0.494140625,0.875,-0.2275390625,-0.208984375,-0.388671875,-0.044921875,0.2060546875,-0.83984375,0.1376953125,-0.4921875,Mark is BLANK of Ali facing East. Ali is West of Mark facing West. Mark is facing away from Ali.,Mark is East of Ali facing East. Ali is West of Mark facing West. Mark is facing away from Ali.,16,19
Mark is BLANK of Ali. Mark turns right. Mark is East of Ali.,two_refs_geocentric,context,two_refs_geocentric_context,East,West,f84560ed-b11b-4b50-85f3-307348f10e3a,73fe68a5-7c2c-4504-9528-298de59f844e,Mark is East of Ali. Mark turns right. Mark is East of Ali.,0.4,9961.80000002185,3194.4599999927,0.6,0.666666666666667,0.625,0,0,0,0,-5.0,0.0,0.509090909090909,4.655714285714285,59,0.5703125,0.003509521484375,-2.78125,-0.00872802734375,-0.6796875,0.447265625,-0.474609375,-0.30078125,-0.8359375,0.5546875,-0.279296875,-0.23828125,-0.44140625,1.0234375,-1.171875,-0.48046875,-0.322265625,0.1357421875,0.1875,0.32421875,-0.1748046875,0.51953125,-0.6484375,0.054931640625,-0.0908203125,-0.0020294189453125,-0.2236328125,-0.166015625,0.30078125,-0.3671875,-0.1220703125,0.279296875,-0.578125,-0.193359375,0.08203125,-0.1796875,0.1337890625,-0.69921875,-0.314453125,0.083984375,0.2314453125,-0.24609375,-0.29296875,0.345703125,-0.392578125,-0.0079345703125,0.71484375,-0.66015625,0.435546875,-0.00151824951171875,0.1142578125,0.455078125,0.166015625,-0.33203125,-0.2109375,-0.2275390625,-0.46875,0.203125,-1.0625,-0.034912109375,-1.6796875,-0.1484375,0.625,0.59765625,0.6484375,0.455078125,-0.0478515625,0.09228515625,-0.365234375,0.18359375,0.97265625,0.41796875,0.126953125,-0.578125,-0.189453125,-0.052490234375,-0.439453125,0.625,0.3125,0.255859375,-0.220703125,-0.16796875,0.2216796875,-0.099609375,0.1376953125,-0.279296875,-0.65234375,0.8984375,-0.248046875,-0.2490234375,-0.54296875,-0.0859375,0.21875,-0.7578125,0.1591796875,-0.412109375,Mark is BLANK of Ali. Mark turns right. Mark is East of Ali.,Mark is East of Ali. Mark turns right. Mark is East of Ali.,15,15
Mark is East of Budapest and Ali is West of Budapest. Ali walks directly BLANK Mark. Ali is heading East.,two_refs_geocentric,context,two_refs_geocentric_context,towards,away from,510180d4-e242-425c-8e8c-7c88ca6e2a3f,fcc02ae7-22d9-4cbc-85d3-8942c64d5200,Mark is East of Budapest and Ali is West of Budapest. Ali walks directly towards Mark. Ali is heading East.,0.875,8195.33636363274,2336.26000015996,,,,1,1,1,1,16.25,0.0,-0.225,4.18047619047619,107,0.5703125,0.05224609375,-2.765625,-0.044189453125,-0.59765625,0.373046875,-0.62890625,-0.33984375,-0.80078125,0.396484375,-0.28515625,-0.26953125,-0.330078125,0.9609375,-1.140625,-0.45703125,-0.318359375,0.1298828125,0.193359375,0.24609375,-0.1708984375,0.5859375,-0.64453125,-0.08251953125,-0.1455078125,0.06005859375,-0.1708984375,0.0284423828125,0.2138671875,-0.3671875,-0.158203125,0.373046875,-0.7109375,-0.322265625,0.041015625,-0.037109375,0.1611328125,-0.77734375,-0.427734375,0.087890625,0.23046875,-0.2236328125,-0.2314453125,0.3203125,-0.390625,-0.036376953125,0.68359375,-0.435546875,0.27734375,-0.1689453125,0.05126953125,0.482421875,0.162109375,-0.302734375,-0.294921875,-0.201171875,-0.51953125,0.302734375,-0.98046875,-0.12451171875,-1.578125,-0.1171875,0.69921875,0.58203125,0.58984375,0.494140625,-0.036865234375,0.1845703125,-0.34765625,0.26171875,0.9296875,0.447265625,0.1298828125,-0.56640625,0.057373046875,0.1181640625,-0.59375,0.62109375,0.37890625,0.275390625,-0.208984375,-0.189453125,0.146484375,-0.2490234375,0.1396484375,-0.2060546875,-0.5390625,0.69921875,-0.208984375,-0.1650390625,-0.431640625,-0.10107421875,0.140625,-0.78125,0.0966796875,-0.5703125,Mark is East of Budapest and Ali is West of Budapest. Ali walks directly BLANK Mark. Ali is heading East.,Mark is East of Budapest and Ali is West of Budapest. Ali walks directly towards Mark. Ali is heading East.,16,0
Mark is East of Budapest and Ali is West of Budapest. Mark walks directly BLANK Ali. Mark is heading West.,two_refs_geocentric,context,two_refs_geocentric_context,towards,away from,4f125ff1-4082-4c53-8e09-17ede5961b36,ba0500a3-3783-4596-a2f8-fd3ca1e76486,Mark is East of Budapest and Ali is West of Budapest. Mark walks directly towards Ali. Mark is heading West.,0.571428571428571,4831.09999999404,1221.55714281116,1.0,1.0,1.0,1,1,1,1,7.375,0.0,0.285714285714286,4.212857142857142,108,0.578125,0.032470703125,-2.78125,-0.03466796875,-0.6015625,0.361328125,-0.60546875,-0.33203125,-0.81640625,0.38671875,-0.291015625,-0.275390625,-0.328125,0.953125,-1.1484375,-0.470703125,-0.32421875,0.1435546875,0.205078125,0.2578125,-0.1708984375,0.58203125,-0.65234375,-0.07666015625,-0.1298828125,0.0269775390625,-0.14453125,0.0255126953125,0.224609375,-0.357421875,-0.154296875,0.349609375,-0.6796875,-0.314453125,0.040283203125,-0.048828125,0.1875,-0.78125,-0.40234375,0.1025390625,0.2373046875,-0.2470703125,-0.2294921875,0.3359375,-0.384765625,-0.045654296875,0.7421875,-0.47265625,0.294921875,-0.109375,0.025146484375,0.51171875,0.1611328125,-0.314453125,-0.296875,-0.22265625,-0.51171875,0.287109375,-0.92578125,-0.1123046875,-1.5625,-0.1357421875,0.7109375,0.55859375,0.58984375,0.5234375,-0.0029296875,0.1875,-0.365234375,0.2255859375,0.93359375,0.4453125,0.12890625,-0.58984375,0.0751953125,0.1005859375,-0.578125,0.65234375,0.35546875,0.26953125,-0.2041015625,-0.1904296875,0.1337890625,-0.1865234375,0.130859375,-0.232421875,-0.55859375,0.71484375,-0.21875,-0.1533203125,-0.478515625,-0.10595703125,0.14453125,-0.78125,0.125,-0.54296875,Mark is East of Budapest and Ali is West of Budapest. Mark walks directly BLANK Ali. Mark is heading West.,Mark is East of Budapest and Ali is West of Budapest. Mark walks directly towards Ali. Mark is heading West.,21,13
Mark is North of Budapest and Ali is South of Budapest. Ali walks directly BLANK Mark. Ali is walking South.,two_refs_geocentric,context,two_refs_geocentric_context,away from,towards,e76db60f-1d9f-4aa9-aaa3-921c22b8af1a,78cfaa82-d792-4a47-9003-e289b66847f7,Mark is North of Budapest and Ali is South of Budapest. Ali walks directly away from Mark. Ali is walking South.,0.636363636363636,10039.2142857245,4479.65714288609,1.0,1.0,1.0,0,1,1,1,-4.0,1.0,-0.0113636363636364,4.297272727272728,112,0.56640625,0.07080078125,-2.78125,-0.051513671875,-0.609375,0.408203125,-0.63671875,-0.337890625,-0.8203125,0.33984375,-0.298828125,-0.263671875,-0.333984375,1.0234375,-1.1953125,-0.4453125,-0.32421875,0.107421875,0.2109375,0.25390625,-0.1748046875,0.6328125,-0.6796875,-0.0546875,-0.13671875,0.109375,-0.1982421875,0.08154296875,0.244140625,-0.330078125,-0.14453125,0.265625,-0.70703125,-0.359375,0.030517578125,-0.0283203125,0.1533203125,-0.8046875,-0.5078125,0.091796875,0.234375,-0.216796875,-0.208984375,0.30859375,-0.37890625,-0.02880859375,0.69140625,-0.388671875,0.287109375,-0.142578125,0.07666015625,0.47265625,0.150390625,-0.294921875,-0.318359375,-0.1982421875,-0.486328125,0.275390625,-0.95703125,-0.08837890625,-1.5546875,-0.08984375,0.6953125,0.578125,0.56640625,0.482421875,-0.0079345703125,0.173828125,-0.3515625,0.26953125,0.91796875,0.515625,0.1328125,-0.54296875,0.0859375,0.115234375,-0.60546875,0.5625,0.3203125,0.306640625,-0.185546875,-0.17578125,0.16015625,-0.23046875,0.166015625,-0.2392578125,-0.546875,0.7109375,-0.18359375,-0.1767578125,-0.44140625,-0.1455078125,0.18359375,-0.75390625,0.1171875,-0.53125,Mark is North of Budapest and Ali is South of Budapest. Ali walks directly BLANK Mark. Ali is walking South.,Mark is North of Budapest and Ali is South of Budapest. Ali walks directly away from Mark. Ali is walking South.,22,11
Mark is facing BLANK Ali. Ali turns around. Mark is facing away Ali.,two_refs_egocentric,context,two_refs_egocentric_context,away from,towards,b9b34ef6-f160-408c-8131-bc64eb4ac40c,1f5ef932-b502-43fb-a96c-df6a6bdb3d77,Mark is facing away from Ali. Ali turns around. Mark is facing away Ali.,0.363636363636364,6989.77499985695,5501.04999993742,0.6,1.0,0.714285714285714,0,0,1,1,-5.0625,0.0,0.136363636363636,4.417333333333333,72,0.5703125,0.080078125,-2.703125,-0.0419921875,-0.7109375,0.359375,-0.5078125,-0.408203125,-0.79296875,0.4453125,-0.36328125,-0.2451171875,-0.37890625,1.078125,-1.1640625,-0.55859375,-0.388671875,0.0859375,0.1875,0.294921875,-0.19140625,0.478515625,-0.58203125,-0.0159912109375,-0.09228515625,-0.02197265625,-0.318359375,-0.060302734375,0.263671875,-0.369140625,-0.0185546875,0.265625,-0.5859375,-0.23828125,0.040283203125,-0.1513671875,0.158203125,-0.76953125,-0.318359375,0.0849609375,0.2177734375,-0.265625,-0.326171875,0.29296875,-0.40625,0.03857421875,0.70703125,-0.5390625,0.380859375,-0.12353515625,0.1611328125,0.59375,0.1494140625,-0.33203125,-0.291015625,-0.208984375,-0.498046875,0.24609375,-1.0703125,-0.04638671875,-1.6015625,-0.1376953125,0.6640625,0.58203125,0.6953125,0.5078125,-0.028076171875,0.1259765625,-0.353515625,0.314453125,1.015625,0.34375,0.11669921875,-0.55078125,-0.1640625,0.0732421875,-0.4375,0.71484375,0.28515625,0.25390625,-0.1748046875,-0.1220703125,0.10791015625,-0.130859375,0.1923828125,-0.287109375,-0.58984375,0.78515625,-0.2890625,-0.1875,-0.53515625,-0.046630859375,0.216796875,-0.796875,0.10009765625,-0.482421875,Mark is facing BLANK Ali. Ali turns around. Mark is facing away Ali.,Mark is facing away from Ali. Ali turns around. Mark is facing away Ali.,22,18
Mark is facing BLANK and Ali is facing West. Mark turns around. Mark is facing West.,two_refs_geocentric,context,two_refs_geocentric_context,East,West,eec9cd75-4f1e-4024-a160-dff22bf4dc68,db51d454-79bf-4010-91a9-b3adc51e10e9,Mark is facing East and Ali is facing West. Mark turns around. Mark is facing West.,0.666666666666667,8286.46999999173,2477.08181825263,1.0,,1.0,1,1,1,1,9.25,0.0,0.133333333333333,4.511176470588235,83,0.5703125,0.0157470703125,-2.78125,0.0177001953125,-0.7265625,0.36328125,-0.41796875,-0.33984375,-0.80859375,0.5078125,-0.291015625,-0.2109375,-0.3828125,1.1015625,-1.1953125,-0.46875,-0.376953125,0.07421875,0.1533203125,0.341796875,-0.1484375,0.50390625,-0.640625,0.01531982421875,-0.09033203125,-0.1162109375,-0.23046875,-0.1884765625,0.3125,-0.384765625,-0.10595703125,0.361328125,-0.5390625,-0.1953125,0.076171875,-0.142578125,0.134765625,-0.65234375,-0.35546875,0.09423828125,0.2255859375,-0.275390625,-0.33984375,0.341796875,-0.3671875,-0.0361328125,0.765625,-0.71875,0.392578125,-0.10400390625,0.1630859375,0.41796875,0.1806640625,-0.421875,-0.234375,-0.2119140625,-0.482421875,0.298828125,-0.9375,0.028564453125,-1.6953125,-0.016845703125,0.67578125,0.61328125,0.73828125,0.423828125,-0.0947265625,0.0703125,-0.318359375,0.26171875,1.0078125,0.208984375,0.1357421875,-0.59765625,-0.054443359375,-0.0029144287109375,-0.439453125,0.7421875,0.34765625,0.2392578125,-0.2216796875,-0.1552734375,0.162109375,-0.0269775390625,0.1494140625,-0.220703125,-0.59375,0.90625,-0.26953125,-0.11865234375,-0.53125,0.01171875,0.22265625,-0.81640625,0.1015625,-0.546875,Mark is facing BLANK and Ali is facing West. Mark turns around. Mark is facing West.,Mark is facing East and Ali is facing West. Mark turns around. Mark is facing West.,15,11
Mark is facing BLANK and Ali is facing left. Mark turns to his left. Mark is facing towards Ali.,two_refs_egocentric,context,two_refs_egocentric_context,right,left,83c16b97-62d4-4fbf-80b4-f0a8ded5ec73,1eead36c-5b61-4688-b511-77cd096d296f,Mark is facing right and Ali is facing left. Mark turns to his left. Mark is facing towards Ali.,0.727272727272727,6579.4374999702,3101.68571422994,0.6,1.0,0.75,1,1,0,0,5.5625,-1.0,0.0227272727272727,4.6025,96,0.609375,0.046142578125,-2.828125,-0.009521484375,-0.76953125,0.416015625,-0.515625,-0.384765625,-0.75,0.44921875,-0.36328125,-0.17578125,-0.40234375,1.09375,-1.1953125,-0.55078125,-0.380859375,0.11962890625,0.181640625,0.322265625,-0.1591796875,0.515625,-0.5625,-0.0166015625,-0.14453125,-0.031982421875,-0.30859375,-0.0361328125,0.2734375,-0.3671875,-0.10546875,0.26953125,-0.59765625,-0.2314453125,0.0267333984375,-0.154296875,0.154296875,-0.66796875,-0.365234375,0.07568359375,0.2490234375,-0.25,-0.30859375,0.37109375,-0.37890625,-0.052734375,0.77734375,-0.6640625,0.349609375,-0.123046875,0.11669921875,0.486328125,0.173828125,-0.423828125,-0.265625,-0.2041015625,-0.5703125,0.33984375,-0.921875,0.0125732421875,-1.6328125,-0.030029296875,0.71484375,0.65234375,0.7109375,0.43359375,-0.0810546875,0.0869140625,-0.322265625,0.2109375,1.0703125,0.2021484375,0.162109375,-0.578125,-0.09375,0.050048828125,-0.4375,0.7109375,0.359375,0.2734375,-0.1689453125,-0.1708984375,0.1611328125,-0.047607421875,0.19140625,-0.2080078125,-0.5546875,0.83203125,-0.30859375,-0.1181640625,-0.5546875,-0.021484375,0.2177734375,-0.83203125,0.11279296875,-0.51171875,Mark is facing BLANK and Ali is facing left. Mark turns to his left. Mark is facing towards Ali.,Mark is facing right and Ali is facing left. Mark turns to his left. Mark is facing towards Ali.,22,14
Mark is facing BLANK. Mark turns 90 degrees to his right. Mark is facing East.,geocentric_near,context,geocentric_near_context,North,South,8424f2df-dedc-4eb5-9421-72ca8714f2c3,6451ce55-ada8-4928-ad07-cbdb8b91993e,Mark is facing North. Mark turns 90 degrees to his right. Mark is facing East.,0.863636363636364,5212.25454549085,3555.98000003994,,,,1,1,1,1,5.5625,0.0,-0.238636363636364,4.6724999999999985,78,0.58984375,0.0167236328125,-2.78125,-0.01422119140625,-0.7578125,0.34375,-0.53125,-0.259765625,-0.71875,0.5,-0.357421875,-0.146484375,-0.390625,1.046875,-1.140625,-0.5390625,-0.330078125,0.142578125,0.1591796875,0.29296875,-0.1650390625,0.4765625,-0.62109375,0.0205078125,-0.1962890625,0.0028228759765625,-0.1923828125,-0.0751953125,0.24609375,-0.36328125,-0.111328125,0.31640625,-0.7421875,-0.23046875,0.1474609375,-0.2421875,0.0181884765625,-0.609375,-0.37109375,0.0888671875,0.173828125,-0.271484375,-0.26953125,0.46484375,-0.39453125,0.04345703125,0.640625,-0.6015625,0.3515625,-0.10546875,0.255859375,0.328125,0.1494140625,-0.2734375,-0.259765625,-0.232421875,-0.61328125,0.162109375,-0.9375,-0.07568359375,-1.671875,-0.00872802734375,0.640625,0.7265625,0.625,0.53125,-0.023193359375,-0.03369140625,-0.490234375,0.251953125,0.99609375,0.251953125,0.11083984375,-0.62109375,-0.087890625,-0.044921875,-0.546875,0.70703125,0.1953125,0.2197265625,-0.2138671875,-0.12255859375,0.1455078125,-0.04833984375,0.1982421875,-0.2578125,-0.451171875,0.8046875,-0.38671875,-0.1630859375,-0.455078125,-0.10498046875,0.208984375,-0.85546875,0.10546875,-0.54296875,Mark is facing BLANK. Mark turns 90 degrees to his right. Mark is facing East.,Mark is facing North. Mark turns 90 degrees to his right. Mark is facing East.,22,0
Mark is facing BLANK. Mark turns 90 degrees to his right. Mark is facing North.,geocentric_near,context,geocentric_near_context,West,East,c053b05e-a208-4bc2-b5a7-b779ee7e611e,6aeba3f8-1b5a-41e2-8a91-d8af80926c51,Mark is facing West. Mark turns 90 degrees to his right. Mark is facing North.,0.75,6091.72857139499,3973.25714286071,1.0,1.0,1.0,0,1,1,1,3.75,1.0,0.05,4.673749999999999,78,0.59765625,-0.0030975341796875,-2.78125,-0.005523681640625,-0.7578125,0.330078125,-0.515625,-0.2734375,-0.7265625,0.50390625,-0.349609375,-0.1533203125,-0.392578125,1.015625,-1.109375,-0.5546875,-0.3359375,0.134765625,0.15234375,0.310546875,-0.1650390625,0.474609375,-0.62109375,0.0128173828125,-0.1904296875,0.0107421875,-0.16015625,-0.11474609375,0.25390625,-0.37109375,-0.11572265625,0.333984375,-0.7578125,-0.201171875,0.1376953125,-0.240234375,0.017822265625,-0.6171875,-0.37890625,0.08837890625,0.1728515625,-0.255859375,-0.26953125,0.46484375,-0.396484375,0.042724609375,0.64453125,-0.60546875,0.3359375,-0.052734375,0.2314453125,0.390625,0.1494140625,-0.271484375,-0.25,-0.21484375,-0.62109375,0.1572265625,-0.95703125,-0.054443359375,-1.6640625,-0.015380859375,0.640625,0.7265625,0.640625,0.546875,-0.0125732421875,-0.038818359375,-0.51171875,0.244140625,1.015625,0.23828125,0.10693359375,-0.61328125,-0.0986328125,-0.04443359375,-0.55078125,0.73828125,0.201171875,0.2158203125,-0.2197265625,-0.1171875,0.13671875,-0.033935546875,0.193359375,-0.255859375,-0.45703125,0.7890625,-0.392578125,-0.16015625,-0.458984375,-0.130859375,0.193359375,-0.859375,0.12109375,-0.53515625,Mark is facing BLANK. Mark turns 90 degrees to his right. Mark is facing North.,Mark is facing West. Mark turns 90 degrees to his right. Mark is facing North.,16,12
Mark is facing BLANK. Mark turns 90 degrees to his right. Mark is facing South.,geocentric_near,context,geocentric_near_context,East,West,d41a2358-86e5-4fcb-ad0a-bccb75b17833,9db6ea0d-abc3-4c1f-83d3-5768c9363937,Mark is facing East. Mark turns 90 degrees to his right. Mark is facing South.,0.8,8019.37500001444,5059.59230766954,,,,1,1,1,1,2.25,0.0,-0.0727272727272728,4.669375,78,0.58984375,-0.0078125,-2.78125,-0.004730224609375,-0.7578125,0.33203125,-0.50390625,-0.271484375,-0.7265625,0.498046875,-0.3359375,-0.16796875,-0.392578125,1.03125,-1.1171875,-0.54296875,-0.330078125,0.138671875,0.15234375,0.32421875,-0.1650390625,0.470703125,-0.625,0.0174560546875,-0.1982421875,0.0125732421875,-0.1591796875,-0.1201171875,0.25390625,-0.359375,-0.1103515625,0.3203125,-0.75,-0.2373046875,0.1298828125,-0.2392578125,0.0216064453125,-0.625,-0.384765625,0.0849609375,0.1748046875,-0.2578125,-0.271484375,0.46875,-0.390625,0.046875,0.64453125,-0.6015625,0.337890625,-0.0380859375,0.23828125,0.392578125,0.146484375,-0.251953125,-0.25,-0.21875,-0.6171875,0.158203125,-0.97265625,-0.064453125,-1.6640625,-0.0162353515625,0.63671875,0.73046875,0.640625,0.5546875,-0.0262451171875,-0.041748046875,-0.5078125,0.24609375,1.015625,0.2373046875,0.10791015625,-0.6171875,-0.1064453125,-0.056884765625,-0.5390625,0.73828125,0.1865234375,0.2158203125,-0.2177734375,-0.12109375,0.1474609375,-0.039306640625,0.197265625,-0.263671875,-0.453125,0.7890625,-0.388671875,-0.166015625,-0.455078125,-0.123046875,0.2041015625,-0.84765625,0.111328125,-0.5390625,Mark is facing BLANK. Mark turns 90 degrees to his right. Mark is facing South.,Mark is facing East. Mark turns 90 degrees to his right. Mark is facing South.,15,0
Mark is facing BLANK. Mark turns 90 degrees to his right. Mark is facing West.,geocentric_near,context,geocentric_near_context,South,North,038a1bc6-1246-4bd7-9f60-d1c1a93a4ad8,158db60e-90ac-4371-8e54-92fec86e2514,Mark is facing South. Mark turns 90 degrees to his right. Mark is facing West.,0.476190476190476,6133.92000000477,2211.89999978542,1.0,,1.0,0,0,1,1,-0.625,1.0,0.19047619047619,4.6775,78,0.58984375,0.007293701171875,-2.78125,-0.005584716796875,-0.7578125,0.3359375,-0.51953125,-0.26171875,-0.7265625,0.490234375,-0.353515625,-0.1513671875,-0.38671875,1.0390625,-1.125,-0.56640625,-0.3359375,0.1435546875,0.1591796875,0.294921875,-0.1650390625,0.4765625,-0.625,0.0191650390625,-0.193359375,0.0091552734375,-0.169921875,-0.08740234375,0.2451171875,-0.361328125,-0.1162109375,0.318359375,-0.7421875,-0.24609375,0.1435546875,-0.234375,0.01953125,-0.6171875,-0.380859375,0.099609375,0.171875,-0.265625,-0.267578125,0.474609375,-0.39453125,0.04296875,0.64453125,-0.6015625,0.3359375,-0.08837890625,0.255859375,0.3203125,0.1484375,-0.26953125,-0.25,-0.216796875,-0.62109375,0.16015625,-0.94140625,-0.060546875,-1.6875,-0.01190185546875,0.640625,0.71484375,0.62890625,0.54296875,-0.015869140625,-0.03759765625,-0.49609375,0.255859375,1.015625,0.25390625,0.107421875,-0.609375,-0.08056640625,-0.048583984375,-0.546875,0.70703125,0.189453125,0.2138671875,-0.2138671875,-0.11767578125,0.1435546875,-0.044189453125,0.19140625,-0.251953125,-0.458984375,0.796875,-0.392578125,-0.154296875,-0.447265625,-0.10546875,0.1962890625,-0.8515625,0.1279296875,-0.54296875,Mark is facing BLANK. Mark turns 90 degrees to his right. Mark is facing West.,Mark is facing South. Mark turns 90 degrees to his right. Mark is facing West.,21,8
Mark is facing East and Ali is facing BLANK. Mark turns 180 degrees. Mark and Ali are facing the same direction.,two_refs_geocentric,context,two_refs_geocentric_context,West,East,483dec45-9fb6-4c92-83fe-590ce6fe1c5a,29ce0e92-abdd-461b-8acf-acfbadf91fd4,Mark is facing East and Ali is facing West. Mark turns 180 degrees. Mark and Ali are facing the same direction.,0.75,6005.68333307343,4704.78571428199,0.8,0.5,0.714285714285714,1,1,1,1,8.625,-1.0,0.05,4.362727272727273,111,0.5859375,0.05517578125,-2.796875,0.01385498046875,-0.71875,0.287109375,-0.53515625,-0.30078125,-0.734375,0.451171875,-0.3046875,-0.1689453125,-0.3828125,1.03125,-1.171875,-0.45703125,-0.310546875,0.1318359375,0.126953125,0.2294921875,-0.1591796875,0.46875,-0.640625,-0.0106201171875,-0.26171875,0.01904296875,-0.1689453125,-0.09326171875,0.2197265625,-0.333984375,-0.1591796875,0.31640625,-0.7734375,-0.376953125,0.18359375,-0.0947265625,0.03857421875,-0.625,-0.484375,0.06640625,0.232421875,-0.2265625,-0.375,0.439453125,-0.373046875,-0.00421142578125,0.7109375,-0.59765625,0.27734375,-0.224609375,0.0927734375,0.47265625,0.1728515625,-0.326171875,-0.244140625,-0.201171875,-0.63671875,0.373046875,-0.84765625,-0.08544921875,-1.75,-0.035400390625,0.75,0.640625,0.5234375,0.47265625,-0.035400390625,0.123046875,-0.5078125,0.22265625,0.99609375,0.3203125,0.06689453125,-0.6953125,0.04931640625,0.1884765625,-0.62890625,0.62890625,0.466796875,0.158203125,-0.251953125,-0.10986328125,0.2138671875,0.0189208984375,0.04443359375,-0.03857421875,-0.453125,0.765625,-0.3828125,-0.032470703125,-0.50390625,-0.1474609375,0.07666015625,-0.8125,-0.01068115234375,-0.65625,Mark is facing East and Ali is facing BLANK. Mark turns 180 degrees. Mark and Ali are facing the same direction.,Mark is facing East and Ali is facing West. Mark turns 180 degrees. Mark and Ali are facing the same direction.,16,15
Mark is facing North and Ali is facing BLANK. Mark turns 90 degrees to his right. Mark and Ali are facing the same direction.,two_refs_geocentric,context,two_refs_geocentric_context,East,West,a969ba1d-a477-47e2-a2a8-a9a473379732,4fce09f2-3af1-404f-967a-7a97cdd13388,Mark is facing North and Ali is facing East. Mark turns 90 degrees to his right. Mark and Ali are facing the same direction.,0.466666666666667,17258.3125000307,1115.71428572972,1.0,1.0,1.0,0,1,1,1,-0.625,0.0,0.133333333333333,4.5736,124,0.609375,0.0250244140625,-2.84375,0.005706787109375,-0.74609375,0.296875,-0.58984375,-0.318359375,-0.71484375,0.431640625,-0.296875,-0.1513671875,-0.37890625,0.984375,-1.109375,-0.47265625,-0.31640625,0.11767578125,0.1435546875,0.26171875,-0.1591796875,0.5078125,-0.6328125,-0.0269775390625,-0.2890625,0.0184326171875,-0.142578125,-0.1181640625,0.1826171875,-0.330078125,-0.1552734375,0.330078125,-0.8203125,-0.373046875,0.1982421875,-0.130859375,0.0245361328125,-0.6171875,-0.50390625,0.043212890625,0.224609375,-0.201171875,-0.353515625,0.478515625,-0.392578125,0.038818359375,0.65234375,-0.5390625,0.271484375,-0.255859375,0.08544921875,0.47265625,0.169921875,-0.34375,-0.216796875,-0.1708984375,-0.671875,0.42578125,-0.859375,-0.1279296875,-1.8203125,-0.01708984375,0.75390625,0.7109375,0.52734375,0.49609375,-0.000858306884765625,0.1259765625,-0.51953125,0.1943359375,0.99609375,0.328125,0.0966796875,-0.70703125,0.043212890625,0.1904296875,-0.6015625,0.62109375,0.431640625,0.1591796875,-0.2294921875,-0.1142578125,0.2060546875,0.01708984375,0.087890625,-0.041748046875,-0.4375,0.7109375,-0.37109375,-0.06396484375,-0.5234375,-0.1728515625,0.1162109375,-0.81640625,0.0390625,-0.6640625,Mark is facing North and Ali is facing BLANK. Mark turns 90 degrees to his right. Mark and Ali are facing the same direction.,Mark is facing North and Ali is facing East. Mark turns 90 degrees to his right. Mark and Ali are facing the same direction.,15,11
Mark is facing South and Ali is facing BLANK. Mark turns 90 degrees to his right. Mark and Ali are facing different directions.,two_refs_geocentric,context,two_refs_geocentric_context,East,West,,a3bae960-5d51-4b49-9778-990829a6dc83,Mark is facing South and Ali is facing East. Mark turns 90 degrees to his right. Mark and Ali are facing different directions.,0.571428571428571,3381.13333335519,2111.13333334525,0.4,0.8,0.6,1,0,1,1,3.75,,,4.514166666666665,126,0.6015625,0.02294921875,-2.828125,0.0007476806640625,-0.73046875,0.298828125,-0.55859375,-0.310546875,-0.74609375,0.435546875,-0.30078125,-0.1748046875,-0.359375,1.0,-1.09375,-0.466796875,-0.296875,0.12451171875,0.1376953125,0.28125,-0.150390625,0.494140625,-0.63671875,-0.02685546875,-0.28125,0.029296875,-0.158203125,-0.10791015625,0.2080078125,-0.3203125,-0.1513671875,0.326171875,-0.78125,-0.373046875,0.197265625,-0.1474609375,0.039306640625,-0.62109375,-0.51953125,0.044677734375,0.23828125,-0.220703125,-0.33203125,0.51171875,-0.369140625,0.056884765625,0.6875,-0.5390625,0.294921875,-0.27734375,0.07373046875,0.439453125,0.1845703125,-0.373046875,-0.1953125,-0.1953125,-0.67578125,0.4375,-0.87890625,-0.12451171875,-1.8203125,-0.02783203125,0.71484375,0.67578125,0.56640625,0.458984375,-0.0150146484375,0.1083984375,-0.5078125,0.203125,0.9765625,0.283203125,0.0859375,-0.70703125,0.01434326171875,0.1494140625,-0.59765625,0.65234375,0.423828125,0.2060546875,-0.228515625,-0.130859375,0.2041015625,0.0184326171875,0.08349609375,-0.12109375,-0.431640625,0.71875,-0.37109375,-0.07568359375,-0.51171875,-0.16015625,0.10791015625,-0.8046875,0.035400390625,-0.66796875,Mark is facing South and Ali is facing BLANK. Mark turns 90 degrees to his right. Mark and Ali are facing different directions.,Mark is facing South and Ali is facing East. Mark turns 90 degrees to his right. Mark and Ali are facing different directions.,21,17
Mark is to the BLANK Ali. Mark looks to his left and Ali looks to his left. Ali is facing towards Mark.,two_refs_egocentric,context,two_refs_egocentric_context,left of,right of,8420ad96-e585-4523-ad78-c4a82d362c21,23a035cf-76fc-4e1e-bdfa-2a603d6012d5,Mark is to the left of Ali. Mark looks to his left and Ali looks to his left. Ali is facing towards Mark.,0.363636363636364,4695.79999999702,12707.4333333323,0.6,1.0,0.714285714285714,0,0,0,0,2.875,0.0,0.363636363636364,4.900000000000001,105,0.6328125,0.0081787109375,-2.859375,-0.0301513671875,-0.77734375,0.37890625,-0.62890625,-0.34375,-0.6953125,0.384765625,-0.279296875,-0.2197265625,-0.4375,1.0234375,-1.2265625,-0.546875,-0.361328125,0.1611328125,0.236328125,0.2490234375,-0.1884765625,0.53515625,-0.46875,-0.10205078125,-0.2001953125,0.09326171875,-0.1806640625,-0.05615234375,0.150390625,-0.365234375,-0.0615234375,0.173828125,-0.7265625,-0.3046875,-0.0069580078125,-0.041259765625,0.1318359375,-0.703125,-0.447265625,0.042236328125,0.1904296875,-0.23828125,-0.2578125,0.18359375,-0.482421875,0.06982421875,0.6328125,-0.423828125,0.298828125,-0.2099609375,-0.0035400390625,0.443359375,0.10595703125,-0.3046875,-0.349609375,-0.1455078125,-0.58984375,0.224609375,-0.91796875,-0.08544921875,-1.6796875,-0.1728515625,0.67578125,0.6015625,0.484375,0.5859375,0.046875,0.142578125,-0.3359375,0.01214599609375,1.046875,0.56640625,0.142578125,-0.59375,-0.076171875,0.08740234375,-0.53515625,0.578125,0.3359375,0.1953125,-0.1513671875,-0.1689453125,0.138671875,-0.158203125,0.1435546875,-0.177734375,-0.515625,0.75390625,-0.271484375,-0.2392578125,-0.515625,-0.140625,0.177734375,-0.92578125,0.154296875,-0.515625,Mark is to the BLANK Ali. Mark looks to his left and Ali looks to his left. Ali is facing towards Mark.,Mark is to the left of Ali. Mark looks to his left and Ali looks to his left. Ali is facing towards Mark.,22,18
Mark is to the BLANK Ali. Mark looks to his left and Ali looks to his right. Ali is facing away from Mark.,two_refs_egocentric,context,two_refs_egocentric_context,left of,towards,06fdc0ea-c391-43c3-a781-f93388b14e0d,8fa02f64-a33b-41b7-9bb6-4719a4b1563f,Mark is to the left of Ali. Mark looks to his left and Ali looks to his right. Ali is facing away from Mark.,0.866666666666667,12318.6923077812,4622.69999993161,,,,0,1,1,1,6.4375,0.0,-0.179166666666667,4.9456,108,0.6171875,0.01287841796875,-2.84375,-0.040771484375,-0.7734375,0.3515625,-0.63671875,-0.37109375,-0.703125,0.359375,-0.29296875,-0.212890625,-0.416015625,1.0078125,-1.1875,-0.53125,-0.365234375,0.1865234375,0.2333984375,0.255859375,-0.1962890625,0.5390625,-0.484375,-0.10546875,-0.2177734375,0.1201171875,-0.17578125,-0.0478515625,0.125,-0.3671875,-0.07666015625,0.169921875,-0.734375,-0.349609375,0.04541015625,-0.060546875,0.12353515625,-0.7109375,-0.486328125,0.05419921875,0.1884765625,-0.2431640625,-0.236328125,0.22265625,-0.47265625,0.062255859375,0.6171875,-0.40625,0.279296875,-0.2333984375,-0.01519775390625,0.5,0.111328125,-0.33984375,-0.361328125,-0.166015625,-0.609375,0.2197265625,-0.89453125,-0.1044921875,-1.65625,-0.1630859375,0.6796875,0.5859375,0.478515625,0.56640625,0.055908203125,0.1533203125,-0.314453125,0.0159912109375,1.0546875,0.578125,0.146484375,-0.59375,-0.01025390625,0.1494140625,-0.546875,0.57421875,0.328125,0.208984375,-0.158203125,-0.166015625,0.1396484375,-0.173828125,0.154296875,-0.205078125,-0.490234375,0.734375,-0.267578125,-0.23828125,-0.515625,-0.1650390625,0.1748046875,-0.92578125,0.1279296875,-0.515625,Mark is to the BLANK Ali. Mark looks to his left and Ali looks to his right. Ali is facing away from Mark.,Mark is to the left of Ali. Mark looks to his left and Ali looks to his right. Ali is facing away from Mark.,15,0
Milwaukee is BLANK Ali. Ali turns around. Milwaukee is East of Ali.,geocentric_distant,context,geocentric_distant_context,East of,West of,39fd9624-ac29-43fd-b489-067534339836,77c0d17a-6bd6-4db4-bc73-14f3e7d2b394,Milwaukee is East of Ali. Ali turns around. Milwaukee is East of Ali.,0.181818181818182,9651.0,1705.5,0.5,0.666666666666667,0.571428571428571,0,0,0,0,-5.375,0.0,0.151515151515151,4.319285714285714,69,0.58984375,0.03466796875,-2.734375,-0.041748046875,-0.6796875,0.333984375,-0.59765625,-0.3359375,-0.80859375,0.4765625,-0.259765625,-0.296875,-0.40625,1.0,-1.1640625,-0.423828125,-0.28515625,0.060302734375,0.2236328125,0.2451171875,-0.1669921875,0.57421875,-0.69140625,-0.0673828125,-0.06640625,-0.003936767578125,-0.15234375,-0.1787109375,0.318359375,-0.4765625,-0.0250244140625,0.275390625,-0.5625,-0.158203125,0.0196533203125,-0.1650390625,0.205078125,-0.69921875,-0.322265625,0.0771484375,0.232421875,-0.224609375,-0.349609375,0.203125,-0.396484375,0.07373046875,0.70703125,-0.58984375,0.439453125,-0.126953125,0.216796875,0.4375,0.1494140625,-0.294921875,-0.265625,-0.1650390625,-0.46875,0.2197265625,-1.1015625,-0.015625,-1.625,-0.162109375,0.6171875,0.5859375,0.6171875,0.41796875,-0.022705078125,0.1162109375,-0.314453125,0.2080078125,0.859375,0.451171875,0.12158203125,-0.52734375,-0.10595703125,-0.0003337860107421875,-0.6328125,0.57421875,0.1982421875,0.201171875,-0.1923828125,-0.09716796875,0.1201171875,-0.166015625,0.169921875,-0.263671875,-0.6875,0.90234375,-0.189453125,-0.259765625,-0.37890625,-0.03564453125,0.2236328125,-0.7890625,0.15234375,-0.40234375,Milwaukee is BLANK Ali. Ali turns around. Milwaukee is East of Ali.,Milwaukee is East of Ali. Ali turns around. Milwaukee is East of Ali.,22,14
Milwaukee is BLANK Ali. Ali turns around. Milwaukee is North of Ali.,geocentric_distant,context,geocentric_distant_context,North of,South of,d9a0a311-fc19-40b7-87f0-fc776b3561ac,14f6052a-0630-41e5-8e32-49b50329bc7c,Milwaukee is North of Ali. Ali turns around. Milwaukee is North of Ali.,0.619047619047619,2957.38333330552,1580.11666667461,0.25,0.666666666666667,0.428571428571429,0,0,1,1,-3.5,0.0,-0.119047619047619,4.349285714285714,71,0.58984375,0.07421875,-2.734375,-0.044921875,-0.68359375,0.361328125,-0.625,-0.318359375,-0.81640625,0.46484375,-0.30078125,-0.271484375,-0.40234375,1.0234375,-1.2109375,-0.421875,-0.30078125,0.031982421875,0.2197265625,0.216796875,-0.171875,0.59765625,-0.70703125,-0.06103515625,-0.04736328125,0.059814453125,-0.2041015625,-0.083984375,0.3125,-0.466796875,-0.033935546875,0.2001953125,-0.56640625,-0.1923828125,0.0281982421875,-0.15625,0.1953125,-0.6875,-0.3359375,0.08984375,0.2314453125,-0.2314453125,-0.3359375,0.2109375,-0.3984375,0.07861328125,0.6953125,-0.59765625,0.439453125,-0.1240234375,0.220703125,0.412109375,0.1416015625,-0.3046875,-0.279296875,-0.169921875,-0.47265625,0.2197265625,-1.09375,-0.015380859375,-1.5546875,-0.173828125,0.6171875,0.5859375,0.61328125,0.4140625,-0.0169677734375,0.12158203125,-0.314453125,0.21875,0.85546875,0.44921875,0.1279296875,-0.55078125,-0.09326171875,0.019287109375,-0.62109375,0.53125,0.1943359375,0.208984375,-0.1845703125,-0.11376953125,0.11181640625,-0.1572265625,0.17578125,-0.283203125,-0.68359375,0.91015625,-0.2060546875,-0.2578125,-0.365234375,-0.04052734375,0.2353515625,-0.7578125,0.1826171875,-0.38671875,Milwaukee is BLANK Ali. Ali turns around. Milwaukee is North of Ali.,Milwaukee is North of Ali. Ali turns around. Milwaukee is North of Ali.,21,16
Milwaukee is BLANK Ali. Ali turns around. Milwaukee is South of Ali.,geocentric_distant,context,geocentric_distant_context,South of,North of,e1af4773-0f40-4ba8-a68c-adbc0e507d8b,71d90361-bbec-4143-a556-ce4b5bdc12ef,Milwaukee is South of Ali. Ali turns around. Milwaukee is South of Ali.,0.3125,3013.12500110641,2266.05000001937,0.25,1.0,0.571428571428571,0,0,0,0,-4.25,0.0,0.323863636363636,4.359285714285714,71,0.5859375,0.0703125,-2.734375,-0.045654296875,-0.6796875,0.36328125,-0.61328125,-0.314453125,-0.82421875,0.458984375,-0.28125,-0.28515625,-0.400390625,1.046875,-1.1953125,-0.43359375,-0.30859375,0.04248046875,0.22265625,0.208984375,-0.1748046875,0.6015625,-0.72265625,-0.057373046875,-0.057373046875,0.0712890625,-0.1904296875,-0.1005859375,0.314453125,-0.455078125,-0.02978515625,0.1884765625,-0.56640625,-0.2109375,0.040283203125,-0.1572265625,0.19921875,-0.6953125,-0.33203125,0.08349609375,0.2353515625,-0.2275390625,-0.33203125,0.2060546875,-0.39453125,0.0751953125,0.703125,-0.59765625,0.435546875,-0.1328125,0.224609375,0.43359375,0.142578125,-0.306640625,-0.27734375,-0.1591796875,-0.470703125,0.220703125,-1.1015625,-0.0167236328125,-1.59375,-0.162109375,0.61328125,0.58203125,0.6171875,0.423828125,-0.019287109375,0.10888671875,-0.318359375,0.2158203125,0.875,0.47265625,0.1220703125,-0.5390625,-0.10693359375,0.00634765625,-0.6171875,0.53515625,0.20703125,0.2080078125,-0.185546875,-0.10546875,0.11767578125,-0.1611328125,0.1689453125,-0.310546875,-0.69140625,0.90234375,-0.197265625,-0.26953125,-0.3359375,-0.044677734375,0.2275390625,-0.765625,0.2109375,-0.39453125,Milwaukee is BLANK Ali. Ali turns around. Milwaukee is South of Ali.,Milwaukee is South of Ali. Ali turns around. Milwaukee is South of Ali.,16,14
Milwaukee is BLANK Ali. Ali turns around. Milwaukee is West of Ali.,geocentric_distant,context,geocentric_distant_context,West of,East of,49045f4d-e876-4922-a880-ab993c13f645,c5d2016b-d26b-44b9-90f5-184b6445bd3a,Milwaukee is West of Ali. Ali turns around. Milwaukee is West of Ali.,0.266666666666667,3286.16666682779,4730.09999988849,0.8,1.0,0.875,0,0,0,0,-5.4375,0.0,0.333333333333333,4.342142857142858,69,0.5859375,0.026123046875,-2.734375,-0.033935546875,-0.68359375,0.326171875,-0.59765625,-0.341796875,-0.8203125,0.453125,-0.26171875,-0.3046875,-0.404296875,0.99609375,-1.1484375,-0.43359375,-0.30078125,0.064453125,0.21875,0.2412109375,-0.1650390625,0.5703125,-0.6953125,-0.0810546875,-0.044677734375,0.014892578125,-0.1298828125,-0.2177734375,0.322265625,-0.474609375,-0.0419921875,0.2890625,-0.5546875,-0.15625,0.0322265625,-0.1708984375,0.189453125,-0.69140625,-0.30859375,0.07470703125,0.2275390625,-0.21875,-0.34765625,0.19140625,-0.392578125,0.057861328125,0.70703125,-0.5859375,0.4453125,-0.11767578125,0.22265625,0.439453125,0.1455078125,-0.310546875,-0.263671875,-0.1650390625,-0.462890625,0.2265625,-1.0859375,-0.0186767578125,-1.6328125,-0.173828125,0.62890625,0.59375,0.6171875,0.416015625,-0.00946044921875,0.12060546875,-0.3125,0.2041015625,0.890625,0.455078125,0.1201171875,-0.5390625,-0.11767578125,0.0301513671875,-0.6328125,0.5625,0.2099609375,0.2060546875,-0.1904296875,-0.08349609375,0.11962890625,-0.16015625,0.16015625,-0.267578125,-0.671875,0.890625,-0.1826171875,-0.2490234375,-0.369140625,-0.03271484375,0.23046875,-0.79296875,0.1982421875,-0.40234375,Milwaukee is BLANK Ali. Ali turns around. Milwaukee is West of Ali.,Milwaukee is West of Ali. Ali turns around. Milwaukee is West of Ali.,15,15
Milwaukee is BLANK Ali. Ali turns left. Milwaukee is East of Ali.,geocentric_distant,context,geocentric_distant_context,East of,North of,ef610bb9-a280-4696-b06a-3f99073d0bc2,3db7d6ed-6556-41e8-84c7-4842a7f10aaf,Milwaukee is East of Ali. Ali turns left. Milwaukee is East of Ali.,0.619047619047619,2570.23333332439,1660.78333332638,0.5,0.5,0.5,0,0,0,0,-0.75,0.0,0.180952380952381,4.317142857142857,67,0.59375,0.0498046875,-2.75,-0.04443359375,-0.671875,0.373046875,-0.61328125,-0.3203125,-0.8125,0.50390625,-0.28515625,-0.265625,-0.40625,1.0078125,-1.1875,-0.4375,-0.271484375,0.06982421875,0.2109375,0.22265625,-0.1630859375,0.609375,-0.71875,-0.06787109375,-0.083984375,0.0225830078125,-0.1884765625,-0.1162109375,0.283203125,-0.478515625,-0.07568359375,0.234375,-0.58984375,-0.09765625,0.03125,-0.17578125,0.193359375,-0.7109375,-0.31640625,0.0859375,0.2255859375,-0.2080078125,-0.318359375,0.2294921875,-0.41015625,0.040283203125,0.70703125,-0.5546875,0.4375,-0.1015625,0.1982421875,0.369140625,0.150390625,-0.29296875,-0.28125,-0.1728515625,-0.4296875,0.2119140625,-1.0625,-0.0439453125,-1.6171875,-0.1728515625,0.609375,0.58203125,0.62890625,0.416015625,0.02392578125,0.1259765625,-0.2734375,0.171875,0.84375,0.41015625,0.130859375,-0.5234375,-0.054931640625,0.040771484375,-0.62890625,0.5390625,0.1484375,0.2001953125,-0.1875,-0.125,0.1943359375,-0.1513671875,0.169921875,-0.203125,-0.703125,0.921875,-0.1689453125,-0.265625,-0.345703125,-0.05517578125,0.2265625,-0.7890625,0.158203125,-0.392578125,Milwaukee is BLANK Ali. Ali turns left. Milwaukee is East of Ali.,Milwaukee is East of Ali. Ali turns left. Milwaukee is East of Ali.,21,14
Milwaukee is BLANK Ali. Ali turns left. Milwaukee is North of Ali.,geocentric_distant,context,geocentric_distant_context,North of,West of,cd297269-da24-411d-a9d7-36d891c65fff,cc3c9137-122e-4dd0-85f2-e816de95a28f,Milwaukee is North of Ali. Ali turns left. Milwaukee is North of Ali.,0.409090909090909,5472.59999996424,1614.44999992847,0.8,1.0,0.857142857142857,0,0,0,0,-6.3125,0.0,0.227272727272727,4.347142857142857,69,0.59375,0.05029296875,-2.765625,-0.03173828125,-0.6796875,0.369140625,-0.61328125,-0.328125,-0.8203125,0.46875,-0.314453125,-0.26953125,-0.404296875,0.9921875,-1.1953125,-0.4609375,-0.283203125,0.07470703125,0.2119140625,0.228515625,-0.162109375,0.61328125,-0.71875,-0.058349609375,-0.046630859375,0.038330078125,-0.1640625,-0.140625,0.29296875,-0.474609375,-0.07958984375,0.2080078125,-0.578125,-0.1181640625,0.028076171875,-0.1552734375,0.185546875,-0.69921875,-0.3046875,0.09033203125,0.2255859375,-0.21484375,-0.306640625,0.23828125,-0.412109375,0.052001953125,0.703125,-0.55859375,0.4375,-0.0576171875,0.177734375,0.390625,0.140625,-0.310546875,-0.291015625,-0.171875,-0.439453125,0.2060546875,-1.078125,-0.041259765625,-1.5703125,-0.18359375,0.62890625,0.5859375,0.62109375,0.4296875,0.0216064453125,0.130859375,-0.2890625,0.17578125,0.83203125,0.431640625,0.1357421875,-0.53125,-0.0546875,0.018310546875,-0.62890625,0.54296875,0.1396484375,0.208984375,-0.1826171875,-0.1298828125,0.166015625,-0.1376953125,0.162109375,-0.19921875,-0.6953125,0.91015625,-0.185546875,-0.26953125,-0.34765625,-0.08154296875,0.2314453125,-0.77734375,0.193359375,-0.384765625,Milwaukee is BLANK Ali. Ali turns left. Milwaukee is North of Ali.,Milwaukee is North of Ali. Ali turns left. Milwaukee is North of Ali.,22,15
Milwaukee is BLANK Ali. Ali turns left. Milwaukee is South of Ali.,geocentric_distant,context,geocentric_distant_context,South of,East of,c29d3d3f-1838-4ea5-9b72-1cfd17709ebb,e801aa45-2a31-477e-8726-58aeb4978f44,Milwaukee is South of Ali. Ali turns left. Milwaukee is South of Ali.,0.4,4898.65714287159,6196.08571430775,0.8,1.0,0.857142857142857,0,0,0,0,-4.3125,0.0,0.219047619047619,4.357142857142857,69,0.58203125,0.05029296875,-2.75,-0.04052734375,-0.67578125,0.388671875,-0.6171875,-0.326171875,-0.83984375,0.482421875,-0.248046875,-0.287109375,-0.408203125,1.03125,-1.171875,-0.455078125,-0.287109375,0.07421875,0.23046875,0.220703125,-0.1611328125,0.62109375,-0.7421875,-0.054931640625,-0.07177734375,0.0830078125,-0.14453125,-0.1318359375,0.298828125,-0.45703125,-0.06591796875,0.1796875,-0.57421875,-0.2236328125,0.03125,-0.1630859375,0.1962890625,-0.71875,-0.3203125,0.07763671875,0.2314453125,-0.20703125,-0.32421875,0.240234375,-0.400390625,0.044921875,0.70703125,-0.56640625,0.4453125,-0.042724609375,0.1943359375,0.39453125,0.14453125,-0.302734375,-0.287109375,-0.171875,-0.43359375,0.2041015625,-1.1015625,-0.0400390625,-1.578125,-0.17578125,0.61328125,0.58984375,0.640625,0.427734375,0.0203857421875,0.1103515625,-0.28125,0.1689453125,0.84765625,0.431640625,0.1328125,-0.53515625,-0.072265625,-0.00014591217041015625,-0.62890625,0.5546875,0.12890625,0.1943359375,-0.1865234375,-0.1240234375,0.1875,-0.1416015625,0.169921875,-0.23828125,-0.703125,0.91015625,-0.177734375,-0.2734375,-0.314453125,-0.0673828125,0.2255859375,-0.78125,0.2119140625,-0.38671875,Milwaukee is BLANK Ali. Ali turns left. Milwaukee is South of Ali.,Milwaukee is South of Ali. Ali turns left. Milwaukee is South of Ali.,15,13
Milwaukee is BLANK Ali. Ali turns left. Milwaukee is West of Ali.,geocentric_distant,context,geocentric_distant_context,West of,South of,f7cafb8c-99b7-4ac7-bad7-fbd3ced1f1c4,fee9924b-cb25-446b-af44-b62170c8290e,Milwaukee is West of Ali. Ali turns left. Milwaukee is West of Ali.,0.375,1897.88000000492,2540.64000000395,0.6,1.0,0.75,0,0,0,0,-0.875,0.0,0.0625,4.340000000000001,67,0.58203125,0.029052734375,-2.75,-0.0255126953125,-0.6875,0.373046875,-0.61328125,-0.33203125,-0.828125,0.435546875,-0.267578125,-0.29296875,-0.408203125,1.0234375,-1.171875,-0.46484375,-0.294921875,0.08935546875,0.2138671875,0.23046875,-0.1572265625,0.60546875,-0.7265625,-0.07177734375,-0.046875,0.03759765625,-0.1064453125,-0.203125,0.29296875,-0.45703125,-0.08349609375,0.2333984375,-0.56640625,-0.185546875,0.0223388671875,-0.1748046875,0.181640625,-0.69921875,-0.283203125,0.0849609375,0.2236328125,-0.2109375,-0.310546875,0.234375,-0.400390625,0.033447265625,0.71484375,-0.55078125,0.443359375,-0.06005859375,0.2177734375,0.369140625,0.142578125,-0.296875,-0.279296875,-0.1748046875,-0.435546875,0.208984375,-1.0625,-0.037109375,-1.5859375,-0.1943359375,0.625,0.5859375,0.64453125,0.41015625,0.0242919921875,0.11962890625,-0.28515625,0.16015625,0.859375,0.419921875,0.1318359375,-0.53125,-0.0673828125,0.0252685546875,-0.62890625,0.54296875,0.1396484375,0.20703125,-0.1767578125,-0.12109375,0.17578125,-0.1611328125,0.166015625,-0.2216796875,-0.6875,0.90625,-0.1708984375,-0.25390625,-0.33984375,-0.04345703125,0.234375,-0.796875,0.197265625,-0.39453125,Milwaukee is BLANK Ali. Ali turns left. Milwaukee is West of Ali.,Milwaukee is West of Ali. Ali turns left. Milwaukee is West of Ali.,16,15
Milwaukee is BLANK Ali. Ali turns right. Milwaukee is East of Ali.,geocentric_distant,context,geocentric_distant_context,East of,South of,0b60e429-8e4a-4e30-9ee1-b53dff504920,f5e6b60f-829f-4ded-b496-1853dcc2d3ab,Milwaukee is East of Ali. Ali turns right. Milwaukee is East of Ali.,0.523809523809524,5441.81999976635,1014.62000006437,0.8,1.0,0.857142857142857,0,0,0,0,-1.25,0.0,0.238095238095238,4.319999999999999,68,0.58203125,0.02685546875,-2.75,-0.05126953125,-0.6796875,0.375,-0.625,-0.3203125,-0.82421875,0.484375,-0.232421875,-0.28515625,-0.4140625,1.0,-1.1640625,-0.4296875,-0.279296875,0.057861328125,0.21875,0.2216796875,-0.166015625,0.61328125,-0.71484375,-0.078125,-0.0888671875,0.053466796875,-0.1494140625,-0.1259765625,0.296875,-0.4609375,-0.06689453125,0.220703125,-0.5703125,-0.1767578125,0.031982421875,-0.1787109375,0.2001953125,-0.7109375,-0.314453125,0.0791015625,0.228515625,-0.2109375,-0.341796875,0.2177734375,-0.412109375,0.0390625,0.703125,-0.546875,0.431640625,-0.08642578125,0.2080078125,0.361328125,0.1513671875,-0.28125,-0.271484375,-0.171875,-0.427734375,0.2138671875,-1.0703125,-0.030029296875,-1.625,-0.17578125,0.625,0.58203125,0.640625,0.421875,0.012939453125,0.1181640625,-0.28125,0.169921875,0.85546875,0.419921875,0.130859375,-0.53515625,-0.0556640625,0.01080322265625,-0.609375,0.546875,0.1396484375,0.1982421875,-0.1875,-0.1298828125,0.1943359375,-0.1630859375,0.17578125,-0.212890625,-0.71484375,0.921875,-0.171875,-0.265625,-0.357421875,-0.04638671875,0.2275390625,-0.7890625,0.1611328125,-0.40625,Milwaukee is BLANK Ali. Ali turns right. Milwaukee is East of Ali.,Milwaukee is East of Ali. Ali turns right. Milwaukee is East of Ali.,21,15
Milwaukee is BLANK Ali. Ali turns right. Milwaukee is North of Ali.,geocentric_distant,context,geocentric_distant_context,North of,East of,4325f2ba-1580-442d-ab52-f8c478c3bd68,7206047f-87f8-4d57-a741-e044eeb302c2,Milwaukee is North of Ali. Ali turns right. Milwaukee is North of Ali.,0.545454545454545,7213.03333335121,3451.46000001133,0.5,0.5,0.5,0,0,0,0,-3.875,0.0,0.0795454545454546,4.35,70,0.58984375,0.040283203125,-2.765625,-0.04931640625,-0.67578125,0.3671875,-0.62890625,-0.32421875,-0.828125,0.5,-0.27734375,-0.26953125,-0.408203125,0.97265625,-1.1796875,-0.439453125,-0.27734375,0.049072265625,0.21484375,0.220703125,-0.1669921875,0.62109375,-0.71484375,-0.0771484375,-0.060546875,0.06005859375,-0.1845703125,-0.09326171875,0.294921875,-0.48046875,-0.07666015625,0.2080078125,-0.578125,-0.11083984375,0.04248046875,-0.1728515625,0.1875,-0.70703125,-0.3125,0.08349609375,0.2236328125,-0.208984375,-0.337890625,0.212890625,-0.41796875,0.048828125,0.69140625,-0.55078125,0.42578125,-0.08251953125,0.1689453125,0.39453125,0.14453125,-0.306640625,-0.28125,-0.1650390625,-0.427734375,0.2099609375,-1.078125,-0.033447265625,-1.609375,-0.173828125,0.6328125,0.5859375,0.625,0.435546875,0.0111083984375,0.134765625,-0.27734375,0.1787109375,0.84765625,0.419921875,0.1337890625,-0.546875,-0.0703125,0.0262451171875,-0.609375,0.546875,0.130859375,0.1923828125,-0.189453125,-0.134765625,0.1796875,-0.1357421875,0.1640625,-0.2041015625,-0.703125,0.91015625,-0.1826171875,-0.267578125,-0.349609375,-0.08544921875,0.2265625,-0.7734375,0.2021484375,-0.392578125,Milwaukee is BLANK Ali. Ali turns right. Milwaukee is North of Ali.,Milwaukee is North of Ali. Ali turns right. Milwaukee is North of Ali.,22,12
Milwaukee is BLANK Ali. Ali turns right. Milwaukee is South of Ali.,geocentric_distant,context,geocentric_distant_context,South of,West of,ed0e02cf-2bf5-49a7-a087-c019eb6ceacc,3f98a0d2-e39a-44fe-8829-f36a67060ce0,Milwaukee is South of Ali. Ali turns right. Milwaukee is South of Ali.,0.466666666666667,3933.71666665375,8034.18571429593,0.25,1.0,0.625,0,0,0,0,-4.75,0.0,0.351515151515152,4.36,70,0.57421875,0.0242919921875,-2.75,-0.039306640625,-0.68359375,0.373046875,-0.61328125,-0.32421875,-0.84375,0.4453125,-0.24609375,-0.302734375,-0.4140625,1.0078125,-1.1640625,-0.4609375,-0.296875,0.07470703125,0.22265625,0.2255859375,-0.1640625,0.625,-0.7265625,-0.06298828125,-0.057861328125,0.083984375,-0.10595703125,-0.1611328125,0.310546875,-0.451171875,-0.0654296875,0.1845703125,-0.5546875,-0.228515625,0.0279541015625,-0.16015625,0.1982421875,-0.71875,-0.306640625,0.078125,0.2333984375,-0.2158203125,-0.33203125,0.2236328125,-0.40625,0.05322265625,0.70703125,-0.5546875,0.431640625,-0.052734375,0.1962890625,0.396484375,0.146484375,-0.294921875,-0.27734375,-0.16796875,-0.435546875,0.2138671875,-1.09375,-0.0361328125,-1.59375,-0.177734375,0.62890625,0.58984375,0.640625,0.4453125,0.00909423828125,0.1171875,-0.28515625,0.173828125,0.84765625,0.4453125,0.1337890625,-0.53515625,-0.06005859375,-0.0263671875,-0.61328125,0.55078125,0.125,0.201171875,-0.18359375,-0.130859375,0.1669921875,-0.146484375,0.1611328125,-0.2392578125,-0.7109375,0.8984375,-0.181640625,-0.275390625,-0.32421875,-0.0654296875,0.228515625,-0.78125,0.220703125,-0.40234375,Milwaukee is BLANK Ali. Ali turns right. Milwaukee is South of Ali.,Milwaukee is South of Ali. Ali turns right. Milwaukee is South of Ali.,15,18
Milwaukee is BLANK Ali. Ali turns right. Milwaukee is West of Ali.,geocentric_distant,context,geocentric_distant_context,West of,North of,00960720-a79a-4b86-b31f-37ee5a8a353d,80095f76-f1b0-4965-b854-61fab928d906,Milwaukee is West of Ali. Ali turns right. Milwaukee is West of Ali.,0.4375,1621.62500000373,2167.32500003651,0.8,0.5,0.714285714285714,0,0,0,0,-0.125,0.0,0.3125,4.3428571428571425,68,0.58203125,0.01507568359375,-2.75,-0.035400390625,-0.68359375,0.3515625,-0.609375,-0.326171875,-0.82421875,0.447265625,-0.28125,-0.29296875,-0.41015625,0.98828125,-1.171875,-0.462890625,-0.291015625,0.07958984375,0.2021484375,0.2294921875,-0.162109375,0.609375,-0.703125,-0.08642578125,-0.040283203125,0.0272216796875,-0.1279296875,-0.185546875,0.302734375,-0.46484375,-0.08740234375,0.2451171875,-0.56640625,-0.103515625,0.04443359375,-0.18359375,0.1787109375,-0.70703125,-0.287109375,0.0849609375,0.220703125,-0.2138671875,-0.330078125,0.2109375,-0.40625,0.046142578125,0.70703125,-0.546875,0.423828125,-0.09033203125,0.2021484375,0.392578125,0.146484375,-0.294921875,-0.26953125,-0.1748046875,-0.4296875,0.2060546875,-1.0546875,-0.03564453125,-1.609375,-0.1767578125,0.62890625,0.5859375,0.6328125,0.4296875,0.02001953125,0.1376953125,-0.279296875,0.173828125,0.87109375,0.419921875,0.12890625,-0.53125,-0.0703125,0.03857421875,-0.6171875,0.53125,0.1474609375,0.2041015625,-0.1787109375,-0.126953125,0.1650390625,-0.15234375,0.15625,-0.2109375,-0.69921875,0.8984375,-0.1708984375,-0.25,-0.34765625,-0.051513671875,0.2275390625,-0.796875,0.205078125,-0.404296875,Milwaukee is BLANK Ali. Ali turns right. Milwaukee is West of Ali.,Milwaukee is West of Ali. Ali turns right. Milwaukee is West of Ali.,16,11
Milwaukee is BLANK of Ali. Ali walks East. Ali is getting further from Milwaukee.,geocentric_distant,context,geocentric_distant_context,West,East,cf9e0e1d-305e-448b-a9ee-879a0dea5d05,667a199a-2590-41b8-8092-c04475973319,Milwaukee is West of Ali. Ali walks East. Ali is getting further from Milwaukee.,0.904761904761905,4526.40833341082,1170.02999982834,,,,1,1,1,1,2.75,-1.0,-0.0297619047619048,4.3453333333333335,80,0.5625,0.0235595703125,-2.765625,-0.03955078125,-0.66796875,0.390625,-0.5625,-0.345703125,-0.80078125,0.41015625,-0.26953125,-0.2060546875,-0.353515625,0.96875,-1.0859375,-0.43359375,-0.30859375,0.0830078125,0.1748046875,0.291015625,-0.177734375,0.5,-0.63671875,0.03271484375,-0.103515625,0.1015625,-0.1904296875,-0.045654296875,0.2099609375,-0.455078125,-0.14453125,0.345703125,-0.6953125,-0.298828125,0.00604248046875,-0.0927734375,0.08056640625,-0.66015625,-0.365234375,0.1044921875,0.228515625,-0.208984375,-0.271484375,0.3203125,-0.40625,0.046630859375,0.62890625,-0.52734375,0.310546875,-0.034912109375,0.10888671875,0.431640625,0.1455078125,-0.314453125,-0.2578125,-0.13671875,-0.515625,0.193359375,-1.109375,-0.00445556640625,-1.71875,-0.10107421875,0.6484375,0.578125,0.55859375,0.419921875,0.044189453125,0.0380859375,-0.41796875,0.271484375,0.82421875,0.482421875,0.1015625,-0.453125,0.0439453125,0.0439453125,-0.671875,0.66015625,0.1884765625,0.279296875,-0.19140625,-0.107421875,0.1279296875,-0.16015625,0.142578125,-0.208984375,-0.6484375,0.8359375,-0.2734375,-0.2333984375,-0.37109375,-0.09619140625,0.1689453125,-0.8125,0.1787109375,-0.435546875,Milwaukee is BLANK of Ali. Ali walks East. Ali is getting further from Milwaukee.,Milwaukee is West of Ali. Ali walks East. Ali is getting further from Milwaukee.,21,0
Milwaukee is BLANK of Ali. Ali walks West. Ali is getting closer to Milwaukee.,geocentric_distant,context,geocentric_distant_context,West,East,c5e269b3-bfec-4a46-b958-b2951a334d88,39f1ec10-1ca4-4e11-8934-4468bf7bdf07,Milwaukee is West of Ali. Ali walks West. Ali is getting closer to Milwaukee.,0.75,4723.22500002245,1742.07499998156,0.5,0.5,0.5,0,0,1,1,-1.875,0.0,0.0681818181818182,4.2860000000000005,77,0.55859375,0.0205078125,-2.765625,-0.02392578125,-0.6875,0.38671875,-0.57421875,-0.35546875,-0.8125,0.400390625,-0.28125,-0.1611328125,-0.35546875,0.98828125,-1.1015625,-0.46484375,-0.318359375,0.07666015625,0.150390625,0.298828125,-0.1650390625,0.48046875,-0.6015625,0.0230712890625,-0.10009765625,0.09423828125,-0.13671875,-0.041015625,0.2080078125,-0.455078125,-0.1171875,0.337890625,-0.68359375,-0.318359375,0.0093994140625,-0.078125,0.0791015625,-0.66015625,-0.34765625,0.095703125,0.2216796875,-0.23828125,-0.3046875,0.326171875,-0.4140625,0.0220947265625,0.63671875,-0.5625,0.330078125,-0.04150390625,0.1337890625,0.515625,0.146484375,-0.3359375,-0.279296875,-0.107421875,-0.48828125,0.2080078125,-1.1328125,0.0166015625,-1.71875,-0.1728515625,0.65234375,0.578125,0.5546875,0.42578125,0.0771484375,0.03466796875,-0.408203125,0.27734375,0.87890625,0.47265625,0.09521484375,-0.46875,-0.0301513671875,0.02587890625,-0.6484375,0.640625,0.1982421875,0.26171875,-0.1943359375,-0.1171875,0.0927734375,-0.2119140625,0.1328125,-0.2333984375,-0.6875,0.81640625,-0.283203125,-0.22265625,-0.357421875,-0.046142578125,0.1787109375,-0.79296875,0.2275390625,-0.4375,Milwaukee is BLANK of Ali. Ali walks West. Ali is getting closer to Milwaukee.,Milwaukee is West of Ali. Ali walks West. Ali is getting closer to Milwaukee.,16,14
Milwaukee is North of Mark. Mark goes BLANK. Milwaukee is Northwest of Mark.,two_refs_geocentric,context,two_refs_geocentric_context,East,West,e709fe10-48a2-4848-8265-dc05a0387e2c,6736be32-2bb0-4769-b8bb-7efa38642c5e,Milwaukee is North of Mark. Mark goes East. Milwaukee is Northwest of Mark.,0.285714285714286,3337.17999990583,1845.46000014544,1.0,1.0,1.0,1,0,1,1,-2.375,0.0,0.476190476190476,4.529285714285714,75,0.56640625,0.01239013671875,-2.796875,-0.035888671875,-0.69921875,0.333984375,-0.546875,-0.2734375,-0.859375,0.52734375,-0.310546875,-0.255859375,-0.408203125,0.96875,-1.1640625,-0.4453125,-0.271484375,0.099609375,0.2138671875,0.3203125,-0.17578125,0.5703125,-0.75,0.0211181640625,-0.053466796875,-0.04736328125,-0.1748046875,-0.00836181640625,0.298828125,-0.482421875,-0.1787109375,0.28515625,-0.6328125,-0.049072265625,-0.00148773193359375,-0.125,0.09521484375,-0.8125,-0.328125,0.10693359375,0.2080078125,-0.240234375,-0.279296875,0.34375,-0.39453125,0.042724609375,0.68359375,-0.57421875,0.404296875,-0.123046875,0.1591796875,0.400390625,0.15234375,-0.263671875,-0.251953125,-0.21484375,-0.40625,0.1455078125,-1.0546875,-0.006866455078125,-1.546875,-0.12158203125,0.66015625,0.60546875,0.515625,0.400390625,0.055419921875,0.1455078125,-0.31640625,0.1767578125,0.80859375,0.373046875,0.11767578125,-0.5,0.039794921875,0.091796875,-0.64453125,0.6015625,0.1923828125,0.2265625,-0.2158203125,-0.1396484375,0.20703125,-0.09912109375,0.1396484375,-0.236328125,-0.66796875,0.88671875,-0.18359375,-0.248046875,-0.30859375,-0.1201171875,0.216796875,-0.7890625,0.1259765625,-0.3671875,Milwaukee is North of Mark. Mark goes BLANK. Milwaukee is Northwest of Mark.,Milwaukee is North of Mark. Mark goes East. Milwaukee is Northwest of Mark.,21,13
Milwaukee is South of Mark. Mark goes BLANK. Mark is Northeast of Milwaukee.,two_refs_geocentric,context,two_refs_geocentric_context,West,East,d4819cf4-e44b-45b6-95e7-d050fa1c0c57,f640e853-3898-4c59-968f-d791a63880e1,Milwaukee is South of Mark. Mark goes West. Mark is Northeast of Milwaukee.,0.272727272727273,1296.14999988675,3848.82499983907,0.0,0.2,0.1,0,0,0,0,-2.625,1.0,0.0397727272727273,4.590714285714285,75,0.5625,0.02490234375,-2.796875,-0.031494140625,-0.69140625,0.34765625,-0.515625,-0.28125,-0.86328125,0.53515625,-0.330078125,-0.25,-0.408203125,0.98828125,-1.140625,-0.453125,-0.279296875,0.09912109375,0.1875,0.291015625,-0.1884765625,0.5390625,-0.75390625,0.0166015625,-0.1044921875,0.006011962890625,-0.1591796875,-0.0257568359375,0.302734375,-0.44921875,-0.1875,0.287109375,-0.671875,-0.0751953125,0.034912109375,-0.14453125,0.0869140625,-0.79296875,-0.388671875,0.08837890625,0.201171875,-0.2265625,-0.275390625,0.32421875,-0.3984375,0.019775390625,0.61328125,-0.546875,0.384765625,-0.1708984375,0.12451171875,0.35546875,0.1533203125,-0.287109375,-0.263671875,-0.18359375,-0.400390625,0.126953125,-1.0859375,-0.01556396484375,-1.546875,-0.1396484375,0.65625,0.61328125,0.5390625,0.353515625,0.01068115234375,0.12353515625,-0.314453125,0.16796875,0.81640625,0.359375,0.1044921875,-0.484375,0.0181884765625,0.07177734375,-0.6484375,0.6015625,0.21875,0.2333984375,-0.21875,-0.12353515625,0.2021484375,-0.1357421875,0.14453125,-0.251953125,-0.6484375,0.88671875,-0.1796875,-0.255859375,-0.275390625,-0.11962890625,0.1953125,-0.8125,0.1708984375,-0.3828125,Milwaukee is South of Mark. Mark goes BLANK. Mark is Northeast of Milwaukee.,Milwaukee is South of Mark. Mark goes West. Mark is Northeast of Milwaukee.,22,19
Milwaukee is South of Mark. Mark goes BLANK. Milwaukee is Southeast of Mark.,two_refs_geocentric,context,two_refs_geocentric_context,West,East,675263b4-7495-44d1-af2c-6c7f45fea854,8a66063c-6c36-42cc-83d1-c2a017d1a2f8,Milwaukee is South of Mark. Mark goes West. Milwaukee is Southeast of Mark.,0.3125,1762.52500002366,7845.39999996014,0.4,0.5,0.444444444444444,1,0,1,1,0.75,-1.0,0.4875,4.5442857142857145,75,0.55859375,0.0211181640625,-2.796875,-0.040771484375,-0.69921875,0.353515625,-0.54296875,-0.26171875,-0.8671875,0.51171875,-0.30859375,-0.2431640625,-0.408203125,1.0078125,-1.125,-0.447265625,-0.27734375,0.0986328125,0.2158203125,0.291015625,-0.1787109375,0.55859375,-0.765625,0.01953125,-0.07666015625,-0.04736328125,-0.15625,-0.0301513671875,0.30859375,-0.46484375,-0.169921875,0.25,-0.6484375,-0.1435546875,-0.000530242919921875,-0.11328125,0.0986328125,-0.81640625,-0.326171875,0.09814453125,0.2138671875,-0.2373046875,-0.3046875,0.328125,-0.38671875,0.0118408203125,0.69921875,-0.57421875,0.40234375,-0.1279296875,0.16796875,0.408203125,0.158203125,-0.27734375,-0.259765625,-0.2080078125,-0.4140625,0.1318359375,-1.0546875,-0.008544921875,-1.5390625,-0.1171875,0.64453125,0.62109375,0.52734375,0.390625,0.052001953125,0.1298828125,-0.32421875,0.1708984375,0.81640625,0.38671875,0.10400390625,-0.48046875,0.0458984375,0.0732421875,-0.6484375,0.60546875,0.205078125,0.2216796875,-0.21484375,-0.1298828125,0.2177734375,-0.10009765625,0.125,-0.244140625,-0.671875,0.88671875,-0.1796875,-0.25390625,-0.287109375,-0.1376953125,0.205078125,-0.81640625,0.1533203125,-0.36328125,Milwaukee is South of Mark. Mark goes BLANK. Milwaukee is Southeast of Mark.,Milwaukee is South of Mark. Mark goes West. Milwaukee is Southeast of Mark.,16,17
Milwaukee is to Ali's BLANK. Ali turns left. Ali is facing away from Milwaukee.,egocentric_distant,context,egocentric_distant_context,right,left,a5a4616f-edad-4b88-b74c-d370ddec8499,8109d3a1-786d-4676-9015-297215cfc561,Milwaukee is to Ali's right. Ali turns left. Ali is facing away from Milwaukee.,0.761904761904762,4354.15714286055,1299.90000001341,0.6,0.5,0.571428571428571,1,1,1,1,-0.375,-1.0,0.142857142857143,4.34375,79,0.60546875,0.032958984375,-2.75,-0.045166015625,-0.75,0.3984375,-0.58203125,-0.38671875,-0.765625,0.396484375,-0.34765625,-0.2041015625,-0.400390625,1.0,-1.1015625,-0.53125,-0.353515625,0.1279296875,0.173828125,0.287109375,-0.169921875,0.52734375,-0.55078125,-0.012451171875,-0.0927734375,0.07470703125,-0.1689453125,-0.134765625,0.203125,-0.453125,-0.1259765625,0.287109375,-0.62109375,-0.177734375,0.0791015625,-0.1640625,0.103515625,-0.6171875,-0.373046875,0.11376953125,0.1953125,-0.2294921875,-0.2275390625,0.337890625,-0.404296875,0.050048828125,0.59765625,-0.51953125,0.3359375,-0.19921875,0.09228515625,0.48828125,0.1396484375,-0.357421875,-0.28125,-0.1484375,-0.484375,0.203125,-1.109375,-0.0517578125,-1.546875,-0.1767578125,0.66796875,0.63671875,0.62890625,0.435546875,-0.040771484375,0.048095703125,-0.349609375,0.0986328125,0.8515625,0.380859375,0.1162109375,-0.44140625,-0.0595703125,0.033447265625,-0.6875,0.65625,0.1904296875,0.2265625,-0.2021484375,-0.06396484375,0.08984375,-0.1943359375,0.1796875,-0.173828125,-0.62109375,0.82421875,-0.2333984375,-0.232421875,-0.306640625,-0.09814453125,0.185546875,-0.84765625,0.1279296875,-0.451171875,Milwaukee is to Ali's BLANK. Ali turns left. Ali is facing away from Milwaukee.,Milwaukee is to Ali's right. Ali turns left. Ali is facing away from Milwaukee.,21,12
The BLANK glass is on the table. Ali knocks the glass over. The table is dry.,state_nonfollows,context,state_nonfollows_context,empty,full,445382ed-84d2-4012-aab5-f092e577df0c,9487468f-3b43-4375-8497-282394fae51b,The empty glass is on the table. Ali knocks the glass over. The table is dry.,0.909090909090909,4062.33999998616,2154.93000000212,,,,0,1,1,1,8.5,0.0,-0.29004329004329,4.727058823529411,77,0.64453125,0.0089111328125,-2.796875,-0.043701171875,-0.765625,0.341796875,-0.6640625,-0.314453125,-0.73828125,0.384765625,-0.275390625,-0.26171875,-0.3984375,1.0859375,-1.046875,-0.458984375,-0.38671875,0.064453125,0.0546875,0.333984375,-0.201171875,0.375,-0.5390625,-0.10693359375,-0.125,-0.011474609375,-0.267578125,0.310546875,0.169921875,-0.333984375,-0.07275390625,0.287109375,-0.71484375,-0.061279296875,0.03466796875,-0.0693359375,0.1552734375,-0.451171875,-0.208984375,0.1396484375,0.1923828125,-0.328125,-0.3125,0.44921875,-0.396484375,-0.00189208984375,0.73046875,-0.515625,0.283203125,-0.0311279296875,0.126953125,0.359375,0.11376953125,-0.3203125,-0.1669921875,-0.087890625,-0.60546875,0.298828125,-0.7734375,-0.01904296875,-1.8203125,-0.2021484375,0.7421875,0.6015625,0.671875,0.5078125,-0.055419921875,0.2412109375,-0.458984375,0.279296875,0.80078125,0.333984375,0.10888671875,-0.455078125,0.09326171875,0.2353515625,-0.59375,0.69140625,0.23828125,0.1748046875,-0.1611328125,0.0250244140625,0.12060546875,-0.04833984375,0.259765625,-0.11865234375,-0.69140625,0.66796875,-0.4375,-0.1220703125,-0.498046875,-0.07958984375,0.1474609375,-0.83984375,0.031982421875,-0.3828125,The BLANK glass is on the table. Ali knocks the glass over. The table is dry.,The empty glass is on the table. Ali knocks the glass over. The table is dry.,22,0
The BLANK glass is on the table. Ali knocks the glass over. The table is wet.,state_nonfollows,context,state_nonfollows_context,full,empty,3dd422c2-ea30-4477-90d0-0a2a99115b74,6b496c8a-4c5a-45ff-991c-12888a9f919d,The full glass is on the table. Ali knocks the glass over. The table is wet.,0.933333333333333,3705.21538459223,2198.46153847071,,,,1,1,1,1,9.4375,0.0,0.0166666666666666,4.750000000000001,76,0.64453125,0.01806640625,-2.796875,-0.047607421875,-0.76953125,0.337890625,-0.65234375,-0.3203125,-0.74609375,0.37109375,-0.26171875,-0.248046875,-0.392578125,1.078125,-1.03125,-0.4765625,-0.396484375,0.068359375,0.0634765625,0.34375,-0.2001953125,0.3828125,-0.53515625,-0.111328125,-0.1044921875,-0.01318359375,-0.2392578125,0.259765625,0.166015625,-0.330078125,-0.0859375,0.3046875,-0.71484375,-0.044677734375,0.041259765625,-0.06591796875,0.1650390625,-0.439453125,-0.212890625,0.1279296875,0.1982421875,-0.333984375,-0.322265625,0.4609375,-0.390625,0.021240234375,0.72265625,-0.5390625,0.306640625,-0.0458984375,0.13671875,0.3359375,0.1142578125,-0.326171875,-0.1552734375,-0.11376953125,-0.5859375,0.251953125,-0.77734375,0.0093994140625,-1.7890625,-0.197265625,0.7578125,0.62109375,0.65625,0.50390625,-0.042724609375,0.248046875,-0.486328125,0.302734375,0.8046875,0.37890625,0.11474609375,-0.453125,0.0703125,0.2451171875,-0.6015625,0.66796875,0.23828125,0.17578125,-0.1533203125,0.0213623046875,0.11083984375,-0.0264892578125,0.2578125,-0.099609375,-0.68359375,0.67578125,-0.4453125,-0.1328125,-0.5234375,-0.0625,0.146484375,-0.83984375,0.0390625,-0.39453125,The BLANK glass is on the table. Ali knocks the glass over. The table is wet.,The full glass is on the table. Ali knocks the glass over. The table is wet.,15,0
The apple is in the bucket. Ali puts the apple in the BLANK. The apple gets colder.,state_follows,context,state_follows_context,refrigerator,oven,58b98b4f-a0ea-45ee-a787-f1c6eb325d2e,6562bb75-3dc9-48a6-a0a9-d5947805258b,The apple is in the bucket. Ali puts the apple in the refrigerator. The apple gets colder.,1.0,5327.04000001146,1751.87142857829,,,,1,1,1,1,13.3125,0.0,0.0,4.313888888888889,90,0.62890625,0.06787109375,-2.859375,-0.043701171875,-0.7734375,0.28125,-0.58203125,-0.3359375,-0.73828125,0.353515625,-0.306640625,-0.1640625,-0.396484375,1.109375,-1.0859375,-0.49609375,-0.380859375,0.083984375,0.19140625,0.3125,-0.17578125,0.353515625,-0.412109375,-0.0255126953125,-0.1572265625,0.095703125,-0.203125,0.408203125,0.0927734375,-0.349609375,-0.08349609375,0.365234375,-0.78125,-0.10693359375,-0.07470703125,0.00982666015625,0.099609375,-0.51171875,-0.326171875,0.1455078125,0.1767578125,-0.2470703125,-0.294921875,0.43359375,-0.4453125,-0.048583984375,0.65234375,-0.62890625,0.25390625,0.1552734375,-0.018310546875,0.396484375,0.0927734375,-0.3359375,-0.1640625,-0.076171875,-0.48046875,0.2451171875,-0.890625,-0.0260009765625,-1.7734375,-0.1240234375,0.66015625,0.609375,0.482421875,0.498046875,-0.00543212890625,0.201171875,-0.419921875,0.2353515625,0.93359375,0.33203125,0.1259765625,-0.46875,0.2197265625,0.310546875,-0.6171875,0.875,0.302734375,0.203125,-0.13671875,0.04638671875,-0.037109375,-0.1572265625,0.2265625,-0.15234375,-0.69921875,0.69921875,-0.408203125,-0.0703125,-0.6484375,-0.169921875,0.197265625,-0.76953125,0.0908203125,-0.443359375,The apple is in the bucket. Ali puts the apple in the BLANK. The apple gets colder.,The apple is in the bucket. Ali puts the apple in the refrigerator. The apple gets colder.,15,0
The ball and the box are on the floor. Ali picks up the BLANK. The ball is higher than the box.,relative_pos,context,relative_pos_context,ball,box,dcd8b07b-ca08-4c9a-b6a1-7b7c7374132f,7c6db76f-58c8-4e1f-8ebf-3e0e74f47cc7,The ball and the box are on the floor. Ali picks up the ball. The ball is higher than the box.,1.0,7249.46000000574,3100.20000000757,,,,1,1,1,1,-5.125,-1.0,-0.0952380952380952,4.918636363636364,94,0.65625,0.03125,-2.90625,-0.01324462890625,-0.8203125,0.35546875,-0.58203125,-0.2138671875,-0.703125,0.306640625,-0.29296875,-0.3125,-0.4140625,1.1328125,-1.09375,-0.5234375,-0.359375,0.08447265625,0.1337890625,0.302734375,-0.177734375,0.443359375,-0.38671875,-0.05859375,-0.119140625,-0.046630859375,-0.1650390625,0.435546875,0.07958984375,-0.392578125,-0.0869140625,0.333984375,-0.70703125,-0.0654296875,-0.130859375,0.0556640625,0.0986328125,-0.53515625,-0.22265625,0.140625,0.197265625,-0.28515625,-0.375,0.4609375,-0.46484375,-0.08642578125,0.6953125,-0.7109375,0.29296875,0.123046875,0.004486083984375,0.380859375,0.091796875,-0.484375,-0.30078125,-0.1064453125,-0.53125,0.271484375,-0.76171875,-0.042236328125,-1.7734375,-0.1689453125,0.69140625,0.62890625,0.50390625,0.6328125,0.01220703125,0.380859375,-0.390625,0.2216796875,0.96484375,0.5234375,0.1142578125,-0.5078125,0.2216796875,0.27734375,-0.640625,0.83984375,0.2431640625,0.169921875,-0.16796875,0.056884765625,0.015380859375,-0.1533203125,0.203125,-0.29296875,-0.66796875,0.72265625,-0.451171875,-0.177734375,-0.71875,-0.0732421875,0.2138671875,-0.80859375,0.1845703125,-0.474609375,The ball and the box are on the floor. Ali picks up the BLANK. The ball is higher than the box.,The ball and the box are on the floor. Ali picks up the ball. The ball is higher than the box.,15,0
The ball and the box are on the table. Ali picks up the BLANK. The ball is higher than the box.,relative_pos,context,relative_pos_context,ball,box,22ba1e53-da26-4106-a21a-2e11e60c6e19,fe3452fb-5a16-49bc-9609-9fca7b915950,The ball and the box are on the table. Ali picks up the ball. The ball is higher than the box.,0.857142857142857,5289.48000001577,2944.99999998805,,,,0,0,1,1,0.75,0.0,-0.157142857142857,4.929545454545456,94,0.65234375,0.039306640625,-2.890625,-0.00885009765625,-0.8046875,0.376953125,-0.5859375,-0.20703125,-0.703125,0.279296875,-0.265625,-0.333984375,-0.408203125,1.1171875,-1.109375,-0.52734375,-0.365234375,0.08056640625,0.12451171875,0.3046875,-0.177734375,0.439453125,-0.36328125,-0.05712890625,-0.11279296875,-0.047607421875,-0.1923828125,0.443359375,0.07861328125,-0.380859375,-0.076171875,0.33203125,-0.70703125,-0.07763671875,-0.130859375,0.04638671875,0.1005859375,-0.53125,-0.2431640625,0.140625,0.19921875,-0.28125,-0.380859375,0.4609375,-0.462890625,-0.09912109375,0.6796875,-0.71875,0.2890625,0.140625,0.0135498046875,0.40234375,0.0908203125,-0.494140625,-0.29296875,-0.10009765625,-0.53125,0.291015625,-0.77734375,-0.06640625,-1.7734375,-0.1806640625,0.6953125,0.61328125,0.4921875,0.6328125,0.014404296875,0.37890625,-0.388671875,0.201171875,0.98046875,0.53515625,0.1064453125,-0.53515625,0.18359375,0.275390625,-0.6171875,0.85546875,0.2421875,0.181640625,-0.169921875,0.0556640625,0.0228271484375,-0.1708984375,0.197265625,-0.283203125,-0.67578125,0.72265625,-0.453125,-0.1748046875,-0.7265625,-0.08447265625,0.2099609375,-0.8046875,0.173828125,-0.474609375,The ball and the box are on the table. Ali picks up the BLANK. The ball is higher than the box.,The ball and the box are on the table. Ali picks up the ball. The ball is higher than the box.,21,0
The ball and the box are on the table. The BLANK falls off the table. The box is lower than the ball.,relative_pos,context,relative_pos_context,box,ball,f731fc42-c78c-46d3-acc3-7a7872aee978,6bed19b0-4987-4825-990b-d808777796fc,The ball and the box are on the table. The box falls off the table. The box is lower than the ball.,0.8125,4980.04444477293,3845.68749980629,,,,0,0,1,1,-7.375,0.0,0.125,5.02304347826087,99,0.66796875,0.036376953125,-2.875,-0.006011962890625,-0.8359375,0.390625,-0.60546875,-0.18359375,-0.703125,0.263671875,-0.2294921875,-0.359375,-0.44140625,1.140625,-1.125,-0.51953125,-0.341796875,0.00823974609375,0.1865234375,0.30859375,-0.166015625,0.51171875,-0.4921875,-0.1552734375,-0.1220703125,-0.10205078125,-0.11474609375,0.58984375,0.07373046875,-0.375,-0.11962890625,0.28515625,-0.703125,-0.08642578125,-0.177734375,0.1201171875,0.0888671875,-0.55859375,-0.2265625,0.154296875,0.181640625,-0.28515625,-0.296875,0.40625,-0.4609375,-0.028076171875,0.72265625,-0.59765625,0.2734375,0.0986328125,-0.0306396484375,0.2470703125,0.0986328125,-0.447265625,-0.31640625,-0.09326171875,-0.54296875,0.27734375,-0.7265625,-0.0439453125,-1.8515625,-0.1953125,0.7109375,0.65625,0.515625,0.59765625,-0.01165771484375,0.40234375,-0.30078125,0.13671875,0.9609375,0.58203125,0.146484375,-0.59375,0.26171875,0.314453125,-0.65234375,0.8359375,0.2333984375,0.1669921875,-0.1689453125,0.08203125,0.0771484375,-0.125,0.236328125,-0.357421875,-0.66015625,0.7421875,-0.455078125,-0.2236328125,-0.6484375,-0.06494140625,0.185546875,-0.8828125,0.171875,-0.546875,The ball and the box are on the table. The BLANK falls off the table. The box is lower than the ball.,The ball and the box are on the table. The box falls off the table. The box is lower than the ball.,16,0
The ball and the box are on top of the ramp. The BLANK goes down the ramp. The ball is lower than the box.,relative_pos,context,relative_pos_context,ball,box,b8cc9070-c3b4-49d0-9bf0-15052552ba99,9099eff3-f197-41e3-b3b5-4d0f0ed1a19d,The ball and the box are on top of the ramp. The ball goes down the ramp. The ball is lower than the box.,0.80952380952381,4391.36999986768,3151.30000003874,,,,0,1,1,1,6.9375,0.0,-0.0595238095238095,4.782399999999999,105,0.67578125,0.009033203125,-2.859375,-0.01177978515625,-0.87890625,0.3125,-0.6640625,-0.2392578125,-0.6875,0.279296875,-0.3046875,-0.337890625,-0.43359375,1.109375,-1.1171875,-0.5390625,-0.345703125,0.015380859375,0.1875,0.298828125,-0.181640625,0.546875,-0.55078125,-0.12158203125,-0.130859375,-0.050048828125,-0.080078125,0.59765625,0.1005859375,-0.30859375,-0.1630859375,0.326171875,-0.76953125,-0.193359375,-0.2490234375,0.08447265625,0.103515625,-0.51953125,-0.28125,0.173828125,0.17578125,-0.26953125,-0.283203125,0.37109375,-0.482421875,-0.02197265625,0.75,-0.69140625,0.248046875,0.07861328125,-0.03515625,0.34765625,0.080078125,-0.443359375,-0.369140625,-0.1298828125,-0.5390625,0.2890625,-0.71875,-0.0537109375,-1.84375,-0.1337890625,0.73828125,0.66796875,0.51171875,0.59765625,0.04345703125,0.361328125,-0.35546875,0.1181640625,1.03125,0.5234375,0.1220703125,-0.5625,0.22265625,0.31640625,-0.671875,0.80078125,0.265625,0.193359375,-0.1611328125,0.07080078125,0.080078125,-0.1787109375,0.24609375,-0.375,-0.6875,0.7265625,-0.5,-0.1455078125,-0.7421875,-0.052001953125,0.212890625,-0.85546875,0.166015625,-0.54296875,The ball and the box are on top of the ramp. The BLANK goes down the ramp. The ball is lower than the box.,The ball and the box are on top of the ramp. The ball goes down the ramp. The ball is lower than the box.,21,0
The ball is BLANK the box. Ali moves the box. The ball doesn't move.,action_nonfollows,context,action_nonfollows_context,far from,touching,,e31e6e5a-3ac6-4936-9ae5-7611f9233c51,The ball is far from the box. Ali moves the box. The ball doesn't move.,0.714285714285714,3264.27777779433,1711.38333314161,0.833333333333333,0.666666666666667,0.777777777777778,0,0,1,1,-10.25,,,4.628235294117647,71,0.671875,0.01409912109375,-2.75,-0.031982421875,-0.78125,0.3828125,-0.515625,-0.31640625,-0.75,0.365234375,-0.28125,-0.2236328125,-0.4296875,1.078125,-1.09375,-0.59765625,-0.3984375,0.10302734375,0.1513671875,0.240234375,-0.20703125,0.388671875,-0.45703125,-0.0869140625,-0.10986328125,-0.08984375,-0.2412109375,0.189453125,0.1357421875,-0.40234375,-0.0751953125,0.341796875,-0.66796875,-0.1376953125,-0.054931640625,-0.059814453125,0.08935546875,-0.5625,-0.373046875,0.09423828125,0.1640625,-0.216796875,-0.2734375,0.46875,-0.412109375,0.0947265625,0.76171875,-0.50390625,0.296875,-0.019775390625,0.0255126953125,0.470703125,0.125,-0.328125,-0.29296875,-0.1689453125,-0.48046875,0.251953125,-0.8984375,-0.078125,-1.609375,-0.181640625,0.671875,0.58203125,0.625,0.451171875,-0.0245361328125,0.1328125,-0.34375,0.224609375,0.859375,0.404296875,0.0927734375,-0.490234375,0.0191650390625,0.2119140625,-0.52734375,0.828125,0.314453125,0.2177734375,-0.16796875,-0.0064697265625,0.11083984375,-0.150390625,0.2265625,-0.2314453125,-0.69140625,0.70703125,-0.33984375,-0.2041015625,-0.5859375,-0.1396484375,0.23828125,-0.72265625,0.1455078125,-0.3671875,The ball is BLANK the box. Ali moves the box. The ball doesn't move.,The ball is far from the box. Ali moves the box. The ball doesn't move.,21,13
The ball is BLANK the box. Ali pushes the ball forward. The ball is under the box.,action_nonfollows,context,action_nonfollows_context,under,above,53bc13ab-e94e-4660-b7b2-50779ad75b40,2fcd18a5-4fe9-43af-be73-b08c8a69be3e,The ball is under the box. Ali pushes the ball forward. The ball is under the box.,0.625,5499.46000030562,5959.38000061214,0.5,0.75,0.625,0,0,0,0,-2.125,0.0,0.225,4.799999999999999,82,0.62109375,0.017578125,-2.875,-0.041259765625,-0.78125,0.40625,-0.5390625,-0.279296875,-0.71484375,0.314453125,-0.26171875,-0.2294921875,-0.40234375,1.078125,-1.140625,-0.60546875,-0.4140625,0.1494140625,0.1259765625,0.259765625,-0.185546875,0.421875,-0.51171875,-0.1328125,-0.10107421875,-0.0224609375,-0.1630859375,0.283203125,0.142578125,-0.37109375,-0.050048828125,0.283203125,-0.7109375,-0.154296875,-0.046142578125,0.00799560546875,0.0859375,-0.5390625,-0.33984375,0.12109375,0.177734375,-0.2431640625,-0.326171875,0.388671875,-0.4375,-0.00341796875,0.7109375,-0.57421875,0.26171875,-0.05078125,0.068359375,0.484375,0.11572265625,-0.376953125,-0.30078125,-0.10693359375,-0.5625,0.205078125,-0.875,-0.06005859375,-1.8203125,-0.1181640625,0.65625,0.7265625,0.58984375,0.46875,0.02685546875,0.1826171875,-0.3828125,0.1806640625,0.890625,0.51953125,0.0966796875,-0.490234375,0.076171875,0.208984375,-0.5625,0.78515625,0.251953125,0.1904296875,-0.134765625,-0.0126953125,0.111328125,-0.2578125,0.251953125,-0.255859375,-0.70703125,0.734375,-0.388671875,-0.1904296875,-0.625,-0.216796875,0.2578125,-0.80078125,0.1318359375,-0.357421875,The ball is BLANK the box. Ali pushes the ball forward. The ball is under the box.,The ball is under the box. Ali pushes the ball forward. The ball is under the box.,16,20
The ball is BLANK the box. Ali pushes the box forward. The ball is inside the box.,action_nonfollows,context,action_nonfollows_context,inside,outside,616d74d5-91d0-452c-ae02-d8a673ead3b7,d387b3c2-04e5-4c89-bff6-7469bbf38a5d,The ball is inside the box. Ali pushes the box forward. The ball is inside the box.,0.733333333333333,6872.68181803823,3518.37000000542,0.833333333333333,0.666666666666667,0.777777777777778,0,1,0,0,-0.375,1.0,0.204166666666667,4.706666666666667,83,0.61328125,0.016845703125,-2.890625,-0.03662109375,-0.8046875,0.337890625,-0.60546875,-0.291015625,-0.7109375,0.3203125,-0.33203125,-0.283203125,-0.40625,1.09375,-1.1953125,-0.54296875,-0.40625,0.14453125,0.12451171875,0.279296875,-0.19140625,0.412109375,-0.494140625,-0.10498046875,-0.134765625,-0.023681640625,-0.236328125,0.271484375,0.1494140625,-0.36328125,-0.04931640625,0.361328125,-0.671875,-0.14453125,-0.1025390625,0.014892578125,0.09130859375,-0.55859375,-0.36328125,0.150390625,0.189453125,-0.255859375,-0.31640625,0.400390625,-0.4375,0.0213623046875,0.72265625,-0.58203125,0.23046875,0.007659912109375,0.07568359375,0.51171875,0.1181640625,-0.41015625,-0.3125,-0.130859375,-0.52734375,0.2119140625,-0.8203125,-0.0625,-1.8125,-0.07373046875,0.69921875,0.73046875,0.61328125,0.486328125,0.032958984375,0.228515625,-0.375,0.19140625,0.8828125,0.44140625,0.1123046875,-0.484375,0.09814453125,0.220703125,-0.5859375,0.76171875,0.2392578125,0.177734375,-0.15234375,-0.00885009765625,0.103515625,-0.2412109375,0.29296875,-0.197265625,-0.703125,0.7109375,-0.380859375,-0.20703125,-0.58984375,-0.166015625,0.2490234375,-0.79296875,0.11328125,-0.380859375,The ball is BLANK the box. Ali pushes the box forward. The ball is inside the box.,The ball is inside the box. Ali pushes the box forward. The ball is inside the box.,15,15
The ball is BLANK the box. Ali pushes the box forward. The ball is on top of the box.,action_nonfollows,context,action_nonfollows_context,on top of,below,,125af02d-b067-4269-acb5-1ecb1197454e,The ball is on top of the box. Ali pushes the box forward. The ball is on top of the box.,0.80952380952381,6840.92857149882,10926.8500000313,,,,0,1,1,1,3.625,,,4.934545454545456,89,0.65234375,0.036376953125,-2.828125,-0.035888671875,-0.8046875,0.310546875,-0.65234375,-0.251953125,-0.65625,0.296875,-0.267578125,-0.302734375,-0.439453125,1.0625,-1.2578125,-0.57421875,-0.40234375,0.0849609375,0.1298828125,0.263671875,-0.2041015625,0.484375,-0.5390625,-0.177734375,-0.1083984375,0.036376953125,-0.0576171875,0.423828125,0.10400390625,-0.384765625,-0.03369140625,0.359375,-0.73828125,-0.126953125,-0.068359375,0.0361328125,0.07421875,-0.55859375,-0.333984375,0.134765625,0.15625,-0.271484375,-0.29296875,0.33984375,-0.474609375,0.007537841796875,0.7265625,-0.54296875,0.232421875,-0.048095703125,0.052490234375,0.408203125,0.05810546875,-0.412109375,-0.32421875,-0.125,-0.5546875,0.2421875,-0.765625,-0.054931640625,-1.78125,-0.08935546875,0.7109375,0.72265625,0.59375,0.5078125,0.00063323974609375,0.236328125,-0.359375,0.125,0.87890625,0.427734375,0.1162109375,-0.490234375,0.1640625,0.265625,-0.609375,0.671875,0.1494140625,0.1552734375,-0.1015625,-0.005035400390625,0.111328125,-0.265625,0.291015625,-0.2177734375,-0.76171875,0.71875,-0.3828125,-0.2119140625,-0.62109375,-0.193359375,0.255859375,-0.7890625,0.12060546875,-0.376953125,The ball is BLANK the box. Ali pushes the box forward. The ball is on top of the box.,The ball is on top of the box. Ali pushes the box forward. The ball is on top of the box.,21,0
The ball is BLANK the box. Ali pushes the box. The ball doesn't move.,action_nonfollows,context,action_nonfollows_context,far from,touching,,91b15301-bd9a-4b4c-a48a-650b4b0b1911,The ball is far from the box. Ali pushes the box. The ball doesn't move.,0.904761904761905,4140.98999999706,3948.18999997107,,,,0,1,1,1,-10.875,,,4.529411764705881,72,0.6640625,0.024169921875,-2.765625,-0.03466796875,-0.78125,0.361328125,-0.51953125,-0.306640625,-0.75,0.361328125,-0.271484375,-0.2099609375,-0.421875,1.078125,-1.09375,-0.5625,-0.412109375,0.12255859375,0.1337890625,0.255859375,-0.2001953125,0.388671875,-0.455078125,-0.09619140625,-0.107421875,-0.07275390625,-0.2578125,0.177734375,0.1318359375,-0.400390625,-0.08056640625,0.34765625,-0.6484375,-0.0986328125,-0.056640625,-0.0400390625,0.1015625,-0.5703125,-0.36328125,0.109375,0.1591796875,-0.2021484375,-0.267578125,0.4765625,-0.412109375,0.053955078125,0.765625,-0.498046875,0.2734375,0.003997802734375,0.0228271484375,0.45703125,0.1240234375,-0.333984375,-0.294921875,-0.1669921875,-0.48828125,0.26171875,-0.8984375,-0.10205078125,-1.640625,-0.19140625,0.66796875,0.578125,0.609375,0.490234375,-0.00848388671875,0.1376953125,-0.365234375,0.2294921875,0.83203125,0.37890625,0.07177734375,-0.474609375,0.035888671875,0.220703125,-0.56640625,0.828125,0.298828125,0.2314453125,-0.1806640625,0.0301513671875,0.10302734375,-0.1845703125,0.24609375,-0.2236328125,-0.72265625,0.6953125,-0.341796875,-0.1904296875,-0.57421875,-0.1416015625,0.2275390625,-0.734375,0.1357421875,-0.349609375,The ball is BLANK the box. Ali pushes the box. The ball doesn't move.,The ball is far from the box. Ali pushes the box. The ball doesn't move.,21,0
The ball is BLANK the box. The ball moves right. The ball is higher than the box.,action_nonfollows,context,action_nonfollows_context,above,under,9f99b2e5-30e0-4932-86aa-78ee9333b5d8,b57e5c96-351b-42e3-9537-dcbb9d829e85,The ball is above the box. The ball moves right. The ball is higher than the box.,0.714285714285714,4487.72499999963,6100.14999997523,1.0,1.0,1.0,1,1,1,1,9.0,-1.0,0.285714285714286,4.975,81,0.6640625,-0.026123046875,-2.8125,-0.042236328125,-0.80859375,0.416015625,-0.51953125,-0.279296875,-0.70703125,0.33984375,-0.287109375,-0.31640625,-0.427734375,1.109375,-1.078125,-0.6484375,-0.37890625,0.1298828125,0.12109375,0.2158203125,-0.1923828125,0.50390625,-0.53515625,-0.08935546875,-0.06591796875,-0.01708984375,-0.134765625,0.30078125,0.1640625,-0.39453125,-0.09423828125,0.31640625,-0.7265625,-0.1435546875,-0.078125,-0.09423828125,0.041259765625,-0.5859375,-0.337890625,0.126953125,0.1806640625,-0.28515625,-0.31640625,0.369140625,-0.419921875,-0.0032196044921875,0.69140625,-0.51171875,0.30859375,-0.00982666015625,0.125,0.376953125,0.125,-0.291015625,-0.330078125,-0.1708984375,-0.486328125,0.1826171875,-0.89453125,-0.09228515625,-1.75,-0.18359375,0.66796875,0.65625,0.578125,0.3984375,-0.0086669921875,0.146484375,-0.294921875,0.1748046875,0.87890625,0.51953125,0.1123046875,-0.50390625,0.07568359375,0.10400390625,-0.578125,0.80859375,0.2275390625,0.240234375,-0.1650390625,-0.0289306640625,0.1572265625,-0.1533203125,0.2119140625,-0.27734375,-0.73828125,0.765625,-0.388671875,-0.20703125,-0.6640625,-0.177734375,0.25,-0.8671875,0.1396484375,-0.3828125,The ball is BLANK the box. The ball moves right. The ball is higher than the box.,The ball is above the box. The ball moves right. The ball is higher than the box.,21,15
The ball is BLANK the box. The ball moves right. The ball is lower than the box.,action_nonfollows,context,action_nonfollows_context,under,above,fe978efb-c589-4bfc-bfa2-81101330272f,4db85fa9-8307-4315-983c-1da01ebcfdf3,The ball is under the box. The ball moves right. The ball is lower than the box.,0.6875,3847.12500000512,4777.73333317124,0.25,0.666666666666667,0.428571428571429,0,1,1,1,7.5625,0.0,0.25,5.011666666666667,80,0.66015625,-0.0279541015625,-2.828125,-0.04443359375,-0.8125,0.42578125,-0.51953125,-0.28125,-0.72265625,0.349609375,-0.27734375,-0.318359375,-0.42578125,1.109375,-1.0703125,-0.6328125,-0.369140625,0.125,0.1328125,0.2080078125,-0.1875,0.4921875,-0.55078125,-0.09814453125,-0.08056640625,-0.02783203125,-0.1259765625,0.3515625,0.171875,-0.390625,-0.09521484375,0.2734375,-0.75,-0.1533203125,-0.0810546875,-0.08154296875,0.03857421875,-0.58203125,-0.314453125,0.1298828125,0.1826171875,-0.2890625,-0.31640625,0.35546875,-0.416015625,-0.002471923828125,0.69921875,-0.494140625,0.29296875,-0.042724609375,0.119140625,0.40234375,0.125,-0.2890625,-0.328125,-0.1572265625,-0.490234375,0.1787109375,-0.88671875,-0.08447265625,-1.7578125,-0.169921875,0.66015625,0.66015625,0.58203125,0.3828125,-0.0026702880859375,0.1435546875,-0.291015625,0.1748046875,0.89453125,0.53125,0.1142578125,-0.498046875,0.078125,0.09912109375,-0.56640625,0.79296875,0.24609375,0.244140625,-0.162109375,-0.018310546875,0.1572265625,-0.1533203125,0.2265625,-0.25390625,-0.73828125,0.77734375,-0.3828125,-0.20703125,-0.6640625,-0.1826171875,0.259765625,-0.87109375,0.1396484375,-0.37890625,The ball is BLANK the box. The ball moves right. The ball is lower than the box.,The ball is under the box. The ball moves right. The ball is lower than the box.,16,18
The ball is close to Ali. Ali throws the BLANK. The ball is close to Ali.,action_nonfollows,context,action_nonfollows_context,box,ball,dbc26f79-2344-4daf-9028-2ce9cf3d27b0,bcc54a8d-4b9f-4a07-a261-1d87bfdc9634,The ball is close to Ali. Ali throws the box. The ball is close to Ali.,0.266666666666667,4984.03333333135,3501.85714285515,0.5,0.666666666666667,0.555555555555556,0,0,1,1,-12.0625,0.0,0.460606060606061,4.622352941176469,71,0.57421875,0.103515625,-2.84375,-0.035400390625,-0.76171875,0.498046875,-0.55859375,-0.330078125,-0.77734375,0.337890625,-0.25390625,-0.2265625,-0.408203125,1.1328125,-1.046875,-0.4921875,-0.328125,0.0810546875,0.193359375,0.302734375,-0.158203125,0.40234375,-0.37890625,-0.0791015625,-0.0400390625,-0.01220703125,-0.171875,0.310546875,0.08837890625,-0.451171875,-0.0927734375,0.359375,-0.67578125,-0.078125,-0.058349609375,0.006134033203125,0.1083984375,-0.52734375,-0.392578125,0.12890625,0.224609375,-0.29296875,-0.4453125,0.470703125,-0.44140625,-0.037353515625,0.65234375,-0.8046875,0.33984375,0.1552734375,0.058837890625,0.486328125,0.109375,-0.43359375,-0.2734375,-0.1083984375,-0.4765625,0.1689453125,-0.9296875,-0.06982421875,-1.734375,-0.111328125,0.6015625,0.60546875,0.609375,0.53125,-0.03125,0.1630859375,-0.474609375,0.349609375,0.953125,0.478515625,0.1162109375,-0.50390625,0.0106201171875,0.1962890625,-0.6484375,0.875,0.328125,0.1865234375,-0.1865234375,-0.054931640625,-0.00982666015625,-0.1357421875,0.205078125,-0.0498046875,-0.75390625,0.77734375,-0.412109375,-0.171875,-0.671875,-0.0751953125,0.203125,-0.80078125,0.10205078125,-0.466796875,The ball is close to Ali. Ali throws the BLANK. The ball is close to Ali.,The ball is close to Ali. Ali throws the box. The ball is close to Ali.,15,15
The ball is in the box. Ali moves the BLANK. The ball moves.,action_follows,context,action_follows_context,box,ball,b32a875b-5408-4e98-85b7-517090849563,2869e01a-fe33-44c8-8b43-cca1f22a6b9a,The ball is in the box. Ali moves the box. The ball moves.,1.0,3966.89285706263,3624.23571425078,,,,1,1,1,1,10.125,0.0,-0.0476190476190477,4.852857142857142,58,0.62109375,0.0400390625,-2.84375,-0.033935546875,-0.79296875,0.42578125,-0.51171875,-0.2451171875,-0.7421875,0.3515625,-0.271484375,-0.21484375,-0.4375,1.1796875,-1.125,-0.640625,-0.35546875,0.08642578125,0.1474609375,0.287109375,-0.173828125,0.361328125,-0.421875,-0.0283203125,-0.0267333984375,-0.142578125,-0.1708984375,0.2578125,0.2119140625,-0.419921875,-0.0213623046875,0.349609375,-0.625,-0.0283203125,-0.02880859375,-0.0203857421875,0.1240234375,-0.5703125,-0.30859375,0.1357421875,0.2236328125,-0.26953125,-0.341796875,0.4375,-0.419921875,-0.04638671875,0.703125,-0.83203125,0.3984375,0.1806640625,0.050537109375,0.53515625,0.10791015625,-0.50390625,-0.296875,-0.158203125,-0.42578125,0.263671875,-1.03125,-0.06982421875,-1.6328125,-0.181640625,0.70703125,0.625,0.6640625,0.546875,-0.06201171875,0.171875,-0.353515625,0.3203125,0.90234375,0.376953125,0.154296875,-0.546875,-0.040771484375,0.19140625,-0.51953125,0.91796875,0.3359375,0.2333984375,-0.1142578125,-0.0245361328125,0.046630859375,-0.1845703125,0.27734375,-0.2412109375,-0.703125,0.75390625,-0.359375,-0.19140625,-0.61328125,-0.091796875,0.212890625,-0.77734375,0.1337890625,-0.4609375,The ball is in the box. Ali moves the BLANK. The ball moves.,The ball is in the box. Ali moves the box. The ball moves.,15,0
The ball is inside the box. Ali BLANK the ball. The ball is not touching the box.,relative_pos,context,relative_pos_context,picks up,doesn't pick up,3b5b03ed-bc02-40b4-ac94-fc8efd1cea76,3abeebda-c548-4b14-99d4-5548fd9e7c0b,The ball is inside the box. Ali picks up the ball. The ball is not touching the box.,0.904761904761905,4965.67272726218,3797.80833331135,,,,0,1,1,1,10.4375,0.0,-0.268398268398268,4.690526315789473,84,0.7109375,0.047119140625,-2.8125,-0.01129150390625,-0.80078125,0.37109375,-0.5703125,-0.328125,-0.69140625,0.345703125,-0.306640625,-0.30078125,-0.404296875,1.140625,-1.09375,-0.578125,-0.451171875,0.045654296875,0.11962890625,0.30859375,-0.197265625,0.3671875,-0.35546875,-0.13671875,-0.14453125,0.05712890625,-0.2294921875,0.326171875,0.04248046875,-0.439453125,-0.04248046875,0.220703125,-0.71484375,-0.0218505859375,-0.11279296875,0.04345703125,0.10009765625,-0.47265625,-0.35546875,0.0546875,0.177734375,-0.255859375,-0.298828125,0.45703125,-0.435546875,0.10986328125,0.66796875,-0.349609375,0.3046875,0.212890625,-0.0025787353515625,0.58984375,0.08203125,-0.29296875,-0.2294921875,-0.1328125,-0.53515625,0.23828125,-0.8515625,-0.056884765625,-1.734375,-0.1083984375,0.71484375,0.6328125,0.546875,0.68359375,0.0213623046875,0.1923828125,-0.404296875,0.287109375,0.921875,0.404296875,0.11328125,-0.47265625,0.1181640625,0.328125,-0.62109375,0.828125,0.404296875,0.2060546875,-0.1875,-0.005706787109375,0.019287109375,-0.26171875,0.2197265625,-0.326171875,-0.6875,0.7421875,-0.3984375,-0.1806640625,-0.6953125,-0.150390625,0.2119140625,-0.73046875,0.1787109375,-0.455078125,The ball is inside the box. Ali BLANK the ball. The ball is not touching the box.,The ball is inside the box. Ali picks up the ball. The ball is not touching the box.,21,0
The ball is next to the box. Ali puts the BLANK. The ball is smaller than the box.,relative_pos,context,relative_pos_context,ball inside the box,box inside the ball,c9a2e815-e1c8-49e4-9d0e-874097380a0a,8c1cff6c-4df1-442a-9ed5-f057e851770d,The ball is next to the box. Ali puts the ball inside the box. The ball is smaller than the box.,1.0,10276.2333333754,4580.79999995192,,,,0,1,1,1,4.75,0.0,-0.0476190476190477,4.865909090909092,96,0.66796875,0.031494140625,-3.015625,0.01043701171875,-0.8359375,0.37109375,-0.66796875,-0.232421875,-0.64453125,0.3359375,-0.28515625,-0.3203125,-0.427734375,1.1015625,-1.203125,-0.546875,-0.314453125,0.072265625,0.197265625,0.2890625,-0.17578125,0.435546875,-0.380859375,-0.1767578125,-0.125,-0.072265625,-0.1865234375,0.6171875,0.07958984375,-0.4375,-0.0849609375,0.28515625,-0.69140625,-0.1806640625,-0.091796875,0.1337890625,0.2412109375,-0.6640625,-0.37109375,0.16015625,0.185546875,-0.271484375,-0.373046875,0.384765625,-0.41796875,0.053955078125,0.64453125,-0.65234375,0.34765625,0.236328125,-0.054931640625,0.451171875,0.047119140625,-0.484375,-0.3046875,-0.16796875,-0.515625,0.1767578125,-0.7890625,0.018310546875,-1.6875,-0.177734375,0.7421875,0.62890625,0.5078125,0.59375,-0.0439453125,0.353515625,-0.37890625,0.1982421875,0.90625,0.4921875,0.1357421875,-0.515625,0.251953125,0.32421875,-0.57421875,0.85546875,0.294921875,0.1728515625,-0.09033203125,-0.02392578125,-0.01336669921875,-0.2451171875,0.2314453125,-0.291015625,-0.62109375,0.71484375,-0.40625,-0.181640625,-0.73046875,-0.0859375,0.2314453125,-0.84375,0.10986328125,-0.490234375,The ball is next to the box. Ali puts the BLANK. The ball is smaller than the box.,The ball is next to the box. Ali puts the ball inside the box. The ball is smaller than the box.,15,0
The ball is on the table. Ali BLANK the table. The ball rolls.,action_follows,context,action_follows_context,tilts,doesn't tilt,71de414f-d6d9-4675-b2be-55660e8ea2ec,ea70bbbd-ff37-4d68-9403-ab3fdb07aff8,The ball is on the table. Ali tilts the table. The ball rolls.,0.933333333333333,2955.95000001198,2664.02142863115,,,,1,1,1,1,11.5,0.0,0.019047619047619,4.49,62,0.703125,0.022216796875,-2.671875,-0.007476806640625,-0.75390625,0.41015625,-0.5078125,-0.291015625,-0.78515625,0.322265625,-0.28515625,-0.228515625,-0.435546875,1.171875,-0.98828125,-0.5390625,-0.46484375,0.08544921875,0.11669921875,0.291015625,-0.1982421875,0.361328125,-0.484375,-0.115234375,-0.099609375,-0.1494140625,-0.1728515625,0.25390625,0.0791015625,-0.431640625,-0.013427734375,0.279296875,-0.63671875,0.07421875,-0.032470703125,0.00616455078125,0.12158203125,-0.470703125,-0.337890625,0.06494140625,0.19921875,-0.25390625,-0.2314453125,0.451171875,-0.384765625,0.0211181640625,0.72265625,-0.5390625,0.439453125,0.06982421875,0.046875,0.498046875,0.1259765625,-0.34375,-0.2490234375,-0.1982421875,-0.474609375,0.326171875,-1.046875,-0.03466796875,-1.6484375,-0.228515625,0.65625,0.5625,0.578125,0.69921875,0.0062255859375,0.1650390625,-0.3984375,0.228515625,0.83984375,0.421875,0.111328125,-0.54296875,0.0380859375,0.181640625,-0.458984375,0.9296875,0.349609375,0.2890625,-0.158203125,-0.0113525390625,0.1650390625,-0.34375,0.2255859375,-0.396484375,-0.7578125,0.72265625,-0.427734375,-0.25,-0.640625,-0.1396484375,0.1982421875,-0.70703125,0.296875,-0.439453125,The ball is on the table. Ali BLANK the table. The ball rolls.,The ball is on the table. Ali tilts the table. The ball rolls.,15,0
The book is BLANK the table. Ali moves the table. The book doesn't move.,action_nonfollows,context,action_nonfollows_context,under,on,f4174164-f5bf-4d47-a7d9-6a27ab8f1b60,c3e7a166-3f5b-47f1-b666-c3b03ceefd5c,The book is under the table. Ali moves the table. The book doesn't move.,0.666666666666667,2915.77499994636,2054.96249999106,0.666666666666667,0.666666666666667,0.666666666666667,0,0,1,1,-8.75,0.0,0.0476190476190477,4.678749999999999,72,0.65234375,0.0201416015625,-2.703125,-0.040283203125,-0.76171875,0.3984375,-0.5546875,-0.2734375,-0.73828125,0.37109375,-0.251953125,-0.1787109375,-0.41015625,1.03125,-1.125,-0.5546875,-0.4296875,0.1240234375,0.1923828125,0.19921875,-0.2021484375,0.453125,-0.58984375,0.052734375,-0.031982421875,-0.03076171875,-0.26953125,0.1630859375,0.16015625,-0.388671875,-0.036376953125,0.3359375,-0.6640625,-0.138671875,-0.054443359375,-0.04833984375,0.11474609375,-0.578125,-0.265625,0.12890625,0.1611328125,-0.259765625,-0.23046875,0.49609375,-0.41015625,-0.001251220703125,0.79296875,-0.578125,0.326171875,0.022216796875,0.0283203125,0.43359375,0.125,-0.36328125,-0.21875,-0.1826171875,-0.474609375,0.275390625,-0.86328125,-0.08203125,-1.625,-0.1982421875,0.67578125,0.625,0.62890625,0.45703125,-0.057861328125,0.138671875,-0.369140625,0.251953125,0.78515625,0.37109375,0.11181640625,-0.54296875,0.019287109375,0.169921875,-0.4453125,0.828125,0.34765625,0.1943359375,-0.1845703125,0.059326171875,0.2060546875,-0.07470703125,0.23828125,-0.30859375,-0.6953125,0.72265625,-0.330078125,-0.10791015625,-0.5546875,-0.13671875,0.2353515625,-0.671875,0.115234375,-0.341796875,The book is BLANK the table. Ali moves the table. The book doesn't move.,The book is under the table. Ali moves the table. The book doesn't move.,21,15
The book is BLANK the table. Ali moves the table. The book moves.,action_follows,context,action_follows_context,on,under,c5b94efb-8f3e-44d0-9348-6c1f54a86e01,6954da6b-30fa-4840-8d25-fb94fe249643,The book is on the table. Ali moves the table. The book moves.,0.933333333333333,4215.3153846443,2441.69999996759,,,,1,1,1,1,9.9375,0.0,-0.206060606060606,4.936428571428571,62,0.6015625,0.032958984375,-2.78125,-0.052734375,-0.7578125,0.419921875,-0.546875,-0.265625,-0.75,0.390625,-0.2578125,-0.203125,-0.38671875,1.0625,-1.140625,-0.5625,-0.404296875,0.13671875,0.19921875,0.2060546875,-0.181640625,0.474609375,-0.59375,0.07861328125,-0.00152587890625,-0.07080078125,-0.28515625,0.154296875,0.2265625,-0.3515625,-0.0089111328125,0.39453125,-0.625,-0.12158203125,-0.08203125,-0.0810546875,0.1357421875,-0.6015625,-0.259765625,0.1435546875,0.2021484375,-0.26171875,-0.30859375,0.453125,-0.39453125,-0.0390625,0.76171875,-0.66015625,0.33984375,0.07470703125,0.056884765625,0.498046875,0.12890625,-0.375,-0.1923828125,-0.166015625,-0.453125,0.279296875,-0.92578125,-0.05322265625,-1.6171875,-0.2109375,0.65234375,0.6484375,0.6640625,0.43359375,-0.0341796875,0.1484375,-0.310546875,0.220703125,0.7890625,0.39453125,0.1416015625,-0.58203125,-0.023681640625,0.1630859375,-0.392578125,0.84375,0.32421875,0.1826171875,-0.1552734375,0.015625,0.1962890625,-0.111328125,0.2890625,-0.26953125,-0.72265625,0.71875,-0.32421875,-0.1083984375,-0.56640625,-0.1455078125,0.212890625,-0.69140625,0.099609375,-0.357421875,The book is BLANK the table. Ali moves the table. The book moves.,The book is on the table. Ali moves the table. The book moves.,15,0
The book is on the shelf. Ali bumps the BLANK. The book falls off the shelf.,action_follows,context,action_follows_context,shelf,lamp,f19c38d7-7502-4197-8d65-2e3930a4a575,7e6607d0-2416-4bfe-b319-739bf9c96d8c,The book is on the shelf. Ali bumps the shelf. The book falls off the shelf.,1.0,3620.64666670238,2953.5266666241,,,,1,1,1,1,5.4375,-1.0,-0.142857142857143,4.416470588235294,76,0.63671875,0.044921875,-2.921875,-0.06396484375,-0.79296875,0.376953125,-0.59765625,-0.2294921875,-0.7421875,0.306640625,-0.2470703125,-0.212890625,-0.40625,1.1015625,-1.1171875,-0.392578125,-0.337890625,0.080078125,0.2333984375,0.291015625,-0.1669921875,0.42578125,-0.5703125,-0.0301513671875,-0.0537109375,-0.0830078125,-0.1865234375,0.3359375,0.1259765625,-0.435546875,-0.0228271484375,0.279296875,-0.625,-0.02197265625,-0.1044921875,-0.0125732421875,0.2041015625,-0.5546875,-0.140625,0.1767578125,0.2080078125,-0.33984375,-0.30078125,0.44921875,-0.46875,0.0015869140625,0.6875,-0.625,0.30859375,0.162109375,0.0159912109375,0.353515625,0.1044921875,-0.3828125,-0.228515625,-0.1240234375,-0.498046875,0.267578125,-0.8203125,0.02783203125,-1.7734375,-0.19140625,0.7109375,0.671875,0.578125,0.546875,-0.06982421875,0.234375,-0.400390625,0.3203125,0.80078125,0.412109375,0.1103515625,-0.54296875,0.2255859375,0.212890625,-0.57421875,0.796875,0.26171875,0.16796875,-0.1455078125,0.126953125,0.12060546875,-0.04052734375,0.193359375,-0.19140625,-0.7578125,0.625,-0.494140625,-0.1298828125,-0.57421875,-0.10546875,0.19140625,-0.79296875,0.107421875,-0.490234375,The book is on the shelf. Ali bumps the BLANK. The book falls off the shelf.,The book is on the shelf. Ali bumps the shelf. The book falls off the shelf.,15,0
The book is on the table. Ali moves the BLANK. The table doesn't move.,action_follows,context,action_follows_context,book,table,9790b291-36f6-41f5-ae7f-930eaf6351a3,88d5c865-51f7-4265-9a1b-38bd7045c41b,The book is on the table. Ali moves the book. The table doesn't move.,0.9375,4595.34999964642,3227.97999985665,,,,1,1,1,1,10.0,-1.0,-0.1375,4.760624999999999,69,0.65625,0.0289306640625,-2.71875,-0.039794921875,-0.76953125,0.392578125,-0.546875,-0.26171875,-0.71484375,0.361328125,-0.2392578125,-0.13671875,-0.43359375,1.0625,-1.125,-0.51171875,-0.392578125,0.09619140625,0.1767578125,0.267578125,-0.1923828125,0.4140625,-0.55859375,0.03466796875,-0.0107421875,-0.1064453125,-0.2431640625,0.275390625,0.150390625,-0.412109375,-0.0174560546875,0.326171875,-0.58984375,-0.048095703125,0.00421142578125,-0.0216064453125,0.16796875,-0.56640625,-0.287109375,0.1650390625,0.20703125,-0.298828125,-0.287109375,0.478515625,-0.44140625,-0.033447265625,0.73046875,-0.76171875,0.3828125,0.1376953125,0.011962890625,0.474609375,0.0947265625,-0.484375,-0.2275390625,-0.1357421875,-0.44921875,0.3125,-0.9296875,-0.062255859375,-1.609375,-0.201171875,0.73828125,0.625,0.57421875,0.54296875,-0.12158203125,0.2080078125,-0.408203125,0.3046875,0.8515625,0.373046875,0.1142578125,-0.55078125,0.06982421875,0.2294921875,-0.443359375,0.8515625,0.349609375,0.189453125,-0.1748046875,0.08544921875,0.1650390625,-0.07275390625,0.2177734375,-0.279296875,-0.67578125,0.73046875,-0.36328125,-0.150390625,-0.578125,-0.09033203125,0.1962890625,-0.72265625,0.09814453125,-0.44921875,The book is on the table. Ali moves the BLANK. The table doesn't move.,The book is on the table. Ali moves the book. The table doesn't move.,16,0
The box is BLANK Ali. Ali turns around. The box is East of Ali.,geocentric_near,context,geocentric_near_context,East of,West of,b0e64cb1-3310-46ca-8b33-382c3f58ca71,32cf82f2-f1d9-47f7-a424-179811371198,The box is East of Ali. Ali turns around. The box is East of Ali.,0.181818181818182,5355.89999990468,1084.04999999981,0.25,1.0,0.571428571428571,0,0,0,0,-3.375,0.0,0.181818181818182,4.68375,65,0.58984375,0.0179443359375,-2.734375,-0.005523681640625,-0.7109375,0.37890625,-0.6171875,-0.302734375,-0.78125,0.453125,-0.2734375,-0.33984375,-0.42578125,1.0390625,-1.203125,-0.494140625,-0.341796875,0.07177734375,0.22265625,0.2451171875,-0.181640625,0.55859375,-0.60546875,-0.053955078125,-0.0869140625,-0.054443359375,-0.169921875,-0.1474609375,0.25,-0.40234375,-0.01495361328125,0.3828125,-0.55859375,-0.205078125,-0.00384521484375,-0.08740234375,0.2197265625,-0.67578125,-0.32421875,0.09765625,0.2333984375,-0.2421875,-0.35546875,0.248046875,-0.41015625,0.046142578125,0.6796875,-0.66015625,0.388671875,-0.1171875,0.1650390625,0.43359375,0.11328125,-0.3203125,-0.275390625,-0.138671875,-0.484375,0.25,-0.97265625,0.0034942626953125,-1.7265625,-0.1689453125,0.67578125,0.6484375,0.71875,0.546875,-0.058837890625,0.15625,-0.357421875,0.208984375,0.90234375,0.451171875,0.1650390625,-0.59375,-0.008544921875,0.1376953125,-0.5390625,0.65625,0.306640625,0.1962890625,-0.1591796875,-0.09716796875,0.1611328125,-0.173828125,0.244140625,-0.3203125,-0.65234375,0.86328125,-0.251953125,-0.263671875,-0.515625,-0.04296875,0.28125,-0.8046875,0.150390625,-0.41796875,The box is BLANK Ali. Ali turns around. The box is East of Ali.,The box is East of Ali. Ali turns around. The box is East of Ali.,22,16
The box is BLANK Ali. Ali turns around. The box is North of Ali.,geocentric_near,context,geocentric_near_context,North of,South of,1bf71258-989a-4397-a794-adeaad151155,cc0f8483-f6de-46de-8138-cd9f9e354061,The box is North of Ali. Ali turns around. The box is North of Ali.,0.428571428571429,5002.73999994993,886.520000004768,1.0,0.5,0.857142857142857,0,0,1,1,-1.625,0.0,0.221428571428571,4.7175,67,0.58984375,0.057861328125,-2.734375,-0.01031494140625,-0.71484375,0.41015625,-0.640625,-0.287109375,-0.78515625,0.4375,-0.3046875,-0.294921875,-0.41015625,1.0703125,-1.2578125,-0.486328125,-0.361328125,0.044921875,0.2197265625,0.212890625,-0.18359375,0.5859375,-0.65234375,-0.0380859375,-0.06982421875,-0.0079345703125,-0.2177734375,-0.0732421875,0.255859375,-0.3984375,-0.03271484375,0.322265625,-0.5703125,-0.2490234375,0.02294921875,-0.0791015625,0.1953125,-0.66796875,-0.33984375,0.11181640625,0.224609375,-0.2470703125,-0.357421875,0.2578125,-0.40625,0.0296630859375,0.6796875,-0.671875,0.392578125,-0.1123046875,0.1708984375,0.40234375,0.10986328125,-0.318359375,-0.28515625,-0.14453125,-0.48828125,0.25,-0.9765625,0.0027008056640625,-1.671875,-0.19140625,0.68359375,0.65234375,0.72265625,0.546875,-0.055419921875,0.1552734375,-0.353515625,0.21875,0.8984375,0.45703125,0.1669921875,-0.609375,-0.001953125,0.1630859375,-0.53515625,0.6328125,0.2890625,0.2060546875,-0.154296875,-0.10693359375,0.1591796875,-0.17578125,0.248046875,-0.34765625,-0.65234375,0.87890625,-0.26953125,-0.26953125,-0.50390625,-0.040771484375,0.2890625,-0.77734375,0.1796875,-0.41015625,The box is BLANK Ali. Ali turns around. The box is North of Ali.,The box is North of Ali. Ali turns around. The box is North of Ali.,21,15
The box is BLANK Ali. Ali turns around. The box is South of Ali.,geocentric_near,context,geocentric_near_context,South of,North of,52b3e8dc-593f-4bc6-b2c0-c29a89b829d2,e586c6ab-2759-4cf9-a481-e86e8d272815,The box is South of Ali. Ali turns around. The box is South of Ali.,0.3125,9492.39999997616,4673.19999992847,1.0,0.666666666666667,0.875,0,0,0,0,-3.875,0.0,0.0625,4.72875,67,0.58203125,0.0546875,-2.734375,-0.0113525390625,-0.7109375,0.4140625,-0.62890625,-0.28125,-0.796875,0.431640625,-0.287109375,-0.30859375,-0.41015625,1.078125,-1.234375,-0.494140625,-0.3671875,0.053466796875,0.228515625,0.20703125,-0.185546875,0.59375,-0.66796875,-0.0306396484375,-0.080078125,0.00592041015625,-0.2109375,-0.07373046875,0.259765625,-0.3984375,-0.0274658203125,0.29296875,-0.5625,-0.251953125,0.018310546875,-0.0830078125,0.1982421875,-0.671875,-0.337890625,0.10546875,0.224609375,-0.2451171875,-0.35546875,0.255859375,-0.40625,0.032470703125,0.6796875,-0.67578125,0.392578125,-0.130859375,0.173828125,0.41796875,0.107421875,-0.333984375,-0.28125,-0.130859375,-0.486328125,0.2431640625,-0.984375,0.0034332275390625,-1.6875,-0.177734375,0.6796875,0.6484375,0.72265625,0.55078125,-0.05419921875,0.1494140625,-0.35546875,0.21875,0.90234375,0.470703125,0.1640625,-0.6015625,-0.004180908203125,0.146484375,-0.51953125,0.62890625,0.296875,0.2060546875,-0.1533203125,-0.10205078125,0.1640625,-0.1796875,0.248046875,-0.34765625,-0.65625,0.8671875,-0.267578125,-0.279296875,-0.48828125,-0.04150390625,0.28125,-0.77734375,0.1904296875,-0.412109375,The box is BLANK Ali. Ali turns around. The box is South of Ali.,The box is South of Ali. Ali turns around. The box is South of Ali.,16,15
The box is BLANK Ali. Ali turns around. The box is West of Ali.,geocentric_near,context,geocentric_near_context,West of,East of,d2c5e67f-f1b9-4e10-829e-c096ca6fa206,c77f4233-c964-4f83-8ac6-95f75eae89bf,The box is West of Ali. Ali turns around. The box is West of Ali.,0.333333333333333,3531.64000000171,2152.32499990147,0.8,0.666666666666667,0.75,0,0,0,0,-5.5625,0.0,0.142857142857143,4.70875,65,0.5859375,0.00946044921875,-2.734375,0.0021209716796875,-0.71484375,0.373046875,-0.61328125,-0.3046875,-0.7890625,0.423828125,-0.26953125,-0.3359375,-0.419921875,1.03125,-1.1796875,-0.51171875,-0.359375,0.07080078125,0.216796875,0.24609375,-0.1787109375,0.54296875,-0.62109375,-0.064453125,-0.060546875,-0.037841796875,-0.1474609375,-0.189453125,0.259765625,-0.412109375,-0.0308837890625,0.40234375,-0.5546875,-0.2041015625,0.0120849609375,-0.1005859375,0.205078125,-0.67578125,-0.31640625,0.0966796875,0.224609375,-0.2373046875,-0.357421875,0.240234375,-0.41015625,0.0400390625,0.6796875,-0.6640625,0.408203125,-0.11865234375,0.1708984375,0.443359375,0.11376953125,-0.33203125,-0.271484375,-0.130859375,-0.470703125,0.2470703125,-0.99609375,-0.00531005859375,-1.71875,-0.1845703125,0.69140625,0.65234375,0.71875,0.5390625,-0.057373046875,0.1513671875,-0.349609375,0.2041015625,0.91796875,0.44921875,0.15625,-0.6015625,-0.0247802734375,0.15625,-0.54296875,0.65234375,0.3125,0.2060546875,-0.15625,-0.08056640625,0.1640625,-0.1689453125,0.2333984375,-0.3046875,-0.65234375,0.8515625,-0.2578125,-0.25390625,-0.5078125,-0.036376953125,0.275390625,-0.80078125,0.1787109375,-0.423828125,The box is BLANK Ali. Ali turns around. The box is West of Ali.,The box is West of Ali. Ali turns around. The box is West of Ali.,15,15
The box is BLANK the bridge. Ali goes over the bridge. The box is below the bridge.,action_nonfollows,context,action_nonfollows_context,below,above,4cd5469b-d318-4ba2-8372-dc157d645b52,98c038cb-efdc-406f-b9e3-81ad271a1e08,The box is below the bridge. Ali goes over the bridge. The box is below the bridge.,0.80952380952381,6503.21666666244,3176.12857143328,,,,0,0,1,1,5.6875,1.0,0.0952380952380952,4.752222222222221,83,0.62890625,-0.033447265625,-2.8125,-0.045654296875,-0.80859375,0.38671875,-0.5546875,-0.212890625,-0.66796875,0.37890625,-0.337890625,-0.142578125,-0.41796875,1.0859375,-1.1328125,-0.6484375,-0.421875,0.05908203125,0.2236328125,0.271484375,-0.203125,0.57421875,-0.625,-0.0654296875,-0.08203125,0.00150299072265625,-0.11865234375,0.373046875,0.1572265625,-0.388671875,-0.09619140625,0.34375,-0.703125,-0.31640625,-0.12255859375,-0.02392578125,0.1328125,-0.56640625,-0.3359375,0.07080078125,0.197265625,-0.263671875,-0.255859375,0.341796875,-0.4140625,-0.01123046875,0.76171875,-0.58203125,0.306640625,-0.07373046875,0.1181640625,0.40234375,0.10888671875,-0.3359375,-0.302734375,-0.185546875,-0.52734375,0.283203125,-0.8203125,-0.00171661376953125,-1.8046875,-0.1259765625,0.734375,0.71484375,0.62890625,0.51171875,0.033447265625,0.1904296875,-0.376953125,0.1513671875,0.91015625,0.52734375,0.099609375,-0.54296875,0.1484375,0.1748046875,-0.53515625,0.8046875,0.30859375,0.1923828125,-0.1591796875,-0.04345703125,0.1435546875,-0.173828125,0.2265625,-0.337890625,-0.71875,0.7109375,-0.376953125,-0.2119140625,-0.51953125,-0.17578125,0.265625,-0.828125,0.1513671875,-0.439453125,The box is BLANK the bridge. Ali goes over the bridge. The box is below the bridge.,The box is below the bridge. Ali goes over the bridge. The box is below the bridge.,21,0
The box is BLANK the tunnel. Ali goes under the tunnel. The box is above the tunnel.,action_nonfollows,context,action_nonfollows_context,above,below,7de0da1d-ba3a-47fe-9a82-2f00e28f2ef0,e69b97e8-2da0-4c5a-bc06-8a8cc1821ff9,The box is above the tunnel. Ali goes under the tunnel. The box is above the tunnel.,0.9375,4148.51999999955,6048.96000014357,,,,0,0,1,1,4.375,1.0,-0.0875,4.570555555555555,84,0.64453125,-0.00089263916015625,-2.828125,-0.05615234375,-0.77734375,0.4140625,-0.546875,-0.259765625,-0.66796875,0.357421875,-0.34765625,-0.169921875,-0.423828125,1.0625,-1.1796875,-0.6171875,-0.392578125,0.046142578125,0.2119140625,0.2412109375,-0.203125,0.578125,-0.6328125,-0.041259765625,-0.0556640625,-0.044189453125,-0.13671875,0.3515625,0.14453125,-0.380859375,-0.08154296875,0.328125,-0.66796875,-0.2373046875,-0.134765625,-0.035888671875,0.14453125,-0.6171875,-0.36328125,0.1279296875,0.1943359375,-0.2734375,-0.2451171875,0.32421875,-0.4140625,-0.0279541015625,0.7578125,-0.58203125,0.32421875,-0.08935546875,0.0966796875,0.404296875,0.11669921875,-0.37890625,-0.30859375,-0.1796875,-0.53515625,0.298828125,-0.8125,-0.037109375,-1.7734375,-0.140625,0.765625,0.7421875,0.6171875,0.5234375,0.04296875,0.2080078125,-0.3828125,0.1494140625,0.8984375,0.490234375,0.10205078125,-0.55078125,0.16015625,0.2294921875,-0.5078125,0.76171875,0.296875,0.1923828125,-0.1611328125,-0.03759765625,0.1396484375,-0.162109375,0.20703125,-0.29296875,-0.69140625,0.78125,-0.369140625,-0.197265625,-0.50390625,-0.134765625,0.26171875,-0.8671875,0.1728515625,-0.4375,The box is BLANK the tunnel. Ali goes under the tunnel. The box is above the tunnel.,The box is above the tunnel. Ali goes under the tunnel. The box is above the tunnel.,16,0
The box is close to Ali. Ali throws the BLANK. The box is close to Ali.,action_nonfollows,context,action_nonfollows_context,ball,box,e3fabdd8-517d-4cfa-bc41-ccec595ee1e6,cce2c8f9-2ca6-4851-93b5-e79efd0dfdae,The box is close to Ali. Ali throws the ball. The box is close to Ali.,0.714285714285714,5098.61111110449,2935.37999998927,1.0,1.0,1.0,1,1,1,1,2.25,-1.0,-0.0476190476190477,4.622352941176469,70,0.5625,0.07275390625,-2.8125,-0.0079345703125,-0.7734375,0.478515625,-0.63671875,-0.2890625,-0.76171875,0.359375,-0.310546875,-0.2392578125,-0.3984375,1.1171875,-1.140625,-0.53515625,-0.31640625,0.0625,0.2158203125,0.30078125,-0.1640625,0.474609375,-0.40625,0.037353515625,-0.043701171875,-0.02587890625,-0.232421875,0.30078125,0.0888671875,-0.4453125,-0.12060546875,0.408203125,-0.6328125,-0.11376953125,-0.0233154296875,0.00921630859375,0.1484375,-0.55078125,-0.357421875,0.1474609375,0.2451171875,-0.29296875,-0.44140625,0.451171875,-0.4140625,-0.05126953125,0.66796875,-0.78515625,0.361328125,0.12158203125,0.051513671875,0.4765625,0.11279296875,-0.453125,-0.2314453125,-0.1259765625,-0.478515625,0.240234375,-0.90234375,-0.053955078125,-1.7109375,-0.1083984375,0.62109375,0.625,0.6171875,0.56640625,-0.057373046875,0.224609375,-0.447265625,0.31640625,0.88671875,0.412109375,0.138671875,-0.57421875,0.0625,0.2578125,-0.58984375,0.88671875,0.3671875,0.1845703125,-0.1552734375,-0.037353515625,0.005889892578125,-0.11865234375,0.189453125,-0.1240234375,-0.71875,0.7578125,-0.400390625,-0.1533203125,-0.640625,-0.052734375,0.1875,-0.8046875,0.09228515625,-0.46875,The box is close to Ali. Ali throws the BLANK. The box is close to Ali.,The box is close to Ali. Ali throws the ball. The box is close to Ali.,21,13
The box is floating in the water. Ali puts a BLANK in the box. The box floats.,action_nonfollows,context,action_nonfollows_context,tennis ball,bowling ball,404b0ee5-9321-4dca-84de-c0fc88f31ea8,98b72be0-58d5-4b11-ba0a-4b28ae9a5c5d,The box is floating in the water. Ali puts a tennis ball in the box. The box floats.,0.954545454545455,4244.28000012874,3143.94000003547,,,,0,1,1,1,11.5,1.0,-0.227272727272727,4.515263157894738,84,0.6015625,0.06787109375,-2.953125,-0.0257568359375,-0.80859375,0.40234375,-0.61328125,-0.275390625,-0.7109375,0.328125,-0.2490234375,-0.25,-0.390625,1.140625,-1.0859375,-0.51953125,-0.35546875,0.0869140625,0.1650390625,0.26171875,-0.15625,0.451171875,-0.42578125,0.0225830078125,-0.134765625,0.045654296875,-0.19140625,0.369140625,0.05078125,-0.357421875,-0.032470703125,0.439453125,-0.7109375,0.0238037109375,-0.05810546875,-0.03369140625,0.1650390625,-0.58984375,-0.2314453125,0.0751953125,0.1484375,-0.298828125,-0.376953125,0.474609375,-0.431640625,-0.0069580078125,0.765625,-0.71875,0.29296875,0.01556396484375,0.0216064453125,0.375,0.08203125,-0.462890625,-0.2578125,-0.0576171875,-0.58203125,0.283203125,-0.9296875,-0.0247802734375,-1.8125,-0.09423828125,0.7109375,0.62109375,0.5859375,0.48828125,-0.0196533203125,0.171875,-0.5078125,0.4140625,0.84765625,0.365234375,0.1181640625,-0.50390625,0.173828125,0.1962890625,-0.59375,0.921875,0.29296875,0.18359375,-0.138671875,0.03759765625,-0.024169921875,-0.2177734375,0.296875,-0.10546875,-0.6875,0.734375,-0.435546875,-0.134765625,-0.6328125,-0.1435546875,0.1640625,-0.73828125,0.09765625,-0.4765625,The box is floating in the water. Ali puts a BLANK in the box. The box floats.,The box is floating in the water. Ali puts a tennis ball in the box. The box floats.,22,0
The box is floating in the water. Ali puts a BLANK in the box. The box sinks.,action_follows,context,action_follows_context,bowling ball,tennis ball,82c6fed4-41cb-422d-a9a5-872a05bb5148,8d9aee79-e06e-45a3-b99f-1eb1995ac12e,The box is floating in the water. Ali puts a bowling ball in the box. The box sinks.,0.9375,2913.79999998906,3242.46363637224,,,,0,1,1,1,11.6875,1.0,0.0625,4.478421052631578,84,0.59765625,0.0693359375,-2.9375,-0.0255126953125,-0.8046875,0.39453125,-0.61328125,-0.26953125,-0.71875,0.32421875,-0.2412109375,-0.255859375,-0.3828125,1.140625,-1.09375,-0.5234375,-0.359375,0.0927734375,0.1650390625,0.248046875,-0.1630859375,0.4375,-0.439453125,0.00112152099609375,-0.138671875,0.036865234375,-0.2255859375,0.412109375,0.049560546875,-0.35546875,-0.04638671875,0.4140625,-0.71875,0.00823974609375,-0.0634765625,-0.0283203125,0.1669921875,-0.58203125,-0.2265625,0.0810546875,0.1396484375,-0.29296875,-0.34765625,0.466796875,-0.42578125,-0.01104736328125,0.765625,-0.7109375,0.306640625,0.026611328125,0.0257568359375,0.333984375,0.09033203125,-0.44921875,-0.251953125,-0.07373046875,-0.5703125,0.2734375,-0.921875,-0.051025390625,-1.796875,-0.099609375,0.703125,0.6015625,0.58984375,0.466796875,-0.021240234375,0.1796875,-0.5234375,0.408203125,0.84375,0.36328125,0.12158203125,-0.490234375,0.1767578125,0.173828125,-0.58984375,0.89453125,0.283203125,0.1884765625,-0.15234375,0.038330078125,-0.01190185546875,-0.1923828125,0.291015625,-0.1064453125,-0.671875,0.71484375,-0.44140625,-0.10693359375,-0.625,-0.130859375,0.1630859375,-0.73828125,0.09765625,-0.49609375,The box is floating in the water. Ali puts a BLANK in the box. The box sinks.,The box is floating in the water. Ali puts a bowling ball in the box. The box sinks.,16,0
The box is in front of the ball. Ali pushes the box BLANK ball. The ball is touching the box.,relative_pos,context,relative_pos_context,into,away from,,a509ea81-bae8-497c-99d1-458ff8c8b2b8,The box is in front of the ball. Ali pushes the box into ball. The ball is touching the box.,0.866666666666667,4359.75454548492,3258.90000011349,,,,1,1,1,1,-2.0,,,4.6971428571428575,92,0.64453125,0.041259765625,-2.875,-0.0390625,-0.82421875,0.345703125,-0.640625,-0.318359375,-0.703125,0.27734375,-0.310546875,-0.28515625,-0.4140625,1.0546875,-1.1484375,-0.58203125,-0.4140625,0.1298828125,0.2099609375,0.2353515625,-0.201171875,0.43359375,-0.470703125,-0.13671875,-0.16015625,-0.00080108642578125,-0.140625,0.302734375,0.0556640625,-0.380859375,-0.0283203125,0.4296875,-0.81640625,-0.150390625,-0.0654296875,0.064453125,0.11279296875,-0.6328125,-0.41015625,0.1123046875,0.1728515625,-0.2236328125,-0.310546875,0.390625,-0.458984375,0.00396728515625,0.6328125,-0.51171875,0.265625,0.0859375,-0.00457763671875,0.44140625,0.07666015625,-0.26171875,-0.2734375,-0.1826171875,-0.5078125,0.328125,-0.81640625,-0.078125,-1.6953125,-0.125,0.7734375,0.60546875,0.5546875,0.6328125,0.0267333984375,0.384765625,-0.322265625,0.2373046875,0.86328125,0.390625,0.099609375,-0.5859375,0.1923828125,0.38671875,-0.58203125,0.8203125,0.27734375,0.18359375,-0.1455078125,0.033935546875,0.0498046875,-0.2197265625,0.25390625,-0.185546875,-0.640625,0.65625,-0.35546875,-0.1455078125,-0.59375,-0.19921875,0.2158203125,-0.828125,0.1484375,-0.453125,The box is in front of the ball. Ali pushes the box BLANK ball. The ball is touching the box.,The box is in front of the ball. Ali pushes the box into ball. The ball is touching the box.,15,0
The box is in front of the ball. Ali pushes the box BLANK the ball. The ball is not touching the box.,relative_pos,context,relative_pos_context,away from,into,6ed78bd2-0170-46be-b67e-fa783eee84a4,669fbf7e-0265-4a7e-9c49-6cdf1c01ec52,The box is in front of the ball. Ali pushes the box away from the ball. The ball is not touching the box.,0.904761904761905,5205.03636358001,2017.49000007808,,,,0,1,1,1,13.0,0.0,-0.0547619047619048,4.772083333333335,105,0.65234375,0.04541015625,-2.875,-0.04833984375,-0.82421875,0.33984375,-0.6484375,-0.318359375,-0.671875,0.275390625,-0.3203125,-0.3125,-0.419921875,1.046875,-1.1640625,-0.5859375,-0.4140625,0.12353515625,0.2294921875,0.2294921875,-0.1953125,0.439453125,-0.498046875,-0.1591796875,-0.1650390625,0.005584716796875,-0.140625,0.3359375,0.05224609375,-0.3984375,-0.041259765625,0.39453125,-0.8359375,-0.205078125,-0.07861328125,0.09228515625,0.0693359375,-0.62109375,-0.435546875,0.12060546875,0.1591796875,-0.2158203125,-0.28515625,0.369140625,-0.48046875,0.05810546875,0.6328125,-0.427734375,0.1845703125,0.0302734375,-0.044189453125,0.443359375,0.07080078125,-0.283203125,-0.28515625,-0.212890625,-0.5234375,0.26171875,-0.73828125,-0.1455078125,-1.7109375,-0.0888671875,0.77734375,0.62109375,0.546875,0.6328125,0.041015625,0.380859375,-0.322265625,0.203125,0.859375,0.435546875,0.07861328125,-0.5546875,0.2890625,0.42578125,-0.609375,0.81640625,0.259765625,0.1787109375,-0.1513671875,0.0595703125,0.062255859375,-0.25,0.24609375,-0.2001953125,-0.625,0.66015625,-0.330078125,-0.1474609375,-0.60546875,-0.240234375,0.1953125,-0.85546875,0.1455078125,-0.478515625,The box is in front of the ball. Ali pushes the box BLANK the ball. The ball is not touching the box.,The box is in front of the ball. Ali pushes the box away from the ball. The ball is not touching the box.,21,0
The box is in the bin. Ali moves the BLANK. The bin doesn't move.,action_nonfollows,context,action_nonfollows_context,box,bin,404fad34-7abc-40fe-9bcf-1c8eda2605ad,90700c49-7f1d-44c0-8050-a9b22d925ad9,The box is in the bin. Ali moves the box. The bin doesn't move.,0.875,3886.51818154329,4296.76363636333,,,,1,1,1,1,9.625,-1.0,-0.3125,4.444999999999999,63,0.62890625,0.0142822265625,-2.6875,-0.024658203125,-0.76953125,0.3828125,-0.59765625,-0.23046875,-0.72265625,0.3984375,-0.3046875,-0.171875,-0.427734375,1.1015625,-1.1953125,-0.5859375,-0.3828125,0.05029296875,0.2392578125,0.283203125,-0.201171875,0.435546875,-0.4921875,0.05419921875,-0.06640625,-0.19921875,-0.259765625,0.2373046875,0.142578125,-0.431640625,-0.0673828125,0.33203125,-0.625,-0.0888671875,-0.058837890625,0.049560546875,0.1630859375,-0.5859375,-0.2265625,0.1494140625,0.1875,-0.2373046875,-0.30078125,0.421875,-0.451171875,0.0157470703125,0.75390625,-0.71875,0.39453125,0.09521484375,0.0120849609375,0.46484375,0.10302734375,-0.46875,-0.255859375,-0.08349609375,-0.4453125,0.33984375,-0.89453125,-0.05712890625,-1.6015625,-0.216796875,0.734375,0.66015625,0.61328125,0.5859375,-0.049072265625,0.2001953125,-0.404296875,0.3359375,0.8515625,0.255859375,0.1474609375,-0.58203125,0.125,0.291015625,-0.49609375,0.86328125,0.392578125,0.1943359375,-0.146484375,0.03125,0.1005859375,-0.1552734375,0.244140625,-0.294921875,-0.6328125,0.765625,-0.361328125,-0.1484375,-0.55078125,-0.09912109375,0.21484375,-0.7421875,0.09130859375,-0.431640625,The box is in the bin. Ali moves the BLANK. The bin doesn't move.,The box is in the bin. Ali moves the box. The bin doesn't move.,16,0
The box is in the bin. Ali moves the BLANK. The box moves.,action_follows,context,action_follows_context,bin,box,256509c0-ac5b-4711-9410-0f6e229ded91,7587d0d2-e81f-412b-81c6-65ff564c7af1,The box is in the bin. Ali moves the bin. The box moves.,0.818181818181818,4759.6600000116,4539.69999999052,,,,1,0,1,1,5.3125,0.0,0.0909090909090908,4.57,56,0.5859375,0.01611328125,-2.78125,-0.01806640625,-0.77734375,0.41015625,-0.58984375,-0.2080078125,-0.7265625,0.400390625,-0.341796875,-0.21875,-0.408203125,1.1328125,-1.234375,-0.63671875,-0.359375,0.06787109375,0.2236328125,0.2890625,-0.1865234375,0.458984375,-0.5078125,0.0869140625,-0.0255126953125,-0.208984375,-0.2734375,0.21875,0.203125,-0.4140625,-0.0576171875,0.3828125,-0.58984375,-0.10888671875,-0.0240478515625,-0.0172119140625,0.197265625,-0.609375,-0.21875,0.15625,0.228515625,-0.251953125,-0.34375,0.421875,-0.43359375,-0.0478515625,0.734375,-0.8359375,0.439453125,0.1513671875,0.035400390625,0.4921875,0.11474609375,-0.50390625,-0.26171875,-0.1328125,-0.435546875,0.314453125,-0.93359375,-0.049560546875,-1.6171875,-0.181640625,0.71875,0.65625,0.671875,0.5546875,-0.05712890625,0.2001953125,-0.361328125,0.3046875,0.85546875,0.30859375,0.1708984375,-0.59375,0.034912109375,0.234375,-0.451171875,0.8984375,0.392578125,0.1953125,-0.111328125,-0.00885009765625,0.09033203125,-0.162109375,0.265625,-0.28515625,-0.69140625,0.74609375,-0.353515625,-0.1787109375,-0.5859375,-0.1005859375,0.2119140625,-0.7734375,0.1201171875,-0.435546875,The box is in the bin. Ali moves the BLANK. The box moves.,The box is in the bin. Ali moves the bin. The box moves.,22,0
The box is next to the ball. Ali puts the BLANK. The ball is touching the box.,relative_pos,context,relative_pos_context,ball inside the box,box inside the ball,388b1668-6c6d-4f2e-a33b-3ed74036ddce,fc0d4106-3356-4895-bc42-5a62bd027466,The box is next to the ball. Ali puts the ball inside the box. The ball is touching the box.,0.9375,3623.11999968756,8333.76363637027,,,,0,1,1,1,3.125,0.0,-0.25,4.7823809523809535,92,0.65234375,0.04931640625,-3.03125,0.003387451171875,-0.84375,0.37109375,-0.66015625,-0.251953125,-0.6484375,0.322265625,-0.279296875,-0.31640625,-0.4296875,1.109375,-1.2265625,-0.51171875,-0.33984375,0.050537109375,0.2451171875,0.287109375,-0.1865234375,0.4609375,-0.40234375,-0.162109375,-0.13671875,-0.03173828125,-0.2197265625,0.54296875,0.07958984375,-0.455078125,-0.10546875,0.36328125,-0.6953125,-0.05224609375,-0.125,0.166015625,0.234375,-0.65625,-0.373046875,0.162109375,0.1943359375,-0.26953125,-0.39453125,0.341796875,-0.43359375,0.080078125,0.640625,-0.68359375,0.345703125,0.208984375,-0.0189208984375,0.5,0.031982421875,-0.4296875,-0.3125,-0.12890625,-0.51171875,0.1845703125,-0.79296875,-0.02197265625,-1.703125,-0.1708984375,0.765625,0.61328125,0.53125,0.58984375,-0.048583984375,0.37109375,-0.365234375,0.1845703125,0.875,0.3984375,0.1416015625,-0.54296875,0.220703125,0.337890625,-0.58203125,0.8515625,0.29296875,0.2041015625,-0.0810546875,-0.035400390625,-0.0218505859375,-0.2216796875,0.2470703125,-0.2734375,-0.609375,0.6953125,-0.400390625,-0.1748046875,-0.6484375,-0.064453125,0.21875,-0.859375,0.11083984375,-0.5,The box is next to the ball. Ali puts the BLANK. The ball is touching the box.,The box is next to the ball. Ali puts the ball inside the box. The ball is touching the box.,16,0
The box is next to the ball. Ali puts the BLANK. the ball is larger than the box.,relative_pos,context,relative_pos_context,box inside the ball,ball inside the box,21d01910-b1f4-4b19-a397-e0e9e0b37f72,db44d1c2-8255-4f3c-a854-369f71e3d5bb,The box is next to the ball. Ali puts the box inside the ball. the ball is larger than the box.,0.476190476190476,4695.68333326777,3824.51666666071,0.8,0.666666666666667,0.75,0,0,1,1,-1.5,0.0,0.123809523809524,4.868181818181819,95,0.6796875,0.033203125,-3.015625,0.0028228759765625,-0.84375,0.349609375,-0.67578125,-0.205078125,-0.62890625,0.36328125,-0.283203125,-0.341796875,-0.435546875,1.0859375,-1.203125,-0.5625,-0.318359375,0.0830078125,0.2373046875,0.251953125,-0.185546875,0.4609375,-0.373046875,-0.1357421875,-0.1279296875,-0.07177734375,-0.2080078125,0.56640625,0.05810546875,-0.4765625,-0.060302734375,0.353515625,-0.71484375,-0.154296875,-0.1513671875,0.1611328125,0.267578125,-0.72265625,-0.37109375,0.1904296875,0.1845703125,-0.25,-0.37890625,0.32421875,-0.435546875,0.0517578125,0.64453125,-0.63671875,0.298828125,0.22265625,-0.0267333984375,0.45703125,0.037109375,-0.46484375,-0.298828125,-0.1435546875,-0.5390625,0.2236328125,-0.765625,0.068359375,-1.71875,-0.1953125,0.76171875,0.6171875,0.5,0.546875,-0.0255126953125,0.380859375,-0.375,0.189453125,0.8984375,0.466796875,0.1279296875,-0.57421875,0.2890625,0.39453125,-0.56640625,0.8671875,0.302734375,0.1826171875,-0.083984375,-0.02734375,-0.0252685546875,-0.259765625,0.220703125,-0.359375,-0.6015625,0.71875,-0.396484375,-0.1865234375,-0.66015625,-0.11962890625,0.21875,-0.84765625,0.1396484375,-0.46484375,The box is next to the ball. Ali puts the BLANK. the ball is larger than the box.,The box is next to the ball. Ali puts the box inside the ball. the ball is larger than the box.,21,18
The box is next to the desk. Ali stacks the BLANK. The box is above the desk.,relative_pos,context,relative_pos_context,box on the desk,desk on the box,603deb01-8317-4c7c-94a0-bf5636c088b7,f91211a1-71bd-4e92-b278-921cd60f87f1,The box is next to the desk. Ali stacks the box on the desk. The box is above the desk.,1.0,5408.00000006047,4741.32666666551,,,,0,1,1,1,0.75,1.0,0.0,4.61,87,0.65625,0.019775390625,-3.015625,0.037109375,-0.83203125,0.32421875,-0.68359375,-0.1328125,-0.6796875,0.298828125,-0.357421875,-0.314453125,-0.421875,1.15625,-1.328125,-0.54296875,-0.2890625,-0.00732421875,0.271484375,0.3359375,-0.1689453125,0.60546875,-0.56640625,-0.0294189453125,-0.1220703125,-0.19921875,-0.2734375,0.625,0.103515625,-0.443359375,-0.11181640625,0.279296875,-0.69921875,-0.048583984375,-0.0322265625,0.08203125,0.283203125,-0.6328125,-0.3046875,0.1923828125,0.2119140625,-0.29296875,-0.310546875,0.310546875,-0.46875,0.00506591796875,0.703125,-0.72265625,0.38671875,0.1611328125,-0.07958984375,0.419921875,0.04931640625,-0.40625,-0.27734375,-0.09765625,-0.484375,0.1904296875,-0.8359375,-0.033203125,-1.7109375,-0.1904296875,0.8046875,0.64453125,0.53125,0.59765625,-0.021240234375,0.412109375,-0.345703125,0.028076171875,0.76171875,0.400390625,0.1328125,-0.5546875,0.330078125,0.35546875,-0.5625,0.75,0.25390625,0.1865234375,-0.072265625,-0.005126953125,0.1484375,-0.1533203125,0.1875,-0.2451171875,-0.6328125,0.6328125,-0.44140625,-0.1591796875,-0.609375,-0.10205078125,0.1953125,-0.90234375,0.014404296875,-0.578125,The box is next to the desk. Ali stacks the BLANK. The box is above the desk.,The box is next to the desk. Ali stacks the box on the desk. The box is above the desk.,15,0
The box is next to the desk. Ali stacks the BLANK. The box is below the desk.,relative_pos,context,relative_pos_context,desk on the box,box on the desk,40fc1987-f712-4c26-91da-b131b595e419,efb787d1-515a-449c-b016-7968a6a36a0f,The box is next to the desk. Ali stacks the desk on the box. The box is below the desk.,0.571428571428571,5674.88750002533,3256.37142860038,0.6,1.0,0.777777777777778,0,0,1,1,3.25,0.0,0.178571428571429,4.626666666666667,87,0.6484375,0.0189208984375,-3.015625,0.035400390625,-0.8359375,0.32421875,-0.68359375,-0.1318359375,-0.67578125,0.302734375,-0.3515625,-0.30859375,-0.416015625,1.1640625,-1.3046875,-0.5390625,-0.29296875,-0.0081787109375,0.279296875,0.341796875,-0.169921875,0.59375,-0.55859375,-0.041259765625,-0.11669921875,-0.2119140625,-0.263671875,0.62109375,0.11572265625,-0.431640625,-0.09814453125,0.259765625,-0.69140625,-0.07421875,-0.058837890625,0.099609375,0.283203125,-0.671875,-0.3671875,0.20703125,0.208984375,-0.3046875,-0.341796875,0.2734375,-0.44921875,0.0284423828125,0.66796875,-0.73046875,0.38671875,0.162109375,-0.08935546875,0.45703125,0.0279541015625,-0.423828125,-0.275390625,-0.1298828125,-0.50390625,0.1728515625,-0.796875,-0.0059814453125,-1.7578125,-0.1923828125,0.80859375,0.62890625,0.5234375,0.625,0.005462646484375,0.41796875,-0.3515625,0.030517578125,0.7578125,0.400390625,0.1142578125,-0.53515625,0.32421875,0.37890625,-0.51953125,0.77734375,0.2890625,0.181640625,-0.076171875,0.00567626953125,0.181640625,-0.1396484375,0.1826171875,-0.2734375,-0.6328125,0.6328125,-0.44140625,-0.177734375,-0.609375,-0.09912109375,0.1787109375,-0.9140625,0.040771484375,-0.5859375,The box is next to the desk. Ali stacks the BLANK. The box is below the desk.,The box is next to the desk. Ali stacks the desk on the box. The box is below the desk.,21,18
The cup is empty. Ali pours BLANK in the cup. The cup is dry.,state_nonfollows,context,state_nonfollows_context,sand,water,55f6a41d-1a0d-4341-b14a-346d50b5d7d6,6a785729-cfcd-45a6-9087-df181fe49c39,The cup is empty. Ali pours sand in the cup. The cup is dry.,0.761904761904762,3340.07777788242,2832.36666666137,0.6,0.5,0.571428571428571,1,1,1,1,-1.125,0.0,0.238095238095238,4.475333333333333,60,0.59765625,0.04052734375,-2.90625,-0.0390625,-0.77734375,0.361328125,-0.6640625,-0.376953125,-0.76171875,0.4140625,-0.30078125,-0.240234375,-0.43359375,1.125,-1.125,-0.49609375,-0.333984375,0.029052734375,0.142578125,0.306640625,-0.177734375,0.34765625,-0.458984375,0.0130615234375,-0.12060546875,-0.0771484375,-0.34375,0.1904296875,0.2080078125,-0.357421875,-0.0712890625,0.296875,-0.63671875,-0.08544921875,-0.0235595703125,-0.05078125,0.1357421875,-0.498046875,-0.2275390625,0.1181640625,0.177734375,-0.318359375,-0.3125,0.427734375,-0.4140625,-0.039794921875,0.7421875,-0.59375,0.298828125,0.0810546875,0.134765625,0.412109375,0.126953125,-0.3203125,-0.171875,-0.2001953125,-0.462890625,0.283203125,-0.9453125,-0.1083984375,-1.609375,-0.1552734375,0.68359375,0.66015625,0.66015625,0.384765625,-0.10791015625,0.212890625,-0.51171875,0.482421875,0.859375,0.2490234375,0.1611328125,-0.466796875,-0.05712890625,0.140625,-0.66015625,0.89453125,0.27734375,0.2236328125,-0.1953125,-0.032958984375,0.10888671875,-0.064453125,0.205078125,-0.26171875,-0.640625,0.73828125,-0.408203125,-0.031494140625,-0.5859375,-0.1572265625,0.1806640625,-0.69921875,0.095703125,-0.3984375,The cup is empty. Ali pours BLANK in the cup. The cup is dry.,The cup is empty. Ali pours sand in the cup. The cup is dry.,21,10
The cup is empty. Ali pours BLANK in the cup. The cup is wet.,state_follows,context,state_follows_context,water,sand,dca0439c-43eb-44b4-9a0f-432aa7e61240,e93fbf7d-5305-4980-9e3a-35f549e74c39,The cup is empty. Ali pours water in the cup. The cup is wet.,1.0,4582.29333330585,1374.58333335274,,,,1,1,1,1,16.75,0.0,0.0,4.526666666666666,61,0.59765625,0.045166015625,-2.90625,-0.041259765625,-0.77734375,0.365234375,-0.65625,-0.388671875,-0.76953125,0.400390625,-0.291015625,-0.2236328125,-0.427734375,1.1328125,-1.1171875,-0.49609375,-0.33984375,0.035400390625,0.162109375,0.310546875,-0.1806640625,0.35546875,-0.443359375,0.01275634765625,-0.09765625,-0.06103515625,-0.318359375,0.1318359375,0.212890625,-0.357421875,-0.0615234375,0.30859375,-0.625,-0.0537109375,-0.003692626953125,-0.038330078125,0.1318359375,-0.49609375,-0.2080078125,0.103515625,0.1787109375,-0.31640625,-0.298828125,0.423828125,-0.412109375,-0.060302734375,0.73828125,-0.59765625,0.3203125,0.09912109375,0.15625,0.427734375,0.125,-0.322265625,-0.1943359375,-0.2041015625,-0.466796875,0.28125,-0.99609375,-0.1240234375,-1.578125,-0.1669921875,0.67578125,0.68359375,0.62890625,0.390625,-0.150390625,0.2109375,-0.486328125,0.474609375,0.83984375,0.25,0.1591796875,-0.46484375,-0.0341796875,0.162109375,-0.6640625,0.93359375,0.27734375,0.22265625,-0.193359375,-0.030517578125,0.10888671875,-0.0986328125,0.1884765625,-0.267578125,-0.66015625,0.71484375,-0.419921875,-0.052978515625,-0.59765625,-0.134765625,0.1728515625,-0.71484375,0.08544921875,-0.400390625,The cup is empty. Ali pours BLANK in the cup. The cup is wet.,The cup is empty. Ali pours water in the cup. The cup is wet.,15,0
The empty glass is on the table. Ali fills the BLANK halfway. The glass is dry.,state_nonfollows,context,state_nonfollows_context,sink,glass,62204216-9d62-4169-8b57-cf8f13f77a5e,e65ff7c3-4d74-494c-974e-af6694c8dbac,The empty glass is on the table. Ali fills the sink halfway. The glass is dry.,0.6875,4220.54999963241,4924.68571430844,0.833333333333333,0.5,0.75,0,0,1,1,-11.8125,0.0,0.130681818181818,4.474705882352941,78,0.6328125,0.007232666015625,-2.875,-0.0201416015625,-0.78515625,0.310546875,-0.65234375,-0.32421875,-0.76171875,0.376953125,-0.232421875,-0.2490234375,-0.39453125,1.125,-1.0234375,-0.404296875,-0.36328125,0.052490234375,0.1396484375,0.328125,-0.185546875,0.349609375,-0.5703125,0.0004634857177734375,-0.1435546875,-0.060791015625,-0.33203125,0.32421875,0.1474609375,-0.33984375,-0.11474609375,0.302734375,-0.65234375,-0.0712890625,-0.01165771484375,-0.053466796875,0.1904296875,-0.498046875,-0.2275390625,0.1416015625,0.2275390625,-0.322265625,-0.34375,0.46484375,-0.40234375,-0.035888671875,0.7578125,-0.66015625,0.373046875,-0.018798828125,0.047607421875,0.474609375,0.1279296875,-0.388671875,-0.2099609375,-0.162109375,-0.49609375,0.349609375,-0.80859375,0.033935546875,-1.6796875,-0.189453125,0.7109375,0.6015625,0.6640625,0.59375,-0.068359375,0.2138671875,-0.42578125,0.373046875,0.8828125,0.2578125,0.140625,-0.423828125,0.07421875,0.171875,-0.61328125,0.78515625,0.1748046875,0.21484375,-0.1572265625,-0.0062255859375,0.095703125,-0.052734375,0.2373046875,-0.035400390625,-0.66796875,0.7421875,-0.4296875,-0.07861328125,-0.62109375,-0.2001953125,0.2275390625,-0.71875,0.044189453125,-0.41015625,The empty glass is on the table. Ali fills the BLANK halfway. The glass is dry.,The empty glass is on the table. Ali fills the sink halfway. The glass is dry.,16,13
The glass and the cup are on the table. Ali pushes the BLANK off the table. The glass doesn't break.,state_nonfollows,context,state_nonfollows_context,cup,glass,5f74c73e-a00c-47d4-9d19-5e038470c0b6,327243ab-ecb2-459c-a9bf-867dfb152071,The glass and the cup are on the table. Ali pushes the cup off the table. The glass doesn't break.,0.523809523809524,4168.9333332777,2181.0333331724,0.25,0.666666666666667,0.428571428571429,1,0,1,1,3.6875,-1.0,-0.0738095238095238,4.6545454545454525,98,0.69140625,0.00653076171875,-2.84375,-0.0247802734375,-0.79296875,0.3046875,-0.6640625,-0.259765625,-0.73046875,0.30859375,-0.263671875,-0.2119140625,-0.44140625,1.0859375,-1.0546875,-0.412109375,-0.41796875,0.0255126953125,0.1904296875,0.2890625,-0.1884765625,0.38671875,-0.4296875,-0.078125,-0.140625,-0.0283203125,-0.279296875,0.443359375,0.0286865234375,-0.390625,-0.0908203125,0.318359375,-0.68359375,-0.057373046875,-0.064453125,0.00390625,0.1279296875,-0.55859375,-0.2099609375,0.11572265625,0.1767578125,-0.28125,-0.28515625,0.54296875,-0.466796875,-0.03955078125,0.77734375,-0.6015625,0.3125,0.1025390625,-0.05078125,0.3984375,0.1015625,-0.47265625,-0.267578125,-0.1240234375,-0.55078125,0.263671875,-0.7578125,-0.11962890625,-1.8046875,-0.18359375,0.69921875,0.62890625,0.57421875,0.64453125,-0.01556396484375,0.310546875,-0.46484375,0.322265625,0.84765625,0.4375,0.06103515625,-0.51171875,0.2265625,0.279296875,-0.6796875,0.80078125,0.2490234375,0.1669921875,-0.1796875,0.1845703125,0.06494140625,-0.1181640625,0.1953125,-0.1640625,-0.78515625,0.60546875,-0.484375,-0.1376953125,-0.63671875,-0.0869140625,0.1474609375,-0.8046875,0.08935546875,-0.48046875,The glass and the cup are on the table. Ali pushes the BLANK off the table. The glass doesn't break.,The glass and the cup are on the table. Ali pushes the cup off the table. The glass doesn't break.,21,20
The glass is on the BLANK. Ali bumps the table. The glass breaks.,state_follows,context,state_follows_context,table,floor,92775b83-0f67-4614-a480-86bed5d13da0,12b78ac8-d9ea-40ee-a0f7-9e00c3984d68,The glass is on the table. Ali bumps the table. The glass breaks.,0.954545454545455,3919.8999999022,3965.48181819619,,,,1,1,1,1,9.0625,0.0,-0.204545454545455,4.632142857142857,65,0.62109375,0.016845703125,-2.828125,-0.04833984375,-0.75390625,0.3359375,-0.578125,-0.271484375,-0.74609375,0.400390625,-0.267578125,-0.2333984375,-0.41796875,1.0859375,-1.0546875,-0.408203125,-0.38671875,0.0703125,0.1796875,0.2734375,-0.1904296875,0.3828125,-0.5546875,-0.057373046875,-0.06640625,-0.09375,-0.267578125,0.310546875,0.1689453125,-0.439453125,-0.11279296875,0.3515625,-0.60546875,0.0791015625,0.0164794921875,-0.07861328125,0.15234375,-0.53515625,-0.169921875,0.1513671875,0.205078125,-0.306640625,-0.302734375,0.451171875,-0.40625,-0.00128173828125,0.69921875,-0.63671875,0.34765625,0.01092529296875,0.0810546875,0.3828125,0.12255859375,-0.345703125,-0.224609375,-0.1748046875,-0.51171875,0.203125,-0.8671875,-0.062255859375,-1.7578125,-0.2353515625,0.69140625,0.6640625,0.65234375,0.423828125,-0.044921875,0.2265625,-0.404296875,0.25390625,0.75390625,0.44921875,0.111328125,-0.4453125,0.09375,0.2275390625,-0.56640625,0.734375,0.1875,0.220703125,-0.1455078125,0.0927734375,0.12451171875,-0.01953125,0.236328125,-0.0625,-0.7734375,0.625,-0.396484375,-0.15625,-0.55859375,-0.10595703125,0.1650390625,-0.81640625,0.0184326171875,-0.482421875,The glass is on the BLANK. Ali bumps the table. The glass breaks.,The glass is on the table. Ali bumps the table. The glass breaks.,22,0
The glass is on the floor. Ali bumps the BLANK. The glass doesn't break.,state_nonfollows,context,state_nonfollows_context,table,glass,a528fc45-4066-4174-88d9-49579971ce2e,b055fb0f-1958-45fd-870a-d54814aefbee,The glass is on the floor. Ali bumps the table. The glass doesn't break.,0.4,2453.52000005841,3493.17999977339,0.8,1.0,0.857142857142857,1,1,0,0,9.8125,-1.0,0.236363636363636,4.4674999999999985,72,0.66796875,-0.021728515625,-2.78125,-0.031494140625,-0.77734375,0.296875,-0.59375,-0.287109375,-0.74609375,0.404296875,-0.267578125,-0.201171875,-0.443359375,1.09375,-1.0546875,-0.419921875,-0.416015625,0.0186767578125,0.1689453125,0.279296875,-0.2109375,0.353515625,-0.5390625,-0.0595703125,-0.078125,-0.1005859375,-0.232421875,0.3125,0.10009765625,-0.42578125,-0.10205078125,0.31640625,-0.62890625,0.00982666015625,-0.033203125,-0.041015625,0.154296875,-0.5390625,-0.2177734375,0.12451171875,0.185546875,-0.30078125,-0.279296875,0.546875,-0.435546875,-0.00592041015625,0.70703125,-0.57421875,0.33984375,0.024658203125,0.031982421875,0.361328125,0.1025390625,-0.419921875,-0.2490234375,-0.1298828125,-0.53125,0.20703125,-0.90625,-0.025390625,-1.75,-0.2080078125,0.68359375,0.60546875,0.60546875,0.4453125,-0.10400390625,0.1484375,-0.458984375,0.375,0.7578125,0.279296875,0.09228515625,-0.4375,0.1484375,0.275390625,-0.66796875,0.76953125,0.298828125,0.2138671875,-0.177734375,0.1650390625,0.0556640625,-0.048583984375,0.1982421875,-0.053466796875,-0.80859375,0.64453125,-0.427734375,-0.140625,-0.609375,-0.138671875,0.197265625,-0.76171875,0.064453125,-0.486328125,The glass is on the floor. Ali bumps the BLANK. The glass doesn't break.,The glass is on the floor. Ali bumps the table. The glass doesn't break.,15,12
The glass is on the floor. Ali sets the glass on the BLANK. The glass is above the table.,relative_pos,context,relative_pos_context,table,floor,ef1d5f55-e98c-4133-bb17-31f3ee5ab53b,9b81e212-de99-4dbd-8e6c-dd266861ed8e,The glass is on the floor. Ali sets the glass on the table. The glass is above the table.,0.954545454545455,4850.73636373797,5389.10000003534,,,,1,1,1,1,12.125,0.0,-0.0454545454545455,4.8744999999999985,89,0.6484375,-0.000606536865234375,-2.921875,-0.051025390625,-0.79296875,0.3125,-0.6484375,-0.283203125,-0.66015625,0.3671875,-0.2431640625,-0.2216796875,-0.44140625,1.1328125,-1.0703125,-0.443359375,-0.431640625,0.041015625,0.22265625,0.294921875,-0.19921875,0.40234375,-0.58984375,-0.09423828125,-0.1376953125,-0.057861328125,-0.2158203125,0.361328125,0.12158203125,-0.359375,-0.08837890625,0.275390625,-0.71484375,-0.08837890625,-0.044921875,0.029296875,0.138671875,-0.55078125,-0.2119140625,0.17578125,0.205078125,-0.3203125,-0.28515625,0.46875,-0.48046875,-0.028564453125,0.6953125,-0.69921875,0.314453125,0.0126953125,-0.0159912109375,0.447265625,0.0986328125,-0.4140625,-0.2275390625,-0.16796875,-0.5078125,0.287109375,-0.71484375,-0.054443359375,-1.7265625,-0.11328125,0.7890625,0.64453125,0.53125,0.5546875,-0.0103759765625,0.28515625,-0.453125,0.267578125,0.86328125,0.392578125,0.12890625,-0.51953125,0.1787109375,0.294921875,-0.59375,0.73046875,0.2294921875,0.2314453125,-0.1396484375,0.0986328125,0.1318359375,-0.0859375,0.21484375,-0.140625,-0.7265625,0.6328125,-0.388671875,-0.1279296875,-0.65234375,-0.1650390625,0.189453125,-0.84765625,0.103515625,-0.53515625,The glass is on the floor. Ali sets the glass on the BLANK. The glass is above the table.,The glass is on the floor. Ali sets the glass on the table. The glass is above the table.,22,0
The glass is on the table. Ali BLANK the glass. The table is wet.,state_follows,context,state_follows_context,overfills,half fills,22f43064-1582-43f0-b6bc-eeb0351b09bf,f4a2d734-3fd6-4870-afb1-27a040a9cfd8,The glass is on the table. Ali overfills the glass. The table is wet.,0.866666666666667,3137.32307696951,3300.25000006572,,,,1,1,1,1,10.625,0.0,0.133333333333333,3.961333333333333,69,0.640625,0.0283203125,-2.859375,-0.058837890625,-0.7734375,0.33203125,-0.640625,-0.357421875,-0.76171875,0.37890625,-0.2734375,-0.25,-0.41015625,1.046875,-1.0703125,-0.466796875,-0.396484375,0.07421875,0.1484375,0.328125,-0.185546875,0.37890625,-0.56640625,-0.057373046875,-0.11083984375,-0.0390625,-0.259765625,0.185546875,0.08837890625,-0.353515625,-0.040771484375,0.310546875,-0.66796875,-0.05419921875,-0.01318359375,-0.09716796875,0.1455078125,-0.54296875,-0.29296875,0.10302734375,0.212890625,-0.30859375,-0.28125,0.44140625,-0.39453125,0.0211181640625,0.6953125,-0.5546875,0.33984375,0.0103759765625,0.05419921875,0.451171875,0.1484375,-0.376953125,-0.1845703125,-0.142578125,-0.44921875,0.29296875,-0.9921875,-0.0830078125,-1.6796875,-0.2080078125,0.75390625,0.59375,0.59765625,0.6015625,0.009033203125,0.224609375,-0.38671875,0.2119140625,0.79296875,0.4140625,0.1484375,-0.49609375,0.1279296875,0.1787109375,-0.52734375,0.828125,0.23828125,0.2451171875,-0.1171875,0.0201416015625,0.11083984375,-0.193359375,0.212890625,-0.291015625,-0.76953125,0.65625,-0.396484375,-0.173828125,-0.62890625,-0.169921875,0.21484375,-0.71484375,0.1875,-0.408203125,The glass is on the table. Ali BLANK the glass. The table is wet.,The glass is on the table. Ali overfills the glass. The table is wet.,15,0
The glass is on the table. Ali BLANK. The glass is below the table.,relative_pos,context,relative_pos_context,bumps the glass,doesn't bump the glass,,90c152a9-6575-418a-a173-70e6152afd76,The glass is on the table. Ali bumps the glass. The glass is below the table.,0.9375,4471.02857098196,5796.41111093656,,,,0,1,1,1,-0.125,,,4.715882352941176,77,0.71875,-0.0234375,-2.890625,-0.0162353515625,-0.7890625,0.28515625,-0.60546875,-0.294921875,-0.68359375,0.4296875,-0.259765625,-0.236328125,-0.419921875,1.125,-1.1640625,-0.427734375,-0.423828125,-0.04248046875,0.2158203125,0.32421875,-0.201171875,0.375,-0.46875,-0.1953125,-0.1357421875,-0.1376953125,-0.255859375,0.53125,0.083984375,-0.3828125,-0.0791015625,0.1865234375,-0.62890625,-0.0400390625,-0.06494140625,0.0279541015625,0.2392578125,-0.546875,-0.28515625,0.103515625,0.23828125,-0.244140625,-0.3046875,0.46484375,-0.4296875,0.166015625,0.59375,-0.44921875,0.349609375,0.0869140625,0.053466796875,0.55859375,0.10693359375,-0.33203125,-0.173828125,-0.2060546875,-0.546875,0.287109375,-0.88671875,0.0252685546875,-1.7734375,-0.16796875,0.67578125,0.62109375,0.498046875,0.69921875,-0.052978515625,0.224609375,-0.4765625,0.19921875,0.84765625,0.53125,0.1123046875,-0.478515625,0.12451171875,0.337890625,-0.6484375,0.73046875,0.3359375,0.1884765625,-0.1357421875,0.0277099609375,0.130859375,-0.126953125,0.1640625,-0.353515625,-0.71875,0.6328125,-0.421875,-0.244140625,-0.67578125,-0.224609375,0.1865234375,-0.8046875,0.2099609375,-0.44921875,The glass is on the table. Ali BLANK. The glass is below the table.,The glass is on the table. Ali bumps the glass. The glass is below the table.,16,0
The glass is on the table. Ali fills the glass BLANK. The table is dry.,state_nonfollows,context,state_nonfollows_context,halfway,over full,3c2ec717-8f5a-49b2-b63c-21230bdc2295,ce1d0d31-c3cd-48fc-918d-09710f30d4fc,The glass is on the table. Ali fills the glass halfway. The table is dry.,0.857142857142857,4137.57272726839,1829.60000004172,,,,1,1,1,1,8.75,-1.0,-0.169642857142857,4.563124999999999,73,0.6484375,0.0167236328125,-2.8125,-0.05029296875,-0.77734375,0.3203125,-0.64453125,-0.3515625,-0.734375,0.359375,-0.263671875,-0.2412109375,-0.376953125,1.0859375,-1.0546875,-0.44921875,-0.36328125,0.1298828125,0.1142578125,0.275390625,-0.1923828125,0.3671875,-0.57421875,-0.0458984375,-0.1337890625,0.007232666015625,-0.2890625,0.279296875,0.126953125,-0.314453125,-0.028564453125,0.359375,-0.71875,-0.07421875,0.0137939453125,-0.036865234375,0.1748046875,-0.55859375,-0.26953125,0.140625,0.2080078125,-0.310546875,-0.248046875,0.4296875,-0.408203125,-0.00921630859375,0.70703125,-0.53125,0.283203125,-0.0086669921875,0.037353515625,0.42578125,0.11669921875,-0.330078125,-0.228515625,-0.15625,-0.44921875,0.341796875,-0.94140625,-0.103515625,-1.6875,-0.1943359375,0.7265625,0.5546875,0.5078125,0.6171875,0.0146484375,0.26953125,-0.41796875,0.328125,0.80078125,0.373046875,0.12353515625,-0.50390625,0.12890625,0.244140625,-0.58203125,0.8125,0.169921875,0.2421875,-0.15234375,0.049072265625,0.1025390625,-0.1357421875,0.16796875,-0.154296875,-0.73046875,0.671875,-0.384765625,-0.0771484375,-0.61328125,-0.158203125,0.224609375,-0.6875,0.1201171875,-0.400390625,The glass is on the table. Ali fills the glass BLANK. The table is dry.,The glass is on the table. Ali fills the glass halfway. The table is dry.,21,0
The ice cube and the banana are in the fridge. Ali takes the BLANK out of the fridge. The ice cube doesn't melt.,state_nonfollows,context,state_nonfollows_context,banana,ice cube,f8faa110-1377-4007-aa22-04d1afe261ad,0ce85161-2bb7-40b9-a0d6-bca40c92c702,The ice cube and the banana are in the fridge. Ali takes the banana out of the fridge. The ice cube doesn't melt.,0.619047619047619,4519.22500002012,727.700000127157,0.5,0.5,0.5,1,1,1,1,8.3125,-1.0,0.238095238095238,4.1424,113,0.6875,0.0203857421875,-2.9375,-0.04443359375,-0.8203125,0.357421875,-0.6015625,-0.306640625,-0.7421875,0.31640625,-0.392578125,-0.19140625,-0.392578125,0.96875,-1.03125,-0.431640625,-0.330078125,0.0693359375,0.1513671875,0.28125,-0.17578125,0.384765625,-0.384765625,-0.0002460479736328125,-0.1787109375,-0.0712890625,-0.2109375,0.408203125,0.056640625,-0.33203125,-0.09619140625,0.267578125,-0.6796875,-0.1650390625,-0.1826171875,0.06640625,0.142578125,-0.56640625,-0.23828125,0.09912109375,0.1875,-0.296875,-0.36328125,0.50390625,-0.44921875,-0.000789642333984375,0.83984375,-0.51953125,0.279296875,0.0242919921875,0.01214599609375,0.345703125,0.08740234375,-0.56640625,-0.29296875,-0.08203125,-0.60546875,0.232421875,-0.75390625,-0.0191650390625,-1.8203125,-0.1845703125,0.671875,0.6484375,0.59765625,0.515625,-0.047607421875,0.26953125,-0.46875,0.3203125,0.984375,0.4296875,0.10498046875,-0.48828125,0.12109375,0.375,-0.796875,0.80859375,0.2412109375,0.1376953125,-0.1806640625,0.138671875,-0.0810546875,-0.043212890625,0.224609375,-0.337890625,-0.703125,0.80078125,-0.48828125,-0.12890625,-0.6171875,-0.09619140625,0.1611328125,-0.78125,0.115234375,-0.4453125,The ice cube and the banana are in the fridge. Ali takes the BLANK out of the fridge. The ice cube doesn't melt.,The ice cube and the banana are in the fridge. Ali takes the banana out of the fridge. The ice cube doesn't melt.,21,17
The icecube is in the freezer. Ali puts the icecube in the BLANK. The icecube doesn't melt.,state_nonfollows,context,state_nonfollows_context,snow,frying pan,00602d6b-5fa3-412c-91c9-a40d51143fd4,c5ec7195-86c7-4adc-b2e3-4945db978220,The icecube is in the freezer. Ali puts the icecube in the snow. The icecube doesn't melt.,0.9375,4159.73999984339,2942.61000028309,,,,1,1,1,1,8.0,-1.0,0.0148809523809523,3.254736842105263,90,0.65625,0.04150390625,-2.90625,-0.036865234375,-0.7890625,0.3671875,-0.6328125,-0.322265625,-0.77734375,0.349609375,-0.36328125,-0.1943359375,-0.423828125,1.015625,-0.94921875,-0.4296875,-0.380859375,0.00183868408203125,0.2265625,0.275390625,-0.17578125,0.380859375,-0.458984375,-0.0118408203125,-0.2021484375,-0.06103515625,-0.2734375,0.361328125,-0.00078582763671875,-0.337890625,-0.05126953125,0.296875,-0.828125,-0.04345703125,-0.125,0.0196533203125,0.111328125,-0.53515625,-0.29296875,0.07958984375,0.1279296875,-0.26953125,-0.26171875,0.53515625,-0.4453125,0.0115966796875,0.796875,-0.51953125,0.28125,0.11083984375,-0.0279541015625,0.330078125,0.05712890625,-0.412109375,-0.32421875,-0.05224609375,-0.5390625,0.263671875,-0.7890625,-0.00518798828125,-1.765625,-0.166015625,0.62109375,0.62890625,0.53515625,0.4921875,0.07958984375,0.11572265625,-0.498046875,0.345703125,0.88671875,0.255859375,0.080078125,-0.5,0.197265625,0.322265625,-0.75,0.78125,0.1962890625,0.2275390625,-0.173828125,0.1708984375,-0.06494140625,-0.130859375,0.24609375,-0.0693359375,-0.69140625,0.765625,-0.5078125,-0.12353515625,-0.63671875,-0.169921875,0.1689453125,-0.69140625,0.0220947265625,-0.51171875,The icecube is in the freezer. Ali puts the icecube in the BLANK. The icecube doesn't melt.,The icecube is in the freezer. Ali puts the icecube in the snow. The icecube doesn't melt.,16,0
The icecube is in the freezer. Ali puts the icecube in the BLANK. The icecube melts.,state_follows,context,state_follows_context,frying pan,snow,804e43b1-7e9e-42e4-a9fd-ea15d8f0e1d3,21b5631e-357f-4374-9dcb-62ea47fddfd3,The icecube is in the freezer. Ali puts the icecube in the frying pan. The icecube melts.,0.80952380952381,3187.57272728194,1422.75999996066,,,,0,1,1,1,9.5,1.0,0.0086580086580087,3.086666666666668,89,0.60546875,0.055419921875,-2.96875,-0.05810546875,-0.77734375,0.392578125,-0.640625,-0.333984375,-0.7734375,0.349609375,-0.36328125,-0.2333984375,-0.408203125,1.03125,-0.9453125,-0.43359375,-0.357421875,0.013671875,0.2080078125,0.275390625,-0.166015625,0.376953125,-0.49609375,0.01141357421875,-0.1640625,-0.07421875,-0.2890625,0.384765625,0.0301513671875,-0.3359375,-0.056640625,0.333984375,-0.80859375,0.00103759765625,-0.11279296875,0.0213623046875,0.1435546875,-0.546875,-0.265625,0.099609375,0.1484375,-0.275390625,-0.302734375,0.5,-0.41015625,-0.006317138671875,0.7890625,-0.625,0.298828125,0.1396484375,-4.935264587402344e-05,0.314453125,0.08154296875,-0.421875,-0.2734375,-0.07080078125,-0.515625,0.2412109375,-0.78515625,0.0274658203125,-1.7890625,-0.1689453125,0.62890625,0.65234375,0.53515625,0.486328125,0.087890625,0.140625,-0.50390625,0.33203125,0.90234375,0.302734375,0.0810546875,-0.48046875,0.1875,0.291015625,-0.71875,0.8203125,0.1962890625,0.2451171875,-0.1474609375,0.150390625,-0.05712890625,-0.1201171875,0.265625,-0.042724609375,-0.71875,0.765625,-0.51953125,-0.12109375,-0.6484375,-0.1943359375,0.1591796875,-0.734375,0.0135498046875,-0.486328125,The icecube is in the freezer. Ali puts the icecube in the BLANK. The icecube melts.,The icecube is in the freezer. Ali puts the icecube in the frying pan. The icecube melts.,21,0
The light is BLANK. Ali flips the lightswitch. The light stays off.,state_nonfollows,context,state_nonfollows_context,unplugged,plugged in,4ad4d7d6-5f80-414a-aa25-0ccbc1b3243f,72faa3c2-c200-40eb-9092-66addf5df8d5,The light is unplugged. Ali flips the lightswitch. The light stays off.,0.933333333333333,5220.86666669766,2626.03846151439,,,,1,1,1,1,1.0,-1.0,-0.133333333333333,3.3399999999999994,71,0.62890625,0.09521484375,-2.765625,-0.0703125,-0.8046875,0.376953125,-0.55078125,-0.33203125,-0.79296875,0.453125,-0.326171875,-0.2294921875,-0.408203125,1.109375,-1.1328125,-0.484375,-0.357421875,0.146484375,0.14453125,0.298828125,-0.158203125,0.357421875,-0.5703125,-0.0205078125,-0.09228515625,0.046142578125,-0.171875,0.23046875,0.1376953125,-0.421875,-0.09765625,0.337890625,-0.65625,-0.02001953125,0.048583984375,-0.21484375,0.1376953125,-0.4453125,-0.34765625,0.150390625,0.1728515625,-0.298828125,-0.423828125,0.466796875,-0.41015625,0.007720947265625,0.71484375,-0.54296875,0.333984375,0.1689453125,0.109375,0.6015625,0.11279296875,-0.380859375,-0.2099609375,-0.146484375,-0.5078125,0.3125,-0.90234375,-0.058349609375,-1.65625,-0.1826171875,0.67578125,0.640625,0.6484375,0.455078125,0.006744384765625,0.0712890625,-0.51171875,0.326171875,0.81640625,0.32421875,0.11279296875,-0.5,-0.04150390625,0.1396484375,-0.56640625,0.734375,0.2333984375,0.1279296875,-0.171875,0.08544921875,0.2041015625,-0.16796875,0.18359375,-0.0654296875,-0.71484375,0.82421875,-0.34375,-0.0927734375,-0.5,-0.205078125,0.1669921875,-0.765625,0.1484375,-0.357421875,The light is BLANK. Ali flips the lightswitch. The light stays off.,The light is unplugged. Ali flips the lightswitch. The light stays off.,15,0
The painting is BLANK Ali. Ali turns around. The painting is North of Ali.,geocentric_near,context,geocentric_near_context,North of,South of,c336f326-c40e-4d78-9a8c-e8541c4b0356,0f6d0640-aa19-4331-b909-2d4ce3819888,The painting is North of Ali. Ali turns around. The painting is North of Ali.,0.380952380952381,1438.60000001192,2597.91999995708,0.5,1.0,0.714285714285714,0,0,0,0,-2.375,0.0,0.0,4.595,77,0.61328125,0.068359375,-2.734375,-0.041015625,-0.6953125,0.423828125,-0.61328125,-0.373046875,-0.82421875,0.515625,-0.263671875,-0.2451171875,-0.400390625,1.0625,-1.2265625,-0.41796875,-0.359375,0.047607421875,0.220703125,0.2421875,-0.1728515625,0.5234375,-0.6484375,-0.07568359375,-0.060546875,0.052978515625,-0.2001953125,-0.1064453125,0.271484375,-0.3828125,-0.0301513671875,0.2734375,-0.578125,-0.259765625,-0.00616455078125,-0.09130859375,0.1923828125,-0.64453125,-0.359375,0.1298828125,0.2080078125,-0.2431640625,-0.33203125,0.294921875,-0.404296875,0.0234375,0.7265625,-0.69140625,0.41015625,-0.030029296875,0.1953125,0.43359375,0.11865234375,-0.34765625,-0.298828125,-0.1123046875,-0.5,0.2578125,-1.0546875,-0.0164794921875,-1.640625,-0.2060546875,0.62890625,0.625,0.69140625,0.48828125,-0.04345703125,0.0908203125,-0.376953125,0.291015625,0.953125,0.53125,0.1376953125,-0.6015625,-0.05419921875,0.10693359375,-0.5703125,0.65625,0.3203125,0.2138671875,-0.1611328125,-0.07861328125,0.11376953125,-0.193359375,0.16015625,-0.1904296875,-0.69921875,0.8984375,-0.29296875,-0.255859375,-0.51171875,-0.03564453125,0.26953125,-0.7734375,0.1435546875,-0.419921875,The painting is BLANK Ali. Ali turns around. The painting is North of Ali.,The painting is North of Ali. Ali turns around. The painting is North of Ali.,21,16
The painting is BLANK Ali. Ali turns around. The painting is South of Ali.,geocentric_near,context,geocentric_near_context,South of,North of,1b7cf05c-7c1f-4e09-8e90-cef0c5132ef7,af058740-4880-41ea-93b6-e1468cd69ac2,The painting is South of Ali. Ali turns around. The painting is South of Ali.,0.3125,4280.80000203413,6841.40000050888,1.0,1.0,1.0,0,0,0,0,-3.75,0.0,0.1875,4.605,77,0.60546875,0.0654296875,-2.734375,-0.042236328125,-0.69140625,0.42578125,-0.6015625,-0.369140625,-0.8359375,0.5078125,-0.248046875,-0.26171875,-0.400390625,1.0703125,-1.203125,-0.427734375,-0.361328125,0.0537109375,0.2294921875,0.2333984375,-0.171875,0.52734375,-0.66796875,-0.06591796875,-0.06982421875,0.0654296875,-0.185546875,-0.1103515625,0.27734375,-0.380859375,-0.026611328125,0.244140625,-0.58203125,-0.271484375,-0.00531005859375,-0.09375,0.1953125,-0.65234375,-0.345703125,0.1240234375,0.2080078125,-0.240234375,-0.328125,0.287109375,-0.40625,0.0224609375,0.73046875,-0.70703125,0.412109375,-0.0458984375,0.2001953125,0.4453125,0.111328125,-0.37109375,-0.302734375,-0.09326171875,-0.50390625,0.2578125,-1.0703125,-0.00799560546875,-1.6640625,-0.2001953125,0.62109375,0.62109375,0.68359375,0.48828125,-0.04052734375,0.07568359375,-0.384765625,0.287109375,0.95703125,0.55859375,0.1357421875,-0.58203125,-0.0693359375,0.08544921875,-0.55859375,0.64453125,0.3046875,0.2001953125,-0.166015625,-0.07568359375,0.1142578125,-0.208984375,0.154296875,-0.1767578125,-0.7109375,0.90234375,-0.28125,-0.267578125,-0.49609375,-0.02783203125,0.263671875,-0.7734375,0.166015625,-0.421875,The painting is BLANK Ali. Ali turns around. The painting is South of Ali.,The painting is South of Ali. Ali turns around. The painting is South of Ali.,16,9
The painting is BLANK Ali. Ali turns around. The painting is behind Ali.,egocentric_near,context,egocentric_near_context,in front of,behind,d2fe0223-575a-450c-a3e3-eb811555491c,70620fd9-dc02-4a88-bfb6-c232b774184c,The painting is in front of Ali. Ali turns around. The painting is behind Ali.,0.80952380952381,3485.91249996051,1212.33749986812,,,,0,1,1,1,-2.875,1.0,0.0995670995670995,4.588125,78,0.62109375,0.06201171875,-2.75,-0.0546875,-0.72265625,0.400390625,-0.62109375,-0.431640625,-0.76953125,0.408203125,-0.322265625,-0.1865234375,-0.38671875,1.0703125,-1.1484375,-0.47265625,-0.404296875,0.134765625,0.1533203125,0.31640625,-0.189453125,0.4453125,-0.5546875,-0.0294189453125,-0.0299072265625,0.029541015625,-0.216796875,-0.06396484375,0.267578125,-0.357421875,-0.0203857421875,0.271484375,-0.6171875,-0.296875,-0.03125,-0.07080078125,0.1572265625,-0.64453125,-0.373046875,0.1083984375,0.181640625,-0.296875,-0.3046875,0.318359375,-0.396484375,0.046875,0.75390625,-0.640625,0.37109375,-0.029052734375,0.125,0.609375,0.09765625,-0.30078125,-0.2890625,-0.1689453125,-0.5234375,0.2236328125,-0.9453125,-0.072265625,-1.625,-0.2138671875,0.66796875,0.58203125,0.71484375,0.4921875,-0.02880859375,0.11669921875,-0.345703125,0.287109375,0.921875,0.416015625,0.115234375,-0.5390625,-0.07177734375,0.1865234375,-0.52734375,0.71484375,0.35546875,0.24609375,-0.142578125,-0.060791015625,0.04736328125,-0.236328125,0.216796875,-0.09912109375,-0.6484375,0.82421875,-0.314453125,-0.1669921875,-0.5703125,-0.10498046875,0.2490234375,-0.7578125,0.07763671875,-0.3515625,The painting is BLANK Ali. Ali turns around. The painting is behind Ali.,The painting is in front of Ali. Ali turns around. The painting is behind Ali.,21,0
The painting is BLANK Ali. Ali turns around. The painting is in front of Ali.,egocentric_near,context,egocentric_near_context,behind,in front of,7bbd54c0-fc6d-4875-b22b-fd3f9372615c,d9b52955-1841-48f1-8426-ee0f8fc1fc36,The painting is behind Ali. Ali turns around. The painting is in front of Ali.,0.8125,3481.68888941738,2148.54444460095,,,,1,1,1,1,2.9375,-1.0,0.139880952380952,4.588125,78,0.640625,0.054443359375,-2.75,-0.05224609375,-0.73828125,0.361328125,-0.64453125,-0.439453125,-0.70703125,0.3828125,-0.31640625,-0.224609375,-0.421875,1.0546875,-1.171875,-0.474609375,-0.421875,0.1474609375,0.1708984375,0.333984375,-0.1796875,0.423828125,-0.5625,-0.07421875,-0.07470703125,0.08349609375,-0.2177734375,-0.031005859375,0.20703125,-0.3515625,-0.007537841796875,0.296875,-0.6953125,-0.29296875,0.0211181640625,-0.0250244140625,0.119140625,-0.61328125,-0.36328125,0.1171875,0.15234375,-0.298828125,-0.287109375,0.298828125,-0.4375,0.00927734375,0.734375,-0.65234375,0.310546875,-0.046142578125,0.1025390625,0.60546875,0.07080078125,-0.3125,-0.314453125,-0.1591796875,-0.5703125,0.185546875,-0.86328125,-0.07568359375,-1.71875,-0.1591796875,0.63671875,0.61328125,0.69140625,0.53125,0.035400390625,0.1728515625,-0.390625,0.26953125,0.92578125,0.423828125,0.12890625,-0.55859375,-0.01275634765625,0.259765625,-0.5390625,0.71484375,0.3359375,0.23828125,-0.1611328125,-0.0556640625,0.037353515625,-0.21484375,0.2021484375,-0.06298828125,-0.65234375,0.84375,-0.337890625,-0.1689453125,-0.56640625,-0.134765625,0.2333984375,-0.7578125,0.10888671875,-0.3671875,The painting is BLANK Ali. Ali turns around. The painting is in front of Ali.,The painting is behind Ali. Ali turns around. The painting is in front of Ali.,16,0
The painting is BLANK Ali. Ali turns around. The painting is left of Ali.,egocentric_near,context,egocentric_near_context,right of,left of,569da32e-5406-4d8c-b5ae-f011369368ef,6074e27e-d929-4b07-bc4d-252c7bcb463e,The painting is right of Ali. Ali turns around. The painting is left of Ali.,0.714285714285714,3972.79999998,4645.41111104754,0.75,0.666666666666667,0.714285714285714,0,1,1,1,4.625,0.0,-0.0142857142857143,4.656250000000001,76,0.6484375,0.03955078125,-2.75,-0.056640625,-0.74609375,0.423828125,-0.56640625,-0.427734375,-0.73828125,0.49609375,-0.28125,-0.3125,-0.419921875,1.0546875,-1.140625,-0.55078125,-0.369140625,0.0771484375,0.2001953125,0.302734375,-0.17578125,0.494140625,-0.5703125,-0.041748046875,-0.031982421875,0.080078125,-0.1865234375,-0.140625,0.2490234375,-0.36328125,0.0235595703125,0.251953125,-0.60546875,-0.2314453125,-0.12109375,-0.09912109375,0.154296875,-0.671875,-0.310546875,0.1181640625,0.19921875,-0.275390625,-0.291015625,0.287109375,-0.40625,0.050048828125,0.76171875,-0.65234375,0.349609375,-0.0400390625,0.158203125,0.52734375,0.10791015625,-0.2890625,-0.279296875,-0.1572265625,-0.546875,0.2470703125,-0.95703125,-0.042236328125,-1.609375,-0.1708984375,0.65234375,0.609375,0.7109375,0.53125,-0.0267333984375,0.10986328125,-0.375,0.2490234375,0.9375,0.44140625,0.1357421875,-0.53125,-0.08447265625,0.2001953125,-0.55859375,0.70703125,0.35546875,0.2177734375,-0.1611328125,-0.078125,0.11376953125,-0.162109375,0.2119140625,-0.0859375,-0.671875,0.90625,-0.279296875,-0.177734375,-0.55859375,-0.09814453125,0.2236328125,-0.78515625,0.1025390625,-0.41015625,The painting is BLANK Ali. Ali turns around. The painting is left of Ali.,The painting is right of Ali. Ali turns around. The painting is left of Ali.,21,20
The painting is BLANK Ali. Ali turns around. The painting is right of Ali.,egocentric_near,context,egocentric_near_context,left of,right of,6da6e952-6afa-4e20-8307-4363b84096c6,cc57cf35-c3f6-46f6-b65f-649fab1ef3ba,The painting is left of Ali. Ali turns around. The painting is right of Ali.,0.866666666666667,8279.61666663721,4002.25833332461,,,,0,1,1,1,0.75,0.0,-0.366666666666667,4.65625,76,0.64453125,0.0244140625,-2.75,-0.064453125,-0.75,0.41015625,-0.578125,-0.41796875,-0.76171875,0.490234375,-0.263671875,-0.298828125,-0.43359375,1.03125,-1.1171875,-0.5546875,-0.3671875,0.095703125,0.1943359375,0.296875,-0.1748046875,0.5,-0.546875,-0.0306396484375,-0.0269775390625,0.054443359375,-0.1669921875,-0.140625,0.2275390625,-0.349609375,0.023681640625,0.267578125,-0.63671875,-0.2734375,-0.10986328125,-0.10400390625,0.1552734375,-0.671875,-0.32421875,0.11279296875,0.197265625,-0.265625,-0.302734375,0.2890625,-0.4140625,0.0439453125,0.7421875,-0.67578125,0.357421875,-0.0289306640625,0.1494140625,0.55078125,0.11083984375,-0.294921875,-0.2734375,-0.1611328125,-0.54296875,0.21875,-0.98046875,-0.055419921875,-1.6171875,-0.18359375,0.640625,0.62890625,0.70703125,0.5078125,-0.0103759765625,0.11328125,-0.3828125,0.24609375,0.91796875,0.443359375,0.138671875,-0.53515625,-0.09375,0.171875,-0.53515625,0.71875,0.3125,0.2109375,-0.1611328125,-0.07861328125,0.09228515625,-0.1708984375,0.212890625,-0.07080078125,-0.6953125,0.88671875,-0.2890625,-0.17578125,-0.55859375,-0.1181640625,0.236328125,-0.78515625,0.0859375,-0.390625,The painting is BLANK Ali. Ali turns around. The painting is right of Ali.,The painting is left of Ali. Ali turns around. The painting is right of Ali.,15,0
The painting is BLANK Ali. Ali turns left. The painting is East of Ali.,geocentric_near,context,geocentric_near_context,East of,North of,31048319-127e-40d2-bc3f-3106bddd3c85,9d8ecfc4-35b9-4001-9529-6b0c8a91e01a,The painting is East of Ali. Ali turns left. The painting is East of Ali.,0.476190476190476,2884.12499972433,1833.17499970645,0.6,0.666666666666667,0.625,0,0,0,0,-1.25,0.0,0.0476190476190477,4.554375000000001,73,0.61328125,0.04443359375,-2.765625,-0.039794921875,-0.6796875,0.431640625,-0.6015625,-0.376953125,-0.8203125,0.5625,-0.255859375,-0.263671875,-0.41796875,1.03125,-1.1953125,-0.44140625,-0.326171875,0.0869140625,0.21875,0.25390625,-0.16796875,0.53125,-0.64453125,-0.083984375,-0.09619140625,0.039306640625,-0.1767578125,-0.1357421875,0.236328125,-0.39453125,-0.05908203125,0.298828125,-0.59375,-0.1640625,-0.00732421875,-0.1201171875,0.201171875,-0.6640625,-0.33203125,0.125,0.20703125,-0.21875,-0.302734375,0.279296875,-0.40625,0.015380859375,0.71484375,-0.66015625,0.423828125,-0.037353515625,0.1826171875,0.4140625,0.12890625,-0.35546875,-0.296875,-0.11962890625,-0.470703125,0.2451171875,-1.046875,-0.017578125,-1.65625,-0.1669921875,0.625,0.59765625,0.703125,0.4765625,-0.03173828125,0.09326171875,-0.32421875,0.244140625,0.95703125,0.466796875,0.140625,-0.5859375,-0.042236328125,0.091796875,-0.58203125,0.6640625,0.2890625,0.185546875,-0.1689453125,-0.09521484375,0.17578125,-0.1689453125,0.162109375,-0.11865234375,-0.73828125,0.91015625,-0.279296875,-0.248046875,-0.5078125,-0.060791015625,0.259765625,-0.79296875,0.12158203125,-0.419921875,The painting is BLANK Ali. Ali turns left. The painting is East of Ali.,The painting is East of Ali. Ali turns left. The painting is East of Ali.,21,15
The painting is BLANK Ali. Ali turns left. The painting is North of Ali.,geocentric_near,context,geocentric_near_context,North of,West of,2557fdfc-883f-443e-bf97-f116ce7e1ffd,ff265d4c-2988-4db0-8cd1-c8613db5c189,The painting is North of Ali. Ali turns left. The painting is North of Ali.,0.333333333333333,9039.79999999593,1262.26666671038,1.0,0.5,0.857142857142857,0,0,1,1,-4.75,0.0,0.291666666666667,4.5843750000000005,75,0.61328125,0.044677734375,-2.765625,-0.02783203125,-0.69140625,0.431640625,-0.6015625,-0.37890625,-0.828125,0.51953125,-0.279296875,-0.2470703125,-0.41015625,1.0234375,-1.2109375,-0.46484375,-0.341796875,0.0908203125,0.2138671875,0.259765625,-0.1640625,0.54296875,-0.65234375,-0.0791015625,-0.057861328125,0.036865234375,-0.162109375,-0.1767578125,0.2578125,-0.390625,-0.06640625,0.2578125,-0.58984375,-0.1982421875,-0.003021240234375,-0.09716796875,0.1826171875,-0.66015625,-0.33984375,0.1220703125,0.2021484375,-0.2255859375,-0.30859375,0.291015625,-0.408203125,0.010986328125,0.71875,-0.65625,0.423828125,-0.00811767578125,0.1689453125,0.43359375,0.1240234375,-0.35546875,-0.296875,-0.1298828125,-0.4765625,0.23828125,-1.0546875,-0.02685546875,-1.609375,-0.1787109375,0.6484375,0.59765625,0.70703125,0.490234375,-0.0299072265625,0.09521484375,-0.333984375,0.2451171875,0.953125,0.484375,0.1455078125,-0.59375,-0.0301513671875,0.08349609375,-0.5859375,0.671875,0.271484375,0.1982421875,-0.16796875,-0.09716796875,0.1630859375,-0.1611328125,0.15234375,-0.12451171875,-0.71875,0.8984375,-0.29296875,-0.2470703125,-0.51171875,-0.0791015625,0.265625,-0.78515625,0.142578125,-0.4140625,The painting is BLANK Ali. Ali turns left. The painting is North of Ali.,The painting is North of Ali. Ali turns left. The painting is North of Ali.,21,13
The painting is BLANK Ali. Ali turns left. The painting is South of Ali.,geocentric_near,context,geocentric_near_context,South of,East of,4f955fa4-d04d-421a-bf56-8c11c3daaf4b,9e3abe2a-1e64-497a-ad89-98c2e646676e,The painting is South of Ali. Ali turns left. The painting is South of Ali.,0.266666666666667,3346.76000015978,4177.0800001502,0.8,0.666666666666667,0.75,0,0,0,0,-3.625,0.0,0.278787878787879,4.594375,75,0.6015625,0.0458984375,-2.765625,-0.037353515625,-0.68359375,0.44921875,-0.6015625,-0.380859375,-0.84375,0.53125,-0.2236328125,-0.27734375,-0.41015625,1.0546875,-1.171875,-0.451171875,-0.345703125,0.08447265625,0.2373046875,0.24609375,-0.1640625,0.5546875,-0.68359375,-0.06640625,-0.08154296875,0.0830078125,-0.1455078125,-0.1455078125,0.267578125,-0.37890625,-0.05859375,0.2197265625,-0.5859375,-0.291015625,-0.01141357421875,-0.10791015625,0.193359375,-0.6796875,-0.341796875,0.111328125,0.2060546875,-0.216796875,-0.32421875,0.28515625,-0.40234375,0.003173828125,0.71875,-0.671875,0.4296875,0.00164031982421875,0.1826171875,0.416015625,0.123046875,-0.365234375,-0.298828125,-0.1259765625,-0.470703125,0.240234375,-1.0859375,-0.0206298828125,-1.6171875,-0.1826171875,0.6328125,0.60546875,0.71484375,0.48828125,-0.0281982421875,0.076171875,-0.32421875,0.23828125,0.9609375,0.5,0.1435546875,-0.59765625,-0.046142578125,0.0537109375,-0.578125,0.67578125,0.26171875,0.1875,-0.171875,-0.09375,0.1865234375,-0.1630859375,0.1640625,-0.13671875,-0.7265625,0.8984375,-0.2890625,-0.25,-0.48828125,-0.06640625,0.263671875,-0.78125,0.1611328125,-0.41015625,The painting is BLANK Ali. Ali turns left. The painting is South of Ali.,The painting is South of Ali. Ali turns left. The painting is South of Ali.,15,13
The painting is BLANK Ali. Ali turns left. The painting is West of Ali.,geocentric_near,context,geocentric_near_context,West of,South of,e1ba7f24-bbfb-4768-ae0f-d0b4d2116628,371933d5-09a6-4be0-ab6a-736ebc7c885d,The painting is West of Ali. Ali turns left. The painting is West of Ali.,0.1875,1754.20000000671,9288.79999999329,0.75,0.5,0.666666666666667,0,0,0,0,0.375,0.0,0.2625,4.576875,73,0.60546875,0.024658203125,-2.75,-0.022216796875,-0.69140625,0.431640625,-0.59765625,-0.3828125,-0.828125,0.486328125,-0.2421875,-0.27734375,-0.416015625,1.0390625,-1.1640625,-0.462890625,-0.353515625,0.091796875,0.2236328125,0.26171875,-0.1572265625,0.51953125,-0.6640625,-0.09326171875,-0.060546875,0.04931640625,-0.10205078125,-0.21484375,0.2470703125,-0.384765625,-0.07275390625,0.28515625,-0.58203125,-0.251953125,-0.01068115234375,-0.11669921875,0.189453125,-0.66015625,-0.31640625,0.1162109375,0.205078125,-0.2216796875,-0.298828125,0.2890625,-0.404296875,0.0015411376953125,0.7265625,-0.66796875,0.439453125,-0.0244140625,0.203125,0.41015625,0.1259765625,-0.3515625,-0.2890625,-0.1220703125,-0.46875,0.24609375,-1.0703125,-0.009521484375,-1.609375,-0.1904296875,0.640625,0.6015625,0.71484375,0.47265625,-0.027587890625,0.087890625,-0.326171875,0.2275390625,0.96875,0.474609375,0.138671875,-0.59375,-0.043701171875,0.08251953125,-0.5859375,0.66015625,0.2734375,0.1962890625,-0.162109375,-0.08642578125,0.1708984375,-0.169921875,0.1611328125,-0.1337890625,-0.71875,0.890625,-0.279296875,-0.2392578125,-0.498046875,-0.0458984375,0.265625,-0.79296875,0.1552734375,-0.421875,The painting is BLANK Ali. Ali turns left. The painting is West of Ali.,The painting is West of Ali. Ali turns left. The painting is West of Ali.,16,12
The painting is BLANK Ali. Ali turns left. The painting is left of Ali.,egocentric_near,context,egocentric_near_context,behind,in front of,fd49c9b1-7173-4339-939b-4e1848f1c791,6889b667-4845-4fa2-9b38-2000f907b9e2,The painting is behind Ali. Ali turns left. The painting is left of Ali.,0.5,4486.10000102222,3342.40000152588,0.5,0.0,0.285714285714286,1,1,1,1,4.8125,-1.0,0.166666666666667,4.552666666666666,72,0.63671875,0.047119140625,-2.765625,-0.047119140625,-0.73046875,0.419921875,-0.62109375,-0.435546875,-0.734375,0.44140625,-0.322265625,-0.2451171875,-0.412109375,1.0625,-1.1640625,-0.51953125,-0.384765625,0.1591796875,0.185546875,0.3125,-0.1826171875,0.48828125,-0.5625,-0.0341796875,-0.047607421875,0.08349609375,-0.21875,-0.0869140625,0.2001953125,-0.361328125,-0.05224609375,0.271484375,-0.640625,-0.2294921875,-0.02294921875,-0.08203125,0.146484375,-0.65234375,-0.306640625,0.11083984375,0.177734375,-0.251953125,-0.2314453125,0.341796875,-0.388671875,0.004913330078125,0.74609375,-0.5546875,0.375,-0.07275390625,0.130859375,0.47265625,0.12060546875,-0.333984375,-0.267578125,-0.1552734375,-0.515625,0.2412109375,-1.0625,-0.047119140625,-1.6171875,-0.2001953125,0.64453125,0.5859375,0.66015625,0.478515625,0.0103759765625,0.1064453125,-0.349609375,0.2314453125,0.90625,0.435546875,0.1416015625,-0.55859375,-0.0196533203125,0.1728515625,-0.58984375,0.71484375,0.263671875,0.2490234375,-0.1689453125,-0.08984375,0.1318359375,-0.2080078125,0.2265625,-0.048583984375,-0.703125,0.84375,-0.3046875,-0.169921875,-0.53125,-0.14453125,0.2294921875,-0.7578125,0.13671875,-0.392578125,The painting is BLANK Ali. Ali turns left. The painting is left of Ali.,The painting is behind Ali. Ali turns left. The painting is left of Ali.,16,22
The painting is BLANK Ali. Ali turns right. The painting is East of Ali.,geocentric_near,context,geocentric_near_context,East of,South of,eed5450f-0dbc-4779-a9c6-24c30b8efae3,75584ccb-cf13-4dad-a836-d1718688dd78,The painting is East of Ali. Ali turns right. The painting is East of Ali.,0.428571428571429,2980.45999983549,794.07500000298,0.5,1.0,0.714285714285714,0,0,0,0,-1.375,0.0,0.190476190476191,4.577500000000001,74,0.6015625,0.0234375,-2.75,-0.047119140625,-0.68359375,0.43359375,-0.609375,-0.37890625,-0.83203125,0.5390625,-0.208984375,-0.279296875,-0.423828125,1.0234375,-1.1640625,-0.431640625,-0.333984375,0.06884765625,0.2265625,0.25,-0.1708984375,0.5390625,-0.6484375,-0.09716796875,-0.1015625,0.06689453125,-0.1396484375,-0.134765625,0.2490234375,-0.3828125,-0.053466796875,0.2890625,-0.57421875,-0.2421875,-0.00592041015625,-0.123046875,0.2109375,-0.671875,-0.33203125,0.1162109375,0.212890625,-0.2197265625,-0.326171875,0.275390625,-0.412109375,0.00982666015625,0.7109375,-0.66015625,0.421875,-0.03515625,0.1943359375,0.396484375,0.130859375,-0.34765625,-0.29296875,-0.1142578125,-0.466796875,0.24609375,-1.0625,-0.00787353515625,-1.65625,-0.1787109375,0.625,0.6015625,0.70703125,0.48046875,-0.03466796875,0.0908203125,-0.330078125,0.23828125,0.95703125,0.48828125,0.1376953125,-0.59375,-0.05029296875,0.07568359375,-0.55859375,0.6796875,0.275390625,0.1865234375,-0.171875,-0.0947265625,0.173828125,-0.1787109375,0.166015625,-0.1396484375,-0.7421875,0.91015625,-0.27734375,-0.2490234375,-0.515625,-0.0498046875,0.259765625,-0.7890625,0.1201171875,-0.427734375,The painting is BLANK Ali. Ali turns right. The painting is East of Ali.,The painting is East of Ali. Ali turns right. The painting is East of Ali.,21,16
The painting is BLANK Ali. Ali turns right. The painting is North of Ali.,geocentric_near,context,geocentric_near_context,North of,East of,96e6dab3-7f1c-4091-b4c1-66c60d0ae4f1,3eedd983-6f21-45cb-8008-1014712a7b7b,The painting is North of Ali. Ali turns right. The painting is North of Ali.,0.454545454545455,8639.43333337316,3431.46666667455,0.5,1.0,0.666666666666667,0,0,0,0,-5.375,0.0,-0.0795454545454545,4.6075,76,0.609375,0.035888671875,-2.765625,-0.044677734375,-0.68359375,0.4296875,-0.6171875,-0.37890625,-0.83984375,0.55078125,-0.2431640625,-0.25390625,-0.412109375,1.0078125,-1.1953125,-0.44921875,-0.337890625,0.06396484375,0.21484375,0.251953125,-0.171875,0.55078125,-0.65625,-0.09375,-0.061767578125,0.058349609375,-0.17578125,-0.134765625,0.265625,-0.388671875,-0.06689453125,0.26953125,-0.5859375,-0.1943359375,0.01263427734375,-0.111328125,0.1845703125,-0.671875,-0.337890625,0.1162109375,0.2021484375,-0.21875,-0.3359375,0.271484375,-0.41796875,0.00628662109375,0.7109375,-0.65625,0.412109375,-0.017333984375,0.1611328125,0.443359375,0.125,-0.3515625,-0.296875,-0.11376953125,-0.47265625,0.2392578125,-1.0625,-0.027099609375,-1.6328125,-0.177734375,0.64453125,0.6015625,0.703125,0.48046875,-0.0322265625,0.10107421875,-0.330078125,0.2470703125,0.96484375,0.4921875,0.138671875,-0.60546875,-0.052978515625,0.08935546875,-0.5625,0.6875,0.267578125,0.19140625,-0.169921875,-0.09912109375,0.169921875,-0.166015625,0.1552734375,-0.126953125,-0.73046875,0.90234375,-0.291015625,-0.2490234375,-0.5234375,-0.0791015625,0.259765625,-0.78125,0.142578125,-0.41796875,The painting is BLANK Ali. Ali turns right. The painting is North of Ali.,The painting is North of Ali. Ali turns right. The painting is North of Ali.,22,14
The painting is BLANK Ali. Ali turns right. The painting is South of Ali.,geocentric_near,context,geocentric_near_context,South of,West of,82848503-539c-499b-861b-98b068c6703d,53e65902-e67a-4c24-b2ad-c73e60322ad7,The painting is South of Ali. Ali turns right. The painting is South of Ali.,0.266666666666667,10391.3500000117,2243.5999998649,0.25,1.0,0.625,0,0,0,0,-5.625,0.0,0.278787878787879,4.617500000000001,76,0.59765625,0.02099609375,-2.75,-0.036376953125,-0.6875,0.435546875,-0.59375,-0.376953125,-0.8515625,0.4921875,-0.2177734375,-0.28515625,-0.416015625,1.03125,-1.1640625,-0.4609375,-0.353515625,0.08349609375,0.23046875,0.255859375,-0.1640625,0.5546875,-0.67578125,-0.0771484375,-0.06640625,0.0869140625,-0.10791015625,-0.1708984375,0.27734375,-0.376953125,-0.059326171875,0.2275390625,-0.5703125,-0.302734375,-0.014892578125,-0.10009765625,0.193359375,-0.68359375,-0.33203125,0.11083984375,0.2080078125,-0.2216796875,-0.326171875,0.28125,-0.408203125,0.0057373046875,0.72265625,-0.67578125,0.421875,-0.00494384765625,0.1884765625,0.416015625,0.12255859375,-0.36328125,-0.294921875,-0.1171875,-0.4765625,0.2421875,-1.0859375,-0.0174560546875,-1.625,-0.1875,0.6328125,0.609375,0.70703125,0.5,-0.02685546875,0.08154296875,-0.337890625,0.240234375,0.9609375,0.5234375,0.13671875,-0.59375,-0.040283203125,0.03759765625,-0.5703125,0.6796875,0.255859375,0.1982421875,-0.169921875,-0.0927734375,0.1640625,-0.171875,0.1533203125,-0.1376953125,-0.73046875,0.890625,-0.2890625,-0.255859375,-0.498046875,-0.056640625,0.263671875,-0.78515625,0.1640625,-0.421875,The painting is BLANK Ali. Ali turns right. The painting is South of Ali.,The painting is South of Ali. Ali turns right. The painting is South of Ali.,15,16
The painting is BLANK Ali. Ali turns right. The painting is West of Ali.,geocentric_near,context,geocentric_near_context,West of,North of,829bce68-680e-4aba-867b-66c139019138,b4a4599e-5c35-4017-bddf-d8cd9906ad1a,The painting is West of Ali. Ali turns right. The painting is West of Ali.,0.4375,5279.63333339493,6901.96666667859,0.6,1.0,0.714285714285714,0,0,0,0,-1.0,0.0,0.0625,4.6,74,0.60546875,0.01129150390625,-2.765625,-0.0311279296875,-0.69140625,0.4140625,-0.59765625,-0.375,-0.828125,0.5,-0.25,-0.26953125,-0.419921875,1.0078125,-1.1640625,-0.46875,-0.345703125,0.0849609375,0.2060546875,0.267578125,-0.1630859375,0.5234375,-0.6484375,-0.107421875,-0.051025390625,0.04296875,-0.115234375,-0.20703125,0.2578125,-0.39453125,-0.07861328125,0.30859375,-0.578125,-0.1865234375,0.0125732421875,-0.12109375,0.1865234375,-0.66796875,-0.3125,0.11962890625,0.203125,-0.2236328125,-0.310546875,0.2734375,-0.412109375,0.005828857421875,0.71875,-0.67578125,0.427734375,-0.0322265625,0.193359375,0.4296875,0.12451171875,-0.35546875,-0.291015625,-0.1181640625,-0.466796875,0.2451171875,-1.078125,-0.0084228515625,-1.625,-0.1826171875,0.640625,0.60546875,0.70703125,0.484375,-0.023193359375,0.10498046875,-0.33203125,0.23828125,0.97265625,0.49609375,0.1298828125,-0.59375,-0.056396484375,0.0966796875,-0.5703125,0.66796875,0.28125,0.1982421875,-0.1611328125,-0.0859375,0.1552734375,-0.1689453125,0.15234375,-0.1279296875,-0.73046875,0.890625,-0.275390625,-0.2431640625,-0.50390625,-0.04296875,0.259765625,-0.79296875,0.15234375,-0.427734375,The painting is BLANK Ali. Ali turns right. The painting is West of Ali.,The painting is West of Ali. Ali turns right. The painting is West of Ali.,16,15
The painting is BLANK Ali. Ali turns right. The painting is left of Ali.,egocentric_near,context,egocentric_near_context,in front of,behind,283f0702-3b71-4e3a-8530-ca64b90b76b6,bda90b60-3995-46b6-8be8-5c2fcc765df7,The painting is in front of Ali. Ali turns right. The painting is left of Ali.,0.772727272727273,5542.25714292909,9184.15714285523,0.833333333333333,0.75,0.8,0,1,1,1,-3.0,0.0,-0.0108225108225108,4.6652941176470595,78,0.62890625,0.035400390625,-2.765625,-0.051513671875,-0.7265625,0.416015625,-0.625,-0.43359375,-0.75,0.42578125,-0.298828125,-0.2275390625,-0.41015625,1.046875,-1.125,-0.51953125,-0.380859375,0.1552734375,0.169921875,0.302734375,-0.1865234375,0.494140625,-0.5625,-0.0286865234375,-0.050537109375,0.1025390625,-0.19140625,-0.107421875,0.2421875,-0.361328125,-0.048095703125,0.2578125,-0.65234375,-0.248046875,-0.042724609375,-0.11962890625,0.1318359375,-0.65234375,-0.30078125,0.0927734375,0.173828125,-0.267578125,-0.259765625,0.326171875,-0.400390625,0.0306396484375,0.73828125,-0.57421875,0.359375,-0.0245361328125,0.119140625,0.53125,0.111328125,-0.298828125,-0.283203125,-0.1533203125,-0.50390625,0.25390625,-1.03125,-0.09716796875,-1.578125,-0.232421875,0.640625,0.5859375,0.6328125,0.4921875,-0.0296630859375,0.0908203125,-0.3515625,0.2333984375,0.93359375,0.427734375,0.12890625,-0.58203125,-0.045166015625,0.154296875,-0.56640625,0.69921875,0.28125,0.224609375,-0.14453125,-0.08056640625,0.11376953125,-0.2158203125,0.2470703125,-0.0732421875,-0.69140625,0.84765625,-0.291015625,-0.1796875,-0.5625,-0.12060546875,0.2470703125,-0.76171875,0.12890625,-0.3828125,The painting is BLANK Ali. Ali turns right. The painting is left of Ali.,The painting is in front of Ali. Ali turns right. The painting is left of Ali.,22,15
The painting is BLANK Ali. Ali turns right. The painting is right of Ali.,egocentric_near,context,egocentric_near_context,behind,in front of,1a2464fe-f332-4cb1-9a18-368fbf54b2bd,42d93d82-da95-4c5e-96d3-8d266440c4ec,The painting is behind Ali. Ali turns right. The painting is right of Ali.,0.625,5493.40000052253,5007.62499846146,0.5,1.0,0.714285714285714,1,1,1,1,0.5,-1.0,0.275,4.6,74,0.62890625,0.0133056640625,-2.765625,-0.0634765625,-0.734375,0.40234375,-0.6328125,-0.427734375,-0.765625,0.4375,-0.287109375,-0.2392578125,-0.435546875,1.0234375,-1.125,-0.53125,-0.384765625,0.158203125,0.181640625,0.302734375,-0.185546875,0.50390625,-0.52734375,-0.044677734375,-0.03759765625,0.087890625,-0.185546875,-0.0830078125,0.2109375,-0.353515625,-0.053466796875,0.287109375,-0.6328125,-0.255859375,-0.01153564453125,-0.09521484375,0.1484375,-0.66015625,-0.3046875,0.091796875,0.1806640625,-0.251953125,-0.265625,0.328125,-0.3984375,0.00244140625,0.7421875,-0.58203125,0.369140625,-0.06201171875,0.1337890625,0.490234375,0.11767578125,-0.33203125,-0.271484375,-0.15234375,-0.50390625,0.259765625,-1.0703125,-0.068359375,-1.6328125,-0.2080078125,0.6484375,0.59375,0.67578125,0.48046875,0.007720947265625,0.11328125,-0.337890625,0.25,0.9140625,0.408203125,0.142578125,-0.57421875,-0.024169921875,0.16796875,-0.54296875,0.7265625,0.255859375,0.2392578125,-0.1728515625,-0.08349609375,0.1171875,-0.2275390625,0.234375,-0.05517578125,-0.734375,0.83984375,-0.306640625,-0.1591796875,-0.53515625,-0.134765625,0.228515625,-0.7578125,0.12109375,-0.408203125,The painting is BLANK Ali. Ali turns right. The painting is right of Ali.,The painting is behind Ali. Ali turns right. The painting is right of Ali.,16,22
The painting is BLANK of Ali. Ali turns around. The painting is East of Ali.,geocentric_near,context,geocentric_near_context,East of,West of,6a8c8fe3-8d1b-42ec-9ec9-92a4100d1d32,10a923c5-3759-4bf7-9d6a-d986ed2fd2be,The painting is East of Ali. Ali turns around. The painting is East of Ali.,0.363636363636364,4297.6000002265,3903.7800001055,0.5,1.0,0.75,0,0,0,0,-5.6875,0.0,-0.0511363636363636,4.565,75,0.625,0.036376953125,-2.71875,-0.0299072265625,-0.69140625,0.390625,-0.60546875,-0.392578125,-0.8125,0.5234375,-0.228515625,-0.302734375,-0.419921875,1.0234375,-1.1953125,-0.4453125,-0.3359375,0.072265625,0.2275390625,0.271484375,-0.1572265625,0.5078125,-0.640625,-0.076171875,-0.0791015625,0.03466796875,-0.126953125,-0.16796875,0.2314453125,-0.390625,-0.041015625,0.3359375,-0.58984375,-0.265625,-0.04345703125,-0.058837890625,0.1962890625,-0.66015625,-0.31640625,0.1533203125,0.2265625,-0.2109375,-0.26953125,0.322265625,-0.4375,0.0026092529296875,0.73828125,-0.640625,0.396484375,0.006988525390625,0.142578125,0.423828125,0.130859375,-0.427734375,-0.30078125,-0.1044921875,-0.5078125,0.259765625,-1.125,-0.0556640625,-1.671875,-0.1923828125,0.63671875,0.65234375,0.625,0.4609375,-0.035888671875,0.0888671875,-0.39453125,0.28515625,0.9375,0.5859375,0.12109375,-0.55078125,-0.048583984375,0.1259765625,-0.5859375,0.6875,0.2578125,0.201171875,-0.1787109375,-0.04833984375,0.11083984375,-0.1748046875,0.1455078125,-0.1669921875,-0.7109375,0.91015625,-0.271484375,-0.255859375,-0.5234375,-0.03125,0.240234375,-0.7734375,0.130859375,-0.4296875,The painting is BLANK of Ali. Ali turns around. The painting is East of Ali.,The painting is East of Ali. Ali turns around. The painting is East of Ali.,22,16
The painting is BLANK of Ali. Ali turns around. The painting is West of Ali.,geocentric_near,context,geocentric_near_context,West of,East of,a653c649-87e0-43c7-b715-9f9f05d26a61,f1bed182-4854-4817-be9b-bbd83f82b6b3,The painting is West of Ali. Ali turns around. The painting is West of Ali.,0.333333333333333,5477.19999993071,2736.36000000462,0.6,1.0,0.75,0,0,1,1,-7.1875,0.0,0.121212121212121,4.5874999999999995,75,0.62109375,0.0284423828125,-2.71875,-0.0223388671875,-0.6953125,0.38671875,-0.6015625,-0.392578125,-0.82421875,0.498046875,-0.2265625,-0.30078125,-0.416015625,1.015625,-1.171875,-0.455078125,-0.3515625,0.06884765625,0.220703125,0.2734375,-0.15234375,0.5,-0.65234375,-0.09228515625,-0.053955078125,0.045654296875,-0.1015625,-0.20703125,0.2412109375,-0.3984375,-0.06298828125,0.34375,-0.58984375,-0.271484375,-0.02734375,-0.060791015625,0.1845703125,-0.65625,-0.314453125,0.14453125,0.220703125,-0.208984375,-0.271484375,0.318359375,-0.4375,-0.01153564453125,0.73828125,-0.65234375,0.40234375,0.01324462890625,0.1494140625,0.439453125,0.1279296875,-0.423828125,-0.294921875,-0.09716796875,-0.5078125,0.26171875,-1.1328125,-0.054443359375,-1.6640625,-0.2197265625,0.65234375,0.65234375,0.61328125,0.45703125,-0.0299072265625,0.07666015625,-0.38671875,0.2734375,0.9609375,0.5859375,0.109375,-0.5546875,-0.060791015625,0.15234375,-0.59375,0.6875,0.267578125,0.1982421875,-0.1708984375,-0.038330078125,0.11181640625,-0.1728515625,0.1337890625,-0.16796875,-0.69921875,0.890625,-0.2734375,-0.248046875,-0.51171875,-0.027587890625,0.2412109375,-0.76953125,0.1611328125,-0.4296875,The painting is BLANK of Ali. Ali turns around. The painting is West of Ali.,The painting is West of Ali. Ali turns around. The painting is West of Ali.,15,17
The painting is BLANK of Ali. Ali turns left. The painting is behind Ali.,egocentric_near,context,egocentric_near_context,right,left,15ee8ad8-5804-4e72-8790-4c999481316d,7e83efa0-8c91-48f1-b70c-f903b02080f3,The painting is right of Ali. Ali turns left. The painting is behind Ali.,0.80952380952381,4842.07272733071,2048.12999997437,,,,1,1,1,1,1.0,0.0,-0.173160173160173,4.575333333333333,73,0.61328125,0.046142578125,-2.796875,-0.04150390625,-0.73046875,0.49609375,-0.5546875,-0.421875,-0.80078125,0.482421875,-0.3203125,-0.201171875,-0.396484375,1.0546875,-1.1328125,-0.51953125,-0.369140625,0.12890625,0.1513671875,0.328125,-0.1650390625,0.474609375,-0.5703125,0.004150390625,-0.012939453125,0.048583984375,-0.1865234375,-0.10498046875,0.236328125,-0.384765625,-0.09228515625,0.26171875,-0.59765625,-0.28515625,-0.068359375,-0.07080078125,0.1318359375,-0.6015625,-0.314453125,0.1435546875,0.21484375,-0.248046875,-0.255859375,0.408203125,-0.384765625,0.0025482177734375,0.73046875,-0.6875,0.32421875,-0.0034332275390625,0.12158203125,0.53125,0.1513671875,-0.333984375,-0.29296875,-0.1572265625,-0.53125,0.1845703125,-1.0703125,-0.09423828125,-1.6171875,-0.14453125,0.6640625,0.65625,0.640625,0.478515625,0.0101318359375,0.04736328125,-0.447265625,0.30078125,0.91015625,0.4921875,0.134765625,-0.50390625,-0.087890625,0.06396484375,-0.5546875,0.765625,0.275390625,0.259765625,-0.171875,-0.0625,0.11572265625,-0.1640625,0.185546875,-0.056640625,-0.71875,0.87109375,-0.33203125,-0.1904296875,-0.5390625,-0.10986328125,0.2236328125,-0.76953125,0.1552734375,-0.375,The painting is BLANK of Ali. Ali turns left. The painting is behind Ali.,The painting is right of Ali. Ali turns left. The painting is behind Ali.,21,0
The painting is BLANK of Ali. Ali turns left. The painting is in front of Ali.,egocentric_near,context,egocentric_near_context,left,right,c8169885-6d57-48cb-bc8e-e2ff0a52eefa,a43a4676-63c5-4272-a948-878f43d4aebf,The painting is left of Ali. Ali turns left. The painting is in front of Ali.,0.8,5634.67999999765,3675.18999996577,,,,0,0,1,1,0.0,0.0,0.075,4.643529411764706,77,0.6328125,0.044677734375,-2.78125,-0.0361328125,-0.7421875,0.462890625,-0.5859375,-0.423828125,-0.75,0.44140625,-0.310546875,-0.2255859375,-0.421875,1.03125,-1.1328125,-0.51171875,-0.376953125,0.1533203125,0.1591796875,0.341796875,-0.1572265625,0.44921875,-0.58203125,-0.0159912109375,-0.059326171875,0.10009765625,-0.1728515625,-0.09765625,0.2041015625,-0.375,-0.0771484375,0.267578125,-0.6484375,-0.3203125,-0.048095703125,-0.05615234375,0.107421875,-0.5703125,-0.298828125,0.1279296875,0.19140625,-0.255859375,-0.25390625,0.41015625,-0.43359375,-0.01251220703125,0.7265625,-0.66796875,0.30078125,-0.0026397705078125,0.09326171875,0.53125,0.119140625,-0.337890625,-0.30859375,-0.1513671875,-0.5625,0.2314453125,-1.03125,-0.12109375,-1.7109375,-0.173828125,0.6640625,0.64453125,0.58203125,0.50390625,0.022216796875,0.0791015625,-0.474609375,0.265625,0.94140625,0.515625,0.1298828125,-0.53125,-0.031982421875,0.08935546875,-0.58203125,0.74609375,0.263671875,0.2353515625,-0.1591796875,-0.062255859375,0.10009765625,-0.19140625,0.181640625,-0.07373046875,-0.703125,0.859375,-0.357421875,-0.20703125,-0.5625,-0.111328125,0.2333984375,-0.76171875,0.189453125,-0.384765625,The painting is BLANK of Ali. Ali turns left. The painting is in front of Ali.,The painting is left of Ali. Ali turns left. The painting is in front of Ali.,15,0
The painting is BLANK of Ali. Ali turns left. The painting is right of Ali.,egocentric_near,context,egocentric_near_context,in front of,behind,d5c1bed7-60b5-4b91-90d9-a047d1788f12,16e1a569-1ad9-4b0c-92b0-feb6df7b5b27,The painting is in front of Ali. Ali turns left. The painting is right of Ali.,0.772727272727273,3329.33749995084,5834.62000015494,1.0,1.0,1.0,0,0,1,1,-2.25,0.0,0.127272727272727,4.663529411764706,78,0.640625,0.04150390625,-2.75,-0.043701171875,-0.7265625,0.416015625,-0.65234375,-0.431640625,-0.76171875,0.423828125,-0.294921875,-0.220703125,-0.421875,1.015625,-1.140625,-0.5390625,-0.369140625,0.181640625,0.1748046875,0.294921875,-0.169921875,0.5234375,-0.56640625,-0.006256103515625,-0.0458984375,0.08203125,-0.166015625,-0.1044921875,0.2021484375,-0.36328125,-0.064453125,0.255859375,-0.67578125,-0.302734375,-0.095703125,-0.068359375,0.13671875,-0.65625,-0.2890625,0.11181640625,0.1953125,-0.2431640625,-0.212890625,0.388671875,-0.41796875,0.0228271484375,0.734375,-0.5234375,0.32421875,-0.004852294921875,0.08203125,0.48046875,0.11962890625,-0.349609375,-0.30859375,-0.1630859375,-0.52734375,0.2421875,-1.0703125,-0.11767578125,-1.59375,-0.2421875,0.6796875,0.60546875,0.5703125,0.447265625,-0.026123046875,0.08447265625,-0.359375,0.240234375,0.8984375,0.515625,0.11767578125,-0.5625,-0.01318359375,0.1328125,-0.57421875,0.71875,0.2158203125,0.2392578125,-0.1484375,-0.06591796875,0.11865234375,-0.2314453125,0.23046875,-0.1171875,-0.7109375,0.83984375,-0.296875,-0.1865234375,-0.5625,-0.12060546875,0.2314453125,-0.72265625,0.138671875,-0.384765625,The painting is BLANK of Ali. Ali turns left. The painting is right of Ali.,The painting is in front of Ali. Ali turns left. The painting is right of Ali.,22,16
The painting is BLANK of Ali. Ali turns right. The painting is behind Ali.,egocentric_near,context,egocentric_near_context,left,right,32bfd394-11b3-4295-aea0-96ffac51ded1,83a89d7b-3897-4b03-bb7e-3917130f7a2a,The painting is left of Ali. Ali turns right. The painting is behind Ali.,0.733333333333333,4443.43333342089,6247.74166668556,0.8,1.0,0.888888888888889,1,1,1,1,-0.125,0.0,0.116666666666667,4.577333333333333,73,0.609375,0.030029296875,-2.796875,-0.048828125,-0.73046875,0.482421875,-0.5546875,-0.4140625,-0.81640625,0.478515625,-0.294921875,-0.205078125,-0.3984375,1.0390625,-1.1171875,-0.5078125,-0.373046875,0.11669921875,0.1416015625,0.330078125,-0.1630859375,0.47265625,-0.5703125,-0.009033203125,-0.004364013671875,0.04833984375,-0.181640625,-0.10107421875,0.23828125,-0.376953125,-0.10205078125,0.255859375,-0.58203125,-0.29296875,-0.059326171875,-0.0771484375,0.130859375,-0.6015625,-0.31640625,0.1455078125,0.212890625,-0.251953125,-0.26953125,0.400390625,-0.3984375,-0.00994873046875,0.734375,-0.71484375,0.333984375,-0.00121307373046875,0.1259765625,0.546875,0.15234375,-0.3359375,-0.291015625,-0.1640625,-0.52734375,0.1875,-1.078125,-0.09375,-1.625,-0.150390625,0.65625,0.65234375,0.6484375,0.484375,0.0169677734375,0.058837890625,-0.447265625,0.2890625,0.9140625,0.51953125,0.134765625,-0.51171875,-0.0849609375,0.064453125,-0.54296875,0.7578125,0.263671875,0.26171875,-0.1796875,-0.07470703125,0.10498046875,-0.1748046875,0.19921875,-0.056884765625,-0.7265625,0.875,-0.3203125,-0.203125,-0.55078125,-0.10693359375,0.236328125,-0.76953125,0.146484375,-0.375,The painting is BLANK of Ali. Ali turns right. The painting is behind Ali.,The painting is left of Ali. Ali turns right. The painting is behind Ali.,15,14
The painting is BLANK of Ali. Ali turns right. The painting is in front of Ali.,egocentric_near,context,egocentric_near_context,right,left,fd4fdb40-7cdb-4f4a-817c-0cfe85a616cd,7ebd0a27-2e35-44b7-a1db-283784b79989,The painting is right of Ali. Ali turns right. The painting is in front of Ali.,0.571428571428571,4493.75000000993,1044.63999996781,0.4,0.5,0.444444444444444,0,0,1,1,-2.125,0.0,-0.0089285714285714,4.68529411764706,79,0.62890625,0.0269775390625,-2.78125,-0.044189453125,-0.7421875,0.447265625,-0.5859375,-0.42578125,-0.76171875,0.439453125,-0.294921875,-0.236328125,-0.431640625,1.0234375,-1.125,-0.515625,-0.376953125,0.13671875,0.1572265625,0.333984375,-0.162109375,0.45703125,-0.5703125,-0.033447265625,-0.052978515625,0.11962890625,-0.15625,-0.0791015625,0.2158203125,-0.36328125,-0.076171875,0.2734375,-0.64453125,-0.298828125,-0.04248046875,-0.05517578125,0.10009765625,-0.5703125,-0.291015625,0.11669921875,0.185546875,-0.25390625,-0.26953125,0.40234375,-0.44140625,-0.014404296875,0.73046875,-0.68359375,0.296875,0.0106201171875,0.10693359375,0.54296875,0.12255859375,-0.349609375,-0.3125,-0.1513671875,-0.546875,0.220703125,-1.0390625,-0.12109375,-1.6875,-0.1845703125,0.66015625,0.64453125,0.5859375,0.515625,0.01092529296875,0.09130859375,-0.482421875,0.271484375,0.93359375,0.51171875,0.12353515625,-0.5390625,-0.0400390625,0.10595703125,-0.5703125,0.75,0.25,0.228515625,-0.1611328125,-0.06298828125,0.095703125,-0.197265625,0.1806640625,-0.0810546875,-0.71875,0.86328125,-0.357421875,-0.1982421875,-0.5625,-0.10400390625,0.22265625,-0.7578125,0.1884765625,-0.392578125,The painting is BLANK of Ali. Ali turns right. The painting is in front of Ali.,The painting is right of Ali. Ali turns right. The painting is in front of Ali.,21,14
The painting is to Ali's BLANK. The painting is moved left. The painting is to Ali's right.,egocentric_near,context,egocentric_near_context,left,right,765ece96-2e38-41e6-8aa4-e1d37a691415,78f191e9-62c1-4214-a2e5-e56be737b5da,The painting is to Ali's left. The painting is moved left. The painting is to Ali's right.,0.2,8295.75,1737.90000000037,0.4,0.0,0.222222222222222,1,0,0,0,1.25,-1.0,0.1,4.726999999999999,90,0.69140625,-0.0208740234375,-2.75,-0.03857421875,-0.7734375,0.455078125,-0.58984375,-0.4296875,-0.734375,0.482421875,-0.283203125,-0.1591796875,-0.455078125,1.03125,-1.1328125,-0.53125,-0.416015625,0.1181640625,0.2236328125,0.34765625,-0.181640625,0.478515625,-0.453125,-0.06298828125,-0.11962890625,0.0673828125,-0.1845703125,-0.015380859375,0.1630859375,-0.369140625,-0.057861328125,0.1630859375,-0.58984375,-0.2138671875,-0.01055908203125,-0.045166015625,0.083984375,-0.62890625,-0.318359375,0.1494140625,0.1650390625,-0.27734375,-0.251953125,0.423828125,-0.48046875,0.027587890625,0.77734375,-0.7734375,0.388671875,0.1181640625,0.0478515625,0.53515625,0.1376953125,-0.427734375,-0.3125,-0.09619140625,-0.51953125,0.15625,-0.97265625,-0.01409912109375,-1.5625,-0.13671875,0.70703125,0.671875,0.625,0.39453125,-0.033447265625,0.07666015625,-0.3984375,0.26953125,0.94921875,0.388671875,0.0859375,-0.55859375,0.0947265625,0.1328125,-0.6015625,0.76171875,0.298828125,0.20703125,-0.17578125,-0.033935546875,0.043212890625,-0.1591796875,0.2080078125,-0.1357421875,-0.75390625,0.83984375,-0.369140625,-0.2578125,-0.5078125,-0.054931640625,0.25,-0.80859375,0.1298828125,-0.4921875,The painting is to Ali's BLANK. The painting is moved left. The painting is to Ali's right.,The painting is to Ali's left. The painting is moved left. The painting is to Ali's right.,15,14
The painting is to Ali's BLANK. The painting is moved right. The painting is to Ali's right.,egocentric_near,context,egocentric_near_context,right,left,f365f206-de32-4121-a0cf-f8b7be937ae9,832bad6a-4819-44a8-879c-ba123d4eff25,The painting is to Ali's right. The painting is moved right. The painting is to Ali's right.,0.545454545454545,7877.82000001967,9496.61999995708,0.2,0.25,0.222222222222222,0,0,0,0,-2.0,1.0,0.204545454545455,4.775,92,0.6875,-0.036865234375,-2.75,-0.04541015625,-0.77734375,0.439453125,-0.58984375,-0.431640625,-0.73828125,0.482421875,-0.271484375,-0.1826171875,-0.46484375,1.03125,-1.1171875,-0.546875,-0.408203125,0.09130859375,0.2216796875,0.333984375,-0.1865234375,0.482421875,-0.42578125,-0.05615234375,-0.1083984375,0.0849609375,-0.1513671875,-0.002105712890625,0.1650390625,-0.376953125,-0.04345703125,0.19140625,-0.58203125,-0.232421875,-0.033203125,-0.034912109375,0.09423828125,-0.625,-0.298828125,0.1298828125,0.173828125,-0.265625,-0.2578125,0.431640625,-0.470703125,0.024658203125,0.78125,-0.75,0.380859375,0.12890625,0.051025390625,0.56640625,0.1328125,-0.470703125,-0.326171875,-0.0634765625,-0.5234375,0.197265625,-0.98046875,-0.004547119140625,-1.546875,-0.166015625,0.6875,0.66015625,0.6171875,0.396484375,-0.10009765625,0.083984375,-0.373046875,0.283203125,0.9609375,0.435546875,0.08935546875,-0.5234375,0.056884765625,0.12890625,-0.59375,0.765625,0.298828125,0.2021484375,-0.1787109375,-0.039306640625,0.0172119140625,-0.1787109375,0.181640625,-0.1474609375,-0.8046875,0.8359375,-0.3828125,-0.259765625,-0.5078125,-0.01190185546875,0.2421875,-0.8359375,0.11767578125,-0.486328125,The painting is to Ali's BLANK. The painting is moved right. The painting is to Ali's right.,The painting is to Ali's right. The painting is moved right. The painting is to Ali's right.,22,16
The paper is in one piece. Ali BLANK the paper. The paper is in one piece.,state_nonfollows,context,state_nonfollows_context,folds,rips,b4d93675-966f-4e48-9d4d-d2ebaae8e546,0013773a-7dfd-4010-a685-cfb5fd5c9ad7,The paper is in one piece. Ali folds the paper. The paper is in one piece.,0.954545454545455,3196.77272729643,2988.36666670042,,,,1,1,1,1,16.0,-1.0,-0.0545454545454546,4.859411764705882,74,0.6015625,0.0400390625,-2.875,-0.0556640625,-0.73828125,0.435546875,-0.54296875,-0.2353515625,-0.74609375,0.298828125,-0.294921875,-0.1669921875,-0.404296875,1.1875,-1.0703125,-0.4296875,-0.390625,0.1796875,0.1572265625,0.2734375,-0.1708984375,0.4296875,-0.5078125,-0.0240478515625,-0.10498046875,0.033203125,-0.33203125,0.13671875,0.11376953125,-0.408203125,0.01556396484375,0.205078125,-0.61328125,-0.150390625,-0.220703125,-0.042724609375,0.08544921875,-0.59375,-0.240234375,0.1572265625,0.189453125,-0.37109375,-0.248046875,0.455078125,-0.43359375,0.040283203125,0.73046875,-0.6015625,0.34765625,0.234375,0.051025390625,0.412109375,0.138671875,-0.416015625,-0.2001953125,-0.2470703125,-0.5546875,0.296875,-0.91015625,-0.06103515625,-1.5703125,-0.109375,0.67578125,0.66796875,0.64453125,0.5234375,-0.080078125,0.21875,-0.4921875,0.2890625,0.75390625,0.37890625,0.1923828125,-0.5625,-0.052734375,0.26171875,-0.546875,0.875,0.33984375,0.2001953125,-0.158203125,0.0303955078125,0.1640625,-0.2041015625,0.248046875,-0.189453125,-0.76953125,0.71875,-0.42578125,-0.166015625,-0.65234375,-0.1708984375,0.20703125,-0.69140625,0.146484375,-0.32421875,The paper is in one piece. Ali BLANK the paper. The paper is in one piece.,The paper is in one piece. Ali folds the paper. The paper is in one piece.,22,0
The paper is in one piece. Ali BLANK the paper. The paper is in two pieces.,state_follows,context,state_follows_context,rips,folds,e6b6dede-8ee5-4912-83e5-97076c8a37aa,b272e616-551b-4328-b198-b0b475ebd0cf,The paper is in one piece. Ali rips the paper. The paper is in two pieces.,0.9375,3742.12500056857,2472.10909091004,,,,1,1,1,1,12.5,-1.0,0.0625,4.778823529411765,74,0.6015625,0.028564453125,-2.875,-0.054931640625,-0.74609375,0.41796875,-0.5390625,-0.2470703125,-0.734375,0.298828125,-0.3125,-0.1494140625,-0.388671875,1.1796875,-1.03125,-0.419921875,-0.400390625,0.18359375,0.1552734375,0.267578125,-0.17578125,0.431640625,-0.498046875,-0.015380859375,-0.11474609375,-0.004974365234375,-0.345703125,0.1396484375,0.13671875,-0.3828125,0.0230712890625,0.2216796875,-0.65625,-0.19140625,-0.2119140625,-0.043212890625,0.095703125,-0.5859375,-0.220703125,0.15625,0.1875,-0.369140625,-0.21484375,0.458984375,-0.404296875,0.056640625,0.73046875,-0.58203125,0.3203125,0.208984375,0.046142578125,0.365234375,0.13671875,-0.38671875,-0.2021484375,-0.2158203125,-0.54296875,0.294921875,-0.93359375,-0.06396484375,-1.546875,-0.1552734375,0.67578125,0.640625,0.6484375,0.515625,-0.08203125,0.22265625,-0.46484375,0.25390625,0.76953125,0.333984375,0.19140625,-0.5546875,-0.00640869140625,0.20703125,-0.546875,0.92578125,0.369140625,0.20703125,-0.15625,0.0296630859375,0.1650390625,-0.2255859375,0.2412109375,-0.1953125,-0.765625,0.7109375,-0.431640625,-0.158203125,-0.65234375,-0.2109375,0.21484375,-0.69921875,0.158203125,-0.34375,The paper is in one piece. Ali BLANK the paper. The paper is in two pieces.,The paper is in one piece. Ali rips the paper. The paper is in two pieces.,16,0
The paper is in two pieces. Ali BLANK the pieces. The paper is in one piece.,state_follows,context,state_follows_context,tapes,rips,,45e4283a-b9dc-42ee-a48f-b4501809b112,The paper is in two pieces. Ali tapes the pieces. The paper is in one piece.,1.0,4032.84666675131,2492.39285719967,,,,1,1,1,1,20.0,,,4.817058823529412,76,0.58203125,0.039794921875,-2.859375,-0.06005859375,-0.75390625,0.421875,-0.5234375,-0.279296875,-0.7265625,0.32421875,-0.35546875,-0.162109375,-0.3984375,1.1484375,-1.046875,-0.435546875,-0.373046875,0.1748046875,0.1669921875,0.265625,-0.1767578125,0.447265625,-0.474609375,0.043701171875,-0.11083984375,-0.03515625,-0.40625,0.1806640625,0.11962890625,-0.40234375,0.00023651123046875,0.2421875,-0.64453125,-0.1708984375,-0.1787109375,-0.04345703125,0.111328125,-0.56640625,-0.2109375,0.173828125,0.177734375,-0.3671875,-0.267578125,0.4765625,-0.408203125,0.041748046875,0.765625,-0.62890625,0.314453125,0.1669921875,0.064453125,0.345703125,0.1357421875,-0.45703125,-0.197265625,-0.1806640625,-0.5546875,0.287109375,-0.91796875,0.05517578125,-1.578125,-0.126953125,0.6796875,0.66796875,0.73046875,0.51171875,-0.13671875,0.203125,-0.50390625,0.255859375,0.76171875,0.1962890625,0.1962890625,-0.5546875,-0.006622314453125,0.1826171875,-0.5390625,0.859375,0.369140625,0.1435546875,-0.142578125,0.015869140625,0.16015625,-0.205078125,0.298828125,-0.2021484375,-0.70703125,0.6796875,-0.4296875,-0.1748046875,-0.67578125,-0.2060546875,0.1962890625,-0.6875,0.1484375,-0.36328125,The paper is in two pieces. Ali BLANK the pieces. The paper is in one piece.,The paper is in two pieces. Ali tapes the pieces. The paper is in one piece.,15,0
The ping pong ball is on the floor. Ali rolls a tennis ball BLANK the ping pong ball. The ping pong ball moves.,action_follows,context,action_follows_context,into,away from,bd853b49-e618-4d12-a04b-41959d6f743c,917ebfad-e671-4239-834f-739a51daf3fc,The ping pong ball is on the floor. Ali rolls a tennis ball into the ping pong ball. The ping pong ball moves.,0.875,4972.08888854852,4531.91000046078,,,,1,1,1,1,-1.4375,0.0,0.0,4.090416666666666,110,0.625,0.024658203125,-2.921875,-0.0751953125,-0.7421875,0.357421875,-0.5625,-0.40625,-0.85546875,0.244140625,-0.16796875,-0.333984375,-0.390625,1.0859375,-0.9140625,-0.546875,-0.375,0.1728515625,0.1875,0.21484375,-0.1552734375,0.41015625,-0.39453125,-0.2197265625,-0.1416015625,0.0439453125,-0.0634765625,0.296875,-0.0126953125,-0.35546875,-0.0118408203125,0.23828125,-0.77734375,-0.1259765625,-0.11181640625,0.107421875,0.08837890625,-0.6640625,-0.3515625,0.1396484375,0.1708984375,-0.2216796875,-0.232421875,0.45703125,-0.423828125,0.049072265625,0.61328125,-0.46484375,0.259765625,0.04638671875,0.021240234375,0.27734375,0.080078125,-0.51953125,-0.369140625,-0.232421875,-0.59375,0.2490234375,-0.75390625,-0.10693359375,-1.7109375,-0.1357421875,0.6796875,0.58203125,0.48046875,0.55078125,0.0966796875,0.291015625,-0.431640625,0.294921875,0.92578125,0.453125,0.0517578125,-0.5703125,0.1396484375,0.337890625,-0.59765625,0.79296875,0.15234375,0.197265625,-0.181640625,0.08740234375,0.03271484375,-0.384765625,0.2265625,-0.0242919921875,-0.85546875,0.7421875,-0.478515625,-0.2041015625,-0.71875,-0.19140625,0.205078125,-0.77734375,0.1337890625,-0.4296875,The ping pong ball is on the floor. Ali rolls a tennis ball BLANK the ping pong ball. The ping pong ball moves.,The ping pong ball is on the floor. Ali rolls a tennis ball into the ping pong ball. The ping pong ball moves.,16,0
The room is bright. Ali BLANK the lights. The room is dark.,state_follows,context,state_follows_context,turns off,turns on,2f583a9c-915c-4db7-9460-c961333e6837,34564b07-1014-4101-8a50-af9b2a13b109,The room is bright. Ali turns off the lights. The room is dark.,0.866666666666667,3447.73846161623,2449.55714289358,,,,0,1,1,1,0.0,1.0,0.0333333333333333,4.737857142857144,63,0.65625,0.07568359375,-2.84375,-0.03857421875,-0.765625,0.380859375,-0.59765625,-0.3203125,-0.796875,0.41015625,-0.447265625,-0.24609375,-0.37890625,1.0703125,-1.1015625,-0.4921875,-0.3515625,0.166015625,0.1640625,0.3359375,-0.150390625,0.349609375,-0.66796875,-0.0947265625,-0.09326171875,-0.055419921875,-0.1796875,0.2158203125,0.2109375,-0.349609375,-0.038330078125,0.291015625,-0.5546875,-0.01556396484375,0.0830078125,-0.1982421875,0.140625,-0.515625,-0.412109375,0.1650390625,0.216796875,-0.2734375,-0.32421875,0.3828125,-0.40234375,-0.0322265625,0.67578125,-0.53515625,0.388671875,0.16796875,0.0859375,0.5078125,0.130859375,-0.41796875,-0.1826171875,-0.23046875,-0.4296875,0.287109375,-0.92578125,-0.06689453125,-1.5625,-0.1416015625,0.72265625,0.62109375,0.6328125,0.416015625,0.00604248046875,0.10595703125,-0.4765625,0.349609375,0.78515625,0.412109375,0.134765625,-0.42578125,0.006561279296875,0.1650390625,-0.5625,0.9140625,0.357421875,0.12451171875,-0.2158203125,0.043701171875,0.1767578125,-0.154296875,0.1845703125,-0.17578125,-0.75390625,0.7890625,-0.33203125,-0.126953125,-0.609375,-0.15234375,0.2041015625,-0.76953125,0.1328125,-0.39453125,The room is bright. Ali BLANK the lights. The room is dark.,The room is bright. Ali turns off the lights. The room is dark.,15,0
The room is bright. Ali turns BLANK a light. The room gets brighter.,state_follows,context,state_follows_context,on,off,1efaddde-1dac-4369-85d1-f74cae6e311a,14a831ce-6563-46e5-a50c-653be1e55e0d,The room is bright. Ali turns on a light. The room gets brighter.,0.952380952380952,2898.06666649878,1019.39000010788,,,,1,1,1,1,-2.125,0.0,-0.0148809523809523,4.684285714285714,65,0.6484375,0.0791015625,-2.765625,-0.039306640625,-0.7578125,0.37890625,-0.56640625,-0.296875,-0.796875,0.3828125,-0.369140625,-0.197265625,-0.390625,1.03125,-1.09375,-0.5546875,-0.341796875,0.154296875,0.1796875,0.2490234375,-0.177734375,0.341796875,-0.64453125,0.0140380859375,-0.061767578125,0.0218505859375,-0.134765625,0.1171875,0.283203125,-0.349609375,-0.05859375,0.37109375,-0.60546875,-0.06982421875,0.09765625,-0.1943359375,0.134765625,-0.57421875,-0.310546875,0.171875,0.2255859375,-0.2421875,-0.302734375,0.4140625,-0.408203125,-0.07568359375,0.68359375,-0.59765625,0.3515625,0.1279296875,0.140625,0.56640625,0.12890625,-0.291015625,-0.19921875,-0.2275390625,-0.47265625,0.359375,-0.9921875,-0.059814453125,-1.640625,-0.2109375,0.71484375,0.62890625,0.62109375,0.39453125,-0.0064697265625,0.08740234375,-0.455078125,0.404296875,0.8125,0.404296875,0.123046875,-0.466796875,-0.0673828125,0.171875,-0.5625,0.87109375,0.30078125,0.16796875,-0.1982421875,0.07421875,0.13671875,-0.11962890625,0.201171875,-0.15234375,-0.75390625,0.7734375,-0.32421875,-0.123046875,-0.54296875,-0.10693359375,0.2138671875,-0.78515625,0.0693359375,-0.37109375,The room is bright. Ali turns BLANK a light. The room gets brighter.,The room is bright. Ali turns on a light. The room gets brighter.,21,0
The room is dark. Ali BLANK the candle. The room gets darker.,state_follows,context,state_follows_context,blows out,lights,10a7839c-d76d-4533-9ab9-e1d422ae582d,ac7ca4c0-73f1-42a7-8d29-57e3f69430d2,The room is dark. Ali blows out the candle. The room gets darker.,0.954545454545455,3506.35000009253,2801.19166659141,,,,0,1,1,1,12.8125,1.0,-0.0021645021645022,4.366428571428572,65,0.65625,0.04833984375,-2.84375,-0.05419921875,-0.75,0.384765625,-0.55859375,-0.32421875,-0.80078125,0.39453125,-0.30859375,-0.1982421875,-0.384765625,1.0078125,-1.1015625,-0.4921875,-0.32421875,0.1298828125,0.185546875,0.2890625,-0.1640625,0.35546875,-0.62109375,-0.068359375,-0.0927734375,-0.0849609375,-0.123046875,0.3046875,0.1982421875,-0.375,-0.0498046875,0.31640625,-0.57421875,-0.1357421875,0.05712890625,-0.1611328125,0.1640625,-0.50390625,-0.345703125,0.171875,0.2197265625,-0.2392578125,-0.345703125,0.3828125,-0.35546875,-0.041015625,0.69140625,-0.50390625,0.36328125,0.111328125,0.11767578125,0.5078125,0.14453125,-0.431640625,-0.19921875,-0.21875,-0.439453125,0.287109375,-0.9921875,-0.07763671875,-1.6015625,-0.1845703125,0.7265625,0.5859375,0.703125,0.41015625,0.0167236328125,0.07666015625,-0.400390625,0.3828125,0.77734375,0.41796875,0.150390625,-0.3984375,-0.021484375,0.158203125,-0.546875,0.90625,0.357421875,0.1748046875,-0.1806640625,0.03076171875,0.130859375,-0.125,0.2431640625,-0.2353515625,-0.796875,0.76171875,-0.380859375,-0.10107421875,-0.59765625,-0.154296875,0.1884765625,-0.7890625,0.099609375,-0.421875,The room is dark. Ali BLANK the candle. The room gets darker.,The room is dark. Ali blows out the candle. The room gets darker.,22,0
The room is dark. Ali turns BLANK the light. The room gets lighter.,state_follows,context,state_follows_context,on,off,6b1f4870-311e-49b9-91f4-426b711fdbb0,f085d116-3902-46ad-9201-4cfd9e219401,The room is dark. Ali turns on the light. The room gets lighter.,0.9375,4608.75555555895,1719.38750018645,,,,1,1,1,1,12.5625,0.0,-0.0284090909090909,4.7957142857142845,64,0.640625,0.059814453125,-2.765625,-0.0281982421875,-0.75390625,0.4140625,-0.59375,-0.30078125,-0.78515625,0.400390625,-0.36328125,-0.2138671875,-0.3984375,0.99609375,-1.09375,-0.53125,-0.322265625,0.1611328125,0.1826171875,0.240234375,-0.1669921875,0.35546875,-0.68359375,-0.004638671875,-0.0576171875,-0.00537109375,-0.1728515625,0.185546875,0.28515625,-0.35546875,-0.057861328125,0.333984375,-0.62109375,-0.06689453125,0.10205078125,-0.205078125,0.12353515625,-0.578125,-0.310546875,0.17578125,0.21484375,-0.263671875,-0.328125,0.37890625,-0.41015625,-0.06591796875,0.6953125,-0.56640625,0.353515625,0.08203125,0.1630859375,0.55859375,0.1357421875,-0.30859375,-0.1962890625,-0.251953125,-0.484375,0.365234375,-0.9296875,-0.06884765625,-1.65625,-0.2158203125,0.74609375,0.62109375,0.671875,0.3984375,-0.0284423828125,0.0859375,-0.439453125,0.408203125,0.82421875,0.337890625,0.1337890625,-0.451171875,-0.07568359375,0.2041015625,-0.5390625,0.87109375,0.310546875,0.150390625,-0.1923828125,0.08203125,0.142578125,-0.091796875,0.1982421875,-0.1640625,-0.73828125,0.75390625,-0.34375,-0.06689453125,-0.53515625,-0.1318359375,0.2177734375,-0.8203125,0.08154296875,-0.376953125,The room is dark. Ali turns BLANK the light. The room gets lighter.,The room is dark. Ali turns on the light. The room gets lighter.,16,0
The seesaw is balanced. Ali tilts the BLANK side of the seesaw. The left side goes up.,action_follows,context,action_follows_context,right,left,a2f6568e-ec28-4dac-ae3f-190047f4c607,3853bb96-81c1-470b-b9d5-b17b811bf101,The seesaw is balanced. Ali tilts the right side of the seesaw. The left side goes up.,0.619047619047619,5361.01666650176,1229.66666654746,1.0,,1.0,1,1,1,1,7.4375,-1.0,0.280952380952381,3.947777777777777,86,0.65234375,-0.006561279296875,-2.703125,-0.05419921875,-0.7578125,0.39453125,-0.61328125,-0.408203125,-0.77734375,0.451171875,-0.333984375,-0.1650390625,-0.43359375,1.046875,-1.0078125,-0.5859375,-0.341796875,0.125,0.1552734375,0.283203125,-0.2158203125,0.5859375,-0.703125,0.0002574920654296875,-0.173828125,-0.1435546875,-0.0390625,0.0179443359375,0.080078125,-0.33203125,-0.07080078125,0.2490234375,-0.76171875,-0.306640625,-0.0235595703125,0.006317138671875,0.05029296875,-0.427734375,-0.369140625,0.07080078125,0.1728515625,-0.3125,-0.259765625,0.435546875,-0.470703125,0.1650390625,0.71484375,-0.59765625,0.2490234375,-0.0179443359375,0.05029296875,0.412109375,0.08447265625,-0.36328125,-0.306640625,-0.1162109375,-0.62890625,0.326171875,-0.79296875,-0.06884765625,-1.6640625,-0.2138671875,0.76171875,0.5390625,0.59375,0.458984375,0.08642578125,0.12890625,-0.61328125,0.30078125,0.9375,0.359375,0.058837890625,-0.431640625,0.11962890625,0.2392578125,-0.56640625,0.765625,0.271484375,0.21484375,-0.216796875,0.09521484375,0.189453125,-0.138671875,0.027099609375,-0.201171875,-0.72265625,0.72265625,-0.458984375,-0.224609375,-0.62890625,-0.240234375,0.057373046875,-0.88671875,0.1435546875,-0.482421875,The seesaw is balanced. Ali tilts the BLANK side of the seesaw. The left side goes up.,The seesaw is balanced. Ali tilts the right side of the seesaw. The left side goes up.,21,10
The soup is on the BLANK. Ali turns on the stove. The soup gets colder.,state_nonfollows,context,state_nonfollows_context,table,stove,3f9080ad-163f-4292-b126-23641aac21fc,8b45f8ce-8395-4e2b-81a1-d439542592b7,The soup is on the table. Ali turns on the stove. The soup gets colder.,0.952380952380952,5338.19000012679,4015.41818187792,,,,1,1,1,1,7.5,-1.0,-0.639880952380952,4.2975,71,0.6328125,0.06787109375,-2.8125,-0.056396484375,-0.765625,0.3828125,-0.5390625,-0.306640625,-0.7578125,0.3125,-0.255859375,-0.24609375,-0.388671875,1.1171875,-1.0546875,-0.45703125,-0.365234375,0.11767578125,0.181640625,0.287109375,-0.1640625,0.3984375,-0.55859375,-0.04052734375,-0.0703125,-0.126953125,-0.18359375,0.1572265625,0.201171875,-0.40625,-0.06982421875,0.337890625,-0.6953125,-0.07958984375,0.041748046875,-0.06005859375,0.1337890625,-0.46875,-0.28125,0.1767578125,0.2109375,-0.302734375,-0.3203125,0.4140625,-0.42578125,0.0228271484375,0.71875,-0.7734375,0.28515625,0.055419921875,0.02685546875,0.52734375,0.1103515625,-0.392578125,-0.2431640625,-0.11669921875,-0.58984375,0.203125,-0.88671875,-0.06884765625,-1.8515625,-0.10693359375,0.6796875,0.67578125,0.63671875,0.412109375,0.01068115234375,0.1572265625,-0.490234375,0.2578125,0.84375,0.37890625,0.11181640625,-0.47265625,0.0576171875,0.1591796875,-0.62890625,0.83203125,0.2177734375,0.1552734375,-0.16015625,-0.01068115234375,0.1552734375,-0.0296630859375,0.255859375,-0.13671875,-0.78515625,0.72265625,-0.419921875,-0.11328125,-0.4609375,-0.061279296875,0.1669921875,-0.80078125,-0.00311279296875,-0.396484375,The soup is on the BLANK. Ali turns on the stove. The soup gets colder.,The soup is on the table. Ali turns on the stove. The soup gets colder.,21,0
The soup is on the BLANK. Ali turns on the stove. The soup gets warmer.,state_follows,context,state_follows_context,stove,table,7ca2356d-2e6b-426e-82ac-2b22729c3575,7f65faa3-07c4-4f85-9c35-0429c7e4bc83,The soup is on the stove. Ali turns on the stove. The soup gets warmer.,1.0,2943.57999984231,2596.70000014342,,,,1,1,1,1,3.6875,0.0,-0.15,4.115,71,0.62890625,0.06640625,-2.8125,-0.060791015625,-0.765625,0.3828125,-0.52734375,-0.310546875,-0.7734375,0.30078125,-0.259765625,-0.2451171875,-0.392578125,1.109375,-1.0703125,-0.458984375,-0.365234375,0.11279296875,0.1943359375,0.279296875,-0.16796875,0.3984375,-0.546875,-0.042724609375,-0.062255859375,-0.1123046875,-0.1640625,0.1298828125,0.2099609375,-0.408203125,-0.05078125,0.330078125,-0.68359375,-0.09228515625,0.054931640625,-0.06494140625,0.1357421875,-0.466796875,-0.267578125,0.169921875,0.208984375,-0.294921875,-0.33203125,0.404296875,-0.44140625,0.0230712890625,0.72265625,-0.76953125,0.291015625,0.0771484375,0.0235595703125,0.55078125,0.10693359375,-0.41015625,-0.26171875,-0.11279296875,-0.5859375,0.220703125,-0.88671875,-0.095703125,-1.8515625,-0.1455078125,0.66796875,0.671875,0.625,0.3828125,0.01226806640625,0.1572265625,-0.478515625,0.2431640625,0.83203125,0.3828125,0.10546875,-0.4765625,0.0439453125,0.16015625,-0.625,0.83203125,0.2138671875,0.1494140625,-0.1572265625,-0.013427734375,0.1572265625,-0.05029296875,0.244140625,-0.1484375,-0.77734375,0.72265625,-0.423828125,-0.12109375,-0.46484375,-0.04541015625,0.1630859375,-0.8125,0.00139617919921875,-0.400390625,The soup is on the BLANK. Ali turns on the stove. The soup gets warmer.,The soup is on the stove. Ali turns on the stove. The soup gets warmer.,16,0
The soup is on the stove. Ali turns BLANK the stove. The soup gets colder.,state_follows,context,state_follows_context,off,on,65268ba4-e40e-4eaa-8baa-aad10d62962f,0451da93-a942-4e0c-939e-8445d7315869,The soup is on the stove. Ali turns off the stove. The soup gets colder.,0.904761904761905,2651.08181820403,1147.90000000927,,,,1,1,1,1,10.875,0.0,-0.0476190476190477,4.088749999999999,72,0.63671875,0.0712890625,-2.78125,-0.06982421875,-0.75390625,0.396484375,-0.578125,-0.318359375,-0.7734375,0.298828125,-0.279296875,-0.23828125,-0.392578125,1.078125,-1.109375,-0.482421875,-0.3671875,0.138671875,0.1962890625,0.251953125,-0.15625,0.37890625,-0.55859375,-0.04736328125,-0.04833984375,-0.126953125,-0.185546875,0.068359375,0.2392578125,-0.37890625,0.00360107421875,0.31640625,-0.671875,-0.1044921875,0.017822265625,-0.1103515625,0.109375,-0.5078125,-0.314453125,0.12890625,0.21484375,-0.306640625,-0.265625,0.392578125,-0.4296875,-0.00885009765625,0.73828125,-0.62890625,0.29296875,0.0849609375,0.0771484375,0.515625,0.12158203125,-0.298828125,-0.1826171875,-0.1669921875,-0.51953125,0.2734375,-0.90234375,-0.0869140625,-1.75,-0.11279296875,0.73046875,0.640625,0.65234375,0.462890625,-0.0279541015625,0.10595703125,-0.466796875,0.390625,0.84765625,0.37109375,0.11376953125,-0.51953125,-0.046875,0.140625,-0.57421875,0.91015625,0.29296875,0.173828125,-0.1806640625,-0.00482177734375,0.11328125,-0.1328125,0.2255859375,-0.26171875,-0.82421875,0.70703125,-0.390625,-0.1015625,-0.50390625,-0.0908203125,0.2001953125,-0.80078125,0.1044921875,-0.34765625,The soup is on the stove. Ali turns BLANK the stove. The soup gets colder.,The soup is on the stove. Ali turns off the stove. The soup gets colder.,21,0
The statue is BLANK Ali. Ali walks East. The statue is North of Ali.,geocentric_near,context,geocentric_near_context,North of,West of,f43f788d-7543-4b34-b2c4-94551f46632a,65877b0d-ab1c-4076-9083-baee15b3f77c,The statue is North of Ali. Ali walks East. The statue is North of Ali.,0.733333333333333,7832.64615380664,5661.84615387495,0.5,1.0,0.75,0,0,0,0,-6.8125,0.0,-0.0060606060606059,4.351875,71,0.609375,0.012451171875,-2.765625,-0.04443359375,-0.66796875,0.4609375,-0.57421875,-0.328125,-0.80859375,0.48828125,-0.28125,-0.2275390625,-0.404296875,1.0,-1.2109375,-0.421875,-0.314453125,0.0712890625,0.177734375,0.2470703125,-0.1767578125,0.515625,-0.703125,-0.12109375,-0.05859375,0.0257568359375,-0.1455078125,-0.1279296875,0.2294921875,-0.37109375,-0.06787109375,0.26171875,-0.58984375,-0.1689453125,0.0206298828125,-0.10107421875,0.181640625,-0.70703125,-0.310546875,0.09375,0.2099609375,-0.2119140625,-0.333984375,0.302734375,-0.423828125,-0.005462646484375,0.7421875,-0.58203125,0.3984375,0.0240478515625,0.1298828125,0.44140625,0.1337890625,-0.30859375,-0.31640625,-0.1943359375,-0.49609375,0.2236328125,-1.03125,-0.0245361328125,-1.6171875,-0.1953125,0.65234375,0.55078125,0.6171875,0.5390625,-0.0048828125,0.12451171875,-0.333984375,0.224609375,1.015625,0.63671875,0.1220703125,-0.59375,-0.0308837890625,0.0419921875,-0.5546875,0.6796875,0.296875,0.2275390625,-0.1796875,-0.123046875,0.208984375,-0.1513671875,0.115234375,-0.1943359375,-0.69921875,0.83203125,-0.283203125,-0.255859375,-0.5703125,-0.10888671875,0.275390625,-0.80859375,0.171875,-0.447265625,The statue is BLANK Ali. Ali walks East. The statue is North of Ali.,The statue is North of Ali. Ali walks East. The statue is North of Ali.,15,18
The statue is BLANK Ali. Ali walks East. The statue is South of Ali.,geocentric_near,context,geocentric_near_context,South of,West of,f22447ca-9574-4a2a-97a3-2d2bf9e6af56,dda332bc-7e07-43d3-9b4e-320f1d426b3a,The statue is South of Ali. Ali walks East. The statue is South of Ali.,0.3125,4636.55000001937,2273.64999997616,1.0,,1.0,0,0,0,0,-5.4375,0.0,0.3375,4.3618749999999995,71,0.59375,0.0059814453125,-2.75,-0.044921875,-0.66796875,0.47265625,-0.56640625,-0.322265625,-0.8203125,0.46484375,-0.2314453125,-0.255859375,-0.40625,1.03125,-1.1875,-0.416015625,-0.322265625,0.0693359375,0.203125,0.251953125,-0.173828125,0.515625,-0.7265625,-0.119140625,-0.060302734375,0.05908203125,-0.10986328125,-0.12451171875,0.2431640625,-0.359375,-0.062255859375,0.228515625,-0.578125,-0.28125,0.004180908203125,-0.09326171875,0.1875,-0.71875,-0.314453125,0.0869140625,0.2138671875,-0.216796875,-0.328125,0.302734375,-0.416015625,-0.01068115234375,0.75,-0.59765625,0.408203125,0.044921875,0.1455078125,0.4453125,0.1357421875,-0.318359375,-0.31640625,-0.1904296875,-0.50390625,0.23046875,-1.046875,-0.0125732421875,-1.609375,-0.1962890625,0.65625,0.55859375,0.6328125,0.54296875,-0.01287841796875,0.11328125,-0.326171875,0.2216796875,1.03125,0.67578125,0.1220703125,-0.59375,-0.02734375,0.0223388671875,-0.55078125,0.68359375,0.28125,0.2236328125,-0.1845703125,-0.12060546875,0.2265625,-0.1591796875,0.1162109375,-0.2275390625,-0.69921875,0.82421875,-0.279296875,-0.2578125,-0.546875,-0.09521484375,0.26953125,-0.80859375,0.1943359375,-0.44921875,The statue is BLANK Ali. Ali walks East. The statue is South of Ali.,The statue is South of Ali. Ali walks East. The statue is South of Ali.,16,9
The statue is BLANK Ali. Ali walks North. The statue is East of Ali.,geocentric_near,context,geocentric_near_context,East of,South of,7f3db410-a330-48b3-b178-1f9eb60fc88a,900df025-c5e8-4874-a648-b98abcac3bec,The statue is East of Ali. Ali walks North. The statue is East of Ali.,0.681818181818182,6781.43333333133,6003.82857143792,0.8,1.0,0.875,0,0,1,1,-5.0,0.0,0.0056818181818182,4.338750000000001,70,0.6015625,0.0169677734375,-2.765625,-0.052734375,-0.6640625,0.4765625,-0.59375,-0.330078125,-0.8046875,0.50390625,-0.23828125,-0.2392578125,-0.408203125,1.0234375,-1.1953125,-0.400390625,-0.318359375,0.06396484375,0.1875,0.2353515625,-0.1767578125,0.5234375,-0.7265625,-0.11767578125,-0.08251953125,0.051513671875,-0.1474609375,-0.11083984375,0.2265625,-0.365234375,-0.06103515625,0.255859375,-0.58984375,-0.220703125,0.032470703125,-0.1201171875,0.1982421875,-0.7109375,-0.328125,0.08740234375,0.2119140625,-0.2138671875,-0.33984375,0.291015625,-0.41796875,-0.00830078125,0.73828125,-0.60546875,0.435546875,0.015869140625,0.154296875,0.4453125,0.138671875,-0.306640625,-0.3203125,-0.1875,-0.4921875,0.22265625,-1.03125,-0.0257568359375,-1.6015625,-0.193359375,0.6484375,0.55859375,0.66015625,0.50390625,-0.0224609375,0.10986328125,-0.328125,0.216796875,1.0234375,0.6015625,0.12890625,-0.59765625,-0.0284423828125,0.048095703125,-0.546875,0.67578125,0.296875,0.2109375,-0.189453125,-0.126953125,0.2197265625,-0.17578125,0.14453125,-0.205078125,-0.7109375,0.828125,-0.271484375,-0.2490234375,-0.55859375,-0.07470703125,0.2734375,-0.8125,0.162109375,-0.439453125,The statue is BLANK Ali. Ali walks North. The statue is East of Ali.,The statue is East of Ali. Ali walks North. The statue is East of Ali.,22,17
The statue is BLANK Ali. Ali walks North. The statue is West of Ali.,geocentric_near,context,geocentric_near_context,West of,South of,ee3ae132-a497-4dbe-b99f-a973cdb161ed,1548d982-1dd9-4987-a32f-e7901bf4ae19,The statue is West of Ali. Ali walks North. The statue is West of Ali.,0.428571428571429,5386.85000001391,811.979999983311,0.5,1.0,0.75,0,0,1,1,-4.3125,0.0,0.142857142857143,4.358750000000001,70,0.59765625,0.0008544921875,-2.765625,-0.0361328125,-0.671875,0.470703125,-0.58203125,-0.333984375,-0.8046875,0.439453125,-0.25,-0.25,-0.408203125,1.0234375,-1.1875,-0.43359375,-0.33203125,0.07666015625,0.1806640625,0.248046875,-0.169921875,0.515625,-0.72265625,-0.1240234375,-0.04736328125,0.046630859375,-0.1083984375,-0.1796875,0.2392578125,-0.365234375,-0.07568359375,0.26171875,-0.578125,-0.2314453125,0.030517578125,-0.11767578125,0.181640625,-0.69921875,-0.306640625,0.09228515625,0.2060546875,-0.216796875,-0.326171875,0.3046875,-0.416015625,-0.0159912109375,0.74609375,-0.61328125,0.4296875,0.0279541015625,0.1513671875,0.462890625,0.1328125,-0.310546875,-0.3125,-0.1806640625,-0.490234375,0.2177734375,-1.03125,-0.0196533203125,-1.5859375,-0.2080078125,0.6640625,0.55859375,0.65625,0.50390625,-0.019775390625,0.1171875,-0.328125,0.20703125,1.0390625,0.6171875,0.125,-0.59765625,-0.03515625,0.0546875,-0.55078125,0.6640625,0.29296875,0.220703125,-0.1875,-0.12060546875,0.2080078125,-0.1630859375,0.1357421875,-0.1962890625,-0.6953125,0.81640625,-0.2734375,-0.236328125,-0.546875,-0.0693359375,0.2734375,-0.81640625,0.1904296875,-0.43359375,The statue is BLANK Ali. Ali walks North. The statue is West of Ali.,The statue is West of Ali. Ali walks North. The statue is West of Ali.,21,16
The statue is BLANK Ali. Ali walks South. The statue is East of Ali.,geocentric_near,context,geocentric_near_context,East of,North of,33b84f5c-f207-46c9-8c96-266e50ca0819,1d96d949-42bd-435b-b94b-18a7daf5eda7,The statue is East of Ali. Ali walks South. The statue is East of Ali.,0.733333333333333,7581.63333332539,4996.28000000659,0.5,1.0,0.666666666666667,0,0,1,1,-3.125,0.0,-0.0969696969696969,4.34375,70,0.6015625,0.0185546875,-2.765625,-0.0546875,-0.66015625,0.466796875,-0.57421875,-0.3203125,-0.80859375,0.51953125,-0.2490234375,-0.2431640625,-0.408203125,1.0234375,-1.203125,-0.41015625,-0.3125,0.057373046875,0.1884765625,0.2392578125,-0.1796875,0.5234375,-0.72265625,-0.1240234375,-0.08203125,0.041259765625,-0.1650390625,-0.09375,0.21484375,-0.38671875,-0.064453125,0.26953125,-0.6015625,-0.166015625,0.03466796875,-0.1181640625,0.1923828125,-0.70703125,-0.337890625,0.0927734375,0.2109375,-0.2109375,-0.330078125,0.2734375,-0.416015625,-0.0167236328125,0.734375,-0.59375,0.423828125,-0.01300048828125,0.140625,0.46484375,0.140625,-0.3203125,-0.322265625,-0.1865234375,-0.484375,0.2138671875,-1.0390625,-0.02685546875,-1.625,-0.1962890625,0.63671875,0.5546875,0.6484375,0.50390625,-0.0291748046875,0.1103515625,-0.318359375,0.2109375,1.015625,0.5625,0.1279296875,-0.59375,-0.03759765625,0.052734375,-0.53515625,0.66015625,0.3046875,0.212890625,-0.1865234375,-0.12255859375,0.2255859375,-0.1611328125,0.1337890625,-0.1767578125,-0.71484375,0.84375,-0.267578125,-0.251953125,-0.5546875,-0.07958984375,0.2734375,-0.8046875,0.1494140625,-0.431640625,The statue is BLANK Ali. Ali walks South. The statue is East of Ali.,The statue is East of Ali. Ali walks South. The statue is East of Ali.,15,12
The statue is BLANK Ali. Ali walks South. The statue is West of Ali.,geocentric_near,context,geocentric_near_context,West of,North of,81123323-a1cd-4a74-88ff-4731a319aea6,da2835cc-e084-4f03-9452-35e32d6584d5,The statue is West of Ali. Ali walks South. The statue is West of Ali.,0.375,4514.39999998026,9777.42000000142,0.8,1.0,0.857142857142857,0,0,0,0,-2.625,0.0,0.325,4.36375,70,0.59765625,0.002532958984375,-2.765625,-0.0380859375,-0.66796875,0.4609375,-0.5625,-0.32421875,-0.8125,0.455078125,-0.26171875,-0.25390625,-0.40625,1.015625,-1.1953125,-0.4453125,-0.326171875,0.0703125,0.1796875,0.25390625,-0.171875,0.515625,-0.71875,-0.1279296875,-0.0478515625,0.035888671875,-0.1220703125,-0.1650390625,0.232421875,-0.384765625,-0.0791015625,0.275390625,-0.5859375,-0.17578125,0.034423828125,-0.1181640625,0.1796875,-0.69921875,-0.318359375,0.095703125,0.2041015625,-0.2138671875,-0.322265625,0.28515625,-0.4140625,-0.0242919921875,0.73828125,-0.60546875,0.423828125,0.002410888671875,0.146484375,0.484375,0.1376953125,-0.322265625,-0.314453125,-0.1884765625,-0.48046875,0.2158203125,-1.046875,-0.015625,-1.609375,-0.2080078125,0.65234375,0.5546875,0.64453125,0.50390625,-0.023193359375,0.11572265625,-0.318359375,0.201171875,1.03125,0.5859375,0.125,-0.59375,-0.046630859375,0.057373046875,-0.546875,0.65234375,0.306640625,0.2236328125,-0.1796875,-0.1162109375,0.2119140625,-0.15234375,0.1259765625,-0.1728515625,-0.703125,0.828125,-0.26953125,-0.240234375,-0.5390625,-0.07177734375,0.2734375,-0.81640625,0.1796875,-0.4296875,The statue is BLANK Ali. Ali walks South. The statue is West of Ali.,The statue is West of Ali. Ali walks South. The statue is West of Ali.,16,11
The statue is BLANK Ali. Ali walks West. The statue is North of Ali.,geocentric_near,context,geocentric_near_context,North of,East of,8ce99cef-a045-4815-9e92-93dc12280686,2394a22c-ce98-4455-8af8-9365567f5512,The statue is North of Ali. Ali walks West. The statue is North of Ali.,0.476190476190476,5055.85714284011,1367.60000000397,0.5,1.0,0.666666666666667,0,0,0,0,-6.5625,0.0,0.0,4.361875,71,0.60546875,0.01251220703125,-2.78125,-0.046142578125,-0.6640625,0.466796875,-0.58203125,-0.330078125,-0.81640625,0.5078125,-0.26953125,-0.2216796875,-0.3984375,0.99609375,-1.1953125,-0.423828125,-0.318359375,0.057861328125,0.177734375,0.244140625,-0.173828125,0.51953125,-0.7109375,-0.125,-0.0654296875,0.03515625,-0.158203125,-0.11279296875,0.2197265625,-0.37890625,-0.051513671875,0.2890625,-0.59375,-0.177734375,0.025146484375,-0.111328125,0.1826171875,-0.7109375,-0.31640625,0.0888671875,0.205078125,-0.2138671875,-0.330078125,0.287109375,-0.41796875,-0.0113525390625,0.734375,-0.5859375,0.40234375,-0.0067138671875,0.1396484375,0.4609375,0.1357421875,-0.310546875,-0.31640625,-0.1826171875,-0.486328125,0.224609375,-1.046875,-0.00830078125,-1.625,-0.19921875,0.640625,0.55859375,0.625,0.52734375,-0.0203857421875,0.1103515625,-0.322265625,0.224609375,1.015625,0.59765625,0.1298828125,-0.59375,-0.057373046875,0.06298828125,-0.546875,0.6796875,0.29296875,0.212890625,-0.1796875,-0.1123046875,0.2080078125,-0.1513671875,0.1259765625,-0.1796875,-0.703125,0.83984375,-0.271484375,-0.25,-0.578125,-0.1015625,0.28515625,-0.80859375,0.1865234375,-0.431640625,The statue is BLANK Ali. Ali walks West. The statue is North of Ali.,The statue is North of Ali. Ali walks West. The statue is North of Ali.,21,14
The stove is BLANK. Ali puts his hand on the stove. Ali's hand is burnt.,state_follows,context,state_follows_context,on,off,,7180cf34-ac0d-4098-ae80-90997ef4a49e,The stove is on. Ali puts his hand on the stove. Ali's hand is burnt.,0.866666666666667,3048.95000006026,2208.46666671025,,,,1,1,1,1,12.75,,,4.395882352941177,69,0.63671875,0.04345703125,-2.71875,-0.051025390625,-0.734375,0.39453125,-0.625,-0.36328125,-0.765625,0.33203125,-0.28515625,-0.1201171875,-0.416015625,1.109375,-1.0859375,-0.5078125,-0.392578125,0.1865234375,0.138671875,0.267578125,-0.19140625,0.35546875,-0.47265625,-0.087890625,-0.1376953125,0.031982421875,-0.2451171875,-0.059814453125,0.1982421875,-0.3203125,-0.044921875,0.353515625,-0.65234375,-0.032958984375,0.08349609375,-0.0654296875,0.1357421875,-0.46484375,-0.326171875,0.1044921875,0.181640625,-0.26171875,-0.302734375,0.423828125,-0.43359375,0.044921875,0.7421875,-0.423828125,0.2314453125,-0.1123046875,0.0311279296875,0.51171875,0.095703125,-0.28125,-0.2294921875,-0.12060546875,-0.61328125,0.2265625,-0.8828125,-0.140625,-1.78125,-0.197265625,0.671875,0.64453125,0.51953125,0.51953125,-0.052490234375,0.08837890625,-0.51953125,0.34375,0.88671875,0.404296875,0.08447265625,-0.404296875,0.0220947265625,0.28125,-0.66015625,0.80859375,0.33984375,0.162109375,-0.2333984375,0.07763671875,0.016845703125,-0.11767578125,0.16796875,-0.27734375,-0.671875,0.7421875,-0.482421875,-0.103515625,-0.69140625,-0.1484375,0.166015625,-0.69921875,0.0213623046875,-0.41015625,The stove is BLANK. Ali puts his hand on the stove. Ali's hand is burnt.,The stove is on. Ali puts his hand on the stove. Ali's hand is burnt.,15,0
The stove is BLANK. Ali puts his hand on the stove. Ali's hand is not burnt.,state_nonfollows,context,state_nonfollows_context,off,on,76b9bbbb-91b7-41de-8e64-e7dee692f78a,e157096e-c76e-4bc4-b23d-e46cfaddbdb5,The stove is off. Ali puts his hand on the stove. Ali's hand is not burnt.,0.857142857142857,2737.6833331883,1866.61818179217,,,,1,1,1,1,7.25,-1.0,0.0178571428571429,4.407777777777778,74,0.640625,0.04443359375,-2.703125,-0.05810546875,-0.73046875,0.3828125,-0.625,-0.373046875,-0.75390625,0.34375,-0.28515625,-0.1396484375,-0.412109375,1.1015625,-1.09375,-0.51953125,-0.39453125,0.1767578125,0.1181640625,0.291015625,-0.1884765625,0.345703125,-0.482421875,-0.0888671875,-0.146484375,0.032958984375,-0.236328125,-0.07568359375,0.1875,-0.328125,-0.0498046875,0.36328125,-0.69140625,-0.037841796875,0.10986328125,-0.0830078125,0.126953125,-0.427734375,-0.369140625,0.1142578125,0.1728515625,-0.275390625,-0.259765625,0.431640625,-0.42578125,0.06494140625,0.7109375,-0.369140625,0.197265625,-0.12451171875,0.026123046875,0.453125,0.09716796875,-0.322265625,-0.212890625,-0.12060546875,-0.64453125,0.23828125,-0.8046875,-0.15625,-1.828125,-0.1484375,0.65625,0.66796875,0.494140625,0.50390625,-0.0169677734375,0.064453125,-0.5625,0.33984375,0.92578125,0.453125,0.0888671875,-0.3984375,0.042236328125,0.29296875,-0.6796875,0.76953125,0.359375,0.17578125,-0.2578125,0.10400390625,0.031494140625,-0.10498046875,0.150390625,-0.265625,-0.65234375,0.74609375,-0.447265625,-0.08984375,-0.67578125,-0.15234375,0.1513671875,-0.71484375,0.0498046875,-0.408203125,The stove is BLANK. Ali puts his hand on the stove. Ali's hand is not burnt.,The stove is off. Ali puts his hand on the stove. Ali's hand is not burnt.,21,0
The tennis ball is BLANK the bowling ball. Ali rolls the bowling ball. The bowling ball is further from the tennis ball.,relative_pos,context,relative_pos_context,touching,far from,fd34f77c-61c1-4009-82e5-512ea1b27077,d9f18d62-68d4-4db8-a4b5-847c5ff40a19,The tennis ball is touching the bowling ball. Ali rolls the bowling ball. The bowling ball is further from the tennis ball.,0.4375,4875.61666641322,5629.29999968037,0.6,0.75,0.666666666666667,1,0,0,0,-9.0625,-1.0,0.375,4.270434782608695,123,0.65234375,0.042236328125,-2.96875,-0.10302734375,-0.765625,0.43359375,-0.48046875,-0.48828125,-0.82421875,0.259765625,-0.197265625,-0.353515625,-0.3828125,1.1640625,-1.0546875,-0.41015625,-0.314453125,0.1728515625,0.1962890625,0.216796875,-0.1630859375,0.466796875,-0.349609375,-0.1884765625,-0.22265625,-0.036376953125,-0.2294921875,0.345703125,0.040283203125,-0.310546875,-0.044921875,0.275390625,-0.796875,-0.068359375,-0.126953125,0.0198974609375,0.1240234375,-0.50390625,-0.419921875,0.1396484375,0.1728515625,-0.2197265625,-0.353515625,0.373046875,-0.431640625,0.08203125,0.7265625,-0.373046875,0.1904296875,-0.00136566162109375,-0.01251220703125,0.357421875,0.091796875,-0.4140625,-0.357421875,-0.1884765625,-0.578125,0.1123046875,-0.6875,-0.1416015625,-1.84375,-0.177734375,0.74609375,0.5625,0.4921875,0.50390625,0.0169677734375,0.2177734375,-0.365234375,0.1357421875,0.98046875,0.5546875,0.06884765625,-0.50390625,0.1533203125,0.29296875,-0.6640625,0.73828125,0.2001953125,0.251953125,-0.17578125,0.000579833984375,0.09326171875,-0.265625,0.2080078125,-0.016845703125,-0.73828125,0.78125,-0.439453125,-0.25,-0.5078125,-0.25390625,0.171875,-0.86328125,0.17578125,-0.412109375,The tennis ball is BLANK the bowling ball. Ali rolls the bowling ball. The bowling ball is further from the tennis ball.,The tennis ball is touching the bowling ball. Ali rolls the bowling ball. The bowling ball is further from the tennis ball.,16,22
The tennis ball is BLANK the bowling ball. Ali rolls the bowling ball. The tennis ball is closer to the bowling ball.,relative_pos,context,relative_pos_context,far from,touching,03766399-07b2-4199-94af-4c2ef1c26683,43d1b151-a3b0-4eb3-8c74-0667e5e3badc,The tennis ball is far from the bowling ball. Ali rolls the bowling ball. The tennis ball is closer to the bowling ball.,0.909090909090909,4729.93333339277,4695.90000009192,,,,0,0,1,1,5.875,0.0,-0.0909090909090908,4.354166666666667,120,0.6484375,0.0498046875,-2.96875,-0.09375,-0.7890625,0.447265625,-0.490234375,-0.486328125,-0.83203125,0.265625,-0.19140625,-0.341796875,-0.388671875,1.1875,-1.0703125,-0.41796875,-0.318359375,0.1728515625,0.1806640625,0.2353515625,-0.1513671875,0.478515625,-0.310546875,-0.1865234375,-0.2138671875,-0.0322265625,-0.19140625,0.388671875,0.04052734375,-0.306640625,-0.00616455078125,0.23828125,-0.796875,-0.15234375,-0.12109375,0.048095703125,0.09375,-0.54296875,-0.435546875,0.1328125,0.169921875,-0.2236328125,-0.357421875,0.375,-0.443359375,0.0284423828125,0.75390625,-0.431640625,0.2001953125,0.051513671875,0.0111083984375,0.38671875,0.09326171875,-0.404296875,-0.384765625,-0.2021484375,-0.60546875,0.107421875,-0.66796875,-0.1416015625,-1.765625,-0.138671875,0.71484375,0.57421875,0.50390625,0.486328125,0.034912109375,0.2158203125,-0.39453125,0.11376953125,1.0234375,0.578125,0.05126953125,-0.53125,0.0693359375,0.25,-0.65625,0.7890625,0.2119140625,0.2080078125,-0.150390625,0.00885009765625,0.06982421875,-0.2578125,0.1748046875,-0.08154296875,-0.7734375,0.7734375,-0.4375,-0.220703125,-0.5625,-0.2578125,0.1796875,-0.86328125,0.166015625,-0.37890625,The tennis ball is BLANK the bowling ball. Ali rolls the bowling ball. The tennis ball is closer to the bowling ball.,The tennis ball is far from the bowling ball. Ali rolls the bowling ball. The tennis ball is closer to the bowling ball.,22,0
The tennis ball is next to the bowling ball. Ali BLANK the tennis ball. The tennis ball is far from the bowling ball.,action_follows,context,action_follows_context,throws,doesn't throw,00a86d8b-08ea-4f7b-9846-689b52e5bed3,387ccf96-3802-42bb-9991-5322f6fee56d,The tennis ball is next to the bowling ball. Ali throws the tennis ball. The tennis ball is far from the bowling ball.,1.0,5285.05833331992,3963.83333338475,,,,1,1,1,1,4.5625,-1.0,0.0,4.46625,118,0.69921875,0.0791015625,-2.9375,-0.080078125,-0.796875,0.453125,-0.5234375,-0.44921875,-0.83203125,0.318359375,-0.220703125,-0.2353515625,-0.38671875,1.1484375,-0.99609375,-0.4609375,-0.359375,0.1767578125,0.177734375,0.2890625,-0.173828125,0.462890625,-0.322265625,-0.197265625,-0.1953125,-0.0927734375,-0.146484375,0.302734375,0.014404296875,-0.314453125,-0.052734375,0.220703125,-0.77734375,0.0244140625,-0.1455078125,0.04736328125,0.134765625,-0.515625,-0.3984375,0.10302734375,0.169921875,-0.251953125,-0.357421875,0.4453125,-0.44140625,-0.00738525390625,0.69140625,-0.474609375,0.275390625,0.1611328125,0.048095703125,0.46484375,0.10498046875,-0.419921875,-0.259765625,-0.1875,-0.6171875,0.201171875,-0.78515625,-0.047607421875,-1.734375,-0.11767578125,0.68359375,0.578125,0.51171875,0.484375,-0.0028839111328125,0.265625,-0.466796875,0.1484375,1.0078125,0.57421875,0.060546875,-0.48828125,0.10107421875,0.37890625,-0.66796875,0.85546875,0.349609375,0.1826171875,-0.1875,0.038818359375,-3.600120544433594e-05,-0.24609375,0.1796875,-0.2109375,-0.703125,0.8203125,-0.48046875,-0.189453125,-0.671875,-0.125,0.1708984375,-0.8671875,0.2138671875,-0.44140625,The tennis ball is next to the bowling ball. Ali BLANK the tennis ball. The tennis ball is far from the bowling ball.,The tennis ball is next to the bowling ball. Ali throws the tennis ball. The tennis ball is far from the bowling ball.,22,0
The wagon is on the BLANK of the hill. Ali pushes the wagon. The wagon rolls.,action_follows,context,action_follows_context,top,bottom,,17ed0db8-8e47-4da7-90ae-84dfc07af787,The wagon is on the top of the hill. Ali pushes the wagon. The wagon rolls.,0.761904761904762,3639.27777768506,1109.98571436746,1.0,1.0,1.0,1,1,1,1,6.25,,,4.407058823529412,75,0.65625,-0.02490234375,-2.78125,-0.0556640625,-0.78515625,0.2890625,-0.5703125,-0.232421875,-0.734375,0.345703125,-0.28125,-0.19921875,-0.435546875,1.09375,-1.1796875,-0.41015625,-0.380859375,0.1328125,0.12890625,0.26171875,-0.2099609375,0.59375,-0.578125,-0.049560546875,-0.0654296875,-0.07861328125,-0.087890625,0.1533203125,0.1953125,-0.361328125,-0.119140625,0.4140625,-0.71484375,-0.1396484375,-0.072265625,0.028564453125,0.1484375,-0.52734375,-0.26953125,0.15234375,0.1728515625,-0.298828125,-0.287109375,0.470703125,-0.439453125,0.076171875,0.734375,-0.66015625,0.30859375,0.043212890625,0.0634765625,0.4296875,0.10546875,-0.361328125,-0.2734375,-0.154296875,-0.50390625,0.2080078125,-0.82421875,-0.0189208984375,-1.7265625,-0.1669921875,0.7109375,0.68359375,0.63671875,0.51171875,0.09716796875,0.115234375,-0.44921875,0.267578125,0.84375,0.365234375,0.0419921875,-0.4453125,0.248046875,0.1748046875,-0.59375,0.75,0.2734375,0.216796875,-0.1962890625,0.0277099609375,0.150390625,-0.2099609375,0.275390625,-0.1318359375,-0.73046875,0.64453125,-0.388671875,-0.1787109375,-0.50390625,-0.02734375,0.2001953125,-0.83203125,0.0556640625,-0.48046875,The wagon is on the BLANK of the hill. Ali pushes the wagon. The wagon rolls.,The wagon is on the top of the hill. Ali pushes the wagon. The wagon rolls.,21,16
The wall was painted BLANK ago. Ali touches the wall. Ali's hand is clean.,state_nonfollows,context,state_nonfollows_context,1 month,5 minutes,dfe7f33a-88b5-4da3-85e2-f5ac39af30c0,cb63063d-f349-44f8-a2b7-e1f7ad288aba,The wall was painted 1 month ago. Ali touches the wall. Ali's hand is clean.,0.772727272727273,6524.23750000709,2327.74999997992,1.0,1.0,1.0,0,1,1,1,-8.125,1.0,0.0367965367965368,4.511176470588235,76,0.75390625,0.046630859375,-2.734375,-0.00102996826171875,-0.75390625,0.279296875,-0.625,-0.33984375,-0.69921875,0.453125,-0.2890625,-0.091796875,-0.361328125,1.0,-1.0390625,-0.478515625,-0.3515625,0.07080078125,0.126953125,0.232421875,-0.234375,0.314453125,-0.4765625,0.01171875,-0.16796875,0.1474609375,-0.1796875,0.09326171875,0.220703125,-0.30078125,-0.062255859375,0.349609375,-0.6484375,-0.1767578125,0.1689453125,-0.12451171875,0.2177734375,-0.515625,-0.302734375,0.056396484375,0.212890625,-0.2578125,-0.25,0.384765625,-0.416015625,0.11181640625,0.72265625,-0.48828125,0.22265625,-0.1943359375,0.1328125,0.267578125,0.07861328125,-0.294921875,-0.2421875,-0.06787109375,-0.609375,0.267578125,-0.83203125,0.0048828125,-1.828125,-0.1845703125,0.6953125,0.6328125,0.59765625,0.40234375,-0.060791015625,0.0732421875,-0.58984375,0.384765625,0.76953125,0.28125,0.0771484375,-0.341796875,0.056640625,0.34375,-0.6328125,0.69140625,0.341796875,0.2890625,-0.23046875,0.0302734375,-0.031982421875,-0.12109375,0.0869140625,-0.130859375,-0.6953125,0.80078125,-0.447265625,-0.08642578125,-0.578125,-0.1435546875,0.2431640625,-0.6796875,-0.068359375,-0.37890625,The wall was painted BLANK ago. Ali touches the wall. Ali's hand is clean.,The wall was painted 1 month ago. Ali touches the wall. Ali's hand is clean.,22,13
The wall was painted BLANK ago. Ali touches the wall. Ali's hand is painted.,state_follows,context,state_follows_context,5 minutes,1 month,bd7fb308-8b42-40a6-ab60-0d51dde18d3d,9e760262-6760-4910-ae27-d5f31cb04573,The wall was painted 5 minutes ago. Ali touches the wall. Ali's hand is painted.,0.75,5129.63749999786,2031.64999999711,0.6,0.333333333333333,0.5,0,1,1,1,10.5,1.0,0.25,4.445294117647059,80,0.7578125,0.03515625,-2.75,0.0019073486328125,-0.76171875,0.298828125,-0.6171875,-0.34375,-0.6953125,0.447265625,-0.2890625,-0.09716796875,-0.3515625,1.015625,-1.078125,-0.46875,-0.361328125,0.0556640625,0.1337890625,0.2578125,-0.2216796875,0.29296875,-0.47265625,0.002685546875,-0.177734375,0.154296875,-0.2060546875,0.064453125,0.2314453125,-0.31640625,-0.0732421875,0.34765625,-0.625,-0.1787109375,0.15234375,-0.130859375,0.25390625,-0.5546875,-0.322265625,0.07666015625,0.2197265625,-0.2421875,-0.26171875,0.41015625,-0.419921875,0.099609375,0.73046875,-0.53125,0.251953125,-0.173828125,0.1083984375,0.26171875,0.06591796875,-0.294921875,-0.2578125,-0.07958984375,-0.5859375,0.265625,-0.84765625,0.03515625,-1.7890625,-0.1640625,0.73046875,0.63671875,0.5625,0.369140625,-0.0211181640625,0.11865234375,-0.56640625,0.4296875,0.80859375,0.296875,0.068359375,-0.36328125,0.06884765625,0.375,-0.6171875,0.65234375,0.412109375,0.251953125,-0.2265625,0.034912109375,-0.0225830078125,-0.12255859375,0.1083984375,-0.115234375,-0.69921875,0.8046875,-0.458984375,-0.0986328125,-0.59765625,-0.125,0.25,-0.66015625,-0.0546875,-0.376953125,The wall was painted BLANK ago. Ali touches the wall. Ali's hand is painted.,The wall was painted 5 minutes ago. Ali touches the wall. Ali's hand is painted.,16,12
The water is in the bucket. Ali puts the bucket in the BLANK. The water freezes.,state_follows,context,state_follows_context,freezer,refrigerator,7cf0a684-728e-4297-b269-dc2080f76c75,8b772676-cf13-4b45-bde6-14e8faba0326,The water is in the bucket. Ali puts the bucket in the freezer. The water freezes.,0.954545454545455,4058.52999999868,2031.84999999106,,,,1,1,1,1,5.625,0.0,0.0454545454545454,4.304705882352941,82,0.6171875,0.080078125,-2.875,-0.0615234375,-0.8203125,0.357421875,-0.61328125,-0.31640625,-0.71484375,0.431640625,-0.3046875,-0.251953125,-0.421875,1.0625,-1.0625,-0.42578125,-0.37890625,0.0927734375,0.2373046875,0.29296875,-0.2001953125,0.353515625,-0.4921875,0.01116943359375,-0.1416015625,-0.053466796875,-0.310546875,0.2470703125,0.1171875,-0.33984375,-0.061279296875,0.34765625,-0.7890625,0.0206298828125,-0.0576171875,0.010986328125,0.119140625,-0.5234375,-0.2314453125,0.1328125,0.1552734375,-0.255859375,-0.255859375,0.44921875,-0.453125,-0.00872802734375,0.7109375,-0.671875,0.263671875,0.09130859375,-0.049072265625,0.41796875,0.09423828125,-0.3515625,-0.173828125,-0.1025390625,-0.478515625,0.3046875,-0.87109375,-0.0537109375,-1.8046875,-0.1337890625,0.72265625,0.62890625,0.58203125,0.4921875,-0.0179443359375,0.212890625,-0.376953125,0.30078125,0.8515625,0.1962890625,0.1357421875,-0.5078125,0.236328125,0.29296875,-0.61328125,0.87890625,0.3046875,0.2275390625,-0.138671875,0.042724609375,0.0174560546875,-0.1279296875,0.27734375,-0.1328125,-0.65234375,0.7109375,-0.40234375,-0.0673828125,-0.5390625,-0.1435546875,0.2041015625,-0.796875,0.04833984375,-0.439453125,The water is in the bucket. Ali puts the bucket in the BLANK. The water freezes.,The water is in the bucket. Ali puts the bucket in the freezer. The water freezes.,22,0
The window is BLANK Ali. Ali throws the baseball forward. The window breaks.,state_follows,context,state_follows_context,in front of,behind,4278e8cb-5716-4045-8ba1-f6e877f7c58b,a9bff548-11d8-4063-9fd9-7c8d3c4161e2,The window is in front of Ali. Ali throws the baseball forward. The window breaks.,0.857142857142857,3705.70000005762,1138.96666661567,,,,0,1,1,1,8.0625,1.0,0.0178571428571429,4.489375,82,0.61328125,0.0228271484375,-2.796875,-0.0703125,-0.75,0.390625,-0.62109375,-0.388671875,-0.75390625,0.34375,-0.32421875,-0.185546875,-0.373046875,1.0546875,-1.0859375,-0.515625,-0.380859375,0.1591796875,0.1494140625,0.236328125,-0.1923828125,0.37109375,-0.54296875,-0.06103515625,-0.01904296875,-0.035400390625,-0.16015625,0.029052734375,0.16796875,-0.4140625,-0.033203125,0.41015625,-0.6640625,-0.11181640625,0.034423828125,-0.08740234375,0.166015625,-0.53515625,-0.341796875,0.1015625,0.1845703125,-0.28515625,-0.220703125,0.357421875,-0.39453125,0.0517578125,0.66796875,-0.59765625,0.333984375,-0.0247802734375,0.10107421875,0.419921875,0.08349609375,-0.30859375,-0.255859375,-0.162109375,-0.51953125,0.259765625,-0.9140625,-0.103515625,-1.6796875,-0.2265625,0.640625,0.62109375,0.640625,0.5234375,-0.008056640625,0.1298828125,-0.35546875,0.2080078125,0.828125,0.392578125,0.11572265625,-0.49609375,-0.0052490234375,0.2099609375,-0.56640625,0.73828125,0.265625,0.21484375,-0.12109375,-0.0245361328125,0.06103515625,-0.2216796875,0.306640625,-0.2021484375,-0.6484375,0.796875,-0.33203125,-0.189453125,-0.5703125,-0.0869140625,0.2578125,-0.75390625,0.1318359375,-0.337890625,The window is BLANK Ali. Ali throws the baseball forward. The window breaks.,The window is in front of Ali. Ali throws the baseball forward. The window breaks.,21,0
The window is BLANK Ali. Ali throws the baseball forward. The window doesn't break.,state_nonfollows,context,state_nonfollows_context,behind,in front of,67240da5-115f-475b-8f7c-3f7670ace45e,a802c7e4-f643-4de9-9712-a3d0af75b310,The window is behind Ali. Ali throws the baseball forward. The window doesn't break.,0.75,2633.44000029918,4017.59000030495,0.6,0.5,0.555555555555556,0,0,1,1,-7.3125,0.0,-0.295454545454545,4.2487499999999985,84,0.66015625,0.00433349609375,-2.71875,-0.062255859375,-0.765625,0.375,-0.62109375,-0.392578125,-0.7421875,0.337890625,-0.330078125,-0.1708984375,-0.40234375,1.046875,-1.0859375,-0.51171875,-0.4140625,0.1318359375,0.162109375,0.24609375,-0.208984375,0.357421875,-0.5234375,-0.10205078125,-0.0361328125,-0.041259765625,-0.16015625,0.060791015625,0.07861328125,-0.3984375,-0.056396484375,0.384765625,-0.6953125,-0.10791015625,0.08154296875,-0.0546875,0.1279296875,-0.51953125,-0.376953125,0.10302734375,0.1416015625,-0.265625,-0.1533203125,0.375,-0.404296875,0.060791015625,0.68359375,-0.4921875,0.314453125,-0.07373046875,0.06396484375,0.39453125,0.0849609375,-0.337890625,-0.259765625,-0.138671875,-0.5234375,0.2421875,-0.859375,-0.107421875,-1.703125,-0.14453125,0.62109375,0.62890625,0.609375,0.498046875,0.05078125,0.111328125,-0.416015625,0.2373046875,0.81640625,0.384765625,0.0986328125,-0.484375,0.07080078125,0.2373046875,-0.609375,0.73046875,0.21875,0.2314453125,-0.169921875,0.0017242431640625,0.06396484375,-0.189453125,0.25390625,-0.177734375,-0.6484375,0.796875,-0.3515625,-0.185546875,-0.53515625,-0.103515625,0.244140625,-0.7265625,0.1591796875,-0.3515625,The window is BLANK Ali. Ali throws the baseball forward. The window doesn't break.,The window is behind Ali. Ali throws the baseball forward. The window doesn't break.,16,16
The window is behind Ali and the wall is BLANK Ali. Ali throws the baseball at the wall. The window doesn't break.,state_nonfollows,context,state_nonfollows_context,in front of,behind,1bff89f3-4c52-4f5a-b17d-4415b1245d9e,f8583fb2-c474-4e0c-967f-7d0100f7e1a6,The window is behind Ali and the wall is in front of Ali. Ali throws the baseball at the wall. The window doesn't break.,0.818181818181818,10399.5399999902,6021.5100000307,,,,0,1,1,1,6.625,0.0,-0.118181818181818,4.488076923076923,120,0.67578125,0.040771484375,-2.796875,-0.054443359375,-0.796875,0.361328125,-0.66796875,-0.388671875,-0.70703125,0.3125,-0.31640625,-0.1298828125,-0.376953125,1.046875,-1.125,-0.4609375,-0.427734375,0.06494140625,0.169921875,0.28515625,-0.203125,0.353515625,-0.55078125,-0.11962890625,-0.107421875,-0.0146484375,-0.1123046875,0.1767578125,0.06982421875,-0.37890625,-0.11279296875,0.302734375,-0.734375,-0.240234375,0.04443359375,0.05126953125,0.1494140625,-0.5625,-0.42578125,0.10009765625,0.1591796875,-0.28125,-0.2373046875,0.359375,-0.421875,0.0966796875,0.7421875,-0.51953125,0.251953125,-0.051025390625,-0.0390625,0.388671875,0.08642578125,-0.3671875,-0.326171875,-0.1806640625,-0.53515625,0.271484375,-0.625,-0.2001953125,-1.75,-0.1474609375,0.6796875,0.609375,0.5390625,0.6171875,-0.00787353515625,0.25390625,-0.345703125,0.19921875,1.0,0.427734375,0.0693359375,-0.55078125,0.2177734375,0.36328125,-0.65234375,0.70703125,0.33203125,0.1923828125,-0.1708984375,0.05908203125,0.004852294921875,-0.1884765625,0.142578125,-0.1435546875,-0.58984375,0.74609375,-0.357421875,-0.1279296875,-0.66015625,-0.10693359375,0.2431640625,-0.86328125,0.14453125,-0.482421875,The window is behind Ali and the wall is BLANK Ali. Ali throws the baseball at the wall. The window doesn't break.,The window is behind Ali and the wall is in front of Ali. Ali throws the baseball at the wall. The window doesn't break.,22,0
The wine glass is on the BLANK. Ali bumps the wine glass. The wine spills on the floor.,action_follows,context,action_follows_context,floor,table,,a2dd4fac-96de-4e38-bb75-e36db0393e98,The wine glass is on the floor. Ali bumps the wine glass. The wine spills on the floor.,0.266666666666667,5121.27499997895,4214.89999997616,0.4,0.0,0.222222222222222,0,0,0,0,-11.4375,,,4.400526315789475,87,0.6328125,-0.01470947265625,-2.96875,-0.048095703125,-0.7578125,0.294921875,-0.64453125,-0.388671875,-0.7265625,0.353515625,-0.1669921875,-0.189453125,-0.392578125,1.1015625,-1.109375,-0.3125,-0.357421875,-0.0027008056640625,0.1904296875,0.2890625,-0.1845703125,0.359375,-0.60546875,-0.1484375,-0.1689453125,-0.1181640625,-0.2060546875,0.376953125,0.08154296875,-0.365234375,-0.11962890625,0.283203125,-0.703125,0.10400390625,-0.048095703125,-0.0194091796875,0.1513671875,-0.451171875,-0.14453125,0.15234375,0.1875,-0.302734375,-0.34375,0.474609375,-0.46484375,0.0263671875,0.6953125,-0.53125,0.25,-0.0198974609375,0.0595703125,0.38671875,0.1171875,-0.357421875,-0.2255859375,-0.146484375,-0.5703125,0.1845703125,-0.63671875,-0.08837890625,-1.8125,-0.1484375,0.7109375,0.71484375,0.6171875,0.478515625,-0.04052734375,0.25390625,-0.46484375,0.294921875,0.84375,0.44140625,0.0986328125,-0.490234375,0.138671875,0.3203125,-0.69140625,0.80078125,0.2197265625,0.1845703125,-0.1337890625,0.06640625,0.11572265625,-0.0118408203125,0.1806640625,-0.12255859375,-0.74609375,0.63671875,-0.50390625,-0.1396484375,-0.578125,-0.10986328125,0.177734375,-0.875,0.0296630859375,-0.5,The wine glass is on the BLANK. Ali bumps the wine glass. The wine spills on the floor.,The wine glass is on the floor. Ali bumps the wine glass. The wine spills on the floor.,15,16
The wine glass is on the BLANK. The wine glass falls over. The wine spills on the table.,action_follows,context,action_follows_context,table,floor,c9977554-3838-4ed6-9cec-9bc70ef147a5,e38abf04-4f82-4fcb-b1c7-a4d14720d9f7,The wine glass is on the table. The wine glass falls over. The wine spills on the table.,1.0,5237.25000001402,2324.29090916149,,,,1,1,1,1,1.75,0.0,-0.545454545454545,4.684736842105264,88,0.64453125,-0.0123291015625,-2.890625,-0.03564453125,-0.7734375,0.33203125,-0.63671875,-0.396484375,-0.71484375,0.328125,-0.1201171875,-0.2314453125,-0.40625,1.125,-1.0859375,-0.3359375,-0.353515625,-0.00909423828125,0.15625,0.287109375,-0.1708984375,0.40234375,-0.63671875,-0.1513671875,-0.1611328125,-0.1513671875,-0.1650390625,0.34375,0.0888671875,-0.36328125,-0.11962890625,0.21484375,-0.73046875,0.1328125,-0.0908203125,-0.00628662109375,0.11083984375,-0.482421875,-0.10888671875,0.1611328125,0.193359375,-0.318359375,-0.359375,0.48046875,-0.490234375,0.0400390625,0.6875,-0.5703125,0.263671875,0.06689453125,0.08203125,0.408203125,0.1103515625,-0.30859375,-0.271484375,-0.15625,-0.5,0.18359375,-0.66796875,-0.06982421875,-1.7578125,-0.1728515625,0.73046875,0.6796875,0.60546875,0.44921875,-0.06396484375,0.25390625,-0.3984375,0.298828125,0.83203125,0.44140625,0.12158203125,-0.490234375,0.189453125,0.265625,-0.703125,0.8125,0.1650390625,0.2236328125,-0.130859375,0.03564453125,0.1630859375,-0.015380859375,0.2216796875,-0.12890625,-0.76171875,0.67578125,-0.48828125,-0.11181640625,-0.56640625,-0.0634765625,0.22265625,-0.90625,0.028564453125,-0.50390625,The wine glass is on the BLANK. The wine glass falls over. The wine spills on the table.,The wine glass is on the table. The wine glass falls over. The wine spills on the table.,21,0
The wine glass is on the table. Ali bumps the BLANK. The wine doesn't spill.,action_nonfollows,context,action_nonfollows_context,lamp,table,1bfdbc33-cb86-4ebc-abbc-7dce13cc17c6,f90f4149-7255-448b-bd8d-a1a900581ee6,The wine glass is on the table. Ali bumps the lamp. The wine doesn't spill.,0.523809523809524,3263.53333333135,1401.28000001907,0.666666666666667,0.333333333333333,0.555555555555556,0,0,0,0,-12.5,0.0,0.126190476190476,4.304117647058824,75,0.65234375,0.003509521484375,-2.765625,-0.0299072265625,-0.7421875,0.33203125,-0.57421875,-0.365234375,-0.765625,0.357421875,-0.185546875,-0.1630859375,-0.41015625,1.046875,-1.078125,-0.384765625,-0.3828125,-0.007415771484375,0.1611328125,0.28125,-0.185546875,0.341796875,-0.5,-0.034423828125,-0.0849609375,-0.11181640625,-0.193359375,0.32421875,0.1181640625,-0.3671875,-0.0908203125,0.296875,-0.6640625,0.11669921875,0.0283203125,-0.06396484375,0.17578125,-0.470703125,-0.25,0.1435546875,0.17578125,-0.30078125,-0.328125,0.546875,-0.427734375,-0.01318359375,0.70703125,-0.59375,0.3203125,0.014404296875,0.003204345703125,0.349609375,0.1240234375,-0.404296875,-0.2177734375,-0.1484375,-0.51953125,0.251953125,-0.82421875,-0.10205078125,-1.7109375,-0.1923828125,0.65234375,0.640625,0.609375,0.55078125,-0.06982421875,0.181640625,-0.443359375,0.3984375,0.78515625,0.32421875,0.09033203125,-0.4765625,0.10888671875,0.3046875,-0.6328125,0.875,0.259765625,0.2216796875,-0.1826171875,0.134765625,0.07080078125,-0.048095703125,0.1953125,-0.111328125,-0.77734375,0.64453125,-0.447265625,-0.11572265625,-0.63671875,-0.1142578125,0.1875,-0.76953125,0.091796875,-0.51171875,The wine glass is on the table. Ali bumps the BLANK. The wine doesn't spill.,The wine glass is on the table. Ali bumps the lamp. The wine doesn't spill.,21,15
There is a bowling ball on the right side of the seesaw. Ali BLANK the bowling ball up. The right side goes up.,action_follows,context,action_follows_context,picks,doesn't pick,a6f86d0b-2983-48db-9629-c651127b36a5,3742bc56-f99b-4bc7-a900-2245a210e3d2,There is a bowling ball on the right side of the seesaw. Ali picks the bowling ball up. The right side goes up.,0.909090909090909,4980.52727273272,5796.15454543962,,,,1,1,1,1,14.5,-1.0,-0.0909090909090908,4.605833333333334,111,0.73046875,0.0107421875,-2.8125,-0.043212890625,-0.83203125,0.3515625,-0.61328125,-0.392578125,-0.78515625,0.302734375,-0.2333984375,-0.2119140625,-0.408203125,1.1484375,-1.0390625,-0.52734375,-0.37109375,0.1298828125,0.06591796875,0.2060546875,-0.2138671875,0.51171875,-0.515625,0.00555419921875,-0.236328125,0.10107421875,-0.05078125,0.12890625,0.06201171875,-0.341796875,-0.05224609375,0.1875,-0.7265625,-0.0849609375,-0.1669921875,-0.061279296875,0.1474609375,-0.45703125,-0.265625,0.064453125,0.154296875,-0.2431640625,-0.326171875,0.455078125,-0.4375,0.2421875,0.75,-0.51953125,0.29296875,0.08203125,-0.006591796875,0.4765625,0.10302734375,-0.42578125,-0.306640625,-0.1318359375,-0.68359375,0.3125,-0.84375,0.036376953125,-1.8046875,-0.126953125,0.7265625,0.640625,0.609375,0.6171875,0.15625,0.16015625,-0.55078125,0.234375,0.93359375,0.341796875,0.01324462890625,-0.5,0.255859375,0.248046875,-0.625,0.78125,0.2421875,0.189453125,-0.2158203125,0.0137939453125,0.091796875,-0.28125,0.19921875,-0.373046875,-0.80859375,0.73046875,-0.4765625,-0.259765625,-0.609375,-0.1669921875,0.1142578125,-0.84375,0.2197265625,-0.400390625,There is a bowling ball on the right side of the seesaw. Ali BLANK the bowling ball up. The right side goes up.,There is a bowling ball on the right side of the seesaw. Ali picks the bowling ball up. The right side goes up.,22,0
There is a bowling ball on the right side of the seesaw. Ali puts a BLANK on the left side of the seesaw. The left side stays up.,action_nonfollows,context,action_nonfollows_context,tennis ball,bowling ball,9b072fc1-17df-4f34-a60c-2249b7569858,6ccc7699-75fa-46d5-887c-3bec17a6c61f,There is a bowling ball on the right side of the seesaw. Ali puts a tennis ball on the left side of the seesaw. The left side stays up.,0.875,8710.82857145263,5906.58888888297,,,,0,1,1,1,-4.625,0.0,0.0,4.377666666666666,135,0.69140625,0.039794921875,-2.9375,-0.06298828125,-0.85546875,0.419921875,-0.63671875,-0.40234375,-0.75,0.263671875,-0.16796875,-0.1904296875,-0.427734375,1.171875,-1.03125,-0.44921875,-0.310546875,0.1708984375,0.08544921875,0.265625,-0.2109375,0.5859375,-0.51953125,-0.0390625,-0.310546875,0.10498046875,0.0106201171875,0.244140625,0.039794921875,-0.30078125,-0.06201171875,0.17578125,-0.8359375,-0.1201171875,-0.1533203125,0.05029296875,0.1337890625,-0.51171875,-0.302734375,0.062255859375,0.08984375,-0.287109375,-0.4140625,0.427734375,-0.5,0.1875,0.78125,-0.6796875,0.23828125,0.04345703125,-0.049560546875,0.259765625,0.08447265625,-0.482421875,-0.271484375,-0.17578125,-0.76171875,0.197265625,-0.71875,0.0308837890625,-1.8359375,-0.059326171875,0.7734375,0.66015625,0.5703125,0.5390625,0.099609375,0.2373046875,-0.63671875,0.203125,0.99609375,0.275390625,-0.0076904296875,-0.515625,0.36328125,0.193359375,-0.65625,0.7890625,0.123046875,0.154296875,-0.23046875,0.037109375,0.041259765625,-0.20703125,0.1923828125,-0.1787109375,-0.8046875,0.734375,-0.546875,-0.1904296875,-0.66796875,-0.0771484375,0.05712890625,-0.95703125,0.0859375,-0.486328125,There is a bowling ball on the right side of the seesaw. Ali puts a BLANK on the left side of the seesaw. The left side stays up.,There is a bowling ball on the right side of the seesaw. Ali puts a tennis ball on the left side of the seesaw. The left side stays up.,16,0
