subj_code,bin,type,prompt,category,category_type,uuid,correct_res,incorrect_res,response
A144N9R7W4H67O,7,retest,The box is next to the ball. Ali puts the ball inside the box. The ball is BLANK the box.,relative_pos,relative_pos_target,257746e7-67e6-4ce8-adfc-8823a50bfec5,touching,not touching,1
A144N9R7W4H67O,7,retest,Ali is to Mark's right. Ali turns around. Ali is to Mark's BLANK.,two_refs_egocentric,two_refs_egocentric_target,4b5ca386-a350-417d-859e-3d21020bc450,right,left,1
A144N9R7W4H67O,7,retest,Mark is to the BLANK Ali. Mark looks to his left and Ali looks to his left. Ali is facing towards Mark.,two_refs_egocentric,two_refs_egocentric_context,23a035cf-76fc-4e1e-bdfa-2a603d6012d5,left of,right of,1
A144N9R7W4H67O,7,retest,Mark is in front of Ali. Mark walks forwards. Mark is getting BLANK Ali.,two_refs_egocentric,two_refs_egocentric_target,bc484807-e0f6-481e-bf94-847a69b5f59b,further from,closer to,0
A144N9R7W4H67O,7,retest,Ali and Mark are facing eachother. BLANK turns around. Ali is facing towards Mark.,two_refs_egocentric,two_refs_egocentric_context,aaf79034-1765-467d-965f-7b2d0159db68,Mark,Ali,1
A144N9R7W4H67O,7,retest,Mark is facing right and Ali is facing left. Mark turns to his left. Mark is facing BLANK Ali.,two_refs_egocentric,two_refs_egocentric_target,71bbc61c-e146-4a9e-8769-32ceff15bba6,towards,away from,0
A144N9R7W4H67O,7,retest,The tennis ball is BLANK the bowling ball. Ali rolls the bowling ball. The bowling ball is further from the tennis ball.,relative_pos,relative_pos_context,d9f18d62-68d4-4db8-a4b5-847c5ff40a19,touching,far from,0
A144N9R7W4H67O,7,retest,Ali is to Mark's BLANK. Ali turns around. Ali is to Mark's right.,two_refs_egocentric,two_refs_egocentric_context,5d6081c0-2b00-4c26-9edb-7aab052a472a,right,left,1
A144N9R7W4H67O,7,retest,Ali is holding the tennis ball and the ping pong ball is on the floor. Ali picks up the ping pong ball. The ping pong ball is BLANK the tennis ball.,relative_pos,relative_pos_target,693ba7bc-dad1-44c7-830a-1f3ffd184136,closer to,further from,1
A144N9R7W4H67O,7,retest,The box is next to the desk. Ali stacks the BLANK. The box is below the desk.,relative_pos,relative_pos_context,efb787d1-515a-449c-b016-7968a6a36a0f,desk on the box,box on the desk,1
A144N9R7W4H67O,7,retest,Mark and Ali are both facing left. Ali turns to his right. Ali is facing BLANK Mark.,two_refs_egocentric,two_refs_egocentric_target,0efcb0c1-350a-4c40-bf4c-954939371c8e,away from,towards,0
A144N9R7W4H67O,7,retest,The box is next to the ball. Ali puts the BLANK. the ball is larger than the box.,relative_pos,relative_pos_context,db44d1c2-8255-4f3c-a854-369f71e3d5bb,box inside the ball,ball inside the box,1
A144N9R7W4H67O,7,retest,Ali is to the BLANK Mark. Mark looks to his right. Mark see Ali.,two_refs_egocentric,two_refs_egocentric_context,8f7779d1-883f-4bd5-951d-7634f15a3147,right of,left of,1
A144N9R7W4H67O,7,retest,Mark and Ali are both facing right. Ali turns to his left. Ali is facing BLANK Mark.,two_refs_egocentric,two_refs_egocentric_target,47c656dc-8025-40bc-a1fe-3bb9814b4cbb,away from,towards,0
A144N9R7W4H67O,7,retest,Mark is facing BLANK Ali. Ali turns around. Mark is facing away Ali.,two_refs_egocentric,two_refs_egocentric_context,1f5ef932-b502-43fb-a96c-df6a6bdb3d77,away from,towards,1
A144N9R7W4H67O,7,retest,Mark is BLANK Ali. Mark walks backwards. Mark is getting further from Ali.,two_refs_egocentric,two_refs_egocentric_context,c2ee74e5-16de-4279-a23a-acbd7ca7713a,behind,in front of,1
A144N9R7W4H67O,7,retest,Ali is facing BLANK Mark. Ali turns around. Ali is facing away from Mark.,two_refs_egocentric,two_refs_egocentric_context,0e1987d0-56ac-4faf-bf4c-00e9eca4c1aa,towards,away from,1
A144N9R7W4H67O,7,retest,Ali is holding the tennis ball and the ping pong ball. Ali BLANK the ping pong ball. The ping pong ball is further from the tennis ball.,relative_pos,relative_pos_context,c885cf08-3122-4f1c-bff8-ad3b84e36695,drops,picks up,1
A144N9R7W4H67O,7,retest,Mark and Ali are facing away from eachother. Mark turns around. Ali is facing BLANK Mark.,two_refs_egocentric,two_refs_egocentric_target,2deab35e-de13-4997-800d-a76f6de872b5,away from,towards,1
A144N9R7W4H67O,7,retest,Ali is to the right of Mark. Mark looks to his left and Ali looks to his right. Ali is facing BLANK Mark.,two_refs_egocentric,two_refs_egocentric_target,767e980c-4e89-4d82-b116-6e854125bf34,away from,towards,1
A144N9R7W4H67O,7,retest,Ali is to Mark's right. Mark turns around. Ali is to Mark's BLANK.,two_refs_egocentric,two_refs_egocentric_target,f0b9b141-ad3a-4341-a0d9-a7bbe00bba06,left,right,1
A144N9R7W4H67O,7,retest,Ali is to Mark's BLANK. Mark turns around. Ali is to Mark's left.,two_refs_egocentric,two_refs_egocentric_context,10d4a6f7-87fe-46ba-84b1-ea6e6adf357f,right,left,1
A144N9R7W4H67O,7,retest,The ball is inside the box. Ali picks up the ball. The ball is BLANK the box.,relative_pos,relative_pos_target,28d85ad9-fe5a-44b8-aebb-06f0f7a635e7,not touching,touching,1
A144N9R7W4H67O,7,retest,Mark is facing BLANK and Ali is facing left. Mark turns to his left. Mark is facing towards Ali.,two_refs_egocentric,two_refs_egocentric_context,1eead36c-5b61-4688-b511-77cd096d296f,right,left,1
A144N9R7W4H67O,7,retest,Mark is facing away from Ali. Ali turns around. Mark is facing BLANK Ali.,two_refs_egocentric,two_refs_egocentric_target,cbb6e2d4-1f3b-4790-adce-17e1a11978f5,away,towards,0
A144N9R7W4H67O,7,retest,Ali is facing towards Mark. Ali turns around. Ali is facing BLANK Mark.,two_refs_egocentric,two_refs_egocentric_target,15f7aaca-0828-405a-ae37-1c872c41f911,away,towards,1
A144N9R7W4H67O,7,retest,Mark is BLANK Ali. Mark walks forwards. Mark is getting further from Ali.,two_refs_egocentric,two_refs_egocentric_context,f7d845e3-bf92-43ca-8274-b0da84be24af,in front of,behind,1
A144N9R7W4H67O,7,retest,The ball and the box are on the table. Ali picks up the ball. The ball is BLANK the box.,relative_pos,relative_pos_target,5d8c3a6d-0cc2-458b-99a8-aa6888a79292,higher than,lower than,1
A144N9R7W4H67O,7,retest,Mark is behind Ali. Mark walks fowards. Mark is getting BLANK Ali.,two_refs_egocentric,two_refs_egocentric_target,6598bcd0-f33f-4f87-b010-7257d9037f54,closer to,further from,1
A144N9R7W4H67O,7,retest,The box is next to the desk. Ali stacks the desk on the box. The box is BLANK the desk.,relative_pos,relative_pos_target,ce26d593-6e54-4ce5-b2ee-b510804b99cd,below,above,0
A144N9R7W4H67O,7,retest,Mark is to the left of Ali. Mark looks to his left and Ali looks to his left. Ali is facing BLANK Mark.,two_refs_egocentric,two_refs_egocentric_target,0a4dca2e-6b5e-4343-b5e3-080b1644618a,towards,away from,1
A144N9R7W4H67O,7,retest,Mark and Ali are facing BLANK eachother. Mark turns around. Ali is facing away from Mark.,two_refs_egocentric,two_refs_egocentric_context,9f2a971f-7891-4d55-82e4-80ab3569a28c,away from,towards,0
A144N9R7W4H67O,7,retest,Mark is BLANK Ali. Mark walks forwards. Mark is getting closer to Ali.,two_refs_egocentric,two_refs_egocentric_context,174f837e-4f6c-4643-9ae0-906ecb12361f,behind,in front of,1
A144N9R7W4H67O,7,retest,Mark and Ali are both facing BLANK. Ali turns to his right. Ali is facing away from Mark.,two_refs_egocentric,two_refs_egocentric_context,7df32e98-c6ec-4362-9615-aed868e66f99,left,right,1
A144N9R7W4H67O,7,retest,Ali and Mark are facing eachother. Mark turns around. Ali is facing BLANK Mark.,two_refs_egocentric,two_refs_egocentric_target,49d0b194-7f0c-40e6-87dc-7e67c46a418e,towards,away from,1
A144N9R7W4H67O,7,retest,The ball and the box are on top of the ramp. The ball rolls down the ramp. The ball is BLANK the box.,relative_pos,relative_pos_target,e29fe444-020a-4ed2-9b9b-87fcf3d911c8,lower than,higher than,1
A144N9R7W4H67O,7,retest,Ali is holding the tennis ball and the ping pong ball is on the floor. Ali BLANK the ping pong ball. The ping pong ball is closer to the tennis ball.,relative_pos,relative_pos_context,815efc19-8692-423b-86dd-902699bb7d2b,drops,picks up,0
A144N9R7W4H67O,7,retest,Ali is to the BLANK Mark. Mark looks to his left and Ali looks to his right. Ali is facing away from Mark.,two_refs_egocentric,two_refs_egocentric_context,d455789e-7214-4ba1-ad38-64565dccbf77,right of,left of,1
A144N9R7W4H67O,7,retest,Ali is facing BLANK Mark. Ali turns around. Ali is facing towards Mark.,two_refs_egocentric,two_refs_egocentric_context,5bbd51b4-7358-40dc-a42e-da4783b55c33,away from,towards,1
A144N9R7W4H67O,7,retest,The box is next to the ball. Ali puts the box inside the ball. the ball is BLANK the box.,relative_pos,relative_pos_target,315733c9-f004-4fcf-a0fa-23ed7cf84a05,larger than,smaller than,0
A144N9R7W4H67O,7,retest,Mark is behind Ali. Mark walks backwards. Mark is getting BLANK Ali.,two_refs_egocentric,two_refs_egocentric_target,6ff6db1e-6e7d-45bd-88fa-ed04746596c0,further from,closer to,1
A144N9R7W4H67O,7,retest,Mark and Ali are both facing BLANK. Ali turns to his left. Ali is facing away from Mark.,two_refs_egocentric,two_refs_egocentric_context,0af1119d-9652-4176-bee8-91eb6bacad4d,right,left,1
A144N9R7W4H67O,7,retest,Ali is to the right of Mark. Mark looks to his left. Mark BLANK Ali.,two_refs_egocentric,two_refs_egocentric_target,5325997f-dd4a-4adb-8a34-ad602a759efe,can't see,sees,1
A144N9R7W4H67O,7,retest,Mark is to the left of Ali. Mark looks to his left and Ali looks to his right. Ali is facing BLANK Mark.,two_refs_egocentric,two_refs_egocentric_target,e12cb996-7c2b-43c4-b4cb-e05c3fcf653d,away from,towards,1
A144N9R7W4H67O,7,retest,Ali is to Mark's right. Ali turns around. Ali is to Mark's BLANK.,two_refs_egocentric,two_refs_egocentric_target,4b5ca386-a350-417d-859e-3d21020bc450,right,left,1
A144N9R7W4H67O,7,retest,Ali is to Mark's right. Ali turns around. Ali is to Mark's BLANK.,two_refs_egocentric,two_refs_egocentric_target,4b5ca386-a350-417d-859e-3d21020bc450,right,left,1
A144N9R7W4H67O,7,retest,Mark is in front of Ali. Mark walks forwards. Mark is getting BLANK Ali.,two_refs_egocentric,two_refs_egocentric_target,bc484807-e0f6-481e-bf94-847a69b5f59b,further from,closer to,1
A144N9R7W4H67O,7,retest,Mark is in front of Ali. Mark walks forwards. Mark is getting BLANK Ali.,two_refs_egocentric,two_refs_egocentric_target,bc484807-e0f6-481e-bf94-847a69b5f59b,further from,closer to,1
A144N9R7W4H67O,7,retest,Mark is facing right and Ali is facing left. Mark turns to his left. Mark is facing BLANK Ali.,two_refs_egocentric,two_refs_egocentric_target,71bbc61c-e146-4a9e-8769-32ceff15bba6,towards,away from,0
A144N9R7W4H67O,7,retest,Mark is facing right and Ali is facing left. Mark turns to his left. Mark is facing BLANK Ali.,two_refs_egocentric,two_refs_egocentric_target,71bbc61c-e146-4a9e-8769-32ceff15bba6,towards,away from,0
A144N9R7W4H67O,7,retest,The tennis ball is BLANK the bowling ball. Ali rolls the bowling ball. The bowling ball is further from the tennis ball.,relative_pos,relative_pos_context,d9f18d62-68d4-4db8-a4b5-847c5ff40a19,touching,far from,0
A144N9R7W4H67O,7,retest,The tennis ball is BLANK the bowling ball. Ali rolls the bowling ball. The bowling ball is further from the tennis ball.,relative_pos,relative_pos_context,d9f18d62-68d4-4db8-a4b5-847c5ff40a19,touching,far from,0
A144N9R7W4H67O,7,retest,Ali is to Mark's BLANK. Ali turns around. Ali is to Mark's right.,two_refs_egocentric,two_refs_egocentric_context,5d6081c0-2b00-4c26-9edb-7aab052a472a,right,left,1
A144N9R7W4H67O,7,retest,Ali is to Mark's BLANK. Ali turns around. Ali is to Mark's right.,two_refs_egocentric,two_refs_egocentric_context,5d6081c0-2b00-4c26-9edb-7aab052a472a,right,left,1
A144N9R7W4H67O,7,retest,Mark and Ali are both facing left. Ali turns to his right. Ali is facing BLANK Mark.,two_refs_egocentric,two_refs_egocentric_target,0efcb0c1-350a-4c40-bf4c-954939371c8e,away from,towards,0
A144N9R7W4H67O,7,retest,Mark and Ali are both facing left. Ali turns to his right. Ali is facing BLANK Mark.,two_refs_egocentric,two_refs_egocentric_target,0efcb0c1-350a-4c40-bf4c-954939371c8e,away from,towards,0
A144N9R7W4H67O,7,retest,The box is next to the ball. Ali puts the BLANK. the ball is larger than the box.,relative_pos,relative_pos_context,db44d1c2-8255-4f3c-a854-369f71e3d5bb,box inside the ball,ball inside the box,0
A144N9R7W4H67O,7,retest,The box is next to the ball. Ali puts the BLANK. the ball is larger than the box.,relative_pos,relative_pos_context,db44d1c2-8255-4f3c-a854-369f71e3d5bb,box inside the ball,ball inside the box,0
A144N9R7W4H67O,7,retest,Ali is to the BLANK Mark. Mark looks to his right. Mark see Ali.,two_refs_egocentric,two_refs_egocentric_context,8f7779d1-883f-4bd5-951d-7634f15a3147,right of,left of,1
A144N9R7W4H67O,7,retest,Ali is to the BLANK Mark. Mark looks to his right. Mark see Ali.,two_refs_egocentric,two_refs_egocentric_context,8f7779d1-883f-4bd5-951d-7634f15a3147,right of,left of,1
A144N9R7W4H67O,7,retest,Mark and Ali are both facing right. Ali turns to his left. Ali is facing BLANK Mark.,two_refs_egocentric,two_refs_egocentric_target,47c656dc-8025-40bc-a1fe-3bb9814b4cbb,away from,towards,0
A144N9R7W4H67O,7,retest,Mark and Ali are both facing right. Ali turns to his left. Ali is facing BLANK Mark.,two_refs_egocentric,two_refs_egocentric_target,47c656dc-8025-40bc-a1fe-3bb9814b4cbb,away from,towards,0
A144N9R7W4H67O,7,retest,Ali is facing BLANK Mark. Ali turns around. Ali is facing away from Mark.,two_refs_egocentric,two_refs_egocentric_context,0e1987d0-56ac-4faf-bf4c-00e9eca4c1aa,towards,away from,1
A144N9R7W4H67O,7,retest,Ali is facing BLANK Mark. Ali turns around. Ali is facing away from Mark.,two_refs_egocentric,two_refs_egocentric_context,0e1987d0-56ac-4faf-bf4c-00e9eca4c1aa,towards,away from,1
A144N9R7W4H67O,7,retest,Mark and Ali are facing away from eachother. Mark turns around. Ali is facing BLANK Mark.,two_refs_egocentric,two_refs_egocentric_target,2deab35e-de13-4997-800d-a76f6de872b5,away from,towards,1
A144N9R7W4H67O,7,retest,Mark and Ali are facing away from eachother. Mark turns around. Ali is facing BLANK Mark.,two_refs_egocentric,two_refs_egocentric_target,2deab35e-de13-4997-800d-a76f6de872b5,away from,towards,1
A144N9R7W4H67O,7,retest,Mark is facing BLANK and Ali is facing left. Mark turns to his left. Mark is facing towards Ali.,two_refs_egocentric,two_refs_egocentric_context,1eead36c-5b61-4688-b511-77cd096d296f,right,left,1
A144N9R7W4H67O,7,retest,Mark is facing BLANK and Ali is facing left. Mark turns to his left. Mark is facing towards Ali.,two_refs_egocentric,two_refs_egocentric_context,1eead36c-5b61-4688-b511-77cd096d296f,right,left,1
A144N9R7W4H67O,7,retest,Mark is facing away from Ali. Ali turns around. Mark is facing BLANK Ali.,two_refs_egocentric,two_refs_egocentric_target,cbb6e2d4-1f3b-4790-adce-17e1a11978f5,away,towards,1
A144N9R7W4H67O,7,retest,Mark is facing away from Ali. Ali turns around. Mark is facing BLANK Ali.,two_refs_egocentric,two_refs_egocentric_target,cbb6e2d4-1f3b-4790-adce-17e1a11978f5,away,towards,1
A144N9R7W4H67O,7,retest,Ali is facing towards Mark. Ali turns around. Ali is facing BLANK Mark.,two_refs_egocentric,two_refs_egocentric_target,15f7aaca-0828-405a-ae37-1c872c41f911,away,towards,1
A144N9R7W4H67O,7,retest,Ali is facing towards Mark. Ali turns around. Ali is facing BLANK Mark.,two_refs_egocentric,two_refs_egocentric_target,15f7aaca-0828-405a-ae37-1c872c41f911,away,towards,1
A144N9R7W4H67O,7,retest,Mark is BLANK Ali. Mark walks forwards. Mark is getting further from Ali.,two_refs_egocentric,two_refs_egocentric_context,f7d845e3-bf92-43ca-8274-b0da84be24af,in front of,behind,1
A144N9R7W4H67O,7,retest,Mark is BLANK Ali. Mark walks forwards. Mark is getting further from Ali.,two_refs_egocentric,two_refs_egocentric_context,f7d845e3-bf92-43ca-8274-b0da84be24af,in front of,behind,1
A144N9R7W4H67O,7,retest,The box is next to the desk. Ali stacks the desk on the box. The box is BLANK the desk.,relative_pos,relative_pos_target,ce26d593-6e54-4ce5-b2ee-b510804b99cd,below,above,1
A144N9R7W4H67O,7,retest,The box is next to the desk. Ali stacks the desk on the box. The box is BLANK the desk.,relative_pos,relative_pos_target,ce26d593-6e54-4ce5-b2ee-b510804b99cd,below,above,1
A144N9R7W4H67O,7,retest,Mark and Ali are facing BLANK eachother. Mark turns around. Ali is facing away from Mark.,two_refs_egocentric,two_refs_egocentric_context,9f2a971f-7891-4d55-82e4-80ab3569a28c,away from,towards,1
A144N9R7W4H67O,7,retest,Mark and Ali are facing BLANK eachother. Mark turns around. Ali is facing away from Mark.,two_refs_egocentric,two_refs_egocentric_context,9f2a971f-7891-4d55-82e4-80ab3569a28c,away from,towards,1
A144N9R7W4H67O,7,retest,Mark and Ali are both facing BLANK. Ali turns to his right. Ali is facing away from Mark.,two_refs_egocentric,two_refs_egocentric_context,7df32e98-c6ec-4362-9615-aed868e66f99,left,right,1
A144N9R7W4H67O,7,retest,Mark and Ali are both facing BLANK. Ali turns to his right. Ali is facing away from Mark.,two_refs_egocentric,two_refs_egocentric_context,7df32e98-c6ec-4362-9615-aed868e66f99,left,right,1
A144N9R7W4H67O,7,retest,Ali and Mark are facing eachother. Mark turns around. Ali is facing BLANK Mark.,two_refs_egocentric,two_refs_egocentric_target,49d0b194-7f0c-40e6-87dc-7e67c46a418e,towards,away from,1
A144N9R7W4H67O,7,retest,Ali and Mark are facing eachother. Mark turns around. Ali is facing BLANK Mark.,two_refs_egocentric,two_refs_egocentric_target,49d0b194-7f0c-40e6-87dc-7e67c46a418e,towards,away from,1
A144N9R7W4H67O,7,retest,The ball and the box are on top of the ramp. The ball rolls down the ramp. The ball is BLANK the box.,relative_pos,relative_pos_target,e29fe444-020a-4ed2-9b9b-87fcf3d911c8,lower than,higher than,1
A144N9R7W4H67O,7,retest,The ball and the box are on top of the ramp. The ball rolls down the ramp. The ball is BLANK the box.,relative_pos,relative_pos_target,e29fe444-020a-4ed2-9b9b-87fcf3d911c8,lower than,higher than,1
A144N9R7W4H67O,7,retest,Ali is holding the tennis ball and the ping pong ball is on the floor. Ali BLANK the ping pong ball. The ping pong ball is closer to the tennis ball.,relative_pos,relative_pos_context,815efc19-8692-423b-86dd-902699bb7d2b,drops,picks up,0
A144N9R7W4H67O,7,retest,Ali is holding the tennis ball and the ping pong ball is on the floor. Ali BLANK the ping pong ball. The ping pong ball is closer to the tennis ball.,relative_pos,relative_pos_context,815efc19-8692-423b-86dd-902699bb7d2b,drops,picks up,0
A144N9R7W4H67O,7,retest,The box is next to the ball. Ali puts the box inside the ball. the ball is BLANK the box.,relative_pos,relative_pos_target,315733c9-f004-4fcf-a0fa-23ed7cf84a05,larger than,smaller than,1
A144N9R7W4H67O,7,retest,The box is next to the ball. Ali puts the box inside the ball. the ball is BLANK the box.,relative_pos,relative_pos_target,315733c9-f004-4fcf-a0fa-23ed7cf84a05,larger than,smaller than,1
A144N9R7W4H67O,7,retest,Mark is behind Ali. Mark walks backwards. Mark is getting BLANK Ali.,two_refs_egocentric,two_refs_egocentric_target,6ff6db1e-6e7d-45bd-88fa-ed04746596c0,further from,closer to,1
A144N9R7W4H67O,7,retest,Mark is behind Ali. Mark walks backwards. Mark is getting BLANK Ali.,two_refs_egocentric,two_refs_egocentric_target,6ff6db1e-6e7d-45bd-88fa-ed04746596c0,further from,closer to,1
A144N9R7W4H67O,7,retest,Mark is to the left of Ali. Mark looks to his left and Ali looks to his right. Ali is facing BLANK Mark.,two_refs_egocentric,two_refs_egocentric_target,e12cb996-7c2b-43c4-b4cb-e05c3fcf653d,away from,towards,1
A144N9R7W4H67O,7,retest,Mark is to the left of Ali. Mark looks to his left and Ali looks to his right. Ali is facing BLANK Mark.,two_refs_egocentric,two_refs_egocentric_target,e12cb996-7c2b-43c4-b4cb-e05c3fcf653d,away from,towards,1
A14E0Y5HPALKZN,3,retest,Chicago is BLANK Ali. Ali turns right. Chicago is right of Ali.,egocentric_distant,egocentric_distant_context,f7331836-b6ee-4bc7-b450-9586dd060445,behind,in front of,0
A14E0Y5HPALKZN,3,retest,The ball is BLANK the box. The ball moves right. The ball is higher than the box.,action_nonfollows,action_nonfollows_context,b57e5c96-351b-42e3-9537-dcbb9d829e85,above,under,1
A14E0Y5HPALKZN,3,retest,The ball is BLANK the box. Ali pushes the box forward. The ball is inside the box.,action_nonfollows,action_nonfollows_context,d387b3c2-04e5-4c89-bff6-7469bbf38a5d,inside,outside,1
A14E0Y5HPALKZN,3,retest,Chicago is BLANK Ali. Ali turns around. Chicago is right of Ali.,egocentric_distant,egocentric_distant_context,bd0f5cf2-1bf0-4afe-bd33-ce9732fbbc49,left of,right of,1
A14E0Y5HPALKZN,3,retest,Ali is BLANK the wagon. Ali pushes on the wagon. The wagon doesn't move.,action_nonfollows,action_nonfollows_context,f827d2d9-18d0-4d34-a155-7ec3d4f1b7ab,in,outside,0
A14E0Y5HPALKZN,3,retest,The book is under the table. Ali moves the book. The table BLANK.,action_nonfollows,action_nonfollows_target,f5e611bf-a370-4ff7-91e4-b512b870c4b9,doesn't move,moves,1
A14E0Y5HPALKZN,3,retest,The painting is right of Ali. Ali turns around. The painting is BLANK Ali.,egocentric_near,egocentric_near_target,b70fd0cd-135e-45b2-9cc2-f17a7dd652a8,left of,right of,1
A14E0Y5HPALKZN,3,retest,The ball is BLANK the box. Ali moves the box. The ball doesn't move.,action_nonfollows,action_nonfollows_context,e31e6e5a-3ac6-4936-9ae5-7611f9233c51,far from,touching,1
A14E0Y5HPALKZN,3,retest,Ali is in front of the statue. Ali turns around. Ali is BLANK.,action_nonfollows,action_nonfollows_target,fa00c2c2-ffdb-4b5a-9376-7bde7e7326dd,in front of the statue,behind the statue,0
A14E0Y5HPALKZN,3,retest,Ali is in the wagon. Ali pulls on the wagon. The wagon BLANK.,action_nonfollows,action_nonfollows_target,c3057e2d-31be-47c0-bd12-9a1422d7f838,doesn't move,moves,1
A14E0Y5HPALKZN,3,retest,The ball is resting on top of the box. Ali pushes the box forward. The ball is BLANK the box.,action_nonfollows,action_nonfollows_target,ceb88882-eb68-49e1-9b86-416b6f09e1a3,on top of,below,1
A14E0Y5HPALKZN,3,retest,Chicago is right of Ali. Ali turns around. Chicago is BLANK Ali.,egocentric_distant,egocentric_distant_target,c942a4b4-8538-400d-8605-2a4f0bc000ef,left of,right of,1
A14E0Y5HPALKZN,3,retest,The glass is on the table. Ali bumps the table. The glass BLANK.,state_follows,state_follows_target,ca2dc996-8318-492e-b057-cd6d42dc5072,breaks,doesn't break,1
A14E0Y5HPALKZN,3,retest,The wall was painted BLANK ago. Ali touches the wall. Ali's hand is clean.,state_nonfollows,state_nonfollows_context,cb63063d-f349-44f8-a2b7-e1f7ad288aba,1 month,5 minutes,1
A14E0Y5HPALKZN,3,retest,The painting is in front of Ali. Ali turns right. The painting is BLANK Ali.,egocentric_near,egocentric_near_target,f0714c55-5e03-4f80-8171-fb4af78e1ad8,left of,right of,1
A14E0Y5HPALKZN,3,retest,The baseball is close to Ali. Ali throws the baseball. The baseball is BLANK Ali.,action_follows,action_follows_target,c7e13c41-dd1f-4bd0-8e6b-903801880815,far from,close to,1
A14E0Y5HPALKZN,3,retest,The painting is BLANK Ali. Ali turns right. The painting is left of Ali.,egocentric_near,egocentric_near_context,bda90b60-3995-46b6-8be8-5c2fcc765df7,in front of,behind,1
A14E0Y5HPALKZN,3,retest,The ball is close to Ali. Ali throws the BLANK. The ball is close to Ali.,action_nonfollows,action_nonfollows_context,bcc54a8d-4b9f-4a07-a261-1d87bfdc9634,box,ball,0
A14E0Y5HPALKZN,3,retest,The ball is at the bottom of the ramp. Ali pushes the ball. The ball is at the BLANK of the ramp.,action_nonfollows,action_nonfollows_target,e2381bf9-9c62-4821-9eef-f3d59b881fd5,bottom,top of,0
A14E0Y5HPALKZN,3,retest,Ali is facing BLANK Milwaukee. Ali turns 180 degrees. Ali is facing towards Milwaukee.,egocentric_distant,egocentric_distant_context,d18aa318-48f9-40be-b322-d4fcddd58fba,away from,towards,1
A14E0Y5HPALKZN,3,retest,Ali is facing away from Milwaukee. Ali turns 180 degrees. Ali is facing BLANK Milwaukee.,egocentric_distant,egocentric_distant_target,d96621cb-4925-459d-b156-27a8a3456a19,towards,away from,1
A14E0Y5HPALKZN,3,retest,The empty glass is on the table. Ali fills the BLANK halfway. The glass is dry.,state_nonfollows,state_nonfollows_context,e65ff7c3-4d74-494c-974e-af6694c8dbac,sink,glass,1
A14E0Y5HPALKZN,3,retest,Ali is in the wagon. Ali pushes on the wagon. The wagon BLANK.,action_nonfollows,action_nonfollows_target,d131310b-9566-4029-bfa8-6f106043b088,doesn't move,moves,1
A14E0Y5HPALKZN,3,retest,The glass and the cup are on the table. Ali pushes the cup off the table. The glass BLANK.,state_nonfollows,state_nonfollows_target,fac9293b-e5d3-48d0-9c01-8172f9647c13,doesn't break,breaks,1
A14E0Y5HPALKZN,3,retest,The wine glass is on the table. Ali bumps the BLANK. The wine doesn't spill.,action_nonfollows,action_nonfollows_context,f90f4149-7255-448b-bd8d-a1a900581ee6,lamp,table,1
A14E0Y5HPALKZN,3,retest,The box is close to Ali. Ali throws the BLANK. The box is close to Ali.,action_nonfollows,action_nonfollows_context,cce2c8f9-2ca6-4851-93b5-e79efd0dfdae,ball,box,1
A14E0Y5HPALKZN,3,retest,Chicago is BLANK Ali. Ali turns left. Chicago is left of Ali.,egocentric_distant,egocentric_distant_context,b2947cb8-21ca-4d3e-9666-765c88ecadbd,behind,in front of,1
A14E0Y5HPALKZN,3,retest,The painting is left of Ali. Ali turns around. The painting is BLANK Ali.,egocentric_near,egocentric_near_target,d7a5f10b-56f3-4321-a665-c2c94f57e605,right of,left of,0
A14E0Y5HPALKZN,3,retest,Ali is BLANK. Ali turns around. Ali is behind the statue.,action_nonfollows,action_nonfollows_context,cc306a89-3dc5-4910-aa0b-f2bddee9154d,behind the statue,in front of the statue,1
A14E0Y5HPALKZN,3,retest,The book is BLANK the table. Ali moves the table. The book doesn't move.,action_nonfollows,action_nonfollows_context,c3e7a166-3f5b-47f1-b666-c3b03ceefd5c,under,on,1
A14E0Y5HPALKZN,3,retest,Ali is facing BLANK Chicago. Ali turns right. Chicago is left of Ali.,egocentric_distant,egocentric_distant_context,d11f84d4-2104-4b0c-8891-39fe2409a5f7,towards,away from,1
A14E0Y5HPALKZN,3,retest,The soup is on the table. Ali turns on the stove. The soup gets BLANK.,state_nonfollows,state_nonfollows_target,f48a91e2-22e0-4c2b-b42a-6ec8df05393f,colder,warmer,0
A14E0Y5HPALKZN,3,retest,Chicago is BLANK Ali. Ali turns right. Chicago is right of Ali.,egocentric_distant,egocentric_distant_context,f7331836-b6ee-4bc7-b450-9586dd060445,behind,in front of,0
A14E0Y5HPALKZN,3,retest,Chicago is BLANK Ali. Ali turns right. Chicago is right of Ali.,egocentric_distant,egocentric_distant_context,f7331836-b6ee-4bc7-b450-9586dd060445,behind,in front of,0
A14E0Y5HPALKZN,3,retest,The ball is BLANK the box. Ali pushes the box forward. The ball is inside the box.,action_nonfollows,action_nonfollows_context,d387b3c2-04e5-4c89-bff6-7469bbf38a5d,inside,outside,1
A14E0Y5HPALKZN,3,retest,The ball is BLANK the box. Ali pushes the box forward. The ball is inside the box.,action_nonfollows,action_nonfollows_context,d387b3c2-04e5-4c89-bff6-7469bbf38a5d,inside,outside,1
A14E0Y5HPALKZN,3,retest,Chicago is BLANK Ali. Ali turns around. Chicago is right of Ali.,egocentric_distant,egocentric_distant_context,bd0f5cf2-1bf0-4afe-bd33-ce9732fbbc49,left of,right of,1
A14E0Y5HPALKZN,3,retest,Chicago is BLANK Ali. Ali turns around. Chicago is right of Ali.,egocentric_distant,egocentric_distant_context,bd0f5cf2-1bf0-4afe-bd33-ce9732fbbc49,left of,right of,1
A14E0Y5HPALKZN,3,retest,Ali is BLANK the wagon. Ali pushes on the wagon. The wagon doesn't move.,action_nonfollows,action_nonfollows_context,f827d2d9-18d0-4d34-a155-7ec3d4f1b7ab,in,outside,1
A14OZ27P2ZRJ4T,7,retest,Ali is to the right of Mark. Mark looks to his left. Mark BLANK Ali.,two_refs_egocentric,two_refs_egocentric_target,5325997f-dd4a-4adb-8a34-ad602a759efe,can't see,sees,1
A14OZ27P2ZRJ4T,7,retest,The box is next to the ball. Ali puts the BLANK. the ball is larger than the box.,relative_pos,relative_pos_context,db44d1c2-8255-4f3c-a854-369f71e3d5bb,box inside the ball,ball inside the box,1
A14OZ27P2ZRJ4T,7,retest,Ali is to the BLANK Mark. Mark looks to his left and Ali looks to his right. Ali is facing away from Mark.,two_refs_egocentric,two_refs_egocentric_context,d455789e-7214-4ba1-ad38-64565dccbf77,right of,left of,1
A14OZ27P2ZRJ4T,7,retest,Ali is facing BLANK Mark. Ali turns around. Ali is facing towards Mark.,two_refs_egocentric,two_refs_egocentric_context,5bbd51b4-7358-40dc-a42e-da4783b55c33,away from,towards,1
A14OZ27P2ZRJ4T,7,retest,Mark and Ali are both facing BLANK. Ali turns to his right. Ali is facing away from Mark.,two_refs_egocentric,two_refs_egocentric_context,7df32e98-c6ec-4362-9615-aed868e66f99,left,right,0
A14OZ27P2ZRJ4T,7,retest,Mark is facing BLANK and Ali is facing left. Mark turns to his left. Mark is facing towards Ali.,two_refs_egocentric,two_refs_egocentric_context,1eead36c-5b61-4688-b511-77cd096d296f,right,left,1
A14OZ27P2ZRJ4T,7,retest,Mark and Ali are both facing right. Ali turns to his left. Ali is facing BLANK Mark.,two_refs_egocentric,two_refs_egocentric_target,47c656dc-8025-40bc-a1fe-3bb9814b4cbb,away from,towards,1
A14OZ27P2ZRJ4T,7,retest,The ball and the box are on top of the ramp. The ball rolls down the ramp. The ball is BLANK the box.,relative_pos,relative_pos_target,e29fe444-020a-4ed2-9b9b-87fcf3d911c8,lower than,higher than,1
A14OZ27P2ZRJ4T,7,retest,Ali is holding the tennis ball and the ping pong ball is on the floor. Ali BLANK the ping pong ball. The ping pong ball is closer to the tennis ball.,relative_pos,relative_pos_context,815efc19-8692-423b-86dd-902699bb7d2b,drops,picks up,0
A14OZ27P2ZRJ4T,7,retest,The ball is inside the box. Ali picks up the ball. The ball is BLANK the box.,relative_pos,relative_pos_target,28d85ad9-fe5a-44b8-aebb-06f0f7a635e7,not touching,touching,1
A14OZ27P2ZRJ4T,7,retest,The box is next to the ball. Ali puts the box inside the ball. the ball is BLANK the box.,relative_pos,relative_pos_target,315733c9-f004-4fcf-a0fa-23ed7cf84a05,larger than,smaller than,1
A14OZ27P2ZRJ4T,7,retest,The box is next to the desk. Ali stacks the BLANK. The box is below the desk.,relative_pos,relative_pos_context,efb787d1-515a-449c-b016-7968a6a36a0f,desk on the box,box on the desk,1
A14OZ27P2ZRJ4T,7,retest,Mark is facing right and Ali is facing left. Mark turns to his left. Mark is facing BLANK Ali.,two_refs_egocentric,two_refs_egocentric_target,71bbc61c-e146-4a9e-8769-32ceff15bba6,towards,away from,1
A14OZ27P2ZRJ4T,7,retest,Mark is to the BLANK Ali. Mark looks to his left and Ali looks to his left. Ali is facing towards Mark.,two_refs_egocentric,two_refs_egocentric_context,23a035cf-76fc-4e1e-bdfa-2a603d6012d5,left of,right of,1
A14OZ27P2ZRJ4T,7,retest,Ali and Mark are facing eachother. BLANK turns around. Ali is facing towards Mark.,two_refs_egocentric,two_refs_egocentric_context,aaf79034-1765-467d-965f-7b2d0159db68,Mark,Ali,1
A14OZ27P2ZRJ4T,7,retest,The box is next to the ball. Ali puts the ball inside the box. The ball is BLANK the box.,relative_pos,relative_pos_target,257746e7-67e6-4ce8-adfc-8823a50bfec5,touching,not touching,1
A14OZ27P2ZRJ4T,7,retest,Ali is to Mark's right. Ali turns around. Ali is to Mark's BLANK.,two_refs_egocentric,two_refs_egocentric_target,4b5ca386-a350-417d-859e-3d21020bc450,right,left,1
A14OZ27P2ZRJ4T,7,retest,The ball and the box are on the table. Ali picks up the ball. The ball is BLANK the box.,relative_pos,relative_pos_target,5d8c3a6d-0cc2-458b-99a8-aa6888a79292,higher than,lower than,1
A14OZ27P2ZRJ4T,7,retest,Mark and Ali are both facing BLANK. Ali turns to his left. Ali is facing away from Mark.,two_refs_egocentric,two_refs_egocentric_context,0af1119d-9652-4176-bee8-91eb6bacad4d,right,left,0
A14OZ27P2ZRJ4T,7,retest,Ali is holding the tennis ball and the ping pong ball. Ali BLANK the ping pong ball. The ping pong ball is further from the tennis ball.,relative_pos,relative_pos_context,c885cf08-3122-4f1c-bff8-ad3b84e36695,drops,picks up,1
A14OZ27P2ZRJ4T,7,retest,Ali is to Mark's BLANK. Mark turns around. Ali is to Mark's left.,two_refs_egocentric,two_refs_egocentric_context,10d4a6f7-87fe-46ba-84b1-ea6e6adf357f,right,left,1
A14OZ27P2ZRJ4T,7,retest,Mark and Ali are both facing left. Ali turns to his right. Ali is facing BLANK Mark.,two_refs_egocentric,two_refs_egocentric_target,0efcb0c1-350a-4c40-bf4c-954939371c8e,away from,towards,1
A14OZ27P2ZRJ4T,7,retest,Ali is to the right of Mark. Mark looks to his left and Ali looks to his right. Ali is facing BLANK Mark.,two_refs_egocentric,two_refs_egocentric_target,767e980c-4e89-4d82-b116-6e854125bf34,away from,towards,1
A14OZ27P2ZRJ4T,7,retest,Ali and Mark are facing eachother. Mark turns around. Ali is facing BLANK Mark.,two_refs_egocentric,two_refs_egocentric_target,49d0b194-7f0c-40e6-87dc-7e67c46a418e,towards,away from,1
A14OZ27P2ZRJ4T,7,retest,Ali is to Mark's BLANK. Ali turns around. Ali is to Mark's right.,two_refs_egocentric,two_refs_egocentric_context,5d6081c0-2b00-4c26-9edb-7aab052a472a,right,left,1
A14OZ27P2ZRJ4T,7,retest,Mark is to the left of Ali. Mark looks to his left and Ali looks to his left. Ali is facing BLANK Mark.,two_refs_egocentric,two_refs_egocentric_target,0a4dca2e-6b5e-4343-b5e3-080b1644618a,towards,away from,0
A14OZ27P2ZRJ4T,7,retest,Mark is behind Ali. Mark walks fowards. Mark is getting BLANK Ali.,two_refs_egocentric,two_refs_egocentric_target,6598bcd0-f33f-4f87-b010-7257d9037f54,closer to,further from,1
A14OZ27P2ZRJ4T,7,retest,The box is next to the desk. Ali stacks the desk on the box. The box is BLANK the desk.,relative_pos,relative_pos_target,ce26d593-6e54-4ce5-b2ee-b510804b99cd,below,above,0
A14OZ27P2ZRJ4T,7,retest,Mark is behind Ali. Mark walks backwards. Mark is getting BLANK Ali.,two_refs_egocentric,two_refs_egocentric_target,6ff6db1e-6e7d-45bd-88fa-ed04746596c0,further from,closer to,1
A14OZ27P2ZRJ4T,7,retest,Mark is facing BLANK Ali. Ali turns around. Mark is facing away Ali.,two_refs_egocentric,two_refs_egocentric_context,1f5ef932-b502-43fb-a96c-df6a6bdb3d77,away from,towards,1
A14OZ27P2ZRJ4T,7,retest,Ali is facing towards Mark. Ali turns around. Ali is facing BLANK Mark.,two_refs_egocentric,two_refs_egocentric_target,15f7aaca-0828-405a-ae37-1c872c41f911,away,towards,1
A14OZ27P2ZRJ4T,7,retest,Ali is to Mark's right. Mark turns around. Ali is to Mark's BLANK.,two_refs_egocentric,two_refs_egocentric_target,f0b9b141-ad3a-4341-a0d9-a7bbe00bba06,left,right,1
A14OZ27P2ZRJ4T,7,retest,Ali is facing BLANK Mark. Ali turns around. Ali is facing away from Mark.,two_refs_egocentric,two_refs_egocentric_context,0e1987d0-56ac-4faf-bf4c-00e9eca4c1aa,towards,away from,1
A14OZ27P2ZRJ4T,7,retest,Mark is in front of Ali. Mark walks forwards. Mark is getting BLANK Ali.,two_refs_egocentric,two_refs_egocentric_target,bc484807-e0f6-481e-bf94-847a69b5f59b,further from,closer to,0
A14OZ27P2ZRJ4T,7,retest,Mark is to the left of Ali. Mark looks to his left and Ali looks to his right. Ali is facing BLANK Mark.,two_refs_egocentric,two_refs_egocentric_target,e12cb996-7c2b-43c4-b4cb-e05c3fcf653d,away from,towards,1
A14OZ27P2ZRJ4T,7,retest,Mark and Ali are facing BLANK eachother. Mark turns around. Ali is facing away from Mark.,two_refs_egocentric,two_refs_egocentric_context,9f2a971f-7891-4d55-82e4-80ab3569a28c,away from,towards,1
A14OZ27P2ZRJ4T,7,retest,Ali is to the BLANK Mark. Mark looks to his right. Mark see Ali.,two_refs_egocentric,two_refs_egocentric_context,8f7779d1-883f-4bd5-951d-7634f15a3147,right of,left of,1
A14OZ27P2ZRJ4T,7,retest,Ali is holding the tennis ball and the ping pong ball is on the floor. Ali picks up the ping pong ball. The ping pong ball is BLANK the tennis ball.,relative_pos,relative_pos_target,693ba7bc-dad1-44c7-830a-1f3ffd184136,closer to,further from,1
A14OZ27P2ZRJ4T,7,retest,Mark is facing away from Ali. Ali turns around. Mark is facing BLANK Ali.,two_refs_egocentric,two_refs_egocentric_target,cbb6e2d4-1f3b-4790-adce-17e1a11978f5,away,towards,0
A14OZ27P2ZRJ4T,7,retest,Mark is BLANK Ali. Mark walks backwards. Mark is getting further from Ali.,two_refs_egocentric,two_refs_egocentric_context,c2ee74e5-16de-4279-a23a-acbd7ca7713a,behind,in front of,1
A14OZ27P2ZRJ4T,7,retest,Mark is BLANK Ali. Mark walks forwards. Mark is getting further from Ali.,two_refs_egocentric,two_refs_egocentric_context,f7d845e3-bf92-43ca-8274-b0da84be24af,in front of,behind,1
A14OZ27P2ZRJ4T,7,retest,Mark is BLANK Ali. Mark walks forwards. Mark is getting closer to Ali.,two_refs_egocentric,two_refs_egocentric_context,174f837e-4f6c-4643-9ae0-906ecb12361f,behind,in front of,0
A14OZ27P2ZRJ4T,7,retest,The tennis ball is BLANK the bowling ball. Ali rolls the bowling ball. The bowling ball is further from the tennis ball.,relative_pos,relative_pos_context,d9f18d62-68d4-4db8-a4b5-847c5ff40a19,touching,far from,1
A14OZ27P2ZRJ4T,7,retest,Mark and Ali are facing away from eachother. Mark turns around. Ali is facing BLANK Mark.,two_refs_egocentric,two_refs_egocentric_target,2deab35e-de13-4997-800d-a76f6de872b5,away from,towards,1
A14OZ27P2ZRJ4T,7,retest,Ali is to the right of Mark. Mark looks to his left. Mark BLANK Ali.,two_refs_egocentric,two_refs_egocentric_target,5325997f-dd4a-4adb-8a34-ad602a759efe,can't see,sees,1
A14OZ27P2ZRJ4T,7,retest,Ali is to the right of Mark. Mark looks to his left. Mark BLANK Ali.,two_refs_egocentric,two_refs_egocentric_target,5325997f-dd4a-4adb-8a34-ad602a759efe,can't see,sees,1
A14OZ27P2ZRJ4T,7,retest,Mark and Ali are both facing BLANK. Ali turns to his right. Ali is facing away from Mark.,two_refs_egocentric,two_refs_egocentric_context,7df32e98-c6ec-4362-9615-aed868e66f99,left,right,1
A14OZ27P2ZRJ4T,7,retest,Mark and Ali are both facing BLANK. Ali turns to his right. Ali is facing away from Mark.,two_refs_egocentric,two_refs_egocentric_context,7df32e98-c6ec-4362-9615-aed868e66f99,left,right,1
A14OZ27P2ZRJ4T,7,retest,Mark and Ali are both facing right. Ali turns to his left. Ali is facing BLANK Mark.,two_refs_egocentric,two_refs_egocentric_target,47c656dc-8025-40bc-a1fe-3bb9814b4cbb,away from,towards,1
A14OZ27P2ZRJ4T,7,retest,Mark and Ali are both facing right. Ali turns to his left. Ali is facing BLANK Mark.,two_refs_egocentric,two_refs_egocentric_target,47c656dc-8025-40bc-a1fe-3bb9814b4cbb,away from,towards,1
A14OZ27P2ZRJ4T,7,retest,Ali is holding the tennis ball and the ping pong ball is on the floor. Ali BLANK the ping pong ball. The ping pong ball is closer to the tennis ball.,relative_pos,relative_pos_context,815efc19-8692-423b-86dd-902699bb7d2b,drops,picks up,0
A14OZ27P2ZRJ4T,7,retest,Ali is holding the tennis ball and the ping pong ball is on the floor. Ali BLANK the ping pong ball. The ping pong ball is closer to the tennis ball.,relative_pos,relative_pos_context,815efc19-8692-423b-86dd-902699bb7d2b,drops,picks up,0
A14OZ27P2ZRJ4T,7,retest,The ball is inside the box. Ali picks up the ball. The ball is BLANK the box.,relative_pos,relative_pos_target,28d85ad9-fe5a-44b8-aebb-06f0f7a635e7,not touching,touching,1
A14OZ27P2ZRJ4T,7,retest,The ball is inside the box. Ali picks up the ball. The ball is BLANK the box.,relative_pos,relative_pos_target,28d85ad9-fe5a-44b8-aebb-06f0f7a635e7,not touching,touching,1
A14OZ27P2ZRJ4T,7,retest,The box is next to the ball. Ali puts the box inside the ball. the ball is BLANK the box.,relative_pos,relative_pos_target,315733c9-f004-4fcf-a0fa-23ed7cf84a05,larger than,smaller than,1
A14OZ27P2ZRJ4T,7,retest,The box is next to the ball. Ali puts the box inside the ball. the ball is BLANK the box.,relative_pos,relative_pos_target,315733c9-f004-4fcf-a0fa-23ed7cf84a05,larger than,smaller than,1
A14OZ27P2ZRJ4T,7,retest,The box is next to the desk. Ali stacks the BLANK. The box is below the desk.,relative_pos,relative_pos_context,efb787d1-515a-449c-b016-7968a6a36a0f,desk on the box,box on the desk,1
A14OZ27P2ZRJ4T,7,retest,The box is next to the desk. Ali stacks the BLANK. The box is below the desk.,relative_pos,relative_pos_context,efb787d1-515a-449c-b016-7968a6a36a0f,desk on the box,box on the desk,1
A14OZ27P2ZRJ4T,7,retest,Mark is facing right and Ali is facing left. Mark turns to his left. Mark is facing BLANK Ali.,two_refs_egocentric,two_refs_egocentric_target,71bbc61c-e146-4a9e-8769-32ceff15bba6,towards,away from,1
A14OZ27P2ZRJ4T,7,retest,Mark is facing right and Ali is facing left. Mark turns to his left. Mark is facing BLANK Ali.,two_refs_egocentric,two_refs_egocentric_target,71bbc61c-e146-4a9e-8769-32ceff15bba6,towards,away from,1
A14OZ27P2ZRJ4T,7,retest,Mark is to the BLANK Ali. Mark looks to his left and Ali looks to his left. Ali is facing towards Mark.,two_refs_egocentric,two_refs_egocentric_context,23a035cf-76fc-4e1e-bdfa-2a603d6012d5,left of,right of,1
A14OZ27P2ZRJ4T,7,retest,Mark is to the BLANK Ali. Mark looks to his left and Ali looks to his left. Ali is facing towards Mark.,two_refs_egocentric,two_refs_egocentric_context,23a035cf-76fc-4e1e-bdfa-2a603d6012d5,left of,right of,1
A14OZ27P2ZRJ4T,7,retest,The box is next to the ball. Ali puts the ball inside the box. The ball is BLANK the box.,relative_pos,relative_pos_target,257746e7-67e6-4ce8-adfc-8823a50bfec5,touching,not touching,1
A14OZ27P2ZRJ4T,7,retest,The box is next to the ball. Ali puts the ball inside the box. The ball is BLANK the box.,relative_pos,relative_pos_target,257746e7-67e6-4ce8-adfc-8823a50bfec5,touching,not touching,1
A14OZ27P2ZRJ4T,7,retest,The ball and the box are on the table. Ali picks up the ball. The ball is BLANK the box.,relative_pos,relative_pos_target,5d8c3a6d-0cc2-458b-99a8-aa6888a79292,higher than,lower than,1
A14OZ27P2ZRJ4T,7,retest,The ball and the box are on the table. Ali picks up the ball. The ball is BLANK the box.,relative_pos,relative_pos_target,5d8c3a6d-0cc2-458b-99a8-aa6888a79292,higher than,lower than,1
A14OZ27P2ZRJ4T,7,retest,Mark and Ali are both facing BLANK. Ali turns to his left. Ali is facing away from Mark.,two_refs_egocentric,two_refs_egocentric_context,0af1119d-9652-4176-bee8-91eb6bacad4d,right,left,1
A14OZ27P2ZRJ4T,7,retest,Mark and Ali are both facing BLANK. Ali turns to his left. Ali is facing away from Mark.,two_refs_egocentric,two_refs_egocentric_context,0af1119d-9652-4176-bee8-91eb6bacad4d,right,left,1
A14OZ27P2ZRJ4T,7,retest,Ali is holding the tennis ball and the ping pong ball. Ali BLANK the ping pong ball. The ping pong ball is further from the tennis ball.,relative_pos,relative_pos_context,c885cf08-3122-4f1c-bff8-ad3b84e36695,drops,picks up,1
A14OZ27P2ZRJ4T,7,retest,Ali is holding the tennis ball and the ping pong ball. Ali BLANK the ping pong ball. The ping pong ball is further from the tennis ball.,relative_pos,relative_pos_context,c885cf08-3122-4f1c-bff8-ad3b84e36695,drops,picks up,1
A14OZ27P2ZRJ4T,7,retest,Mark is to the left of Ali. Mark looks to his left and Ali looks to his left. Ali is facing BLANK Mark.,two_refs_egocentric,two_refs_egocentric_target,0a4dca2e-6b5e-4343-b5e3-080b1644618a,towards,away from,1
A14OZ27P2ZRJ4T,7,retest,Mark is to the left of Ali. Mark looks to his left and Ali looks to his left. Ali is facing BLANK Mark.,two_refs_egocentric,two_refs_egocentric_target,0a4dca2e-6b5e-4343-b5e3-080b1644618a,towards,away from,1
A14OZ27P2ZRJ4T,7,retest,The box is next to the desk. Ali stacks the desk on the box. The box is BLANK the desk.,relative_pos,relative_pos_target,ce26d593-6e54-4ce5-b2ee-b510804b99cd,below,above,1
A14OZ27P2ZRJ4T,7,retest,The box is next to the desk. Ali stacks the desk on the box. The box is BLANK the desk.,relative_pos,relative_pos_target,ce26d593-6e54-4ce5-b2ee-b510804b99cd,below,above,1
A14OZ27P2ZRJ4T,7,retest,Ali is facing towards Mark. Ali turns around. Ali is facing BLANK Mark.,two_refs_egocentric,two_refs_egocentric_target,15f7aaca-0828-405a-ae37-1c872c41f911,away,towards,1
A14OZ27P2ZRJ4T,7,retest,Ali is facing towards Mark. Ali turns around. Ali is facing BLANK Mark.,two_refs_egocentric,two_refs_egocentric_target,15f7aaca-0828-405a-ae37-1c872c41f911,away,towards,1
A14OZ27P2ZRJ4T,7,retest,Mark is in front of Ali. Mark walks forwards. Mark is getting BLANK Ali.,two_refs_egocentric,two_refs_egocentric_target,bc484807-e0f6-481e-bf94-847a69b5f59b,further from,closer to,1
A14OZ27P2ZRJ4T,7,retest,Mark is in front of Ali. Mark walks forwards. Mark is getting BLANK Ali.,two_refs_egocentric,two_refs_egocentric_target,bc484807-e0f6-481e-bf94-847a69b5f59b,further from,closer to,1
A14OZ27P2ZRJ4T,7,retest,Mark is to the left of Ali. Mark looks to his left and Ali looks to his right. Ali is facing BLANK Mark.,two_refs_egocentric,two_refs_egocentric_target,e12cb996-7c2b-43c4-b4cb-e05c3fcf653d,away from,towards,1
A14OZ27P2ZRJ4T,7,retest,Mark is to the left of Ali. Mark looks to his left and Ali looks to his right. Ali is facing BLANK Mark.,two_refs_egocentric,two_refs_egocentric_target,e12cb996-7c2b-43c4-b4cb-e05c3fcf653d,away from,towards,1
A14OZ27P2ZRJ4T,7,retest,Ali is to the BLANK Mark. Mark looks to his right. Mark see Ali.,two_refs_egocentric,two_refs_egocentric_context,8f7779d1-883f-4bd5-951d-7634f15a3147,right of,left of,1
A14OZ27P2ZRJ4T,7,retest,Ali is to the BLANK Mark. Mark looks to his right. Mark see Ali.,two_refs_egocentric,two_refs_egocentric_context,8f7779d1-883f-4bd5-951d-7634f15a3147,right of,left of,1
A14OZ27P2ZRJ4T,7,retest,Mark is facing away from Ali. Ali turns around. Mark is facing BLANK Ali.,two_refs_egocentric,two_refs_egocentric_target,cbb6e2d4-1f3b-4790-adce-17e1a11978f5,away,towards,1
A14OZ27P2ZRJ4T,7,retest,Mark is facing away from Ali. Ali turns around. Mark is facing BLANK Ali.,two_refs_egocentric,two_refs_egocentric_target,cbb6e2d4-1f3b-4790-adce-17e1a11978f5,away,towards,1
A14OZ27P2ZRJ4T,7,retest,Mark is BLANK Ali. Mark walks backwards. Mark is getting further from Ali.,two_refs_egocentric,two_refs_egocentric_context,c2ee74e5-16de-4279-a23a-acbd7ca7713a,behind,in front of,1
A14OZ27P2ZRJ4T,7,retest,Mark is BLANK Ali. Mark walks backwards. Mark is getting further from Ali.,two_refs_egocentric,two_refs_egocentric_context,c2ee74e5-16de-4279-a23a-acbd7ca7713a,behind,in front of,1
A14OZ27P2ZRJ4T,7,retest,Mark is BLANK Ali. Mark walks forwards. Mark is getting closer to Ali.,two_refs_egocentric,two_refs_egocentric_context,174f837e-4f6c-4643-9ae0-906ecb12361f,behind,in front of,1
A14OZ27P2ZRJ4T,7,retest,Mark is BLANK Ali. Mark walks forwards. Mark is getting closer to Ali.,two_refs_egocentric,two_refs_egocentric_context,174f837e-4f6c-4643-9ae0-906ecb12361f,behind,in front of,1
A14OZ27P2ZRJ4T,7,retest,The tennis ball is BLANK the bowling ball. Ali rolls the bowling ball. The bowling ball is further from the tennis ball.,relative_pos,relative_pos_context,d9f18d62-68d4-4db8-a4b5-847c5ff40a19,touching,far from,1
A14OZ27P2ZRJ4T,7,retest,The tennis ball is BLANK the bowling ball. Ali rolls the bowling ball. The bowling ball is further from the tennis ball.,relative_pos,relative_pos_context,d9f18d62-68d4-4db8-a4b5-847c5ff40a19,touching,far from,1
A193SP8INHA4MB,7,retest,Ali is to the BLANK Mark. Mark looks to his right. Mark see Ali.,two_refs_egocentric,two_refs_egocentric_context,8f7779d1-883f-4bd5-951d-7634f15a3147,right of,left of,1
A193SP8INHA4MB,7,retest,Ali is to the right of Mark. Mark looks to his left and Ali looks to his right. Ali is facing BLANK Mark.,two_refs_egocentric,two_refs_egocentric_target,767e980c-4e89-4d82-b116-6e854125bf34,away from,towards,1
A193SP8INHA4MB,7,retest,The box is next to the ball. Ali puts the box inside the ball. the ball is BLANK the box.,relative_pos,relative_pos_target,315733c9-f004-4fcf-a0fa-23ed7cf84a05,larger than,smaller than,1
A193SP8INHA4MB,7,retest,Ali is holding the tennis ball and the ping pong ball is on the floor. Ali BLANK the ping pong ball. The ping pong ball is closer to the tennis ball.,relative_pos,relative_pos_context,815efc19-8692-423b-86dd-902699bb7d2b,drops,picks up,0
A193SP8INHA4MB,7,retest,Ali is to Mark's BLANK. Mark turns around. Ali is to Mark's left.,two_refs_egocentric,two_refs_egocentric_context,10d4a6f7-87fe-46ba-84b1-ea6e6adf357f,right,left,1
A193SP8INHA4MB,7,retest,Ali is to Mark's right. Ali turns around. Ali is to Mark's BLANK.,two_refs_egocentric,two_refs_egocentric_target,4b5ca386-a350-417d-859e-3d21020bc450,right,left,1
A193SP8INHA4MB,7,retest,Mark is BLANK Ali. Mark walks forwards. Mark is getting closer to Ali.,two_refs_egocentric,two_refs_egocentric_context,174f837e-4f6c-4643-9ae0-906ecb12361f,behind,in front of,1
A193SP8INHA4MB,7,retest,Mark is to the left of Ali. Mark looks to his left and Ali looks to his right. Ali is facing BLANK Mark.,two_refs_egocentric,two_refs_egocentric_target,e12cb996-7c2b-43c4-b4cb-e05c3fcf653d,away from,towards,1
A193SP8INHA4MB,7,retest,Mark and Ali are facing BLANK eachother. Mark turns around. Ali is facing away from Mark.,two_refs_egocentric,two_refs_egocentric_context,9f2a971f-7891-4d55-82e4-80ab3569a28c,away from,towards,0
A193SP8INHA4MB,7,retest,Mark and Ali are both facing BLANK. Ali turns to his right. Ali is facing away from Mark.,two_refs_egocentric,two_refs_egocentric_context,7df32e98-c6ec-4362-9615-aed868e66f99,left,right,1
A193SP8INHA4MB,7,retest,Mark is BLANK Ali. Mark walks forwards. Mark is getting further from Ali.,two_refs_egocentric,two_refs_egocentric_context,f7d845e3-bf92-43ca-8274-b0da84be24af,in front of,behind,1
A193SP8INHA4MB,7,retest,Mark is facing right and Ali is facing left. Mark turns to his left. Mark is facing BLANK Ali.,two_refs_egocentric,two_refs_egocentric_target,71bbc61c-e146-4a9e-8769-32ceff15bba6,towards,away from,1
A193SP8INHA4MB,7,retest,The box is next to the ball. Ali puts the ball inside the box. The ball is BLANK the box.,relative_pos,relative_pos_target,257746e7-67e6-4ce8-adfc-8823a50bfec5,touching,not touching,1
A193SP8INHA4MB,7,retest,Ali is holding the tennis ball and the ping pong ball is on the floor. Ali picks up the ping pong ball. The ping pong ball is BLANK the tennis ball.,relative_pos,relative_pos_target,693ba7bc-dad1-44c7-830a-1f3ffd184136,closer to,further from,1
A193SP8INHA4MB,7,retest,The box is next to the desk. Ali stacks the desk on the box. The box is BLANK the desk.,relative_pos,relative_pos_target,ce26d593-6e54-4ce5-b2ee-b510804b99cd,below,above,1
A193SP8INHA4MB,7,retest,Ali is facing towards Mark. Ali turns around. Ali is facing BLANK Mark.,two_refs_egocentric,two_refs_egocentric_target,15f7aaca-0828-405a-ae37-1c872c41f911,away,towards,1
A193SP8INHA4MB,7,retest,Mark is facing BLANK and Ali is facing left. Mark turns to his left. Mark is facing towards Ali.,two_refs_egocentric,two_refs_egocentric_context,1eead36c-5b61-4688-b511-77cd096d296f,right,left,1
A193SP8INHA4MB,7,retest,Mark and Ali are both facing BLANK. Ali turns to his left. Ali is facing away from Mark.,two_refs_egocentric,two_refs_egocentric_context,0af1119d-9652-4176-bee8-91eb6bacad4d,right,left,1
A193SP8INHA4MB,7,retest,The ball and the box are on top of the ramp. The ball rolls down the ramp. The ball is BLANK the box.,relative_pos,relative_pos_target,e29fe444-020a-4ed2-9b9b-87fcf3d911c8,lower than,higher than,1
A193SP8INHA4MB,7,retest,Ali is holding the tennis ball and the ping pong ball. Ali BLANK the ping pong ball. The ping pong ball is further from the tennis ball.,relative_pos,relative_pos_context,c885cf08-3122-4f1c-bff8-ad3b84e36695,drops,picks up,1
A193SP8INHA4MB,7,retest,Mark and Ali are both facing left. Ali turns to his right. Ali is facing BLANK Mark.,two_refs_egocentric,two_refs_egocentric_target,0efcb0c1-350a-4c40-bf4c-954939371c8e,away from,towards,1
A193SP8INHA4MB,7,retest,Mark is to the left of Ali. Mark looks to his left and Ali looks to his left. Ali is facing BLANK Mark.,two_refs_egocentric,two_refs_egocentric_target,0a4dca2e-6b5e-4343-b5e3-080b1644618a,towards,away from,1
A193SP8INHA4MB,7,retest,Mark is facing away from Ali. Ali turns around. Mark is facing BLANK Ali.,two_refs_egocentric,two_refs_egocentric_target,cbb6e2d4-1f3b-4790-adce-17e1a11978f5,away,towards,1
A193SP8INHA4MB,7,retest,The ball is inside the box. Ali picks up the ball. The ball is BLANK the box.,relative_pos,relative_pos_target,28d85ad9-fe5a-44b8-aebb-06f0f7a635e7,not touching,touching,1
A193SP8INHA4MB,7,retest,Ali is to Mark's right. Mark turns around. Ali is to Mark's BLANK.,two_refs_egocentric,two_refs_egocentric_target,f0b9b141-ad3a-4341-a0d9-a7bbe00bba06,left,right,1
A193SP8INHA4MB,7,retest,Mark is to the BLANK Ali. Mark looks to his left and Ali looks to his left. Ali is facing towards Mark.,two_refs_egocentric,two_refs_egocentric_context,23a035cf-76fc-4e1e-bdfa-2a603d6012d5,left of,right of,1
A193SP8INHA4MB,7,retest,The box is next to the ball. Ali puts the BLANK. the ball is larger than the box.,relative_pos,relative_pos_context,db44d1c2-8255-4f3c-a854-369f71e3d5bb,box inside the ball,ball inside the box,1
A193SP8INHA4MB,7,retest,The box is next to the desk. Ali stacks the BLANK. The box is below the desk.,relative_pos,relative_pos_context,efb787d1-515a-449c-b016-7968a6a36a0f,desk on the box,box on the desk,1
A193SP8INHA4MB,7,retest,Mark is in front of Ali. Mark walks forwards. Mark is getting BLANK Ali.,two_refs_egocentric,two_refs_egocentric_target,bc484807-e0f6-481e-bf94-847a69b5f59b,further from,closer to,1
A193SP8INHA4MB,7,retest,Ali is to Mark's BLANK. Ali turns around. Ali is to Mark's right.,two_refs_egocentric,two_refs_egocentric_context,5d6081c0-2b00-4c26-9edb-7aab052a472a,right,left,0
A193SP8INHA4MB,7,retest,Mark is behind Ali. Mark walks backwards. Mark is getting BLANK Ali.,two_refs_egocentric,two_refs_egocentric_target,6ff6db1e-6e7d-45bd-88fa-ed04746596c0,further from,closer to,1
A193SP8INHA4MB,7,retest,Ali is to the right of Mark. Mark looks to his left. Mark BLANK Ali.,two_refs_egocentric,two_refs_egocentric_target,5325997f-dd4a-4adb-8a34-ad602a759efe,can't see,sees,0
A193SP8INHA4MB,7,retest,Ali and Mark are facing eachother. BLANK turns around. Ali is facing towards Mark.,two_refs_egocentric,two_refs_egocentric_context,aaf79034-1765-467d-965f-7b2d0159db68,Mark,Ali,1
A193SP8INHA4MB,7,retest,Mark is facing BLANK Ali. Ali turns around. Mark is facing away Ali.,two_refs_egocentric,two_refs_egocentric_context,1f5ef932-b502-43fb-a96c-df6a6bdb3d77,away from,towards,1
A193SP8INHA4MB,7,retest,Mark and Ali are facing away from eachother. Mark turns around. Ali is facing BLANK Mark.,two_refs_egocentric,two_refs_egocentric_target,2deab35e-de13-4997-800d-a76f6de872b5,away from,towards,1
A193SP8INHA4MB,7,retest,Ali and Mark are facing eachother. Mark turns around. Ali is facing BLANK Mark.,two_refs_egocentric,two_refs_egocentric_target,49d0b194-7f0c-40e6-87dc-7e67c46a418e,towards,away from,1
A193SP8INHA4MB,7,retest,The tennis ball is BLANK the bowling ball. Ali rolls the bowling ball. The bowling ball is further from the tennis ball.,relative_pos,relative_pos_context,d9f18d62-68d4-4db8-a4b5-847c5ff40a19,touching,far from,1
A193SP8INHA4MB,7,retest,Mark is behind Ali. Mark walks fowards. Mark is getting BLANK Ali.,two_refs_egocentric,two_refs_egocentric_target,6598bcd0-f33f-4f87-b010-7257d9037f54,closer to,further from,1
A193SP8INHA4MB,7,retest,Ali is facing BLANK Mark. Ali turns around. Ali is facing towards Mark.,two_refs_egocentric,two_refs_egocentric_context,5bbd51b4-7358-40dc-a42e-da4783b55c33,away from,towards,1
A193SP8INHA4MB,7,retest,Mark and Ali are both facing right. Ali turns to his left. Ali is facing BLANK Mark.,two_refs_egocentric,two_refs_egocentric_target,47c656dc-8025-40bc-a1fe-3bb9814b4cbb,away from,towards,1
A193SP8INHA4MB,7,retest,The ball and the box are on the table. Ali picks up the ball. The ball is BLANK the box.,relative_pos,relative_pos_target,5d8c3a6d-0cc2-458b-99a8-aa6888a79292,higher than,lower than,1
A193SP8INHA4MB,7,retest,Ali is facing BLANK Mark. Ali turns around. Ali is facing away from Mark.,two_refs_egocentric,two_refs_egocentric_context,0e1987d0-56ac-4faf-bf4c-00e9eca4c1aa,towards,away from,1
A193SP8INHA4MB,7,retest,Ali is to the BLANK Mark. Mark looks to his left and Ali looks to his right. Ali is facing away from Mark.,two_refs_egocentric,two_refs_egocentric_context,d455789e-7214-4ba1-ad38-64565dccbf77,right of,left of,1
A193SP8INHA4MB,7,retest,Mark is BLANK Ali. Mark walks backwards. Mark is getting further from Ali.,two_refs_egocentric,two_refs_egocentric_context,c2ee74e5-16de-4279-a23a-acbd7ca7713a,behind,in front of,1
A193SP8INHA4MB,7,retest,Ali is to the BLANK Mark. Mark looks to his right. Mark see Ali.,two_refs_egocentric,two_refs_egocentric_context,8f7779d1-883f-4bd5-951d-7634f15a3147,right of,left of,1
A193SP8INHA4MB,7,retest,Ali is to the BLANK Mark. Mark looks to his right. Mark see Ali.,two_refs_egocentric,two_refs_egocentric_context,8f7779d1-883f-4bd5-951d-7634f15a3147,right of,left of,1
A193SP8INHA4MB,7,retest,The box is next to the ball. Ali puts the box inside the ball. the ball is BLANK the box.,relative_pos,relative_pos_target,315733c9-f004-4fcf-a0fa-23ed7cf84a05,larger than,smaller than,1
A193SP8INHA4MB,7,retest,The box is next to the ball. Ali puts the box inside the ball. the ball is BLANK the box.,relative_pos,relative_pos_target,315733c9-f004-4fcf-a0fa-23ed7cf84a05,larger than,smaller than,1
A193SP8INHA4MB,7,retest,Ali is holding the tennis ball and the ping pong ball is on the floor. Ali BLANK the ping pong ball. The ping pong ball is closer to the tennis ball.,relative_pos,relative_pos_context,815efc19-8692-423b-86dd-902699bb7d2b,drops,picks up,0
A193SP8INHA4MB,7,retest,Ali is holding the tennis ball and the ping pong ball is on the floor. Ali BLANK the ping pong ball. The ping pong ball is closer to the tennis ball.,relative_pos,relative_pos_context,815efc19-8692-423b-86dd-902699bb7d2b,drops,picks up,0
A193SP8INHA4MB,7,retest,Ali is to Mark's BLANK. Mark turns around. Ali is to Mark's left.,two_refs_egocentric,two_refs_egocentric_context,10d4a6f7-87fe-46ba-84b1-ea6e6adf357f,right,left,1
A193SP8INHA4MB,7,retest,Ali is to Mark's BLANK. Mark turns around. Ali is to Mark's left.,two_refs_egocentric,two_refs_egocentric_context,10d4a6f7-87fe-46ba-84b1-ea6e6adf357f,right,left,1
A193SP8INHA4MB,7,retest,Mark and Ali are facing BLANK eachother. Mark turns around. Ali is facing away from Mark.,two_refs_egocentric,two_refs_egocentric_context,9f2a971f-7891-4d55-82e4-80ab3569a28c,away from,towards,1
A193SP8INHA4MB,7,retest,Mark and Ali are facing BLANK eachother. Mark turns around. Ali is facing away from Mark.,two_refs_egocentric,two_refs_egocentric_context,9f2a971f-7891-4d55-82e4-80ab3569a28c,away from,towards,1
A193SP8INHA4MB,7,retest,Mark is BLANK Ali. Mark walks forwards. Mark is getting further from Ali.,two_refs_egocentric,two_refs_egocentric_context,f7d845e3-bf92-43ca-8274-b0da84be24af,in front of,behind,1
A193SP8INHA4MB,7,retest,Mark is BLANK Ali. Mark walks forwards. Mark is getting further from Ali.,two_refs_egocentric,two_refs_egocentric_context,f7d845e3-bf92-43ca-8274-b0da84be24af,in front of,behind,1
A193SP8INHA4MB,7,retest,Mark is facing right and Ali is facing left. Mark turns to his left. Mark is facing BLANK Ali.,two_refs_egocentric,two_refs_egocentric_target,71bbc61c-e146-4a9e-8769-32ceff15bba6,towards,away from,1
A193SP8INHA4MB,7,retest,Mark is facing right and Ali is facing left. Mark turns to his left. Mark is facing BLANK Ali.,two_refs_egocentric,two_refs_egocentric_target,71bbc61c-e146-4a9e-8769-32ceff15bba6,towards,away from,1
A193SP8INHA4MB,7,retest,The box is next to the desk. Ali stacks the desk on the box. The box is BLANK the desk.,relative_pos,relative_pos_target,ce26d593-6e54-4ce5-b2ee-b510804b99cd,below,above,1
A193SP8INHA4MB,7,retest,The box is next to the desk. Ali stacks the desk on the box. The box is BLANK the desk.,relative_pos,relative_pos_target,ce26d593-6e54-4ce5-b2ee-b510804b99cd,below,above,1
A193SP8INHA4MB,7,retest,The ball and the box are on top of the ramp. The ball rolls down the ramp. The ball is BLANK the box.,relative_pos,relative_pos_target,e29fe444-020a-4ed2-9b9b-87fcf3d911c8,lower than,higher than,1
A193SP8INHA4MB,7,retest,The ball and the box are on top of the ramp. The ball rolls down the ramp. The ball is BLANK the box.,relative_pos,relative_pos_target,e29fe444-020a-4ed2-9b9b-87fcf3d911c8,lower than,higher than,1
A193SP8INHA4MB,7,retest,Ali is holding the tennis ball and the ping pong ball. Ali BLANK the ping pong ball. The ping pong ball is further from the tennis ball.,relative_pos,relative_pos_context,c885cf08-3122-4f1c-bff8-ad3b84e36695,drops,picks up,1
A193SP8INHA4MB,7,retest,Ali is holding the tennis ball and the ping pong ball. Ali BLANK the ping pong ball. The ping pong ball is further from the tennis ball.,relative_pos,relative_pos_context,c885cf08-3122-4f1c-bff8-ad3b84e36695,drops,picks up,1
A193SP8INHA4MB,7,retest,Mark and Ali are both facing left. Ali turns to his right. Ali is facing BLANK Mark.,two_refs_egocentric,two_refs_egocentric_target,0efcb0c1-350a-4c40-bf4c-954939371c8e,away from,towards,0
A193SP8INHA4MB,7,retest,Mark and Ali are both facing left. Ali turns to his right. Ali is facing BLANK Mark.,two_refs_egocentric,two_refs_egocentric_target,0efcb0c1-350a-4c40-bf4c-954939371c8e,away from,towards,0
A193SP8INHA4MB,7,retest,Mark is to the left of Ali. Mark looks to his left and Ali looks to his left. Ali is facing BLANK Mark.,two_refs_egocentric,two_refs_egocentric_target,0a4dca2e-6b5e-4343-b5e3-080b1644618a,towards,away from,1
A193SP8INHA4MB,7,retest,Mark is to the left of Ali. Mark looks to his left and Ali looks to his left. Ali is facing BLANK Mark.,two_refs_egocentric,two_refs_egocentric_target,0a4dca2e-6b5e-4343-b5e3-080b1644618a,towards,away from,1
A193SP8INHA4MB,7,retest,Mark is facing away from Ali. Ali turns around. Mark is facing BLANK Ali.,two_refs_egocentric,two_refs_egocentric_target,cbb6e2d4-1f3b-4790-adce-17e1a11978f5,away,towards,1
A193SP8INHA4MB,7,retest,Mark is facing away from Ali. Ali turns around. Mark is facing BLANK Ali.,two_refs_egocentric,two_refs_egocentric_target,cbb6e2d4-1f3b-4790-adce-17e1a11978f5,away,towards,1
A193SP8INHA4MB,7,retest,The box is next to the ball. Ali puts the BLANK. the ball is larger than the box.,relative_pos,relative_pos_context,db44d1c2-8255-4f3c-a854-369f71e3d5bb,box inside the ball,ball inside the box,1
A193SP8INHA4MB,7,retest,The box is next to the ball. Ali puts the BLANK. the ball is larger than the box.,relative_pos,relative_pos_context,db44d1c2-8255-4f3c-a854-369f71e3d5bb,box inside the ball,ball inside the box,1
A193SP8INHA4MB,7,retest,The box is next to the desk. Ali stacks the BLANK. The box is below the desk.,relative_pos,relative_pos_context,efb787d1-515a-449c-b016-7968a6a36a0f,desk on the box,box on the desk,1
A193SP8INHA4MB,7,retest,The box is next to the desk. Ali stacks the BLANK. The box is below the desk.,relative_pos,relative_pos_context,efb787d1-515a-449c-b016-7968a6a36a0f,desk on the box,box on the desk,1
A193SP8INHA4MB,7,retest,Ali is to Mark's BLANK. Ali turns around. Ali is to Mark's right.,two_refs_egocentric,two_refs_egocentric_context,5d6081c0-2b00-4c26-9edb-7aab052a472a,right,left,0
A193SP8INHA4MB,7,retest,Ali is to Mark's BLANK. Ali turns around. Ali is to Mark's right.,two_refs_egocentric,two_refs_egocentric_context,5d6081c0-2b00-4c26-9edb-7aab052a472a,right,left,0
A193SP8INHA4MB,7,retest,Ali is to the right of Mark. Mark looks to his left. Mark BLANK Ali.,two_refs_egocentric,two_refs_egocentric_target,5325997f-dd4a-4adb-8a34-ad602a759efe,can't see,sees,1
A193SP8INHA4MB,7,retest,Ali is to the right of Mark. Mark looks to his left. Mark BLANK Ali.,two_refs_egocentric,two_refs_egocentric_target,5325997f-dd4a-4adb-8a34-ad602a759efe,can't see,sees,1
A193SP8INHA4MB,7,retest,Mark is facing BLANK Ali. Ali turns around. Mark is facing away Ali.,two_refs_egocentric,two_refs_egocentric_context,1f5ef932-b502-43fb-a96c-df6a6bdb3d77,away from,towards,1
A193SP8INHA4MB,7,retest,Mark is facing BLANK Ali. Ali turns around. Mark is facing away Ali.,two_refs_egocentric,two_refs_egocentric_context,1f5ef932-b502-43fb-a96c-df6a6bdb3d77,away from,towards,1
A193SP8INHA4MB,7,retest,Mark and Ali are facing away from eachother. Mark turns around. Ali is facing BLANK Mark.,two_refs_egocentric,two_refs_egocentric_target,2deab35e-de13-4997-800d-a76f6de872b5,away from,towards,1
A193SP8INHA4MB,7,retest,Mark and Ali are facing away from eachother. Mark turns around. Ali is facing BLANK Mark.,two_refs_egocentric,two_refs_egocentric_target,2deab35e-de13-4997-800d-a76f6de872b5,away from,towards,1
A193SP8INHA4MB,7,retest,Mark is behind Ali. Mark walks fowards. Mark is getting BLANK Ali.,two_refs_egocentric,two_refs_egocentric_target,6598bcd0-f33f-4f87-b010-7257d9037f54,closer to,further from,1
A193SP8INHA4MB,7,retest,Mark is behind Ali. Mark walks fowards. Mark is getting BLANK Ali.,two_refs_egocentric,two_refs_egocentric_target,6598bcd0-f33f-4f87-b010-7257d9037f54,closer to,further from,1
A1C12FONNLWX56,6,retest,Mark is BLANK of Ali facing East. Ali is West of Mark facing West. Mark is facing away from Ali.,two_refs_geocentric,two_refs_geocentric_context,672521bd-9b42-4dd1-881e-61a57b15e1e2,East,West,0
A1C12FONNLWX56,6,retest,Mark and Ali are both directly East of Budapest. Mark walks North. Ali is BLANK of Mark.,two_refs_geocentric,two_refs_geocentric_target,32732c3a-dde6-4520-9e9f-43b586e802bc,South,North,1
A1C12FONNLWX56,6,retest,Mark is East of Budapest and Ali is West of Budapest. Ali walks directly towards Mark. Ali is heading BLANK.,two_refs_geocentric,two_refs_geocentric_target,8b88918b-f1dd-4784-8035-580b89674670,East,West,1
A1C12FONNLWX56,6,retest,Mark is East of Budapest and Ali is West of Budapest. Mark walks directly BLANK Ali. Mark is heading West.,two_refs_geocentric,two_refs_geocentric_context,ba0500a3-3783-4596-a2f8-fd3ca1e76486,towards,away from,1
A1C12FONNLWX56,6,retest,Mark is North of Budapest and Ali is South of Budapest. Ali walks directly BLANK Mark. Ali is walking South.,two_refs_geocentric,two_refs_geocentric_context,78cfaa82-d792-4a47-9003-e289b66847f7,away from,towards,1
A1C12FONNLWX56,6,retest,Mark and Ali are both directly West of Budapest. Mark walks South. Ali is BLANK of Mark.,two_refs_geocentric,two_refs_geocentric_target,47f03e7f-1dc6-4da8-b460-eea5439b1842,North,South,1
A1C12FONNLWX56,6,retest,Milwaukee is South of Mark. Mark goes BLANK. Mark is Northeast of Milwaukee.,two_refs_geocentric,two_refs_geocentric_context,f640e853-3898-4c59-968f-d791a63880e1,West,East,0
A1C12FONNLWX56,6,retest,Mark is BLANK of Ali facing East. Ali is East of Mark facing West. Mark is facing towards Ali.,two_refs_geocentric,two_refs_geocentric_context,301d488b-e549-4394-b878-c0450833fda8,West,East,1
A1C12FONNLWX56,6,retest,Mark is facing East and Ali is facing BLANK. Mark turns 180 degrees. Mark and Ali are facing the same direction.,two_refs_geocentric,two_refs_geocentric_context,29ce0e92-abdd-461b-8acf-acfbadf91fd4,West,East,1
A1C12FONNLWX56,6,retest,Mark is facing BLANK and Ali is facing West. Mark turns around. Mark is facing West.,two_refs_geocentric,two_refs_geocentric_context,db51d454-79bf-4010-91a9-b3adc51e10e9,East,West,1
A1C12FONNLWX56,6,retest,Milwaukee is South of Mark. Mark goes BLANK. Milwaukee is Southeast of Mark.,two_refs_geocentric,two_refs_geocentric_context,8a66063c-6c36-42cc-83d1-c2a017d1a2f8,West,East,0
A1C12FONNLWX56,6,retest,Mark is North of Budapest and Ali is South of Budapest. Ali walks directly away from Mark. Ali is walking BLANK.,two_refs_geocentric,two_refs_geocentric_target,30c2fa5a-da23-4e62-b66c-01c6cc4ebf9d,South,North,1
A1C12FONNLWX56,6,retest,Milwaukee is North of Mark. Mark goes East. Milwaukee is BLANK of Mark.,two_refs_geocentric,two_refs_geocentric_target,e0efa77a-4b07-4f93-b85d-92a2d81cd463,Northwest,Southeast,1
A1C12FONNLWX56,6,retest,Mark is facing South and Ali is facing BLANK. Mark turns 90 degrees to his right. Mark and Ali are facing different directions.,two_refs_geocentric,two_refs_geocentric_context,a3bae960-5d51-4b49-9778-990829a6dc83,East,West,0
A1C12FONNLWX56,6,retest,Mark is facing North and Ali is facing BLANK. Mark turns 90 degrees to his right. Mark and Ali are facing the same direction.,two_refs_geocentric,two_refs_geocentric_context,4fce09f2-3af1-404f-967a-7a97cdd13388,East,West,1
A1C12FONNLWX56,6,retest,Milwaukee is South of Mark. Mark goes West. Mark is BLANK of Milwaukee.,two_refs_geocentric,two_refs_geocentric_target,c325b8e3-d3ea-4643-8b50-364a6128aa4f,Northest,Southeast,0
A1C12FONNLWX56,6,retest,Mark is facing South and Ali is facing East. Mark turns 90 degrees to his right. Mark and Ali are facing BLANK.,two_refs_geocentric,two_refs_geocentric_target,1ce1f6fb-222f-4510-a6a8-dae9b9df2e6a,the same direction,different directions,0
A1C12FONNLWX56,6,retest,Mark is West of Ali facing East. Ali is East of Mark facing West. Mark is facing BLANK Ali.,two_refs_geocentric,two_refs_geocentric_target,7f836912-7107-4c82-a22b-c68b2acc46f0,towards,away from,1
A1C12FONNLWX56,6,retest,Mark is East of Ali facing East. Ali is West of Mark facing West. Mark is facing BLANK Ali.,two_refs_geocentric,two_refs_geocentric_target,c4300110-c14f-4a8d-94b9-a56fbaf8aaa2,away from,towards,1
A1C12FONNLWX56,6,retest,Mark is facing North and Ali is facing East. Mark turns 90 degrees to his right. Mark and Ali are facing BLANK.,two_refs_geocentric,two_refs_geocentric_target,3e51fc15-6ee7-4bd4-b7c2-9313c2b75afa,the same direction,different directions,1
A1C12FONNLWX56,6,retest,Mark is BLANK of Ali. Mark turns right. Mark is East of Ali.,two_refs_geocentric,two_refs_geocentric_context,73fe68a5-7c2c-4504-9528-298de59f844e,East,West,1
A1C12FONNLWX56,6,retest,Milwaukee is North of Mark. Mark goes BLANK. Milwaukee is Northwest of Mark.,two_refs_geocentric,two_refs_geocentric_context,6736be32-2bb0-4769-b8bb-7efa38642c5e,East,West,1
A1C12FONNLWX56,6,retest,Mark is BLANK of Ali facing East. Ali is West of Mark facing West. Mark is facing away from Ali.,two_refs_geocentric,two_refs_geocentric_context,672521bd-9b42-4dd1-881e-61a57b15e1e2,East,West,1
A1C12FONNLWX56,6,retest,Mark is BLANK of Ali facing East. Ali is West of Mark facing West. Mark is facing away from Ali.,two_refs_geocentric,two_refs_geocentric_context,672521bd-9b42-4dd1-881e-61a57b15e1e2,East,West,1
A1C12FONNLWX56,6,retest,Mark is North of Budapest and Ali is South of Budapest. Ali walks directly BLANK Mark. Ali is walking South.,two_refs_geocentric,two_refs_geocentric_context,78cfaa82-d792-4a47-9003-e289b66847f7,away from,towards,1
A1C12FONNLWX56,6,retest,Mark is North of Budapest and Ali is South of Budapest. Ali walks directly BLANK Mark. Ali is walking South.,two_refs_geocentric,two_refs_geocentric_context,78cfaa82-d792-4a47-9003-e289b66847f7,away from,towards,1
A1C12FONNLWX56,6,retest,Mark and Ali are both directly West of Budapest. Mark walks South. Ali is BLANK of Mark.,two_refs_geocentric,two_refs_geocentric_target,47f03e7f-1dc6-4da8-b460-eea5439b1842,North,South,1
A1C12FONNLWX56,6,retest,Mark and Ali are both directly West of Budapest. Mark walks South. Ali is BLANK of Mark.,two_refs_geocentric,two_refs_geocentric_target,47f03e7f-1dc6-4da8-b460-eea5439b1842,North,South,1
A1C12FONNLWX56,6,retest,Milwaukee is South of Mark. Mark goes BLANK. Mark is Northeast of Milwaukee.,two_refs_geocentric,two_refs_geocentric_context,f640e853-3898-4c59-968f-d791a63880e1,West,East,0
A1C12FONNLWX56,6,retest,Milwaukee is South of Mark. Mark goes BLANK. Mark is Northeast of Milwaukee.,two_refs_geocentric,two_refs_geocentric_context,f640e853-3898-4c59-968f-d791a63880e1,West,East,0
A1C12FONNLWX56,6,retest,Milwaukee is South of Mark. Mark goes BLANK. Milwaukee is Southeast of Mark.,two_refs_geocentric,two_refs_geocentric_context,8a66063c-6c36-42cc-83d1-c2a017d1a2f8,West,East,0
A1C12FONNLWX56,6,retest,Milwaukee is South of Mark. Mark goes BLANK. Milwaukee is Southeast of Mark.,two_refs_geocentric,two_refs_geocentric_context,8a66063c-6c36-42cc-83d1-c2a017d1a2f8,West,East,0
A1C12FONNLWX56,6,retest,Mark is North of Budapest and Ali is South of Budapest. Ali walks directly away from Mark. Ali is walking BLANK.,two_refs_geocentric,two_refs_geocentric_target,30c2fa5a-da23-4e62-b66c-01c6cc4ebf9d,South,North,1
A1C12FONNLWX56,6,retest,Mark is North of Budapest and Ali is South of Budapest. Ali walks directly away from Mark. Ali is walking BLANK.,two_refs_geocentric,two_refs_geocentric_target,30c2fa5a-da23-4e62-b66c-01c6cc4ebf9d,South,North,1
A1C12FONNLWX56,6,retest,Milwaukee is North of Mark. Mark goes East. Milwaukee is BLANK of Mark.,two_refs_geocentric,two_refs_geocentric_target,e0efa77a-4b07-4f93-b85d-92a2d81cd463,Northwest,Southeast,1
A1C12FONNLWX56,6,retest,Milwaukee is North of Mark. Mark goes East. Milwaukee is BLANK of Mark.,two_refs_geocentric,two_refs_geocentric_target,e0efa77a-4b07-4f93-b85d-92a2d81cd463,Northwest,Southeast,1
A1C12FONNLWX56,6,retest,Mark is facing South and Ali is facing BLANK. Mark turns 90 degrees to his right. Mark and Ali are facing different directions.,two_refs_geocentric,two_refs_geocentric_context,a3bae960-5d51-4b49-9778-990829a6dc83,East,West,1
A1C12FONNLWX56,6,retest,Mark is facing South and Ali is facing BLANK. Mark turns 90 degrees to his right. Mark and Ali are facing different directions.,two_refs_geocentric,two_refs_geocentric_context,a3bae960-5d51-4b49-9778-990829a6dc83,East,West,1
A1C12FONNLWX56,6,retest,Milwaukee is South of Mark. Mark goes West. Mark is BLANK of Milwaukee.,two_refs_geocentric,two_refs_geocentric_target,c325b8e3-d3ea-4643-8b50-364a6128aa4f,Northest,Southeast,0
A1C12FONNLWX56,6,retest,Milwaukee is South of Mark. Mark goes West. Mark is BLANK of Milwaukee.,two_refs_geocentric,two_refs_geocentric_target,c325b8e3-d3ea-4643-8b50-364a6128aa4f,Northest,Southeast,0
A1C12FONNLWX56,6,retest,Mark is facing South and Ali is facing East. Mark turns 90 degrees to his right. Mark and Ali are facing BLANK.,two_refs_geocentric,two_refs_geocentric_target,1ce1f6fb-222f-4510-a6a8-dae9b9df2e6a,the same direction,different directions,0
A1C12FONNLWX56,6,retest,Mark is facing South and Ali is facing East. Mark turns 90 degrees to his right. Mark and Ali are facing BLANK.,two_refs_geocentric,two_refs_geocentric_target,1ce1f6fb-222f-4510-a6a8-dae9b9df2e6a,the same direction,different directions,0
A1C12FONNLWX56,6,retest,Mark is West of Ali facing East. Ali is East of Mark facing West. Mark is facing BLANK Ali.,two_refs_geocentric,two_refs_geocentric_target,7f836912-7107-4c82-a22b-c68b2acc46f0,towards,away from,0
A1C12FONNLWX56,6,retest,Mark is West of Ali facing East. Ali is East of Mark facing West. Mark is facing BLANK Ali.,two_refs_geocentric,two_refs_geocentric_target,7f836912-7107-4c82-a22b-c68b2acc46f0,towards,away from,0
A1C12FONNLWX56,6,retest,Mark is facing North and Ali is facing East. Mark turns 90 degrees to his right. Mark and Ali are facing BLANK.,two_refs_geocentric,two_refs_geocentric_target,3e51fc15-6ee7-4bd4-b7c2-9313c2b75afa,the same direction,different directions,1
A1C12FONNLWX56,6,retest,Mark is facing North and Ali is facing East. Mark turns 90 degrees to his right. Mark and Ali are facing BLANK.,two_refs_geocentric,two_refs_geocentric_target,3e51fc15-6ee7-4bd4-b7c2-9313c2b75afa,the same direction,different directions,1
A1E3MR98PNWZBD,3,retest,Chicago is BLANK Ali. Ali turns right. Chicago is right of Ali.,egocentric_distant,egocentric_distant_context,f7331836-b6ee-4bc7-b450-9586dd060445,behind,in front of,0
A1E3MR98PNWZBD,3,retest,The ball is close to Ali. Ali throws the BLANK. The ball is close to Ali.,action_nonfollows,action_nonfollows_context,bcc54a8d-4b9f-4a07-a261-1d87bfdc9634,box,ball,1
A1E3MR98PNWZBD,3,retest,Ali is facing BLANK Milwaukee. Ali turns 180 degrees. Ali is facing towards Milwaukee.,egocentric_distant,egocentric_distant_context,d18aa318-48f9-40be-b322-d4fcddd58fba,away from,towards,1
A1E3MR98PNWZBD,3,retest,The painting is BLANK Ali. Ali turns right. The painting is left of Ali.,egocentric_near,egocentric_near_context,bda90b60-3995-46b6-8be8-5c2fcc765df7,in front of,behind,1
A1E3MR98PNWZBD,3,retest,The book is under the table. Ali moves the book. The table BLANK.,action_nonfollows,action_nonfollows_target,f5e611bf-a370-4ff7-91e4-b512b870c4b9,doesn't move,moves,1
A1E3MR98PNWZBD,3,retest,Chicago is right of Ali. Ali turns around. Chicago is BLANK Ali.,egocentric_distant,egocentric_distant_target,c942a4b4-8538-400d-8605-2a4f0bc000ef,left of,right of,0
A1E3MR98PNWZBD,3,retest,The painting is left of Ali. Ali turns around. The painting is BLANK Ali.,egocentric_near,egocentric_near_target,d7a5f10b-56f3-4321-a665-c2c94f57e605,right of,left of,1
A1E3MR98PNWZBD,3,retest,The baseball is close to Ali. Ali throws the baseball. The baseball is BLANK Ali.,action_follows,action_follows_target,c7e13c41-dd1f-4bd0-8e6b-903801880815,far from,close to,1
A1E3MR98PNWZBD,3,retest,The ball is at the bottom of the ramp. Ali pushes the ball. The ball is at the BLANK of the ramp.,action_nonfollows,action_nonfollows_target,e2381bf9-9c62-4821-9eef-f3d59b881fd5,bottom,top of,0
A1E3MR98PNWZBD,3,retest,The wine glass is on the table. Ali bumps the BLANK. The wine doesn't spill.,action_nonfollows,action_nonfollows_context,f90f4149-7255-448b-bd8d-a1a900581ee6,lamp,table,1
A1E3MR98PNWZBD,3,retest,Ali is BLANK the wagon. Ali pushes on the wagon. The wagon doesn't move.,action_nonfollows,action_nonfollows_context,f827d2d9-18d0-4d34-a155-7ec3d4f1b7ab,in,outside,0
A1E3MR98PNWZBD,3,retest,The soup is on the table. Ali turns on the stove. The soup gets BLANK.,state_nonfollows,state_nonfollows_target,f48a91e2-22e0-4c2b-b42a-6ec8df05393f,colder,warmer,0
A1E3MR98PNWZBD,3,retest,Chicago is BLANK Ali. Ali turns around. Chicago is right of Ali.,egocentric_distant,egocentric_distant_context,bd0f5cf2-1bf0-4afe-bd33-ce9732fbbc49,left of,right of,0
A1E3MR98PNWZBD,3,retest,The book is BLANK the table. Ali moves the table. The book doesn't move.,action_nonfollows,action_nonfollows_context,c3e7a166-3f5b-47f1-b666-c3b03ceefd5c,under,on,1
A1E3MR98PNWZBD,3,retest,Ali is BLANK. Ali turns around. Ali is behind the statue.,action_nonfollows,action_nonfollows_context,cc306a89-3dc5-4910-aa0b-f2bddee9154d,behind the statue,in front of the statue,0
A1E3MR98PNWZBD,3,retest,The wall was painted BLANK ago. Ali touches the wall. Ali's hand is clean.,state_nonfollows,state_nonfollows_context,cb63063d-f349-44f8-a2b7-e1f7ad288aba,1 month,5 minutes,1
A1E3MR98PNWZBD,3,retest,Ali is facing away from Milwaukee. Ali turns 180 degrees. Ali is facing BLANK Milwaukee.,egocentric_distant,egocentric_distant_target,d96621cb-4925-459d-b156-27a8a3456a19,towards,away from,1
A1E3MR98PNWZBD,3,retest,The painting is right of Ali. Ali turns around. The painting is BLANK Ali.,egocentric_near,egocentric_near_target,b70fd0cd-135e-45b2-9cc2-f17a7dd652a8,left of,right of,0
A1E3MR98PNWZBD,3,retest,The ball is BLANK the box. The ball moves right. The ball is higher than the box.,action_nonfollows,action_nonfollows_context,b57e5c96-351b-42e3-9537-dcbb9d829e85,above,under,1
A1E3MR98PNWZBD,3,retest,The ball is BLANK the box. Ali moves the box. The ball doesn't move.,action_nonfollows,action_nonfollows_context,e31e6e5a-3ac6-4936-9ae5-7611f9233c51,far from,touching,1
A1E3MR98PNWZBD,3,retest,The glass and the cup are on the table. Ali pushes the cup off the table. The glass BLANK.,state_nonfollows,state_nonfollows_target,fac9293b-e5d3-48d0-9c01-8172f9647c13,doesn't break,breaks,1
A1E3MR98PNWZBD,3,retest,The box is close to Ali. Ali throws the BLANK. The box is close to Ali.,action_nonfollows,action_nonfollows_context,cce2c8f9-2ca6-4851-93b5-e79efd0dfdae,ball,box,1
A1E3MR98PNWZBD,3,retest,Ali is facing BLANK Chicago. Ali turns right. Chicago is left of Ali.,egocentric_distant,egocentric_distant_context,d11f84d4-2104-4b0c-8891-39fe2409a5f7,towards,away from,1
A1E3MR98PNWZBD,3,retest,The glass is on the table. Ali bumps the table. The glass BLANK.,state_follows,state_follows_target,ca2dc996-8318-492e-b057-cd6d42dc5072,breaks,doesn't break,1
A1E3MR98PNWZBD,3,retest,The ball is resting on top of the box. Ali pushes the box forward. The ball is BLANK the box.,action_nonfollows,action_nonfollows_target,ceb88882-eb68-49e1-9b86-416b6f09e1a3,on top of,below,1
A1E3MR98PNWZBD,3,retest,The ball is BLANK the box. Ali pushes the box forward. The ball is inside the box.,action_nonfollows,action_nonfollows_context,d387b3c2-04e5-4c89-bff6-7469bbf38a5d,inside,outside,1
A1E3MR98PNWZBD,3,retest,The painting is in front of Ali. Ali turns right. The painting is BLANK Ali.,egocentric_near,egocentric_near_target,f0714c55-5e03-4f80-8171-fb4af78e1ad8,left of,right of,1
A1E3MR98PNWZBD,3,retest,Chicago is BLANK Ali. Ali turns left. Chicago is left of Ali.,egocentric_distant,egocentric_distant_context,b2947cb8-21ca-4d3e-9666-765c88ecadbd,behind,in front of,1
A1E3MR98PNWZBD,3,retest,Ali is in the wagon. Ali pulls on the wagon. The wagon BLANK.,action_nonfollows,action_nonfollows_target,c3057e2d-31be-47c0-bd12-9a1422d7f838,doesn't move,moves,1
A1E3MR98PNWZBD,3,retest,The empty glass is on the table. Ali fills the BLANK halfway. The glass is dry.,state_nonfollows,state_nonfollows_context,e65ff7c3-4d74-494c-974e-af6694c8dbac,sink,glass,1
A1E3MR98PNWZBD,3,retest,Ali is in front of the statue. Ali turns around. Ali is BLANK.,action_nonfollows,action_nonfollows_target,fa00c2c2-ffdb-4b5a-9376-7bde7e7326dd,in front of the statue,behind the statue,1
A1E3MR98PNWZBD,3,retest,Ali is in the wagon. Ali pushes on the wagon. The wagon BLANK.,action_nonfollows,action_nonfollows_target,d131310b-9566-4029-bfa8-6f106043b088,doesn't move,moves,1
A1E3MR98PNWZBD,3,retest,Chicago is BLANK Ali. Ali turns right. Chicago is right of Ali.,egocentric_distant,egocentric_distant_context,f7331836-b6ee-4bc7-b450-9586dd060445,behind,in front of,1
A1E3MR98PNWZBD,3,retest,Chicago is BLANK Ali. Ali turns right. Chicago is right of Ali.,egocentric_distant,egocentric_distant_context,f7331836-b6ee-4bc7-b450-9586dd060445,behind,in front of,1
A1E3MR98PNWZBD,3,retest,The ball is close to Ali. Ali throws the BLANK. The ball is close to Ali.,action_nonfollows,action_nonfollows_context,bcc54a8d-4b9f-4a07-a261-1d87bfdc9634,box,ball,1
A1E3MR98PNWZBD,3,retest,The ball is close to Ali. Ali throws the BLANK. The ball is close to Ali.,action_nonfollows,action_nonfollows_context,bcc54a8d-4b9f-4a07-a261-1d87bfdc9634,box,ball,1
A1E3MR98PNWZBD,3,retest,Ali is facing BLANK Milwaukee. Ali turns 180 degrees. Ali is facing towards Milwaukee.,egocentric_distant,egocentric_distant_context,d18aa318-48f9-40be-b322-d4fcddd58fba,away from,towards,1
A1E3MR98PNWZBD,3,retest,Ali is facing BLANK Milwaukee. Ali turns 180 degrees. Ali is facing towards Milwaukee.,egocentric_distant,egocentric_distant_context,d18aa318-48f9-40be-b322-d4fcddd58fba,away from,towards,1
A1E3MR98PNWZBD,3,retest,The painting is BLANK Ali. Ali turns right. The painting is left of Ali.,egocentric_near,egocentric_near_context,bda90b60-3995-46b6-8be8-5c2fcc765df7,in front of,behind,1
A1E3MR98PNWZBD,3,retest,The painting is BLANK Ali. Ali turns right. The painting is left of Ali.,egocentric_near,egocentric_near_context,bda90b60-3995-46b6-8be8-5c2fcc765df7,in front of,behind,1
A1E3MR98PNWZBD,3,retest,Chicago is right of Ali. Ali turns around. Chicago is BLANK Ali.,egocentric_distant,egocentric_distant_target,c942a4b4-8538-400d-8605-2a4f0bc000ef,left of,right of,0
A1E3MR98PNWZBD,3,retest,Chicago is right of Ali. Ali turns around. Chicago is BLANK Ali.,egocentric_distant,egocentric_distant_target,c942a4b4-8538-400d-8605-2a4f0bc000ef,left of,right of,0
A1E3MR98PNWZBD,3,retest,The painting is left of Ali. Ali turns around. The painting is BLANK Ali.,egocentric_near,egocentric_near_target,d7a5f10b-56f3-4321-a665-c2c94f57e605,right of,left of,0
A1E3MR98PNWZBD,3,retest,The painting is left of Ali. Ali turns around. The painting is BLANK Ali.,egocentric_near,egocentric_near_target,d7a5f10b-56f3-4321-a665-c2c94f57e605,right of,left of,0
A1E3MR98PNWZBD,3,retest,The ball is at the bottom of the ramp. Ali pushes the ball. The ball is at the BLANK of the ramp.,action_nonfollows,action_nonfollows_target,e2381bf9-9c62-4821-9eef-f3d59b881fd5,bottom,top of,0
A1E3MR98PNWZBD,3,retest,The ball is at the bottom of the ramp. Ali pushes the ball. The ball is at the BLANK of the ramp.,action_nonfollows,action_nonfollows_target,e2381bf9-9c62-4821-9eef-f3d59b881fd5,bottom,top of,0
A1E3MR98PNWZBD,3,retest,Ali is BLANK the wagon. Ali pushes on the wagon. The wagon doesn't move.,action_nonfollows,action_nonfollows_context,f827d2d9-18d0-4d34-a155-7ec3d4f1b7ab,in,outside,1
A1E3MR98PNWZBD,3,retest,Ali is BLANK the wagon. Ali pushes on the wagon. The wagon doesn't move.,action_nonfollows,action_nonfollows_context,f827d2d9-18d0-4d34-a155-7ec3d4f1b7ab,in,outside,1
A1E3MR98PNWZBD,3,retest,The soup is on the table. Ali turns on the stove. The soup gets BLANK.,state_nonfollows,state_nonfollows_target,f48a91e2-22e0-4c2b-b42a-6ec8df05393f,colder,warmer,1
A1E3MR98PNWZBD,3,retest,The soup is on the table. Ali turns on the stove. The soup gets BLANK.,state_nonfollows,state_nonfollows_target,f48a91e2-22e0-4c2b-b42a-6ec8df05393f,colder,warmer,1
A1E3MR98PNWZBD,3,retest,Chicago is BLANK Ali. Ali turns around. Chicago is right of Ali.,egocentric_distant,egocentric_distant_context,bd0f5cf2-1bf0-4afe-bd33-ce9732fbbc49,left of,right of,0
A1E3MR98PNWZBD,3,retest,Chicago is BLANK Ali. Ali turns around. Chicago is right of Ali.,egocentric_distant,egocentric_distant_context,bd0f5cf2-1bf0-4afe-bd33-ce9732fbbc49,left of,right of,0
A1E3MR98PNWZBD,3,retest,The book is BLANK the table. Ali moves the table. The book doesn't move.,action_nonfollows,action_nonfollows_context,c3e7a166-3f5b-47f1-b666-c3b03ceefd5c,under,on,1
A1E3MR98PNWZBD,3,retest,The book is BLANK the table. Ali moves the table. The book doesn't move.,action_nonfollows,action_nonfollows_context,c3e7a166-3f5b-47f1-b666-c3b03ceefd5c,under,on,1
A1E3MR98PNWZBD,3,retest,Ali is BLANK. Ali turns around. Ali is behind the statue.,action_nonfollows,action_nonfollows_context,cc306a89-3dc5-4910-aa0b-f2bddee9154d,behind the statue,in front of the statue,1
A1E3MR98PNWZBD,3,retest,Ali is BLANK. Ali turns around. Ali is behind the statue.,action_nonfollows,action_nonfollows_context,cc306a89-3dc5-4910-aa0b-f2bddee9154d,behind the statue,in front of the statue,1
A1E3MR98PNWZBD,3,retest,The painting is right of Ali. Ali turns around. The painting is BLANK Ali.,egocentric_near,egocentric_near_target,b70fd0cd-135e-45b2-9cc2-f17a7dd652a8,left of,right of,0
A1E3MR98PNWZBD,3,retest,The painting is right of Ali. Ali turns around. The painting is BLANK Ali.,egocentric_near,egocentric_near_target,b70fd0cd-135e-45b2-9cc2-f17a7dd652a8,left of,right of,0
A1E3MR98PNWZBD,3,retest,The ball is BLANK the box. Ali moves the box. The ball doesn't move.,action_nonfollows,action_nonfollows_context,e31e6e5a-3ac6-4936-9ae5-7611f9233c51,far from,touching,1
A1E3MR98PNWZBD,3,retest,The ball is BLANK the box. Ali moves the box. The ball doesn't move.,action_nonfollows,action_nonfollows_context,e31e6e5a-3ac6-4936-9ae5-7611f9233c51,far from,touching,1
A1E3MR98PNWZBD,3,retest,The box is close to Ali. Ali throws the BLANK. The box is close to Ali.,action_nonfollows,action_nonfollows_context,cce2c8f9-2ca6-4851-93b5-e79efd0dfdae,ball,box,1
A1E3MR98PNWZBD,3,retest,The box is close to Ali. Ali throws the BLANK. The box is close to Ali.,action_nonfollows,action_nonfollows_context,cce2c8f9-2ca6-4851-93b5-e79efd0dfdae,ball,box,1
A1E3MR98PNWZBD,3,retest,Ali is in the wagon. Ali pulls on the wagon. The wagon BLANK.,action_nonfollows,action_nonfollows_target,c3057e2d-31be-47c0-bd12-9a1422d7f838,doesn't move,moves,1
A1E3MR98PNWZBD,3,retest,Ali is in the wagon. Ali pulls on the wagon. The wagon BLANK.,action_nonfollows,action_nonfollows_target,c3057e2d-31be-47c0-bd12-9a1422d7f838,doesn't move,moves,1
A1E3MR98PNWZBD,3,retest,Ali is in the wagon. Ali pushes on the wagon. The wagon BLANK.,action_nonfollows,action_nonfollows_target,d131310b-9566-4029-bfa8-6f106043b088,doesn't move,moves,1
A1E3MR98PNWZBD,3,retest,Ali is in the wagon. Ali pushes on the wagon. The wagon BLANK.,action_nonfollows,action_nonfollows_target,d131310b-9566-4029-bfa8-6f106043b088,doesn't move,moves,1
A1I7H6RDJS4EKN,6,retest,Milwaukee is North of Mark. Mark goes BLANK. Milwaukee is Northwest of Mark.,two_refs_geocentric,two_refs_geocentric_context,6736be32-2bb0-4769-b8bb-7efa38642c5e,East,West,1
A1I7H6RDJS4EKN,6,retest,Mark is West of Ali facing East. Ali is East of Mark facing West. Mark is facing BLANK Ali.,two_refs_geocentric,two_refs_geocentric_target,7f836912-7107-4c82-a22b-c68b2acc46f0,towards,away from,1
A1I7H6RDJS4EKN,6,retest,Mark is BLANK of Ali. Mark turns right. Mark is East of Ali.,two_refs_geocentric,two_refs_geocentric_context,73fe68a5-7c2c-4504-9528-298de59f844e,East,West,1
A1I7H6RDJS4EKN,6,retest,Mark is facing BLANK and Ali is facing West. Mark turns around. Mark is facing West.,two_refs_geocentric,two_refs_geocentric_context,db51d454-79bf-4010-91a9-b3adc51e10e9,East,West,1
A1I7H6RDJS4EKN,6,retest,Milwaukee is South of Mark. Mark goes BLANK. Milwaukee is Southeast of Mark.,two_refs_geocentric,two_refs_geocentric_context,8a66063c-6c36-42cc-83d1-c2a017d1a2f8,West,East,0
A1I7H6RDJS4EKN,6,retest,Milwaukee is North of Mark. Mark goes East. Milwaukee is BLANK of Mark.,two_refs_geocentric,two_refs_geocentric_target,e0efa77a-4b07-4f93-b85d-92a2d81cd463,Northwest,Southeast,1
A1I7H6RDJS4EKN,6,retest,Mark and Ali are both directly East of Budapest. Mark walks North. Ali is BLANK of Mark.,two_refs_geocentric,two_refs_geocentric_target,32732c3a-dde6-4520-9e9f-43b586e802bc,South,North,1
A1I7H6RDJS4EKN,6,retest,Milwaukee is South of Mark. Mark goes West. Mark is BLANK of Milwaukee.,two_refs_geocentric,two_refs_geocentric_target,c325b8e3-d3ea-4643-8b50-364a6128aa4f,Northest,Southeast,1
A1I7H6RDJS4EKN,6,retest,Mark is North of Budapest and Ali is South of Budapest. Ali walks directly away from Mark. Ali is walking BLANK.,two_refs_geocentric,two_refs_geocentric_target,30c2fa5a-da23-4e62-b66c-01c6cc4ebf9d,South,North,1
A1I7H6RDJS4EKN,6,retest,Mark is facing North and Ali is facing BLANK. Mark turns 90 degrees to his right. Mark and Ali are facing the same direction.,two_refs_geocentric,two_refs_geocentric_context,4fce09f2-3af1-404f-967a-7a97cdd13388,East,West,1
A1I7H6RDJS4EKN,6,retest,Mark is BLANK of Ali facing East. Ali is West of Mark facing West. Mark is facing away from Ali.,two_refs_geocentric,two_refs_geocentric_context,672521bd-9b42-4dd1-881e-61a57b15e1e2,East,West,1
A1I7H6RDJS4EKN,6,retest,Mark is North of Budapest and Ali is South of Budapest. Ali walks directly BLANK Mark. Ali is walking South.,two_refs_geocentric,two_refs_geocentric_context,78cfaa82-d792-4a47-9003-e289b66847f7,away from,towards,1
A1I7H6RDJS4EKN,6,retest,Mark is East of Ali facing East. Ali is West of Mark facing West. Mark is facing BLANK Ali.,two_refs_geocentric,two_refs_geocentric_target,c4300110-c14f-4a8d-94b9-a56fbaf8aaa2,away from,towards,0
A1I7H6RDJS4EKN,6,retest,Mark is East of Budapest and Ali is West of Budapest. Ali walks directly towards Mark. Ali is heading BLANK.,two_refs_geocentric,two_refs_geocentric_target,8b88918b-f1dd-4784-8035-580b89674670,East,West,1
A1I7H6RDJS4EKN,6,retest,Milwaukee is South of Mark. Mark goes BLANK. Mark is Northeast of Milwaukee.,two_refs_geocentric,two_refs_geocentric_context,f640e853-3898-4c59-968f-d791a63880e1,West,East,0
A1I7H6RDJS4EKN,6,retest,Mark is facing East and Ali is facing BLANK. Mark turns 180 degrees. Mark and Ali are facing the same direction.,two_refs_geocentric,two_refs_geocentric_context,29ce0e92-abdd-461b-8acf-acfbadf91fd4,West,East,1
A1I7H6RDJS4EKN,6,retest,Mark is BLANK of Ali facing East. Ali is East of Mark facing West. Mark is facing towards Ali.,two_refs_geocentric,two_refs_geocentric_context,301d488b-e549-4394-b878-c0450833fda8,West,East,1
A1I7H6RDJS4EKN,6,retest,Mark is facing South and Ali is facing BLANK. Mark turns 90 degrees to his right. Mark and Ali are facing different directions.,two_refs_geocentric,two_refs_geocentric_context,a3bae960-5d51-4b49-9778-990829a6dc83,East,West,0
A1I7H6RDJS4EKN,6,retest,Mark and Ali are both directly West of Budapest. Mark walks South. Ali is BLANK of Mark.,two_refs_geocentric,two_refs_geocentric_target,47f03e7f-1dc6-4da8-b460-eea5439b1842,North,South,1
A1I7H6RDJS4EKN,6,retest,Mark is East of Budapest and Ali is West of Budapest. Mark walks directly BLANK Ali. Mark is heading West.,two_refs_geocentric,two_refs_geocentric_context,ba0500a3-3783-4596-a2f8-fd3ca1e76486,towards,away from,1
A1I7H6RDJS4EKN,6,retest,Mark is facing North and Ali is facing East. Mark turns 90 degrees to his right. Mark and Ali are facing BLANK.,two_refs_geocentric,two_refs_geocentric_target,3e51fc15-6ee7-4bd4-b7c2-9313c2b75afa,the same direction,different directions,1
A1I7H6RDJS4EKN,6,retest,Mark is facing South and Ali is facing East. Mark turns 90 degrees to his right. Mark and Ali are facing BLANK.,two_refs_geocentric,two_refs_geocentric_target,1ce1f6fb-222f-4510-a6a8-dae9b9df2e6a,the same direction,different directions,0
A1I7H6RDJS4EKN,6,retest,Mark is BLANK of Ali. Mark turns right. Mark is East of Ali.,two_refs_geocentric,two_refs_geocentric_context,73fe68a5-7c2c-4504-9528-298de59f844e,East,West,1
A1I7H6RDJS4EKN,6,retest,Mark is BLANK of Ali. Mark turns right. Mark is East of Ali.,two_refs_geocentric,two_refs_geocentric_context,73fe68a5-7c2c-4504-9528-298de59f844e,East,West,1
A1I7H6RDJS4EKN,6,retest,Milwaukee is South of Mark. Mark goes BLANK. Milwaukee is Southeast of Mark.,two_refs_geocentric,two_refs_geocentric_context,8a66063c-6c36-42cc-83d1-c2a017d1a2f8,West,East,0
A1I7H6RDJS4EKN,6,retest,Milwaukee is South of Mark. Mark goes BLANK. Milwaukee is Southeast of Mark.,two_refs_geocentric,two_refs_geocentric_context,8a66063c-6c36-42cc-83d1-c2a017d1a2f8,West,East,0
A1I7H6RDJS4EKN,6,retest,Milwaukee is North of Mark. Mark goes East. Milwaukee is BLANK of Mark.,two_refs_geocentric,two_refs_geocentric_target,e0efa77a-4b07-4f93-b85d-92a2d81cd463,Northwest,Southeast,1
A1I7H6RDJS4EKN,6,retest,Milwaukee is North of Mark. Mark goes East. Milwaukee is BLANK of Mark.,two_refs_geocentric,two_refs_geocentric_target,e0efa77a-4b07-4f93-b85d-92a2d81cd463,Northwest,Southeast,1
A1I7H6RDJS4EKN,6,retest,Mark is BLANK of Ali facing East. Ali is West of Mark facing West. Mark is facing away from Ali.,two_refs_geocentric,two_refs_geocentric_context,672521bd-9b42-4dd1-881e-61a57b15e1e2,East,West,1
A1I7H6RDJS4EKN,6,retest,Mark is BLANK of Ali facing East. Ali is West of Mark facing West. Mark is facing away from Ali.,two_refs_geocentric,two_refs_geocentric_context,672521bd-9b42-4dd1-881e-61a57b15e1e2,East,West,1
A1I7H6RDJS4EKN,6,retest,Mark is East of Ali facing East. Ali is West of Mark facing West. Mark is facing BLANK Ali.,two_refs_geocentric,two_refs_geocentric_target,c4300110-c14f-4a8d-94b9-a56fbaf8aaa2,away from,towards,1
A1I7H6RDJS4EKN,6,retest,Mark is East of Ali facing East. Ali is West of Mark facing West. Mark is facing BLANK Ali.,two_refs_geocentric,two_refs_geocentric_target,c4300110-c14f-4a8d-94b9-a56fbaf8aaa2,away from,towards,1
A1I7H6RDJS4EKN,6,retest,Milwaukee is South of Mark. Mark goes BLANK. Mark is Northeast of Milwaukee.,two_refs_geocentric,two_refs_geocentric_context,f640e853-3898-4c59-968f-d791a63880e1,West,East,0
A1I7H6RDJS4EKN,6,retest,Milwaukee is South of Mark. Mark goes BLANK. Mark is Northeast of Milwaukee.,two_refs_geocentric,two_refs_geocentric_context,f640e853-3898-4c59-968f-d791a63880e1,West,East,0
A1I7H6RDJS4EKN,6,retest,Mark is facing South and Ali is facing BLANK. Mark turns 90 degrees to his right. Mark and Ali are facing different directions.,two_refs_geocentric,two_refs_geocentric_context,a3bae960-5d51-4b49-9778-990829a6dc83,East,West,1
A1I7H6RDJS4EKN,6,retest,Mark is facing South and Ali is facing BLANK. Mark turns 90 degrees to his right. Mark and Ali are facing different directions.,two_refs_geocentric,two_refs_geocentric_context,a3bae960-5d51-4b49-9778-990829a6dc83,East,West,1
A1JCRM4FEUV2VQ,3,retest,The painting is left of Ali. Ali turns around. The painting is BLANK Ali.,egocentric_near,egocentric_near_target,d7a5f10b-56f3-4321-a665-c2c94f57e605,right of,left of,1
A1JCRM4FEUV2VQ,3,retest,Chicago is right of Ali. Ali turns around. Chicago is BLANK Ali.,egocentric_distant,egocentric_distant_target,c942a4b4-8538-400d-8605-2a4f0bc000ef,left of,right of,1
A1JCRM4FEUV2VQ,3,retest,The ball is BLANK the box. Ali moves the box. The ball doesn't move.,action_nonfollows,action_nonfollows_context,e31e6e5a-3ac6-4936-9ae5-7611f9233c51,far from,touching,1
A1JCRM4FEUV2VQ,3,retest,The book is under the table. Ali moves the book. The table BLANK.,action_nonfollows,action_nonfollows_target,f5e611bf-a370-4ff7-91e4-b512b870c4b9,doesn't move,moves,0
A1JCRM4FEUV2VQ,3,retest,Chicago is BLANK Ali. Ali turns left. Chicago is left of Ali.,egocentric_distant,egocentric_distant_context,b2947cb8-21ca-4d3e-9666-765c88ecadbd,behind,in front of,1
A1JCRM4FEUV2VQ,3,retest,The baseball is close to Ali. Ali throws the baseball. The baseball is BLANK Ali.,action_follows,action_follows_target,c7e13c41-dd1f-4bd0-8e6b-903801880815,far from,close to,1
A1JCRM4FEUV2VQ,3,retest,The ball is close to Ali. Ali throws the BLANK. The ball is close to Ali.,action_nonfollows,action_nonfollows_context,bcc54a8d-4b9f-4a07-a261-1d87bfdc9634,box,ball,0
A1JCRM4FEUV2VQ,3,retest,The painting is right of Ali. Ali turns around. The painting is BLANK Ali.,egocentric_near,egocentric_near_target,b70fd0cd-135e-45b2-9cc2-f17a7dd652a8,left of,right of,1
A1JCRM4FEUV2VQ,3,retest,Ali is BLANK the wagon. Ali pushes on the wagon. The wagon doesn't move.,action_nonfollows,action_nonfollows_context,f827d2d9-18d0-4d34-a155-7ec3d4f1b7ab,in,outside,0
A1JCRM4FEUV2VQ,3,retest,The book is BLANK the table. Ali moves the table. The book doesn't move.,action_nonfollows,action_nonfollows_context,c3e7a166-3f5b-47f1-b666-c3b03ceefd5c,under,on,1
A1JCRM4FEUV2VQ,3,retest,The box is close to Ali. Ali throws the BLANK. The box is close to Ali.,action_nonfollows,action_nonfollows_context,cce2c8f9-2ca6-4851-93b5-e79efd0dfdae,ball,box,1
A1JCRM4FEUV2VQ,3,retest,The ball is at the bottom of the ramp. Ali pushes the ball. The ball is at the BLANK of the ramp.,action_nonfollows,action_nonfollows_target,e2381bf9-9c62-4821-9eef-f3d59b881fd5,bottom,top of,0
A1JCRM4FEUV2VQ,3,retest,The wine glass is on the table. Ali bumps the BLANK. The wine doesn't spill.,action_nonfollows,action_nonfollows_context,f90f4149-7255-448b-bd8d-a1a900581ee6,lamp,table,0
A1JCRM4FEUV2VQ,3,retest,The glass and the cup are on the table. Ali pushes the cup off the table. The glass BLANK.,state_nonfollows,state_nonfollows_target,fac9293b-e5d3-48d0-9c01-8172f9647c13,doesn't break,breaks,1
A1JCRM4FEUV2VQ,3,retest,Ali is in the wagon. Ali pushes on the wagon. The wagon BLANK.,action_nonfollows,action_nonfollows_target,d131310b-9566-4029-bfa8-6f106043b088,doesn't move,moves,0
A1JCRM4FEUV2VQ,3,retest,Ali is facing BLANK Chicago. Ali turns right. Chicago is left of Ali.,egocentric_distant,egocentric_distant_context,d11f84d4-2104-4b0c-8891-39fe2409a5f7,towards,away from,0
A1JCRM4FEUV2VQ,3,retest,The ball is BLANK the box. The ball moves right. The ball is higher than the box.,action_nonfollows,action_nonfollows_context,b57e5c96-351b-42e3-9537-dcbb9d829e85,above,under,1
A1JCRM4FEUV2VQ,3,retest,The wall was painted BLANK ago. Ali touches the wall. Ali's hand is clean.,state_nonfollows,state_nonfollows_context,cb63063d-f349-44f8-a2b7-e1f7ad288aba,1 month,5 minutes,1
A1JCRM4FEUV2VQ,3,retest,The painting is in front of Ali. Ali turns right. The painting is BLANK Ali.,egocentric_near,egocentric_near_target,f0714c55-5e03-4f80-8171-fb4af78e1ad8,left of,right of,0
A1JCRM4FEUV2VQ,3,retest,Ali is BLANK. Ali turns around. Ali is behind the statue.,action_nonfollows,action_nonfollows_context,cc306a89-3dc5-4910-aa0b-f2bddee9154d,behind the statue,in front of the statue,0
A1JCRM4FEUV2VQ,3,retest,The glass is on the table. Ali bumps the table. The glass BLANK.,state_follows,state_follows_target,ca2dc996-8318-492e-b057-cd6d42dc5072,breaks,doesn't break,1
A1JCRM4FEUV2VQ,3,retest,Chicago is BLANK Ali. Ali turns around. Chicago is right of Ali.,egocentric_distant,egocentric_distant_context,bd0f5cf2-1bf0-4afe-bd33-ce9732fbbc49,left of,right of,1
A1JCRM4FEUV2VQ,3,retest,Ali is in front of the statue. Ali turns around. Ali is BLANK.,action_nonfollows,action_nonfollows_target,fa00c2c2-ffdb-4b5a-9376-7bde7e7326dd,in front of the statue,behind the statue,0
A1JCRM4FEUV2VQ,3,retest,Ali is in the wagon. Ali pulls on the wagon. The wagon BLANK.,action_nonfollows,action_nonfollows_target,c3057e2d-31be-47c0-bd12-9a1422d7f838,doesn't move,moves,0
A1JCRM4FEUV2VQ,3,retest,Chicago is BLANK Ali. Ali turns right. Chicago is right of Ali.,egocentric_distant,egocentric_distant_context,f7331836-b6ee-4bc7-b450-9586dd060445,behind,in front of,1
A1JCRM4FEUV2VQ,3,retest,The soup is on the table. Ali turns on the stove. The soup gets BLANK.,state_nonfollows,state_nonfollows_target,f48a91e2-22e0-4c2b-b42a-6ec8df05393f,colder,warmer,0
A1JCRM4FEUV2VQ,3,retest,The ball is resting on top of the box. Ali pushes the box forward. The ball is BLANK the box.,action_nonfollows,action_nonfollows_target,ceb88882-eb68-49e1-9b86-416b6f09e1a3,on top of,below,1
A1JCRM4FEUV2VQ,3,retest,The painting is BLANK Ali. Ali turns right. The painting is left of Ali.,egocentric_near,egocentric_near_context,bda90b60-3995-46b6-8be8-5c2fcc765df7,in front of,behind,1
A1JCRM4FEUV2VQ,3,retest,The ball is BLANK the box. Ali pushes the box forward. The ball is inside the box.,action_nonfollows,action_nonfollows_context,d387b3c2-04e5-4c89-bff6-7469bbf38a5d,inside,outside,0
A1JCRM4FEUV2VQ,3,retest,Ali is facing BLANK Milwaukee. Ali turns 180 degrees. Ali is facing towards Milwaukee.,egocentric_distant,egocentric_distant_context,d18aa318-48f9-40be-b322-d4fcddd58fba,away from,towards,1
A1JCRM4FEUV2VQ,3,retest,Ali is facing away from Milwaukee. Ali turns 180 degrees. Ali is facing BLANK Milwaukee.,egocentric_distant,egocentric_distant_target,d96621cb-4925-459d-b156-27a8a3456a19,towards,away from,1
A1JCRM4FEUV2VQ,3,retest,The empty glass is on the table. Ali fills the BLANK halfway. The glass is dry.,state_nonfollows,state_nonfollows_context,e65ff7c3-4d74-494c-974e-af6694c8dbac,sink,glass,0
A1JCRM4FEUV2VQ,3,retest,The book is under the table. Ali moves the book. The table BLANK.,action_nonfollows,action_nonfollows_target,f5e611bf-a370-4ff7-91e4-b512b870c4b9,doesn't move,moves,1
A1JCRM4FEUV2VQ,3,retest,The book is under the table. Ali moves the book. The table BLANK.,action_nonfollows,action_nonfollows_target,f5e611bf-a370-4ff7-91e4-b512b870c4b9,doesn't move,moves,1
A1JCRM4FEUV2VQ,3,retest,The ball is close to Ali. Ali throws the BLANK. The ball is close to Ali.,action_nonfollows,action_nonfollows_context,bcc54a8d-4b9f-4a07-a261-1d87bfdc9634,box,ball,0
A1JCRM4FEUV2VQ,3,retest,The ball is close to Ali. Ali throws the BLANK. The ball is close to Ali.,action_nonfollows,action_nonfollows_context,bcc54a8d-4b9f-4a07-a261-1d87bfdc9634,box,ball,0
A1JCRM4FEUV2VQ,3,retest,Ali is BLANK the wagon. Ali pushes on the wagon. The wagon doesn't move.,action_nonfollows,action_nonfollows_context,f827d2d9-18d0-4d34-a155-7ec3d4f1b7ab,in,outside,1
A1JCRM4FEUV2VQ,3,retest,Ali is BLANK the wagon. Ali pushes on the wagon. The wagon doesn't move.,action_nonfollows,action_nonfollows_context,f827d2d9-18d0-4d34-a155-7ec3d4f1b7ab,in,outside,1
A1JCRM4FEUV2VQ,3,retest,The box is close to Ali. Ali throws the BLANK. The box is close to Ali.,action_nonfollows,action_nonfollows_context,cce2c8f9-2ca6-4851-93b5-e79efd0dfdae,ball,box,1
A1JCRM4FEUV2VQ,3,retest,The box is close to Ali. Ali throws the BLANK. The box is close to Ali.,action_nonfollows,action_nonfollows_context,cce2c8f9-2ca6-4851-93b5-e79efd0dfdae,ball,box,1
A1JCRM4FEUV2VQ,3,retest,The ball is at the bottom of the ramp. Ali pushes the ball. The ball is at the BLANK of the ramp.,action_nonfollows,action_nonfollows_target,e2381bf9-9c62-4821-9eef-f3d59b881fd5,bottom,top of,0
A1JCRM4FEUV2VQ,3,retest,The ball is at the bottom of the ramp. Ali pushes the ball. The ball is at the BLANK of the ramp.,action_nonfollows,action_nonfollows_target,e2381bf9-9c62-4821-9eef-f3d59b881fd5,bottom,top of,0
A1JCRM4FEUV2VQ,3,retest,The wine glass is on the table. Ali bumps the BLANK. The wine doesn't spill.,action_nonfollows,action_nonfollows_context,f90f4149-7255-448b-bd8d-a1a900581ee6,lamp,table,0
A1JCRM4FEUV2VQ,3,retest,The wine glass is on the table. Ali bumps the BLANK. The wine doesn't spill.,action_nonfollows,action_nonfollows_context,f90f4149-7255-448b-bd8d-a1a900581ee6,lamp,table,0
A1JCRM4FEUV2VQ,3,retest,Ali is in the wagon. Ali pushes on the wagon. The wagon BLANK.,action_nonfollows,action_nonfollows_target,d131310b-9566-4029-bfa8-6f106043b088,doesn't move,moves,0
A1JCRM4FEUV2VQ,3,retest,Ali is in the wagon. Ali pushes on the wagon. The wagon BLANK.,action_nonfollows,action_nonfollows_target,d131310b-9566-4029-bfa8-6f106043b088,doesn't move,moves,0
A1JCRM4FEUV2VQ,3,retest,Ali is facing BLANK Chicago. Ali turns right. Chicago is left of Ali.,egocentric_distant,egocentric_distant_context,d11f84d4-2104-4b0c-8891-39fe2409a5f7,towards,away from,1
A1JCRM4FEUV2VQ,3,retest,Ali is facing BLANK Chicago. Ali turns right. Chicago is left of Ali.,egocentric_distant,egocentric_distant_context,d11f84d4-2104-4b0c-8891-39fe2409a5f7,towards,away from,1
A1JCRM4FEUV2VQ,3,retest,The ball is BLANK the box. The ball moves right. The ball is higher than the box.,action_nonfollows,action_nonfollows_context,b57e5c96-351b-42e3-9537-dcbb9d829e85,above,under,1
A1JCRM4FEUV2VQ,3,retest,The ball is BLANK the box. The ball moves right. The ball is higher than the box.,action_nonfollows,action_nonfollows_context,b57e5c96-351b-42e3-9537-dcbb9d829e85,above,under,1
A1JCRM4FEUV2VQ,3,retest,The wall was painted BLANK ago. Ali touches the wall. Ali's hand is clean.,state_nonfollows,state_nonfollows_context,cb63063d-f349-44f8-a2b7-e1f7ad288aba,1 month,5 minutes,1
A1JCRM4FEUV2VQ,3,retest,The wall was painted BLANK ago. Ali touches the wall. Ali's hand is clean.,state_nonfollows,state_nonfollows_context,cb63063d-f349-44f8-a2b7-e1f7ad288aba,1 month,5 minutes,1
A1JCRM4FEUV2VQ,3,retest,The painting is in front of Ali. Ali turns right. The painting is BLANK Ali.,egocentric_near,egocentric_near_target,f0714c55-5e03-4f80-8171-fb4af78e1ad8,left of,right of,1
A1JCRM4FEUV2VQ,3,retest,The painting is in front of Ali. Ali turns right. The painting is BLANK Ali.,egocentric_near,egocentric_near_target,f0714c55-5e03-4f80-8171-fb4af78e1ad8,left of,right of,1
A1JCRM4FEUV2VQ,3,retest,Ali is BLANK. Ali turns around. Ali is behind the statue.,action_nonfollows,action_nonfollows_context,cc306a89-3dc5-4910-aa0b-f2bddee9154d,behind the statue,in front of the statue,0
A1JCRM4FEUV2VQ,3,retest,Ali is BLANK. Ali turns around. Ali is behind the statue.,action_nonfollows,action_nonfollows_context,cc306a89-3dc5-4910-aa0b-f2bddee9154d,behind the statue,in front of the statue,0
A1JCRM4FEUV2VQ,3,retest,Chicago is BLANK Ali. Ali turns around. Chicago is right of Ali.,egocentric_distant,egocentric_distant_context,bd0f5cf2-1bf0-4afe-bd33-ce9732fbbc49,left of,right of,1
A1JCRM4FEUV2VQ,3,retest,Chicago is BLANK Ali. Ali turns around. Chicago is right of Ali.,egocentric_distant,egocentric_distant_context,bd0f5cf2-1bf0-4afe-bd33-ce9732fbbc49,left of,right of,1
A1JCRM4FEUV2VQ,3,retest,Ali is in front of the statue. Ali turns around. Ali is BLANK.,action_nonfollows,action_nonfollows_target,fa00c2c2-ffdb-4b5a-9376-7bde7e7326dd,in front of the statue,behind the statue,0
A1JCRM4FEUV2VQ,3,retest,Ali is in front of the statue. Ali turns around. Ali is BLANK.,action_nonfollows,action_nonfollows_target,fa00c2c2-ffdb-4b5a-9376-7bde7e7326dd,in front of the statue,behind the statue,0
A1JCRM4FEUV2VQ,3,retest,Ali is in the wagon. Ali pulls on the wagon. The wagon BLANK.,action_nonfollows,action_nonfollows_target,c3057e2d-31be-47c0-bd12-9a1422d7f838,doesn't move,moves,0
A1JCRM4FEUV2VQ,3,retest,Ali is in the wagon. Ali pulls on the wagon. The wagon BLANK.,action_nonfollows,action_nonfollows_target,c3057e2d-31be-47c0-bd12-9a1422d7f838,doesn't move,moves,0
A1JCRM4FEUV2VQ,3,retest,The soup is on the table. Ali turns on the stove. The soup gets BLANK.,state_nonfollows,state_nonfollows_target,f48a91e2-22e0-4c2b-b42a-6ec8df05393f,colder,warmer,0
A1JCRM4FEUV2VQ,3,retest,The soup is on the table. Ali turns on the stove. The soup gets BLANK.,state_nonfollows,state_nonfollows_target,f48a91e2-22e0-4c2b-b42a-6ec8df05393f,colder,warmer,0
A1JCRM4FEUV2VQ,3,retest,The painting is BLANK Ali. Ali turns right. The painting is left of Ali.,egocentric_near,egocentric_near_context,bda90b60-3995-46b6-8be8-5c2fcc765df7,in front of,behind,1
A1JCRM4FEUV2VQ,3,retest,The painting is BLANK Ali. Ali turns right. The painting is left of Ali.,egocentric_near,egocentric_near_context,bda90b60-3995-46b6-8be8-5c2fcc765df7,in front of,behind,1
A1JCRM4FEUV2VQ,3,retest,The ball is BLANK the box. Ali pushes the box forward. The ball is inside the box.,action_nonfollows,action_nonfollows_context,d387b3c2-04e5-4c89-bff6-7469bbf38a5d,inside,outside,0
A1JCRM4FEUV2VQ,3,retest,The ball is BLANK the box. Ali pushes the box forward. The ball is inside the box.,action_nonfollows,action_nonfollows_context,d387b3c2-04e5-4c89-bff6-7469bbf38a5d,inside,outside,0
A1JCRM4FEUV2VQ,3,retest,Ali is facing BLANK Milwaukee. Ali turns 180 degrees. Ali is facing towards Milwaukee.,egocentric_distant,egocentric_distant_context,d18aa318-48f9-40be-b322-d4fcddd58fba,away from,towards,1
A1JCRM4FEUV2VQ,3,retest,Ali is facing BLANK Milwaukee. Ali turns 180 degrees. Ali is facing towards Milwaukee.,egocentric_distant,egocentric_distant_context,d18aa318-48f9-40be-b322-d4fcddd58fba,away from,towards,1
A1JCRM4FEUV2VQ,3,retest,The empty glass is on the table. Ali fills the BLANK halfway. The glass is dry.,state_nonfollows,state_nonfollows_context,e65ff7c3-4d74-494c-974e-af6694c8dbac,sink,glass,0
A1JCRM4FEUV2VQ,3,retest,The empty glass is on the table. Ali fills the BLANK halfway. The glass is dry.,state_nonfollows,state_nonfollows_context,e65ff7c3-4d74-494c-974e-af6694c8dbac,sink,glass,0
A1VFSNVFK883XU,1,retest,Ali is behind the painting. Ali turns around. Ali is BLANK the painting.,egocentric_near,egocentric_near_target,07167d4f-80b9-4acc-9071-2c51b88df677,behind,in front of,0
A1VFSNVFK883XU,1,retest,The painting is to Ali's right. The painting is moved right. The painting is to Ali's BLANK.,egocentric_near,egocentric_near_target,4e1e4c8f-de93-44b5-a196-29575450bd42,right,left,0
A1VFSNVFK883XU,1,retest,The ice cube and the banana are in the fridge. Ali takes the BLANK out of the fridge. The ice cube doesn't melt.,state_nonfollows,state_nonfollows_context,0ce85161-2bb7-40b9-a0d6-bca40c92c702,banana,ice cube,0
A1VFSNVFK883XU,1,retest,The glass and the cup are on the table. Ali pushes the BLANK off the table. The glass doesn't break.,state_nonfollows,state_nonfollows_context,327243ab-ecb2-459c-a9bf-867dfb152071,cup,glass,0
A1VFSNVFK883XU,1,retest,Chicago is BLANK Ali. Ali turns right. Chicago is left of Ali.,egocentric_distant,egocentric_distant_context,247fc701-a50f-47a4-b9ce-26e0e37764e8,in front of,behind,0
A1VFSNVFK883XU,1,retest,Ali is BLANK. Ali turns around. Ali is in front of the statue.,action_nonfollows,action_nonfollows_context,0e147806-b88f-428d-a3c1-7bfa2651c6ad,in front of the statue,behind the statue,0
A1VFSNVFK883XU,1,retest,The ball is BLANK the box. Ali pushes the ball forward. The ball is under the box.,action_nonfollows,action_nonfollows_context,2fcd18a5-4fe9-43af-be73-b08c8a69be3e,under,above,0
A1VFSNVFK883XU,1,retest,Chicago is behind Ali. Ali turns right. Chicago is BLANK Ali.,egocentric_distant,egocentric_distant_target,208eaa12-f841-4068-b70e-a7c8edee31db,right of,left of,0
A1VFSNVFK883XU,1,retest,The book is on the table. Ali moves the table. The book BLANK.,action_follows,action_follows_target,0c7ff743-0286-4cb6-9639-4edb16b4b26d,moves,doesn't move,1
A1VFSNVFK883XU,1,retest,Ali is facing away from Chicago. Ali turns around. Chicago is BLANK Ali.,egocentric_distant,egocentric_distant_target,49a33aab-df02-4990-beab-2a4f987d1064,in front of,behind,1
A1VFSNVFK883XU,1,retest,The ball is five feet from the box. Ali moves the box. The ball BLANK.,action_nonfollows,action_nonfollows_target,1fe70ed2-c4f2-46e8-a4ee-b795969fe940,doesn't move,moves,1
A1VFSNVFK883XU,1,retest,Ali is facing BLANK Chicago. Ali turns left. Chicago is right of Ali.,egocentric_distant,egocentric_distant_context,431ac862-808b-48ca-8cc9-9227e24661e4,towards,away from,0
A1VFSNVFK883XU,1,retest,Ali is facing away from Chicago. Ali turns left. Chicago is BLANK Ali.,egocentric_distant,egocentric_distant_target,3324abf7-6438-42bf-b7c2-6d54a58c5647,left of,right of,1
A1VFSNVFK883XU,1,retest,Ali is BLANK the wagon. Ali pushes on the wagon. The wagon moves.,action_follows,action_follows_context,1f747dd7-a364-472a-9024-76517340aef3,behind,in front of,1
A1VFSNVFK883XU,1,retest,Ali is BLANK painting. Ali turns around. Ali is behind the painting.,egocentric_near,egocentric_near_context,609267cd-7803-4f08-abfe-40ef7cec461e,behind,in front of,0
A1VFSNVFK883XU,1,retest,The painting is BLANK Ali. Ali turns around. The painting is left of Ali.,egocentric_near,egocentric_near_context,6074e27e-d929-4b07-bc4d-252c7bcb463e,right of,left of,1
A1VFSNVFK883XU,1,retest,The painting is BLANK Ali. Ali turns right. The painting is right of Ali.,egocentric_near,egocentric_near_context,42d93d82-da95-4c5e-96d3-8d266440c4ec,behind,in front of,0
A1VFSNVFK883XU,1,retest,The wagon is on the BLANK of the hill. Ali pushes the wagon. The wagon rolls.,action_follows,action_follows_context,17ed0db8-8e47-4da7-90ae-84dfc07af787,top,bottom,1
A1VFSNVFK883XU,1,retest,The box is in the bin. Ali moves the box. The bin BLANK.,action_nonfollows,action_nonfollows_target,1637e508-3609-4421-8dd2-303fb71ebad9,doesn't move,moves,0
A1VFSNVFK883XU,1,retest,The glass is on the floor. Ali bumps the table. The glass BLANK.,state_nonfollows,state_nonfollows_target,3482eb06-22b4-455d-819d-a4e799a6647f,doesn't break,breaks,0
A1VFSNVFK883XU,1,retest,The painting is BLANK of Ali. Ali turns left. The painting is right of Ali.,egocentric_near,egocentric_near_context,16e1a569-1ad9-4b0c-92b0-feb6df7b5b27,in front of,behind,1
A1VFSNVFK883XU,1,retest,The box is close to Ali. Ali throws the ball. The box is BLANK Ali.,action_nonfollows,action_nonfollows_target,0ebece86-74c2-44ea-9ef0-8d75a45ba56b,close to,far from,1
A1VFSNVFK883XU,1,retest,The box is floating in the water. Ali puts a tennis ball in the box. The box BLANK.,action_nonfollows,action_nonfollows_target,5edcc89e-d5f6-4ac5-9f05-376d77f2b2d4,floats,sinks,1
A1VFSNVFK883XU,1,retest,Ali is BLANK the wagon. Ali pulls on the wagon. The wagon doesn't move.,action_nonfollows,action_nonfollows_context,55764064-722f-49d8-98a5-2e2d84e42d64,in,outside,0
A1VFSNVFK883XU,1,retest,The painting is BLANK Ali. Ali turns left. The painting is left of Ali.,egocentric_near,egocentric_near_context,6889b667-4845-4fa2-9b38-2000f907b9e2,behind,in front of,0
A1VFSNVFK883XU,1,retest,Chicago is to Ali's BLANK. Ali turns left. Ali is facing towards Chicago.,egocentric_distant,egocentric_distant_context,0750fd63-cf47-440e-b7a4-8a5f610d3264,left,right,0
A1VFSNVFK883XU,1,retest,The glass is on the table. Ali fills the glass halfway. The table is BLANK.,state_nonfollows,state_nonfollows_target,0ab9f4a8-59f3-4c71-975a-36627213f744,dry,wet,0
A1VFSNVFK883XU,1,retest,The ball is BLANK the box. The ball moves right. The ball is lower than the box.,action_nonfollows,action_nonfollows_context,4db85fa9-8307-4315-983c-1da01ebcfdf3,under,above,0
A1VFSNVFK883XU,1,retest,The painting is behind Ali. Ali turns left. The painting is BLANK Ali.,egocentric_near,egocentric_near_target,59fc66d4-3afa-42da-a45d-f73f7a531076,left of,right of,0
A1VFSNVFK883XU,1,retest,The painting is to Ali's left. The painting is moved left. The painting is to Ali's BLANK.,egocentric_near,egocentric_near_target,33d5f7dc-85a0-4c33-ad94-ea5d1e85864b,right,left,1
A1VFSNVFK883XU,1,retest,The seesaw is balanced. Ali tilts the BLANK side of the seesaw. The left side goes up.,action_follows,action_follows_context,3853bb96-81c1-470b-b9d5-b17b811bf101,right,left,1
A1VFSNVFK883XU,1,retest,Ali is behind the statue. Ali turns around. Ali is BLANK.,action_nonfollows,action_nonfollows_target,609276f4-276d-4b83-a87e-279b606bcaec,behind the statue,in front of the statue,0
A1VFSNVFK883XU,1,retest,Ali is behind the painting. Ali turns around. Ali is BLANK the painting.,egocentric_near,egocentric_near_target,07167d4f-80b9-4acc-9071-2c51b88df677,behind,in front of,0
A1VFSNVFK883XU,1,retest,Ali is behind the painting. Ali turns around. Ali is BLANK the painting.,egocentric_near,egocentric_near_target,07167d4f-80b9-4acc-9071-2c51b88df677,behind,in front of,0
A1VFSNVFK883XU,1,retest,The painting is to Ali's right. The painting is moved right. The painting is to Ali's BLANK.,egocentric_near,egocentric_near_target,4e1e4c8f-de93-44b5-a196-29575450bd42,right,left,0
A1VFSNVFK883XU,1,retest,The painting is to Ali's right. The painting is moved right. The painting is to Ali's BLANK.,egocentric_near,egocentric_near_target,4e1e4c8f-de93-44b5-a196-29575450bd42,right,left,0
A1VFSNVFK883XU,1,retest,The ice cube and the banana are in the fridge. Ali takes the BLANK out of the fridge. The ice cube doesn't melt.,state_nonfollows,state_nonfollows_context,0ce85161-2bb7-40b9-a0d6-bca40c92c702,banana,ice cube,1
A1VFSNVFK883XU,1,retest,The ice cube and the banana are in the fridge. Ali takes the BLANK out of the fridge. The ice cube doesn't melt.,state_nonfollows,state_nonfollows_context,0ce85161-2bb7-40b9-a0d6-bca40c92c702,banana,ice cube,1
A1VFSNVFK883XU,1,retest,The glass and the cup are on the table. Ali pushes the BLANK off the table. The glass doesn't break.,state_nonfollows,state_nonfollows_context,327243ab-ecb2-459c-a9bf-867dfb152071,cup,glass,1
A1VFSNVFK883XU,1,retest,The glass and the cup are on the table. Ali pushes the BLANK off the table. The glass doesn't break.,state_nonfollows,state_nonfollows_context,327243ab-ecb2-459c-a9bf-867dfb152071,cup,glass,1
A1VFSNVFK883XU,1,retest,Chicago is BLANK Ali. Ali turns right. Chicago is left of Ali.,egocentric_distant,egocentric_distant_context,247fc701-a50f-47a4-b9ce-26e0e37764e8,in front of,behind,1
A1VFSNVFK883XU,1,retest,Chicago is BLANK Ali. Ali turns right. Chicago is left of Ali.,egocentric_distant,egocentric_distant_context,247fc701-a50f-47a4-b9ce-26e0e37764e8,in front of,behind,1
A1VFSNVFK883XU,1,retest,Ali is BLANK. Ali turns around. Ali is in front of the statue.,action_nonfollows,action_nonfollows_context,0e147806-b88f-428d-a3c1-7bfa2651c6ad,in front of the statue,behind the statue,1
A1VFSNVFK883XU,1,retest,Ali is BLANK. Ali turns around. Ali is in front of the statue.,action_nonfollows,action_nonfollows_context,0e147806-b88f-428d-a3c1-7bfa2651c6ad,in front of the statue,behind the statue,1
A1VFSNVFK883XU,1,retest,The ball is BLANK the box. Ali pushes the ball forward. The ball is under the box.,action_nonfollows,action_nonfollows_context,2fcd18a5-4fe9-43af-be73-b08c8a69be3e,under,above,0
A1VFSNVFK883XU,1,retest,The ball is BLANK the box. Ali pushes the ball forward. The ball is under the box.,action_nonfollows,action_nonfollows_context,2fcd18a5-4fe9-43af-be73-b08c8a69be3e,under,above,0
A1VFSNVFK883XU,1,retest,Chicago is behind Ali. Ali turns right. Chicago is BLANK Ali.,egocentric_distant,egocentric_distant_target,208eaa12-f841-4068-b70e-a7c8edee31db,right of,left of,0
A1VFSNVFK883XU,1,retest,Chicago is behind Ali. Ali turns right. Chicago is BLANK Ali.,egocentric_distant,egocentric_distant_target,208eaa12-f841-4068-b70e-a7c8edee31db,right of,left of,0
A1VFSNVFK883XU,1,retest,The book is on the table. Ali moves the table. The book BLANK.,action_follows,action_follows_target,0c7ff743-0286-4cb6-9639-4edb16b4b26d,moves,doesn't move,1
A1VFSNVFK883XU,1,retest,The book is on the table. Ali moves the table. The book BLANK.,action_follows,action_follows_target,0c7ff743-0286-4cb6-9639-4edb16b4b26d,moves,doesn't move,1
A1VFSNVFK883XU,1,retest,Ali is facing away from Chicago. Ali turns around. Chicago is BLANK Ali.,egocentric_distant,egocentric_distant_target,49a33aab-df02-4990-beab-2a4f987d1064,in front of,behind,1
A1VFSNVFK883XU,1,retest,Ali is facing away from Chicago. Ali turns around. Chicago is BLANK Ali.,egocentric_distant,egocentric_distant_target,49a33aab-df02-4990-beab-2a4f987d1064,in front of,behind,1
A1VFSNVFK883XU,1,retest,The ball is five feet from the box. Ali moves the box. The ball BLANK.,action_nonfollows,action_nonfollows_target,1fe70ed2-c4f2-46e8-a4ee-b795969fe940,doesn't move,moves,1
A1VFSNVFK883XU,1,retest,The ball is five feet from the box. Ali moves the box. The ball BLANK.,action_nonfollows,action_nonfollows_target,1fe70ed2-c4f2-46e8-a4ee-b795969fe940,doesn't move,moves,1
A1VFSNVFK883XU,1,retest,Ali is facing BLANK Chicago. Ali turns left. Chicago is right of Ali.,egocentric_distant,egocentric_distant_context,431ac862-808b-48ca-8cc9-9227e24661e4,towards,away from,0
A1VFSNVFK883XU,1,retest,Ali is facing BLANK Chicago. Ali turns left. Chicago is right of Ali.,egocentric_distant,egocentric_distant_context,431ac862-808b-48ca-8cc9-9227e24661e4,towards,away from,0
A1VFSNVFK883XU,1,retest,Ali is BLANK painting. Ali turns around. Ali is behind the painting.,egocentric_near,egocentric_near_context,609267cd-7803-4f08-abfe-40ef7cec461e,behind,in front of,1
A1VFSNVFK883XU,1,retest,Ali is BLANK painting. Ali turns around. Ali is behind the painting.,egocentric_near,egocentric_near_context,609267cd-7803-4f08-abfe-40ef7cec461e,behind,in front of,1
A1VFSNVFK883XU,1,retest,The painting is BLANK Ali. Ali turns right. The painting is right of Ali.,egocentric_near,egocentric_near_context,42d93d82-da95-4c5e-96d3-8d266440c4ec,behind,in front of,1
A1VFSNVFK883XU,1,retest,The painting is BLANK Ali. Ali turns right. The painting is right of Ali.,egocentric_near,egocentric_near_context,42d93d82-da95-4c5e-96d3-8d266440c4ec,behind,in front of,1
A1VFSNVFK883XU,1,retest,The box is in the bin. Ali moves the box. The bin BLANK.,action_nonfollows,action_nonfollows_target,1637e508-3609-4421-8dd2-303fb71ebad9,doesn't move,moves,0
A1VFSNVFK883XU,1,retest,The box is in the bin. Ali moves the box. The bin BLANK.,action_nonfollows,action_nonfollows_target,1637e508-3609-4421-8dd2-303fb71ebad9,doesn't move,moves,0
A1VFSNVFK883XU,1,retest,The glass is on the floor. Ali bumps the table. The glass BLANK.,state_nonfollows,state_nonfollows_target,3482eb06-22b4-455d-819d-a4e799a6647f,doesn't break,breaks,0
A1VFSNVFK883XU,1,retest,The glass is on the floor. Ali bumps the table. The glass BLANK.,state_nonfollows,state_nonfollows_target,3482eb06-22b4-455d-819d-a4e799a6647f,doesn't break,breaks,0
A1VFSNVFK883XU,1,retest,The box is close to Ali. Ali throws the ball. The box is BLANK Ali.,action_nonfollows,action_nonfollows_target,0ebece86-74c2-44ea-9ef0-8d75a45ba56b,close to,far from,1
A1VFSNVFK883XU,1,retest,The box is close to Ali. Ali throws the ball. The box is BLANK Ali.,action_nonfollows,action_nonfollows_target,0ebece86-74c2-44ea-9ef0-8d75a45ba56b,close to,far from,1
A1VFSNVFK883XU,1,retest,Ali is BLANK the wagon. Ali pulls on the wagon. The wagon doesn't move.,action_nonfollows,action_nonfollows_context,55764064-722f-49d8-98a5-2e2d84e42d64,in,outside,0
A1VFSNVFK883XU,1,retest,Ali is BLANK the wagon. Ali pulls on the wagon. The wagon doesn't move.,action_nonfollows,action_nonfollows_context,55764064-722f-49d8-98a5-2e2d84e42d64,in,outside,0
A1VFSNVFK883XU,1,retest,The painting is BLANK Ali. Ali turns left. The painting is left of Ali.,egocentric_near,egocentric_near_context,6889b667-4845-4fa2-9b38-2000f907b9e2,behind,in front of,0
A1VFSNVFK883XU,1,retest,The painting is BLANK Ali. Ali turns left. The painting is left of Ali.,egocentric_near,egocentric_near_context,6889b667-4845-4fa2-9b38-2000f907b9e2,behind,in front of,0
A1VFSNVFK883XU,1,retest,Chicago is to Ali's BLANK. Ali turns left. Ali is facing towards Chicago.,egocentric_distant,egocentric_distant_context,0750fd63-cf47-440e-b7a4-8a5f610d3264,left,right,1
A1VFSNVFK883XU,1,retest,Chicago is to Ali's BLANK. Ali turns left. Ali is facing towards Chicago.,egocentric_distant,egocentric_distant_context,0750fd63-cf47-440e-b7a4-8a5f610d3264,left,right,1
A1VFSNVFK883XU,1,retest,The glass is on the table. Ali fills the glass halfway. The table is BLANK.,state_nonfollows,state_nonfollows_target,0ab9f4a8-59f3-4c71-975a-36627213f744,dry,wet,1
A1VFSNVFK883XU,1,retest,The glass is on the table. Ali fills the glass halfway. The table is BLANK.,state_nonfollows,state_nonfollows_target,0ab9f4a8-59f3-4c71-975a-36627213f744,dry,wet,1
A1VFSNVFK883XU,1,retest,The ball is BLANK the box. The ball moves right. The ball is lower than the box.,action_nonfollows,action_nonfollows_context,4db85fa9-8307-4315-983c-1da01ebcfdf3,under,above,1
A1VFSNVFK883XU,1,retest,The ball is BLANK the box. The ball moves right. The ball is lower than the box.,action_nonfollows,action_nonfollows_context,4db85fa9-8307-4315-983c-1da01ebcfdf3,under,above,1
A1VFSNVFK883XU,1,retest,The painting is behind Ali. Ali turns left. The painting is BLANK Ali.,egocentric_near,egocentric_near_target,59fc66d4-3afa-42da-a45d-f73f7a531076,left of,right of,1
A1VFSNVFK883XU,1,retest,The painting is behind Ali. Ali turns left. The painting is BLANK Ali.,egocentric_near,egocentric_near_target,59fc66d4-3afa-42da-a45d-f73f7a531076,left of,right of,1
A1VFSNVFK883XU,1,retest,Ali is behind the statue. Ali turns around. Ali is BLANK.,action_nonfollows,action_nonfollows_target,609276f4-276d-4b83-a87e-279b606bcaec,behind the statue,in front of the statue,1
A1VFSNVFK883XU,1,retest,Ali is behind the statue. Ali turns around. Ali is BLANK.,action_nonfollows,action_nonfollows_target,609276f4-276d-4b83-a87e-279b606bcaec,behind the statue,in front of the statue,1
A224I9B6RFJZEI,2,retest,The glass is on the floor. Ali bumps the BLANK. The glass doesn't break.,state_nonfollows,state_nonfollows_context,b055fb0f-1958-45fd-870a-d54814aefbee,table,glass,1
A224I9B6RFJZEI,2,retest,The window is behind Ali and the wall is in front of Ali. Ali throws the baseball at the wall. The window BLANK.,state_nonfollows,state_nonfollows_target,88712078-fc2f-436a-8a04-1757993c015e,doesn't break,breaks,1
A224I9B6RFJZEI,2,retest,Ali is facing away from Chicago. Ali turns right. Chicago is BLANK Ali.,egocentric_distant,egocentric_distant_target,b11ffacc-e96b-4806-84c4-6252d4c8bf41,right of,left of,1
A224I9B6RFJZEI,2,retest,Ali is right of the painting. Ali turns around. Ali is BLANK the painting.,egocentric_near,egocentric_near_target,7ae6543e-9e1e-4975-9d68-ad7d04fd1e4e,right of,left of,1
A224I9B6RFJZEI,2,retest,Chicago is BLANK Ali. Ali turns around. Chicago is left of Ali.,egocentric_distant,egocentric_distant_context,a786ec6e-e388-459a-b336-ef496fc4d326,right of,left of,0
A224I9B6RFJZEI,2,retest,The brick is on the table. Ali bumps the brick off the table. The brick BLANK.,state_nonfollows,state_nonfollows_target,af3c88ce-961a-4a4d-8258-314a8b8513fd,doesn't break,breaks,1
A224I9B6RFJZEI,2,retest,Ali is facing Chicago. Ali turns right. Chicago is BLANK Ali.,egocentric_distant,egocentric_distant_target,b054c9a8-8ae5-42ae-8771-d39aa8c11479,left of,right of,1
A224I9B6RFJZEI,2,retest,The book is under the table. Ali moves the table. The book BLANK.,action_nonfollows,action_nonfollows_target,9f6321ad-9c8a-483d-b2df-d6faa3403521,doesn't move,moves,1
A224I9B6RFJZEI,2,retest,The painting is to Ali's BLANK. The painting is moved right. The painting is to Ali's right.,egocentric_near,egocentric_near_context,832bad6a-4819-44a8-879c-ba123d4eff25,right,left,0
A224I9B6RFJZEI,2,retest,Milwaukee is to Ali's BLANK. Ali turns left. Ali is facing away from Milwaukee.,egocentric_distant,egocentric_distant_context,8109d3a1-786d-4676-9015-297215cfc561,right,left,1
A224I9B6RFJZEI,2,retest,Chicago is BLANK Ali. Ali turns left. Chicago is right of Ali.,egocentric_distant,egocentric_distant_context,a0ad98be-c0ed-44cc-9e98-e8be414bdce1,in front of,behind,1
A224I9B6RFJZEI,2,retest,The window is BLANK Ali. Ali throws the baseball forward. The window doesn't break.,state_nonfollows,state_nonfollows_context,a802c7e4-f643-4de9-9712-a3d0af75b310,behind,in front of,1
A224I9B6RFJZEI,2,retest,Chicago is in front of Ali. Ali turns right. Chicago is BLANK Ali.,egocentric_distant,egocentric_distant_target,a39d0d62-588e-4557-81a0-2e1e671c0e17,left of,right of,1
A224I9B6RFJZEI,2,retest,The wine glass is on the table. The wine glass falls over. The wine spills on the BLANK.,action_follows,action_follows_target,8f2f6473-016c-480b-a77b-a4bfd6af9f64,table,floor,1
A224I9B6RFJZEI,2,retest,Ali is facing Chicago. Ali turns left. Chicago is BLANK Ali.,egocentric_distant,egocentric_distant_target,a3bdec9e-f0a7-48ea-b522-a1648fc244b2,right of,left of,1
A224I9B6RFJZEI,2,retest,The cup is empty. Ali pours BLANK in the cup. The cup is dry.,state_nonfollows,state_nonfollows_context,6a785729-cfcd-45a6-9087-df181fe49c39,sand,water,1
A224I9B6RFJZEI,2,retest,The ball is close to Ali. Ali throws the box. The ball is BLANK Ali.,action_nonfollows,action_nonfollows_target,76ce548a-e17e-4a57-aaf9-cf3fa2a6c9d3,close to,far from,1
A224I9B6RFJZEI,2,retest,The painting is to Ali's BLANK. The painting is moved left. The painting is to Ali's right.,egocentric_near,egocentric_near_context,78f191e9-62c1-4214-a2e5-e56be737b5da,left,right,1
A224I9B6RFJZEI,2,retest,Ali is BLANK the wagon. Ali pulls on the wagon. The wagon moves.,action_follows,action_follows_context,9d2b43af-ba61-47f3-993c-7e93b7ced28a,in front of,behind,1
A224I9B6RFJZEI,2,retest,The wine glass is on the BLANK. Ali bumps the wine glass. The wine spills on the floor.,action_follows,action_follows_context,a2dd4fac-96de-4e38-bb75-e36db0393e98,floor,table,1
A224I9B6RFJZEI,2,retest,The bowling ball is close to Ali. Ali throws the bowling ball. The bowling ball is BLANK Ali.,action_nonfollows,action_nonfollows_target,af4eb18f-79bd-44aa-8a21-3919f5448071,close to,far from,1
A224I9B6RFJZEI,2,retest,The glass is on the table and the cup is on the floor. Ali picks up the glass. The cup BLANK.,action_nonfollows,action_nonfollows_target,930e06dd-d207-446c-96b7-a9faf92483d5,moves,doesn't move,0
A224I9B6RFJZEI,2,retest,Ali is facing BLANK Milwaukee. Ali turns around. Ali is facing towards Milwaukee.,egocentric_distant,egocentric_distant_context,a142d675-e72e-4665-8813-7155bd331eb1,away from,towards,1
A224I9B6RFJZEI,2,retest,Ali is BLANK the painting. Ali turns around. Ali is right of the painting.,egocentric_near,egocentric_near_context,7824379a-18fd-4387-bae9-d9add803a5e1,right of,left of,0
A224I9B6RFJZEI,2,retest,The window is behind Ali. Ali throws the baseball forward. The window BLANK.,state_nonfollows,state_nonfollows_target,71cbbb37-63ba-4e5b-a641-28bac214cb01,doesn't break,breaks,1
A224I9B6RFJZEI,2,retest,The painting is right of Ali. Ali turns right. The painting is BLANK Ali.,egocentric_near,egocentric_near_target,86c1f116-7a99-4a81-a85b-d2789deb5909,in front of,behind,0
A224I9B6RFJZEI,2,retest,The painting is right of Ali. Ali turns left. The painting is BLANK Ali.,egocentric_near,egocentric_near_target,9464cf69-94a8-47e0-bf12-b333afeb5059,behind,in front of,0
A224I9B6RFJZEI,2,retest,Ali is facing BLANK Chicago. Ali turns left. Chicago is left of Ali.,egocentric_distant,egocentric_distant_context,7f8567b3-1cc8-47a4-bcc3-b6b72b2f4e63,away from,towards,1
A224I9B6RFJZEI,2,retest,The empty glass is on the table. Ali knocks the glass over. The table is BLANK.,state_nonfollows,state_nonfollows_target,acf5fc4f-47f1-4641-bd99-567028820394,dry,wet,1
A224I9B6RFJZEI,2,retest,Chicago is left of Ali. Ali turns around. Chicago is BLANK Ali.,egocentric_distant,egocentric_distant_target,a0b7ee21-5714-4ea4-8f1d-33e7388d17e9,right of,left of,0
A224I9B6RFJZEI,2,retest,The painting is BLANK of Ali. Ali turns right. The painting is in front of Ali.,egocentric_near,egocentric_near_context,7ebd0a27-2e35-44b7-a1db-283784b79989,right,left,0
A224I9B6RFJZEI,2,retest,The wall was painted BLANK ago. Ali touches the wall. Ali's hand is painted.,state_follows,state_follows_context,9e760262-6760-4910-ae27-d5f31cb04573,5 minutes,1 month,0
A224I9B6RFJZEI,2,retest,The wine glass is on the table. Ali bumps the lamp. The wine BLANK.,action_nonfollows,action_nonfollows_target,97dd01de-586e-4782-902f-a496e522e421,doesn't spill,spills,1
A224I9B6RFJZEI,2,retest,The painting is BLANK of Ali. Ali turns right. The painting is behind Ali.,egocentric_near,egocentric_near_context,83a89d7b-3897-4b03-bb7e-3917130f7a2a,left,right,1
A224I9B6RFJZEI,2,retest,Ali is facing away from Chicago. Ali turns right. Chicago is BLANK Ali.,egocentric_distant,egocentric_distant_target,b11ffacc-e96b-4806-84c4-6252d4c8bf41,right of,left of,1
A224I9B6RFJZEI,2,retest,Ali is facing away from Chicago. Ali turns right. Chicago is BLANK Ali.,egocentric_distant,egocentric_distant_target,b11ffacc-e96b-4806-84c4-6252d4c8bf41,right of,left of,1
A224I9B6RFJZEI,2,retest,Chicago is BLANK Ali. Ali turns around. Chicago is left of Ali.,egocentric_distant,egocentric_distant_context,a786ec6e-e388-459a-b336-ef496fc4d326,right of,left of,0
A224I9B6RFJZEI,2,retest,Chicago is BLANK Ali. Ali turns around. Chicago is left of Ali.,egocentric_distant,egocentric_distant_context,a786ec6e-e388-459a-b336-ef496fc4d326,right of,left of,0
A224I9B6RFJZEI,2,retest,The brick is on the table. Ali bumps the brick off the table. The brick BLANK.,state_nonfollows,state_nonfollows_target,af3c88ce-961a-4a4d-8258-314a8b8513fd,doesn't break,breaks,1
A224I9B6RFJZEI,2,retest,The brick is on the table. Ali bumps the brick off the table. The brick BLANK.,state_nonfollows,state_nonfollows_target,af3c88ce-961a-4a4d-8258-314a8b8513fd,doesn't break,breaks,1
A224I9B6RFJZEI,2,retest,Ali is facing Chicago. Ali turns right. Chicago is BLANK Ali.,egocentric_distant,egocentric_distant_target,b054c9a8-8ae5-42ae-8771-d39aa8c11479,left of,right of,1
A224I9B6RFJZEI,2,retest,Ali is facing Chicago. Ali turns right. Chicago is BLANK Ali.,egocentric_distant,egocentric_distant_target,b054c9a8-8ae5-42ae-8771-d39aa8c11479,left of,right of,1
A224I9B6RFJZEI,2,retest,The painting is to Ali's BLANK. The painting is moved right. The painting is to Ali's right.,egocentric_near,egocentric_near_context,832bad6a-4819-44a8-879c-ba123d4eff25,right,left,1
A224I9B6RFJZEI,2,retest,The painting is to Ali's BLANK. The painting is moved right. The painting is to Ali's right.,egocentric_near,egocentric_near_context,832bad6a-4819-44a8-879c-ba123d4eff25,right,left,1
A224I9B6RFJZEI,2,retest,Chicago is BLANK Ali. Ali turns left. Chicago is right of Ali.,egocentric_distant,egocentric_distant_context,a0ad98be-c0ed-44cc-9e98-e8be414bdce1,in front of,behind,1
A224I9B6RFJZEI,2,retest,Chicago is BLANK Ali. Ali turns left. Chicago is right of Ali.,egocentric_distant,egocentric_distant_context,a0ad98be-c0ed-44cc-9e98-e8be414bdce1,in front of,behind,1
A224I9B6RFJZEI,2,retest,The window is BLANK Ali. Ali throws the baseball forward. The window doesn't break.,state_nonfollows,state_nonfollows_context,a802c7e4-f643-4de9-9712-a3d0af75b310,behind,in front of,1
A224I9B6RFJZEI,2,retest,The window is BLANK Ali. Ali throws the baseball forward. The window doesn't break.,state_nonfollows,state_nonfollows_context,a802c7e4-f643-4de9-9712-a3d0af75b310,behind,in front of,1
A224I9B6RFJZEI,2,retest,Chicago is in front of Ali. Ali turns right. Chicago is BLANK Ali.,egocentric_distant,egocentric_distant_target,a39d0d62-588e-4557-81a0-2e1e671c0e17,left of,right of,1
A224I9B6RFJZEI,2,retest,Chicago is in front of Ali. Ali turns right. Chicago is BLANK Ali.,egocentric_distant,egocentric_distant_target,a39d0d62-588e-4557-81a0-2e1e671c0e17,left of,right of,1
A224I9B6RFJZEI,2,retest,The wine glass is on the table. The wine glass falls over. The wine spills on the BLANK.,action_follows,action_follows_target,8f2f6473-016c-480b-a77b-a4bfd6af9f64,table,floor,1
A224I9B6RFJZEI,2,retest,The wine glass is on the table. The wine glass falls over. The wine spills on the BLANK.,action_follows,action_follows_target,8f2f6473-016c-480b-a77b-a4bfd6af9f64,table,floor,1
A224I9B6RFJZEI,2,retest,The ball is close to Ali. Ali throws the box. The ball is BLANK Ali.,action_nonfollows,action_nonfollows_target,76ce548a-e17e-4a57-aaf9-cf3fa2a6c9d3,close to,far from,1
A224I9B6RFJZEI,2,retest,The ball is close to Ali. Ali throws the box. The ball is BLANK Ali.,action_nonfollows,action_nonfollows_target,76ce548a-e17e-4a57-aaf9-cf3fa2a6c9d3,close to,far from,1
A224I9B6RFJZEI,2,retest,The wine glass is on the BLANK. Ali bumps the wine glass. The wine spills on the floor.,action_follows,action_follows_context,a2dd4fac-96de-4e38-bb75-e36db0393e98,floor,table,0
A224I9B6RFJZEI,2,retest,The wine glass is on the BLANK. Ali bumps the wine glass. The wine spills on the floor.,action_follows,action_follows_context,a2dd4fac-96de-4e38-bb75-e36db0393e98,floor,table,0
A224I9B6RFJZEI,2,retest,The glass is on the table and the cup is on the floor. Ali picks up the glass. The cup BLANK.,action_nonfollows,action_nonfollows_target,930e06dd-d207-446c-96b7-a9faf92483d5,moves,doesn't move,0
A224I9B6RFJZEI,2,retest,The glass is on the table and the cup is on the floor. Ali picks up the glass. The cup BLANK.,action_nonfollows,action_nonfollows_target,930e06dd-d207-446c-96b7-a9faf92483d5,moves,doesn't move,0
A224I9B6RFJZEI,2,retest,Ali is facing BLANK Milwaukee. Ali turns around. Ali is facing towards Milwaukee.,egocentric_distant,egocentric_distant_context,a142d675-e72e-4665-8813-7155bd331eb1,away from,towards,1
A224I9B6RFJZEI,2,retest,Ali is facing BLANK Milwaukee. Ali turns around. Ali is facing towards Milwaukee.,egocentric_distant,egocentric_distant_context,a142d675-e72e-4665-8813-7155bd331eb1,away from,towards,1
A224I9B6RFJZEI,2,retest,Ali is BLANK the painting. Ali turns around. Ali is right of the painting.,egocentric_near,egocentric_near_context,7824379a-18fd-4387-bae9-d9add803a5e1,right of,left of,0
A224I9B6RFJZEI,2,retest,Ali is BLANK the painting. Ali turns around. Ali is right of the painting.,egocentric_near,egocentric_near_context,7824379a-18fd-4387-bae9-d9add803a5e1,right of,left of,0
A224I9B6RFJZEI,2,retest,The painting is right of Ali. Ali turns right. The painting is BLANK Ali.,egocentric_near,egocentric_near_target,86c1f116-7a99-4a81-a85b-d2789deb5909,in front of,behind,0
A224I9B6RFJZEI,2,retest,The painting is right of Ali. Ali turns right. The painting is BLANK Ali.,egocentric_near,egocentric_near_target,86c1f116-7a99-4a81-a85b-d2789deb5909,in front of,behind,0
A224I9B6RFJZEI,2,retest,The painting is right of Ali. Ali turns left. The painting is BLANK Ali.,egocentric_near,egocentric_near_target,9464cf69-94a8-47e0-bf12-b333afeb5059,behind,in front of,1
A224I9B6RFJZEI,2,retest,The painting is right of Ali. Ali turns left. The painting is BLANK Ali.,egocentric_near,egocentric_near_target,9464cf69-94a8-47e0-bf12-b333afeb5059,behind,in front of,1
A224I9B6RFJZEI,2,retest,The empty glass is on the table. Ali knocks the glass over. The table is BLANK.,state_nonfollows,state_nonfollows_target,acf5fc4f-47f1-4641-bd99-567028820394,dry,wet,1
A224I9B6RFJZEI,2,retest,The empty glass is on the table. Ali knocks the glass over. The table is BLANK.,state_nonfollows,state_nonfollows_target,acf5fc4f-47f1-4641-bd99-567028820394,dry,wet,1
A224I9B6RFJZEI,2,retest,Chicago is left of Ali. Ali turns around. Chicago is BLANK Ali.,egocentric_distant,egocentric_distant_target,a0b7ee21-5714-4ea4-8f1d-33e7388d17e9,right of,left of,1
A224I9B6RFJZEI,2,retest,Chicago is left of Ali. Ali turns around. Chicago is BLANK Ali.,egocentric_distant,egocentric_distant_target,a0b7ee21-5714-4ea4-8f1d-33e7388d17e9,right of,left of,1
A224I9B6RFJZEI,2,retest,The painting is BLANK of Ali. Ali turns right. The painting is in front of Ali.,egocentric_near,egocentric_near_context,7ebd0a27-2e35-44b7-a1db-283784b79989,right,left,0
A224I9B6RFJZEI,2,retest,The painting is BLANK of Ali. Ali turns right. The painting is in front of Ali.,egocentric_near,egocentric_near_context,7ebd0a27-2e35-44b7-a1db-283784b79989,right,left,0
A224I9B6RFJZEI,2,retest,The wall was painted BLANK ago. Ali touches the wall. Ali's hand is painted.,state_follows,state_follows_context,9e760262-6760-4910-ae27-d5f31cb04573,5 minutes,1 month,0
A224I9B6RFJZEI,2,retest,The wall was painted BLANK ago. Ali touches the wall. Ali's hand is painted.,state_follows,state_follows_context,9e760262-6760-4910-ae27-d5f31cb04573,5 minutes,1 month,0
A224I9B6RFJZEI,2,retest,The wine glass is on the table. Ali bumps the lamp. The wine BLANK.,action_nonfollows,action_nonfollows_target,97dd01de-586e-4782-902f-a496e522e421,doesn't spill,spills,1
A224I9B6RFJZEI,2,retest,The wine glass is on the table. Ali bumps the lamp. The wine BLANK.,action_nonfollows,action_nonfollows_target,97dd01de-586e-4782-902f-a496e522e421,doesn't spill,spills,1
A2BPAH972ZKNW,7,retest,Ali is to Mark's right. Ali turns around. Ali is to Mark's BLANK.,two_refs_egocentric,two_refs_egocentric_target,4b5ca386-a350-417d-859e-3d21020bc450,right,left,0
A2BPAH972ZKNW,7,retest,The box is next to the ball. Ali puts the ball inside the box. The ball is BLANK the box.,relative_pos,relative_pos_target,257746e7-67e6-4ce8-adfc-8823a50bfec5,touching,not touching,1
A2BPAH972ZKNW,7,retest,Mark is facing BLANK Ali. Ali turns around. Mark is facing away Ali.,two_refs_egocentric,two_refs_egocentric_context,1f5ef932-b502-43fb-a96c-df6a6bdb3d77,away from,towards,0
A2BPAH972ZKNW,7,retest,Mark is facing away from Ali. Ali turns around. Mark is facing BLANK Ali.,two_refs_egocentric,two_refs_egocentric_target,cbb6e2d4-1f3b-4790-adce-17e1a11978f5,away,towards,0
A2BPAH972ZKNW,7,retest,Mark is facing BLANK and Ali is facing left. Mark turns to his left. Mark is facing towards Ali.,two_refs_egocentric,two_refs_egocentric_context,1eead36c-5b61-4688-b511-77cd096d296f,right,left,0
A2BPAH972ZKNW,7,retest,Mark is facing right and Ali is facing left. Mark turns to his left. Mark is facing BLANK Ali.,two_refs_egocentric,two_refs_egocentric_target,71bbc61c-e146-4a9e-8769-32ceff15bba6,towards,away from,0
A2BPAH972ZKNW,7,retest,The box is next to the ball. Ali puts the box inside the ball. the ball is BLANK the box.,relative_pos,relative_pos_target,315733c9-f004-4fcf-a0fa-23ed7cf84a05,larger than,smaller than,0
A2BPAH972ZKNW,7,retest,Ali is to the BLANK Mark. Mark looks to his left and Ali looks to his right. Ali is facing away from Mark.,two_refs_egocentric,two_refs_egocentric_context,d455789e-7214-4ba1-ad38-64565dccbf77,right of,left of,0
A2BPAH972ZKNW,7,retest,Mark is BLANK Ali. Mark walks forwards. Mark is getting further from Ali.,two_refs_egocentric,two_refs_egocentric_context,f7d845e3-bf92-43ca-8274-b0da84be24af,in front of,behind,0
A2BPAH972ZKNW,7,retest,The box is next to the desk. Ali stacks the BLANK. The box is below the desk.,relative_pos,relative_pos_context,efb787d1-515a-449c-b016-7968a6a36a0f,desk on the box,box on the desk,0
A2BPAH972ZKNW,7,retest,Mark is BLANK Ali. Mark walks backwards. Mark is getting further from Ali.,two_refs_egocentric,two_refs_egocentric_context,c2ee74e5-16de-4279-a23a-acbd7ca7713a,behind,in front of,1
A2BPAH972ZKNW,7,retest,Ali is to Mark's BLANK. Ali turns around. Ali is to Mark's right.,two_refs_egocentric,two_refs_egocentric_context,5d6081c0-2b00-4c26-9edb-7aab052a472a,right,left,1
A2BPAH972ZKNW,7,retest,The ball and the box are on top of the ramp. The ball rolls down the ramp. The ball is BLANK the box.,relative_pos,relative_pos_target,e29fe444-020a-4ed2-9b9b-87fcf3d911c8,lower than,higher than,1
A2BPAH972ZKNW,7,retest,Ali is to the right of Mark. Mark looks to his left. Mark BLANK Ali.,two_refs_egocentric,two_refs_egocentric_target,5325997f-dd4a-4adb-8a34-ad602a759efe,can't see,sees,0
A2BPAH972ZKNW,7,retest,Ali is holding the tennis ball and the ping pong ball. Ali BLANK the ping pong ball. The ping pong ball is further from the tennis ball.,relative_pos,relative_pos_context,c885cf08-3122-4f1c-bff8-ad3b84e36695,drops,picks up,0
A2BPAH972ZKNW,7,retest,The tennis ball is BLANK the bowling ball. Ali rolls the bowling ball. The bowling ball is further from the tennis ball.,relative_pos,relative_pos_context,d9f18d62-68d4-4db8-a4b5-847c5ff40a19,touching,far from,1
A2BPAH972ZKNW,7,retest,Mark is behind Ali. Mark walks backwards. Mark is getting BLANK Ali.,two_refs_egocentric,two_refs_egocentric_target,6ff6db1e-6e7d-45bd-88fa-ed04746596c0,further from,closer to,1
A2BPAH972ZKNW,7,retest,Ali is facing towards Mark. Ali turns around. Ali is facing BLANK Mark.,two_refs_egocentric,two_refs_egocentric_target,15f7aaca-0828-405a-ae37-1c872c41f911,away,towards,0
A2BPAH972ZKNW,7,retest,Mark and Ali are facing away from eachother. Mark turns around. Ali is facing BLANK Mark.,two_refs_egocentric,two_refs_egocentric_target,2deab35e-de13-4997-800d-a76f6de872b5,away from,towards,0
A2BPAH972ZKNW,7,retest,Mark and Ali are both facing left. Ali turns to his right. Ali is facing BLANK Mark.,two_refs_egocentric,two_refs_egocentric_target,0efcb0c1-350a-4c40-bf4c-954939371c8e,away from,towards,0
A2BPAH972ZKNW,7,retest,Ali and Mark are facing eachother. BLANK turns around. Ali is facing towards Mark.,two_refs_egocentric,two_refs_egocentric_context,aaf79034-1765-467d-965f-7b2d0159db68,Mark,Ali,1
A2BPAH972ZKNW,7,retest,Ali is facing BLANK Mark. Ali turns around. Ali is facing away from Mark.,two_refs_egocentric,two_refs_egocentric_context,0e1987d0-56ac-4faf-bf4c-00e9eca4c1aa,towards,away from,1
A2BPAH972ZKNW,7,retest,Mark and Ali are both facing BLANK. Ali turns to his right. Ali is facing away from Mark.,two_refs_egocentric,two_refs_egocentric_context,7df32e98-c6ec-4362-9615-aed868e66f99,left,right,0
A2BPAH972ZKNW,7,retest,The box is next to the ball. Ali puts the BLANK. the ball is larger than the box.,relative_pos,relative_pos_context,db44d1c2-8255-4f3c-a854-369f71e3d5bb,box inside the ball,ball inside the box,0
A2BPAH972ZKNW,7,retest,Ali is facing BLANK Mark. Ali turns around. Ali is facing towards Mark.,two_refs_egocentric,two_refs_egocentric_context,5bbd51b4-7358-40dc-a42e-da4783b55c33,away from,towards,1
A2BPAH972ZKNW,7,retest,The box is next to the desk. Ali stacks the desk on the box. The box is BLANK the desk.,relative_pos,relative_pos_target,ce26d593-6e54-4ce5-b2ee-b510804b99cd,below,above,0
A2BPAH972ZKNW,7,retest,Mark and Ali are facing BLANK eachother. Mark turns around. Ali is facing away from Mark.,two_refs_egocentric,two_refs_egocentric_context,9f2a971f-7891-4d55-82e4-80ab3569a28c,away from,towards,0
A2BPAH972ZKNW,7,retest,Mark is to the left of Ali. Mark looks to his left and Ali looks to his right. Ali is facing BLANK Mark.,two_refs_egocentric,two_refs_egocentric_target,e12cb996-7c2b-43c4-b4cb-e05c3fcf653d,away from,towards,1
A2BPAH972ZKNW,7,retest,Mark is to the BLANK Ali. Mark looks to his left and Ali looks to his left. Ali is facing towards Mark.,two_refs_egocentric,two_refs_egocentric_context,23a035cf-76fc-4e1e-bdfa-2a603d6012d5,left of,right of,0
A2BPAH972ZKNW,7,retest,Mark is to the left of Ali. Mark looks to his left and Ali looks to his left. Ali is facing BLANK Mark.,two_refs_egocentric,two_refs_egocentric_target,0a4dca2e-6b5e-4343-b5e3-080b1644618a,towards,away from,0
A2BPAH972ZKNW,7,retest,Ali is to Mark's right. Mark turns around. Ali is to Mark's BLANK.,two_refs_egocentric,two_refs_egocentric_target,f0b9b141-ad3a-4341-a0d9-a7bbe00bba06,left,right,1
A2BPAH972ZKNW,7,retest,Mark and Ali are both facing BLANK. Ali turns to his left. Ali is facing away from Mark.,two_refs_egocentric,two_refs_egocentric_context,0af1119d-9652-4176-bee8-91eb6bacad4d,right,left,0
A2BPAH972ZKNW,7,retest,Mark is behind Ali. Mark walks fowards. Mark is getting BLANK Ali.,two_refs_egocentric,two_refs_egocentric_target,6598bcd0-f33f-4f87-b010-7257d9037f54,closer to,further from,0
A2BPAH972ZKNW,7,retest,The ball and the box are on the table. Ali picks up the ball. The ball is BLANK the box.,relative_pos,relative_pos_target,5d8c3a6d-0cc2-458b-99a8-aa6888a79292,higher than,lower than,1
A2BPAH972ZKNW,7,retest,The ball is inside the box. Ali picks up the ball. The ball is BLANK the box.,relative_pos,relative_pos_target,28d85ad9-fe5a-44b8-aebb-06f0f7a635e7,not touching,touching,1
A2BPAH972ZKNW,7,retest,Mark and Ali are both facing right. Ali turns to his left. Ali is facing BLANK Mark.,two_refs_egocentric,two_refs_egocentric_target,47c656dc-8025-40bc-a1fe-3bb9814b4cbb,away from,towards,0
A2BPAH972ZKNW,7,retest,Mark is BLANK Ali. Mark walks forwards. Mark is getting closer to Ali.,two_refs_egocentric,two_refs_egocentric_context,174f837e-4f6c-4643-9ae0-906ecb12361f,behind,in front of,0
A2BPAH972ZKNW,7,retest,Ali is to the right of Mark. Mark looks to his left and Ali looks to his right. Ali is facing BLANK Mark.,two_refs_egocentric,two_refs_egocentric_target,767e980c-4e89-4d82-b116-6e854125bf34,away from,towards,1
A2BPAH972ZKNW,7,retest,Mark is in front of Ali. Mark walks forwards. Mark is getting BLANK Ali.,two_refs_egocentric,two_refs_egocentric_target,bc484807-e0f6-481e-bf94-847a69b5f59b,further from,closer to,0
A2BPAH972ZKNW,7,retest,Ali is holding the tennis ball and the ping pong ball is on the floor. Ali picks up the ping pong ball. The ping pong ball is BLANK the tennis ball.,relative_pos,relative_pos_target,693ba7bc-dad1-44c7-830a-1f3ffd184136,closer to,further from,1
A2BPAH972ZKNW,7,retest,Ali is to the BLANK Mark. Mark looks to his right. Mark see Ali.,two_refs_egocentric,two_refs_egocentric_context,8f7779d1-883f-4bd5-951d-7634f15a3147,right of,left of,1
A2BPAH972ZKNW,7,retest,Ali is holding the tennis ball and the ping pong ball is on the floor. Ali BLANK the ping pong ball. The ping pong ball is closer to the tennis ball.,relative_pos,relative_pos_context,815efc19-8692-423b-86dd-902699bb7d2b,drops,picks up,0
A2BPAH972ZKNW,7,retest,Ali and Mark are facing eachother. Mark turns around. Ali is facing BLANK Mark.,two_refs_egocentric,two_refs_egocentric_target,49d0b194-7f0c-40e6-87dc-7e67c46a418e,towards,away from,0
A2BPAH972ZKNW,7,retest,Ali is to Mark's BLANK. Mark turns around. Ali is to Mark's left.,two_refs_egocentric,two_refs_egocentric_context,10d4a6f7-87fe-46ba-84b1-ea6e6adf357f,right,left,1
A2BPAH972ZKNW,7,retest,Ali is to Mark's right. Ali turns around. Ali is to Mark's BLANK.,two_refs_egocentric,two_refs_egocentric_target,4b5ca386-a350-417d-859e-3d21020bc450,right,left,1
A2BPAH972ZKNW,7,retest,Ali is to Mark's right. Ali turns around. Ali is to Mark's BLANK.,two_refs_egocentric,two_refs_egocentric_target,4b5ca386-a350-417d-859e-3d21020bc450,right,left,1
A2BPAH972ZKNW,7,retest,Mark is facing BLANK Ali. Ali turns around. Mark is facing away Ali.,two_refs_egocentric,two_refs_egocentric_context,1f5ef932-b502-43fb-a96c-df6a6bdb3d77,away from,towards,1
A2BPAH972ZKNW,7,retest,Mark is facing BLANK Ali. Ali turns around. Mark is facing away Ali.,two_refs_egocentric,two_refs_egocentric_context,1f5ef932-b502-43fb-a96c-df6a6bdb3d77,away from,towards,1
A2BPAH972ZKNW,7,retest,Mark is facing away from Ali. Ali turns around. Mark is facing BLANK Ali.,two_refs_egocentric,two_refs_egocentric_target,cbb6e2d4-1f3b-4790-adce-17e1a11978f5,away,towards,0
A2BPAH972ZKNW,7,retest,Mark is facing away from Ali. Ali turns around. Mark is facing BLANK Ali.,two_refs_egocentric,two_refs_egocentric_target,cbb6e2d4-1f3b-4790-adce-17e1a11978f5,away,towards,0
A2BPAH972ZKNW,7,retest,Mark is facing BLANK and Ali is facing left. Mark turns to his left. Mark is facing towards Ali.,two_refs_egocentric,two_refs_egocentric_context,1eead36c-5b61-4688-b511-77cd096d296f,right,left,1
A2BPAH972ZKNW,7,retest,Mark is facing BLANK and Ali is facing left. Mark turns to his left. Mark is facing towards Ali.,two_refs_egocentric,two_refs_egocentric_context,1eead36c-5b61-4688-b511-77cd096d296f,right,left,1
A2BPAH972ZKNW,7,retest,Mark is facing right and Ali is facing left. Mark turns to his left. Mark is facing BLANK Ali.,two_refs_egocentric,two_refs_egocentric_target,71bbc61c-e146-4a9e-8769-32ceff15bba6,towards,away from,1
A2BPAH972ZKNW,7,retest,Mark is facing right and Ali is facing left. Mark turns to his left. Mark is facing BLANK Ali.,two_refs_egocentric,two_refs_egocentric_target,71bbc61c-e146-4a9e-8769-32ceff15bba6,towards,away from,1
A2BPAH972ZKNW,7,retest,The box is next to the ball. Ali puts the box inside the ball. the ball is BLANK the box.,relative_pos,relative_pos_target,315733c9-f004-4fcf-a0fa-23ed7cf84a05,larger than,smaller than,1
A2BPAH972ZKNW,7,retest,The box is next to the ball. Ali puts the box inside the ball. the ball is BLANK the box.,relative_pos,relative_pos_target,315733c9-f004-4fcf-a0fa-23ed7cf84a05,larger than,smaller than,1
A2BPAH972ZKNW,7,retest,Ali is to the BLANK Mark. Mark looks to his left and Ali looks to his right. Ali is facing away from Mark.,two_refs_egocentric,two_refs_egocentric_context,d455789e-7214-4ba1-ad38-64565dccbf77,right of,left of,1
A2BPAH972ZKNW,7,retest,Ali is to the BLANK Mark. Mark looks to his left and Ali looks to his right. Ali is facing away from Mark.,two_refs_egocentric,two_refs_egocentric_context,d455789e-7214-4ba1-ad38-64565dccbf77,right of,left of,1
A2BPAH972ZKNW,7,retest,Mark is BLANK Ali. Mark walks forwards. Mark is getting further from Ali.,two_refs_egocentric,two_refs_egocentric_context,f7d845e3-bf92-43ca-8274-b0da84be24af,in front of,behind,1
A2BPAH972ZKNW,7,retest,Mark is BLANK Ali. Mark walks forwards. Mark is getting further from Ali.,two_refs_egocentric,two_refs_egocentric_context,f7d845e3-bf92-43ca-8274-b0da84be24af,in front of,behind,1
A2BPAH972ZKNW,7,retest,The box is next to the desk. Ali stacks the BLANK. The box is below the desk.,relative_pos,relative_pos_context,efb787d1-515a-449c-b016-7968a6a36a0f,desk on the box,box on the desk,1
A2BPAH972ZKNW,7,retest,The box is next to the desk. Ali stacks the BLANK. The box is below the desk.,relative_pos,relative_pos_context,efb787d1-515a-449c-b016-7968a6a36a0f,desk on the box,box on the desk,1
A2BPAH972ZKNW,7,retest,Ali is to the right of Mark. Mark looks to his left. Mark BLANK Ali.,two_refs_egocentric,two_refs_egocentric_target,5325997f-dd4a-4adb-8a34-ad602a759efe,can't see,sees,0
A2BPAH972ZKNW,7,retest,Ali is to the right of Mark. Mark looks to his left. Mark BLANK Ali.,two_refs_egocentric,two_refs_egocentric_target,5325997f-dd4a-4adb-8a34-ad602a759efe,can't see,sees,0
A2BPAH972ZKNW,7,retest,Ali is holding the tennis ball and the ping pong ball. Ali BLANK the ping pong ball. The ping pong ball is further from the tennis ball.,relative_pos,relative_pos_context,c885cf08-3122-4f1c-bff8-ad3b84e36695,drops,picks up,0
A2BPAH972ZKNW,7,retest,Ali is holding the tennis ball and the ping pong ball. Ali BLANK the ping pong ball. The ping pong ball is further from the tennis ball.,relative_pos,relative_pos_context,c885cf08-3122-4f1c-bff8-ad3b84e36695,drops,picks up,0
A2BPAH972ZKNW,7,retest,The tennis ball is BLANK the bowling ball. Ali rolls the bowling ball. The bowling ball is further from the tennis ball.,relative_pos,relative_pos_context,d9f18d62-68d4-4db8-a4b5-847c5ff40a19,touching,far from,1
A2BPAH972ZKNW,7,retest,The tennis ball is BLANK the bowling ball. Ali rolls the bowling ball. The bowling ball is further from the tennis ball.,relative_pos,relative_pos_context,d9f18d62-68d4-4db8-a4b5-847c5ff40a19,touching,far from,1
A2BPAH972ZKNW,7,retest,Mark is behind Ali. Mark walks backwards. Mark is getting BLANK Ali.,two_refs_egocentric,two_refs_egocentric_target,6ff6db1e-6e7d-45bd-88fa-ed04746596c0,further from,closer to,0
A2BPAH972ZKNW,7,retest,Mark is behind Ali. Mark walks backwards. Mark is getting BLANK Ali.,two_refs_egocentric,two_refs_egocentric_target,6ff6db1e-6e7d-45bd-88fa-ed04746596c0,further from,closer to,0
A2BPAH972ZKNW,7,retest,Ali is facing towards Mark. Ali turns around. Ali is facing BLANK Mark.,two_refs_egocentric,two_refs_egocentric_target,15f7aaca-0828-405a-ae37-1c872c41f911,away,towards,0
A2BPAH972ZKNW,7,retest,Ali is facing towards Mark. Ali turns around. Ali is facing BLANK Mark.,two_refs_egocentric,two_refs_egocentric_target,15f7aaca-0828-405a-ae37-1c872c41f911,away,towards,0
A2BPAH972ZKNW,7,retest,Mark and Ali are facing away from eachother. Mark turns around. Ali is facing BLANK Mark.,two_refs_egocentric,two_refs_egocentric_target,2deab35e-de13-4997-800d-a76f6de872b5,away from,towards,1
A2BPAH972ZKNW,7,retest,Mark and Ali are facing away from eachother. Mark turns around. Ali is facing BLANK Mark.,two_refs_egocentric,two_refs_egocentric_target,2deab35e-de13-4997-800d-a76f6de872b5,away from,towards,1
A2BPAH972ZKNW,7,retest,Mark and Ali are both facing left. Ali turns to his right. Ali is facing BLANK Mark.,two_refs_egocentric,two_refs_egocentric_target,0efcb0c1-350a-4c40-bf4c-954939371c8e,away from,towards,1
A2BPAH972ZKNW,7,retest,Mark and Ali are both facing left. Ali turns to his right. Ali is facing BLANK Mark.,two_refs_egocentric,two_refs_egocentric_target,0efcb0c1-350a-4c40-bf4c-954939371c8e,away from,towards,1
A2BPAH972ZKNW,7,retest,Ali and Mark are facing eachother. BLANK turns around. Ali is facing towards Mark.,two_refs_egocentric,two_refs_egocentric_context,aaf79034-1765-467d-965f-7b2d0159db68,Mark,Ali,1
A2BPAH972ZKNW,7,retest,Ali and Mark are facing eachother. BLANK turns around. Ali is facing towards Mark.,two_refs_egocentric,two_refs_egocentric_context,aaf79034-1765-467d-965f-7b2d0159db68,Mark,Ali,1
A2BPAH972ZKNW,7,retest,Mark and Ali are both facing BLANK. Ali turns to his right. Ali is facing away from Mark.,two_refs_egocentric,two_refs_egocentric_context,7df32e98-c6ec-4362-9615-aed868e66f99,left,right,1
A2BPAH972ZKNW,7,retest,Mark and Ali are both facing BLANK. Ali turns to his right. Ali is facing away from Mark.,two_refs_egocentric,two_refs_egocentric_context,7df32e98-c6ec-4362-9615-aed868e66f99,left,right,1
A2BPAH972ZKNW,7,retest,The box is next to the ball. Ali puts the BLANK. the ball is larger than the box.,relative_pos,relative_pos_context,db44d1c2-8255-4f3c-a854-369f71e3d5bb,box inside the ball,ball inside the box,1
A2BPAH972ZKNW,7,retest,The box is next to the ball. Ali puts the BLANK. the ball is larger than the box.,relative_pos,relative_pos_context,db44d1c2-8255-4f3c-a854-369f71e3d5bb,box inside the ball,ball inside the box,1
A2BPAH972ZKNW,7,retest,The box is next to the desk. Ali stacks the desk on the box. The box is BLANK the desk.,relative_pos,relative_pos_target,ce26d593-6e54-4ce5-b2ee-b510804b99cd,below,above,1
A2BPAH972ZKNW,7,retest,The box is next to the desk. Ali stacks the desk on the box. The box is BLANK the desk.,relative_pos,relative_pos_target,ce26d593-6e54-4ce5-b2ee-b510804b99cd,below,above,1
A2BPAH972ZKNW,7,retest,Mark and Ali are facing BLANK eachother. Mark turns around. Ali is facing away from Mark.,two_refs_egocentric,two_refs_egocentric_context,9f2a971f-7891-4d55-82e4-80ab3569a28c,away from,towards,0
A2BPAH972ZKNW,7,retest,Mark and Ali are facing BLANK eachother. Mark turns around. Ali is facing away from Mark.,two_refs_egocentric,two_refs_egocentric_context,9f2a971f-7891-4d55-82e4-80ab3569a28c,away from,towards,0
A2BPAH972ZKNW,7,retest,Mark is to the BLANK Ali. Mark looks to his left and Ali looks to his left. Ali is facing towards Mark.,two_refs_egocentric,two_refs_egocentric_context,23a035cf-76fc-4e1e-bdfa-2a603d6012d5,left of,right of,1
A2BPAH972ZKNW,7,retest,Mark is to the BLANK Ali. Mark looks to his left and Ali looks to his left. Ali is facing towards Mark.,two_refs_egocentric,two_refs_egocentric_context,23a035cf-76fc-4e1e-bdfa-2a603d6012d5,left of,right of,1
A2BPAH972ZKNW,7,retest,Mark is to the left of Ali. Mark looks to his left and Ali looks to his left. Ali is facing BLANK Mark.,two_refs_egocentric,two_refs_egocentric_target,0a4dca2e-6b5e-4343-b5e3-080b1644618a,towards,away from,0
A2BPAH972ZKNW,7,retest,Mark is to the left of Ali. Mark looks to his left and Ali looks to his left. Ali is facing BLANK Mark.,two_refs_egocentric,two_refs_egocentric_target,0a4dca2e-6b5e-4343-b5e3-080b1644618a,towards,away from,0
A2BPAH972ZKNW,7,retest,Ali is to Mark's right. Mark turns around. Ali is to Mark's BLANK.,two_refs_egocentric,two_refs_egocentric_target,f0b9b141-ad3a-4341-a0d9-a7bbe00bba06,left,right,0
A2BPAH972ZKNW,7,retest,Ali is to Mark's right. Mark turns around. Ali is to Mark's BLANK.,two_refs_egocentric,two_refs_egocentric_target,f0b9b141-ad3a-4341-a0d9-a7bbe00bba06,left,right,0
A2BPAH972ZKNW,7,retest,Mark and Ali are both facing BLANK. Ali turns to his left. Ali is facing away from Mark.,two_refs_egocentric,two_refs_egocentric_context,0af1119d-9652-4176-bee8-91eb6bacad4d,right,left,1
A2BPAH972ZKNW,7,retest,Mark and Ali are both facing BLANK. Ali turns to his left. Ali is facing away from Mark.,two_refs_egocentric,two_refs_egocentric_context,0af1119d-9652-4176-bee8-91eb6bacad4d,right,left,1
A2BPAH972ZKNW,7,retest,Mark is behind Ali. Mark walks fowards. Mark is getting BLANK Ali.,two_refs_egocentric,two_refs_egocentric_target,6598bcd0-f33f-4f87-b010-7257d9037f54,closer to,further from,0
A2BPAH972ZKNW,7,retest,Mark is behind Ali. Mark walks fowards. Mark is getting BLANK Ali.,two_refs_egocentric,two_refs_egocentric_target,6598bcd0-f33f-4f87-b010-7257d9037f54,closer to,further from,0
A2BPAH972ZKNW,7,retest,Mark and Ali are both facing right. Ali turns to his left. Ali is facing BLANK Mark.,two_refs_egocentric,two_refs_egocentric_target,47c656dc-8025-40bc-a1fe-3bb9814b4cbb,away from,towards,0
A2BPAH972ZKNW,7,retest,Mark and Ali are both facing right. Ali turns to his left. Ali is facing BLANK Mark.,two_refs_egocentric,two_refs_egocentric_target,47c656dc-8025-40bc-a1fe-3bb9814b4cbb,away from,towards,0
A2BPAH972ZKNW,7,retest,Mark is BLANK Ali. Mark walks forwards. Mark is getting closer to Ali.,two_refs_egocentric,two_refs_egocentric_context,174f837e-4f6c-4643-9ae0-906ecb12361f,behind,in front of,1
A2BPAH972ZKNW,7,retest,Mark is BLANK Ali. Mark walks forwards. Mark is getting closer to Ali.,two_refs_egocentric,two_refs_egocentric_context,174f837e-4f6c-4643-9ae0-906ecb12361f,behind,in front of,1
A2BPAH972ZKNW,7,retest,Mark is in front of Ali. Mark walks forwards. Mark is getting BLANK Ali.,two_refs_egocentric,two_refs_egocentric_target,bc484807-e0f6-481e-bf94-847a69b5f59b,further from,closer to,0
A2BPAH972ZKNW,7,retest,Mark is in front of Ali. Mark walks forwards. Mark is getting BLANK Ali.,two_refs_egocentric,two_refs_egocentric_target,bc484807-e0f6-481e-bf94-847a69b5f59b,further from,closer to,0
A2BPAH972ZKNW,7,retest,Ali is holding the tennis ball and the ping pong ball is on the floor. Ali BLANK the ping pong ball. The ping pong ball is closer to the tennis ball.,relative_pos,relative_pos_context,815efc19-8692-423b-86dd-902699bb7d2b,drops,picks up,1
A2BPAH972ZKNW,7,retest,Ali is holding the tennis ball and the ping pong ball is on the floor. Ali BLANK the ping pong ball. The ping pong ball is closer to the tennis ball.,relative_pos,relative_pos_context,815efc19-8692-423b-86dd-902699bb7d2b,drops,picks up,1
A2BPAH972ZKNW,7,retest,Ali and Mark are facing eachother. Mark turns around. Ali is facing BLANK Mark.,two_refs_egocentric,two_refs_egocentric_target,49d0b194-7f0c-40e6-87dc-7e67c46a418e,towards,away from,0
A2BPAH972ZKNW,7,retest,Ali and Mark are facing eachother. Mark turns around. Ali is facing BLANK Mark.,two_refs_egocentric,two_refs_egocentric_target,49d0b194-7f0c-40e6-87dc-7e67c46a418e,towards,away from,0
A2BPAH972ZKNW,7,retest,Ali is to Mark's BLANK. Mark turns around. Ali is to Mark's left.,two_refs_egocentric,two_refs_egocentric_context,10d4a6f7-87fe-46ba-84b1-ea6e6adf357f,right,left,1
A2BPAH972ZKNW,7,retest,Ali is to Mark's BLANK. Mark turns around. Ali is to Mark's left.,two_refs_egocentric,two_refs_egocentric_context,10d4a6f7-87fe-46ba-84b1-ea6e6adf357f,right,left,1
A2EK1HDV4I4GSK,5,retest,The statue is North of Ali. Ali walks West. The statue is BLANK of Ali.,geocentric_near,geocentric_near_target,cd6c5c62-7e69-4c2f-abed-f16de0c2cc46,North of,East of,1
A2EK1HDV4I4GSK,5,retest,The painting is BLANK of Ali. Ali turns around. The painting is West of Ali.,geocentric_near,geocentric_near_context,f1bed182-4854-4817-be9b-bbd83f82b6b3,West of,East of,0
A2EK1HDV4I4GSK,5,retest,The painting is South of Ali. Ali turns right. The painting is BLANK Ali.,geocentric_near,geocentric_near_target,d2717556-613e-4cc6-8a14-bc04bbd1740c,South of,West of,1
A2EK1HDV4I4GSK,5,retest,The statue is BLANK Ali. Ali walks North. The statue is East of Ali.,geocentric_near,geocentric_near_context,900df025-c5e8-4874-a648-b98abcac3bec,East of,South of,0
A2EK1HDV4I4GSK,5,retest,Ali is BLANK of Milwaukee. Ali walks South. Ali is getting further from Milwaukee.,geocentric_distant,geocentric_distant_context,da9ce4e1-d6fd-430c-ab2a-8e4cfb1e1400,South,North,0
A2EK1HDV4I4GSK,5,retest,The painting is BLANK Ali. Ali turns left. The painting is East of Ali.,geocentric_near,geocentric_near_context,9d8ecfc4-35b9-4001-9529-6b0c8a91e01a,East of,North of,0
A2EK1HDV4I4GSK,5,retest,The painting is East of Ali. Ali turns left. The painting is BLANK Ali.,geocentric_near,geocentric_near_target,fdf94dc5-2cb7-4323-b672-3b0a32f5f7b9,East of,North of,1
A2EK1HDV4I4GSK,5,retest,The statue is BLANK Ali. Ali walks East. The statue is South of Ali.,geocentric_near,geocentric_near_context,dda332bc-7e07-43d3-9b4e-320f1d426b3a,South of,West of,1
A2EK1HDV4I4GSK,5,retest,Milwaukee is East of Ali. Ali turns right. Milwaukee is BLANK Ali.,geocentric_distant,geocentric_distant_target,d348dbb0-d78c-457c-af70-1bbeb5842ea7,East of,South of,1
A2EK1HDV4I4GSK,5,retest,The painting is West of Ali. Ali turns around. The painting is BLANK Ali.,geocentric_near,geocentric_near_target,90c1e22f-06ef-4e79-bebf-1f933f4395e6,West of,East of,0
A2EK1HDV4I4GSK,5,retest,Milwaukee is BLANK Ali. Ali turns left. Milwaukee is West of Ali.,geocentric_distant,geocentric_distant_context,fee9924b-cb25-446b-af44-b62170c8290e,West of,South of,0
A2EK1HDV4I4GSK,5,retest,Milwaukee is North of Ali. Ali turns left. Milwaukee is BLANK Ali.,geocentric_distant,geocentric_distant_target,c21b22b3-1dc6-4e7e-945c-d6dbc3235254,North of,West of,1
A2EK1HDV4I4GSK,5,retest,Milwaukee is BLANK Ali. Ali turns left. Milwaukee is South of Ali.,geocentric_distant,geocentric_distant_context,e801aa45-2a31-477e-8726-58aeb4978f44,South of,East of,1
A2EK1HDV4I4GSK,5,retest,The painting is West of Ali. Ali turns right. The painting is BLANK Ali.,geocentric_near,geocentric_near_target,7fb75cc7-af4d-4698-9d29-a9b064fdde65,West of,North of,1
A2EK1HDV4I4GSK,5,retest,The painting is BLANK Ali. Ali turns left. The painting is South of Ali.,geocentric_near,geocentric_near_context,9e3abe2a-1e64-497a-ad89-98c2e646676e,South of,East of,1
A2EK1HDV4I4GSK,5,retest,Mark is facing North. Mark turns 90 degrees to his right. Mark is facing BLANK.,geocentric_near,geocentric_near_target,a525a72c-72cd-4fa4-8728-d405b2df6c2d,East,West,1
A2EK1HDV4I4GSK,5,retest,Ali is BLANK of Milwaukee. Ali walks North. Ali is getting closer to Milwaukee.,geocentric_distant,geocentric_distant_context,9dca2d9b-abbf-4a6e-b9ca-e05ba8ab913e,South,North,0
A2EK1HDV4I4GSK,5,retest,Ali is East of Milwaukee. Ali walks East. Ali is getting BLANK Milwaukee.,geocentric_distant,geocentric_distant_target,b89afe78-3f1f-4856-97cc-382a35eb4abc,further from,closer to,0
A2EK1HDV4I4GSK,5,retest,Milwaukee is BLANK Ali. Ali turns right. Milwaukee is West of Ali.,geocentric_distant,geocentric_distant_context,80095f76-f1b0-4965-b854-61fab928d906,West of,North of,1
A2EK1HDV4I4GSK,5,retest,The statue is East of Ali. Ali walks North. The statue is BLANK of Ali.,geocentric_near,geocentric_near_target,bed5c852-6e27-4cca-be42-7d3a0632c454,East of,South of,1
A2EK1HDV4I4GSK,5,retest,Milwaukee is BLANK Ali. Ali turns right. Milwaukee is East of Ali.,geocentric_distant,geocentric_distant_context,f5e6b60f-829f-4ded-b496-1853dcc2d3ab,East of,South of,1
A2EK1HDV4I4GSK,5,retest,Milwaukee is BLANK Ali. Ali turns around. Milwaukee is West of Ali.,geocentric_distant,geocentric_distant_context,c5d2016b-d26b-44b9-90f5-184b6445bd3a,West of,East of,1
A2EK1HDV4I4GSK,5,retest,Mark is facing East. Mark turns 90 degrees to his right. Mark is facing BLANK.,geocentric_near,geocentric_near_target,ef8f3d6c-fc26-496d-a9e0-433ea2eb5454,South,North,1
A2EK1HDV4I4GSK,5,retest,Milwaukee is North of Ali. Ali turns around. Milwaukee is BLANK Ali.,geocentric_distant,geocentric_distant_target,fa50948a-b463-4701-8704-800588c7931b,North of,South of,1
A2EK1HDV4I4GSK,5,retest,The box is BLANK Ali. Ali turns around. The box is South of Ali.,geocentric_near,geocentric_near_context,e586c6ab-2759-4cf9-a481-e86e8d272815,South of,North of,1
A2EK1HDV4I4GSK,5,retest,Milwaukee is West of Ali. Ali turns right. Milwaukee is BLANK Ali.,geocentric_distant,geocentric_distant_target,fe55d52f-2cbe-4ed6-99c7-3621f42b708e,West of,North of,1
A2EK1HDV4I4GSK,5,retest,The statue is West of Ali. Ali walks South. The statue is BLANK of Ali.,geocentric_near,geocentric_near_target,947caead-a96c-4aae-bb19-33860a26d48c,West of,North of,1
A2EK1HDV4I4GSK,5,retest,Ali is South of Milwaukee. Ali walks North. Ali is getting BLANK Milwaukee.,geocentric_distant,geocentric_distant_target,ce32dac1-fbf6-4834-9716-7a2194b5b314,closer to,further from,0
A2EK1HDV4I4GSK,5,retest,The painting is BLANK Ali. Ali turns left. The painting is North of Ali.,geocentric_near,geocentric_near_context,ff265d4c-2988-4db0-8cd1-c8613db5c189,North of,West of,1
A2EK1HDV4I4GSK,5,retest,The painting is BLANK Ali. Ali turns right. The painting is West of Ali.,geocentric_near,geocentric_near_context,b4a4599e-5c35-4017-bddf-d8cd9906ad1a,West of,North of,1
A2EK1HDV4I4GSK,5,retest,The statue is North of Ali. Ali walks East. The statue is BLANK of Ali.,geocentric_near,geocentric_near_target,97a7f128-d80a-434a-923a-5b23093392d4,North of,West of,1
A2EK1HDV4I4GSK,5,retest,Ali is BLANK of Milwaukee. Ali walks East. Ali is getting further from Milwaukee.,geocentric_distant,geocentric_distant_context,bed73e8c-2190-4ce1-b61e-150f5ed1c776,East,West,0
A2EK1HDV4I4GSK,5,retest,The statue is BLANK Ali. Ali walks South. The statue is West of Ali.,geocentric_near,geocentric_near_context,da2835cc-e084-4f03-9452-35e32d6584d5,West of,North of,1
A2EK1HDV4I4GSK,5,retest,The box is BLANK Ali. Ali turns around. The box is West of Ali.,geocentric_near,geocentric_near_context,c77f4233-c964-4f83-8ac6-95f75eae89bf,West of,East of,1
A2EK1HDV4I4GSK,5,retest,The box is North of Ali. Ali turns around. The box is BLANK Ali.,geocentric_near,geocentric_near_target,817b1f6d-ff16-476d-8da8-4a5a189ff6fc,North of,South of,1
A2EK1HDV4I4GSK,5,retest,The painting is South of Ali. Ali turns around. The painting is BLANK Ali.,geocentric_near,geocentric_near_target,8367bb5a-4d50-4466-b766-1c9cfe03964b,South of,North of,1
A2EK1HDV4I4GSK,5,retest,The box is BLANK Ali. Ali turns around. The box is North of Ali.,geocentric_near,geocentric_near_context,cc0f8483-f6de-46de-8138-cd9f9e354061,North of,South of,1
A2EK1HDV4I4GSK,5,retest,The painting is BLANK Ali. Ali turns around. The painting is South of Ali.,geocentric_near,geocentric_near_context,af058740-4880-41ea-93b6-e1468cd69ac2,South of,North of,1
A2EK1HDV4I4GSK,5,retest,The painting is North of Ali. Ali turns left. The painting is BLANK Ali.,geocentric_near,geocentric_near_target,fc7cdc2e-21c4-449d-8e3b-d09643846cbf,North of,West of,1
A2EK1HDV4I4GSK,5,retest,Ali is BLANK of Milwaukee. Ali walks West. Ali is getting closer to Milwaukee.,geocentric_distant,geocentric_distant_context,a049e969-bc7f-4cf3-837b-136cd4fedea7,East,West,0
A2EK1HDV4I4GSK,5,retest,Milwaukee is BLANK Ali. Ali turns left. Milwaukee is North of Ali.,geocentric_distant,geocentric_distant_context,cc3c9137-122e-4dd0-85f2-e816de95a28f,North of,West of,1
A2EK1HDV4I4GSK,5,retest,The painting is BLANK of Ali. Ali turns around. The painting is West of Ali.,geocentric_near,geocentric_near_context,f1bed182-4854-4817-be9b-bbd83f82b6b3,West of,East of,1
A2EK1HDV4I4GSK,5,retest,The painting is BLANK of Ali. Ali turns around. The painting is West of Ali.,geocentric_near,geocentric_near_context,f1bed182-4854-4817-be9b-bbd83f82b6b3,West of,East of,1
A2EK1HDV4I4GSK,5,retest,The statue is BLANK Ali. Ali walks North. The statue is East of Ali.,geocentric_near,geocentric_near_context,900df025-c5e8-4874-a648-b98abcac3bec,East of,South of,1
A2EK1HDV4I4GSK,5,retest,The statue is BLANK Ali. Ali walks North. The statue is East of Ali.,geocentric_near,geocentric_near_context,900df025-c5e8-4874-a648-b98abcac3bec,East of,South of,1
A2EK1HDV4I4GSK,5,retest,Ali is BLANK of Milwaukee. Ali walks South. Ali is getting further from Milwaukee.,geocentric_distant,geocentric_distant_context,da9ce4e1-d6fd-430c-ab2a-8e4cfb1e1400,South,North,0
A2EK1HDV4I4GSK,5,retest,Ali is BLANK of Milwaukee. Ali walks South. Ali is getting further from Milwaukee.,geocentric_distant,geocentric_distant_context,da9ce4e1-d6fd-430c-ab2a-8e4cfb1e1400,South,North,0
A2EK1HDV4I4GSK,5,retest,The painting is BLANK Ali. Ali turns left. The painting is East of Ali.,geocentric_near,geocentric_near_context,9d8ecfc4-35b9-4001-9529-6b0c8a91e01a,East of,North of,1
A2EK1HDV4I4GSK,5,retest,The painting is BLANK Ali. Ali turns left. The painting is East of Ali.,geocentric_near,geocentric_near_context,9d8ecfc4-35b9-4001-9529-6b0c8a91e01a,East of,North of,1
A2EK1HDV4I4GSK,5,retest,The painting is East of Ali. Ali turns left. The painting is BLANK Ali.,geocentric_near,geocentric_near_target,fdf94dc5-2cb7-4323-b672-3b0a32f5f7b9,East of,North of,1
A2EK1HDV4I4GSK,5,retest,The painting is East of Ali. Ali turns left. The painting is BLANK Ali.,geocentric_near,geocentric_near_target,fdf94dc5-2cb7-4323-b672-3b0a32f5f7b9,East of,North of,1
A2EK1HDV4I4GSK,5,retest,The painting is West of Ali. Ali turns around. The painting is BLANK Ali.,geocentric_near,geocentric_near_target,90c1e22f-06ef-4e79-bebf-1f933f4395e6,West of,East of,1
A2EK1HDV4I4GSK,5,retest,The painting is West of Ali. Ali turns around. The painting is BLANK Ali.,geocentric_near,geocentric_near_target,90c1e22f-06ef-4e79-bebf-1f933f4395e6,West of,East of,1
A2EK1HDV4I4GSK,5,retest,Milwaukee is BLANK Ali. Ali turns left. Milwaukee is West of Ali.,geocentric_distant,geocentric_distant_context,fee9924b-cb25-446b-af44-b62170c8290e,West of,South of,1
A2EK1HDV4I4GSK,5,retest,Milwaukee is BLANK Ali. Ali turns left. Milwaukee is West of Ali.,geocentric_distant,geocentric_distant_context,fee9924b-cb25-446b-af44-b62170c8290e,West of,South of,1
A2EK1HDV4I4GSK,5,retest,Milwaukee is North of Ali. Ali turns left. Milwaukee is BLANK Ali.,geocentric_distant,geocentric_distant_target,c21b22b3-1dc6-4e7e-945c-d6dbc3235254,North of,West of,1
A2EK1HDV4I4GSK,5,retest,Milwaukee is North of Ali. Ali turns left. Milwaukee is BLANK Ali.,geocentric_distant,geocentric_distant_target,c21b22b3-1dc6-4e7e-945c-d6dbc3235254,North of,West of,1
A2EK1HDV4I4GSK,5,retest,Milwaukee is BLANK Ali. Ali turns left. Milwaukee is South of Ali.,geocentric_distant,geocentric_distant_context,e801aa45-2a31-477e-8726-58aeb4978f44,South of,East of,1
A2EK1HDV4I4GSK,5,retest,Milwaukee is BLANK Ali. Ali turns left. Milwaukee is South of Ali.,geocentric_distant,geocentric_distant_context,e801aa45-2a31-477e-8726-58aeb4978f44,South of,East of,1
A2EK1HDV4I4GSK,5,retest,The painting is West of Ali. Ali turns right. The painting is BLANK Ali.,geocentric_near,geocentric_near_target,7fb75cc7-af4d-4698-9d29-a9b064fdde65,West of,North of,1
A2EK1HDV4I4GSK,5,retest,The painting is West of Ali. Ali turns right. The painting is BLANK Ali.,geocentric_near,geocentric_near_target,7fb75cc7-af4d-4698-9d29-a9b064fdde65,West of,North of,1
A2EK1HDV4I4GSK,5,retest,Mark is facing North. Mark turns 90 degrees to his right. Mark is facing BLANK.,geocentric_near,geocentric_near_target,a525a72c-72cd-4fa4-8728-d405b2df6c2d,East,West,1
A2EK1HDV4I4GSK,5,retest,Mark is facing North. Mark turns 90 degrees to his right. Mark is facing BLANK.,geocentric_near,geocentric_near_target,a525a72c-72cd-4fa4-8728-d405b2df6c2d,East,West,1
A2EK1HDV4I4GSK,5,retest,Ali is BLANK of Milwaukee. Ali walks North. Ali is getting closer to Milwaukee.,geocentric_distant,geocentric_distant_context,9dca2d9b-abbf-4a6e-b9ca-e05ba8ab913e,South,North,1
A2EK1HDV4I4GSK,5,retest,Ali is BLANK of Milwaukee. Ali walks North. Ali is getting closer to Milwaukee.,geocentric_distant,geocentric_distant_context,9dca2d9b-abbf-4a6e-b9ca-e05ba8ab913e,South,North,1
A2EK1HDV4I4GSK,5,retest,Ali is East of Milwaukee. Ali walks East. Ali is getting BLANK Milwaukee.,geocentric_distant,geocentric_distant_target,b89afe78-3f1f-4856-97cc-382a35eb4abc,further from,closer to,1
A2EK1HDV4I4GSK,5,retest,Ali is East of Milwaukee. Ali walks East. Ali is getting BLANK Milwaukee.,geocentric_distant,geocentric_distant_target,b89afe78-3f1f-4856-97cc-382a35eb4abc,further from,closer to,1
A2EK1HDV4I4GSK,5,retest,Milwaukee is BLANK Ali. Ali turns right. Milwaukee is East of Ali.,geocentric_distant,geocentric_distant_context,f5e6b60f-829f-4ded-b496-1853dcc2d3ab,East of,South of,1
A2EK1HDV4I4GSK,5,retest,Milwaukee is BLANK Ali. Ali turns right. Milwaukee is East of Ali.,geocentric_distant,geocentric_distant_context,f5e6b60f-829f-4ded-b496-1853dcc2d3ab,East of,South of,1
A2EK1HDV4I4GSK,5,retest,Milwaukee is BLANK Ali. Ali turns around. Milwaukee is West of Ali.,geocentric_distant,geocentric_distant_context,c5d2016b-d26b-44b9-90f5-184b6445bd3a,West of,East of,1
A2EK1HDV4I4GSK,5,retest,Milwaukee is BLANK Ali. Ali turns around. Milwaukee is West of Ali.,geocentric_distant,geocentric_distant_context,c5d2016b-d26b-44b9-90f5-184b6445bd3a,West of,East of,1
A2EK1HDV4I4GSK,5,retest,Milwaukee is North of Ali. Ali turns around. Milwaukee is BLANK Ali.,geocentric_distant,geocentric_distant_target,fa50948a-b463-4701-8704-800588c7931b,North of,South of,1
A2EK1HDV4I4GSK,5,retest,Milwaukee is North of Ali. Ali turns around. Milwaukee is BLANK Ali.,geocentric_distant,geocentric_distant_target,fa50948a-b463-4701-8704-800588c7931b,North of,South of,1
A2EK1HDV4I4GSK,5,retest,The box is BLANK Ali. Ali turns around. The box is South of Ali.,geocentric_near,geocentric_near_context,e586c6ab-2759-4cf9-a481-e86e8d272815,South of,North of,1
A2EK1HDV4I4GSK,5,retest,The box is BLANK Ali. Ali turns around. The box is South of Ali.,geocentric_near,geocentric_near_context,e586c6ab-2759-4cf9-a481-e86e8d272815,South of,North of,1
A2EK1HDV4I4GSK,5,retest,Milwaukee is West of Ali. Ali turns right. Milwaukee is BLANK Ali.,geocentric_distant,geocentric_distant_target,fe55d52f-2cbe-4ed6-99c7-3621f42b708e,West of,North of,1
A2EK1HDV4I4GSK,5,retest,Milwaukee is West of Ali. Ali turns right. Milwaukee is BLANK Ali.,geocentric_distant,geocentric_distant_target,fe55d52f-2cbe-4ed6-99c7-3621f42b708e,West of,North of,1
A2FA4JF0PMFJV6,4,retest,Mark is facing BLANK. Mark turns 90 degrees to his right. Mark is facing North.,geocentric_near,geocentric_near_context,6aeba3f8-1b5a-41e2-8a91-d8af80926c51,West,East,1
A2FA4JF0PMFJV6,4,retest,The painting is West of Ali. Ali turns left. The painting is BLANK Ali.,geocentric_near,geocentric_near_target,755f2c4d-3da2-4db8-bedd-f1a04cb521da,West of,South of,0
A2FA4JF0PMFJV6,4,retest,The statue is BLANK Ali. Ali walks South. The statue is East of Ali.,geocentric_near,geocentric_near_context,1d96d949-42bd-435b-b94b-18a7daf5eda7,East of,North of,0
A2FA4JF0PMFJV6,4,retest,The box is East of Ali. Ali turns around. The box is BLANK Ali.,geocentric_near,geocentric_near_target,1db16913-f23f-4f1e-92ed-27302deba9fc,East of,West of,0
A2FA4JF0PMFJV6,4,retest,Milwaukee is West of Ali. Ali turns around. Milwaukee is BLANK Ali.,geocentric_distant,geocentric_distant_target,5a23ac72-538b-4ce0-9c8d-3fcbaf720c14,West of,East of,0
A2FA4JF0PMFJV6,4,retest,Milwaukee is BLANK Ali. Ali turns right. Milwaukee is North of Ali.,geocentric_distant,geocentric_distant_context,7206047f-87f8-4d57-a741-e044eeb302c2,North of,East of,0
A2FA4JF0PMFJV6,4,retest,The statue is West of Ali. Ali walks North. The statue is BLANK of Ali.,geocentric_near,geocentric_near_target,02001830-4e69-4fbb-bf98-17c2b84f5101,West of,South of,0
A2FA4JF0PMFJV6,4,retest,The painting is East of Ali. Ali turns around. The painting is BLANK Ali.,geocentric_near,geocentric_near_target,14321555-7ea9-4679-b51e-ac67fb252f49,East of,West of,0
A2FA4JF0PMFJV6,4,retest,The painting is East of Ali. Ali turns right. The painting is BLANK Ali.,geocentric_near,geocentric_near_target,5f2ceea9-dc97-4a8e-b41e-8340d27dcae0,East of,South of,0
A2FA4JF0PMFJV6,4,retest,Milwaukee is BLANK of Ali. Ali walks West. Ali is getting closer to Milwaukee.,geocentric_distant,geocentric_distant_context,39f1ec10-1ca4-4e11-8934-4468bf7bdf07,West,East,0
A2FA4JF0PMFJV6,4,retest,The box is South of Ali. Ali turns around. The box is BLANK Ali.,geocentric_near,geocentric_near_target,53d5158f-a2f6-4185-8c98-08da3e6ec92c,South of,North of,0
A2FA4JF0PMFJV6,4,retest,The painting is BLANK Ali. Ali turns right. The painting is North of Ali.,geocentric_near,geocentric_near_context,3eedd983-6f21-45cb-8008-1014712a7b7b,North of,East of,0
A2FA4JF0PMFJV6,4,retest,The box is BLANK Ali. Ali turns around. The box is East of Ali.,geocentric_near,geocentric_near_context,32cf82f2-f1d9-47f7-a424-179811371198,East of,West of,0
A2FA4JF0PMFJV6,4,retest,The painting is BLANK Ali. Ali turns around. The painting is North of Ali.,geocentric_near,geocentric_near_context,0f6d0640-aa19-4331-b909-2d4ce3819888,North of,South of,0
A2FA4JF0PMFJV6,4,retest,The painting is BLANK Ali. Ali turns left. The painting is West of Ali.,geocentric_near,geocentric_near_context,371933d5-09a6-4be0-ab6a-736ebc7c885d,West of,South of,0
A2FA4JF0PMFJV6,4,retest,Ali is directly BLANK of Milwaukee. Ali walks West. Ali is Southwest of Milwaukee.,geocentric_distant,geocentric_distant_context,300eca91-7f1c-427a-94bf-0ba740b8f6ac,South,North,1
A2FA4JF0PMFJV6,4,retest,Milwaukee is East of Ali. Ali turns around. Milwaukee is BLANK Ali.,geocentric_distant,geocentric_distant_target,2d04b915-2739-4516-9aa3-4b513d3292f8,East of,West of,0
A2FA4JF0PMFJV6,4,retest,Milwaukee is South of Ali. Ali turns around. Milwaukee is BLANK Ali.,geocentric_distant,geocentric_distant_target,1df25621-f5fc-45c4-b67e-908755a4b805,South of,North of,0
A2FA4JF0PMFJV6,4,retest,The painting is North of Ali. Ali turns right. The painting is BLANK Ali.,geocentric_near,geocentric_near_target,56e0ef8c-a438-4942-90a4-b8ed0b45e5a9,North of,East of,0
A2FA4JF0PMFJV6,4,retest,The painting is BLANK of Ali. Ali turns around. The painting is East of Ali.,geocentric_near,geocentric_near_context,10a923c5-3759-4bf7-9d6a-d986ed2fd2be,East of,West of,0
A2FA4JF0PMFJV6,4,retest,Mark is facing BLANK. Mark turns 90 degrees to his right. Mark is facing West.,geocentric_near,geocentric_near_context,158db60e-90ac-4371-8e54-92fec86e2514,South,North,1
A2FA4JF0PMFJV6,4,retest,The painting is North of Ali. Ali turns around. The painting is BLANK Ali.,geocentric_near,geocentric_near_target,259d98cc-7d54-4369-9cee-c39d9df87771,North of,South of,0
A2FA4JF0PMFJV6,4,retest,Mark is facing South. Mark turns 90 degrees to his right. Mark is facing BLANK.,geocentric_near,geocentric_near_target,1911dc4d-f888-4f10-847b-e9940e7aa3cc,West,East,1
A2FA4JF0PMFJV6,4,retest,Milwaukee is South of Ali. Ali turns left. Milwaukee is BLANK Ali.,geocentric_distant,geocentric_distant_target,4ebfa491-4cac-42c5-989f-28d141866d2d,South,East of,0
A2FA4JF0PMFJV6,4,retest,The painting is South of Ali. Ali turns left. The painting is BLANK Ali.,geocentric_near,geocentric_near_target,388f87fc-7d6f-42d9-baa2-180cee60026e,South of,East of,0
A2FA4JF0PMFJV6,4,retest,Milwaukee is BLANK Ali. Ali turns around. Milwaukee is East of Ali.,geocentric_distant,geocentric_distant_context,77c0d17a-6bd6-4db4-bc73-14f3e7d2b394,East of,West of,0
A2FA4JF0PMFJV6,4,retest,The statue is East of Ali. Ali walks South. The statue is BLANK of Ali.,geocentric_near,geocentric_near_target,7132ca09-59fa-476f-9222-57847641467d,East of,North of,0
A2FA4JF0PMFJV6,4,retest,The statue is BLANK Ali. Ali walks North. The statue is West of Ali.,geocentric_near,geocentric_near_context,1548d982-1dd9-4987-a32f-e7901bf4ae19,West of,South of,0
A2FA4JF0PMFJV6,4,retest,The statue is South of Ali. Ali walks East. The statue is BLANK of Ali.,geocentric_near,geocentric_near_target,74f043f5-acec-4feb-86b0-8ef876aecd9e,South of,West of,0
A2FA4JF0PMFJV6,4,retest,Milwaukee is BLANK Ali. Ali turns around. Milwaukee is North of Ali.,geocentric_distant,geocentric_distant_context,14f6052a-0630-41e5-8e32-49b50329bc7c,North of,South of,0
A2FA4JF0PMFJV6,4,retest,The statue is BLANK Ali. Ali walks East. The statue is North of Ali.,geocentric_near,geocentric_near_context,65877b0d-ab1c-4076-9083-baee15b3f77c,North of,West of,0
A2FA4JF0PMFJV6,4,retest,Milwaukee is BLANK Ali. Ali turns right. Milwaukee is South of Ali.,geocentric_distant,geocentric_distant_context,3f98a0d2-e39a-44fe-8829-f36a67060ce0,South of,West of,0
A2FA4JF0PMFJV6,4,retest,Milwaukee is West of Ali. Ali turns left. Milwaukee is BLANK Ali.,geocentric_distant,geocentric_distant_target,4a5694f4-513a-4932-b03f-7e15b79f4152,West of,South of,0
A2FA4JF0PMFJV6,4,retest,Milwaukee is BLANK Ali. Ali turns around. Milwaukee is South of Ali.,geocentric_distant,geocentric_distant_context,71d90361-bbec-4143-a556-ce4b5bdc12ef,South of,North of,0
A2FA4JF0PMFJV6,4,retest,Milwaukee is North of Ali. Ali turns right. Milwaukee is BLANK Ali.,geocentric_distant,geocentric_distant_target,3e898758-3fe2-437c-ae53-dac3e31b103d,North of,East of,0
A2FA4JF0PMFJV6,4,retest,The statue is BLANK Ali. Ali walks West. The statue is North of Ali.,geocentric_near,geocentric_near_context,2394a22c-ce98-4455-8af8-9365567f5512,North of,East of,0
A2FA4JF0PMFJV6,4,retest,The painting is BLANK Ali. Ali turns right. The painting is South of Ali.,geocentric_near,geocentric_near_context,53e65902-e67a-4c24-b2ad-c73e60322ad7,South of,West of,0
A2FA4JF0PMFJV6,4,retest,Ali is East of Milwaukee. Ali walks West. Ali is getting BLANK Milwaukee.,geocentric_distant,geocentric_distant_target,67b9b39e-21bf-4eae-bc30-d2bbccfd7b46,closer to,further from,0
A2FA4JF0PMFJV6,4,retest,The box is West of Ali. Ali turns around. The box is BLANK Ali.,geocentric_near,geocentric_near_target,4707b854-94c1-4bdf-bbbe-523dcbcffb17,West of,East of,0
A2FA4JF0PMFJV6,4,retest,Milwaukee is BLANK Ali. Ali turns left. Milwaukee is East of Ali.,geocentric_distant,geocentric_distant_context,3db7d6ed-6556-41e8-84c7-4842a7f10aaf,East of,North of,0
A2FA4JF0PMFJV6,4,retest,The painting is BLANK Ali. Ali turns right. The painting is East of Ali.,geocentric_near,geocentric_near_context,75584ccb-cf13-4dad-a836-d1718688dd78,East of,South of,0
A2FA4JF0PMFJV6,4,retest,Ali is directly North of Milwaukee. Ali walks East. Ali is BLANK Milwaukee.,geocentric_distant,geocentric_distant_target,72cd0076-2e45-4c94-b071-27ad4067b3ba,Northeast,Southwest,1
A2FA4JF0PMFJV6,4,retest,Mark is facing BLANK. Mark turns 90 degrees to his right. Mark is facing North.,geocentric_near,geocentric_near_context,6aeba3f8-1b5a-41e2-8a91-d8af80926c51,West,East,1
A2FA4JF0PMFJV6,4,retest,Mark is facing BLANK. Mark turns 90 degrees to his right. Mark is facing North.,geocentric_near,geocentric_near_context,6aeba3f8-1b5a-41e2-8a91-d8af80926c51,West,East,1
A2FA4JF0PMFJV6,4,retest,The painting is West of Ali. Ali turns left. The painting is BLANK Ali.,geocentric_near,geocentric_near_target,755f2c4d-3da2-4db8-bedd-f1a04cb521da,West of,South of,0
A2FA4JF0PMFJV6,4,retest,The painting is West of Ali. Ali turns left. The painting is BLANK Ali.,geocentric_near,geocentric_near_target,755f2c4d-3da2-4db8-bedd-f1a04cb521da,West of,South of,0
A2FA4JF0PMFJV6,4,retest,The statue is BLANK Ali. Ali walks South. The statue is East of Ali.,geocentric_near,geocentric_near_context,1d96d949-42bd-435b-b94b-18a7daf5eda7,East of,North of,1
A2FA4JF0PMFJV6,4,retest,The statue is BLANK Ali. Ali walks South. The statue is East of Ali.,geocentric_near,geocentric_near_context,1d96d949-42bd-435b-b94b-18a7daf5eda7,East of,North of,1
A2FA4JF0PMFJV6,4,retest,The box is East of Ali. Ali turns around. The box is BLANK Ali.,geocentric_near,geocentric_near_target,1db16913-f23f-4f1e-92ed-27302deba9fc,East of,West of,0
A2FA4JF0PMFJV6,4,retest,The box is East of Ali. Ali turns around. The box is BLANK Ali.,geocentric_near,geocentric_near_target,1db16913-f23f-4f1e-92ed-27302deba9fc,East of,West of,0
A2FA4JF0PMFJV6,4,retest,Milwaukee is West of Ali. Ali turns around. Milwaukee is BLANK Ali.,geocentric_distant,geocentric_distant_target,5a23ac72-538b-4ce0-9c8d-3fcbaf720c14,West of,East of,1
A2FA4JF0PMFJV6,4,retest,Milwaukee is West of Ali. Ali turns around. Milwaukee is BLANK Ali.,geocentric_distant,geocentric_distant_target,5a23ac72-538b-4ce0-9c8d-3fcbaf720c14,West of,East of,1
A2FA4JF0PMFJV6,4,retest,Milwaukee is BLANK Ali. Ali turns right. Milwaukee is North of Ali.,geocentric_distant,geocentric_distant_context,7206047f-87f8-4d57-a741-e044eeb302c2,North of,East of,1
A2FA4JF0PMFJV6,4,retest,Milwaukee is BLANK Ali. Ali turns right. Milwaukee is North of Ali.,geocentric_distant,geocentric_distant_context,7206047f-87f8-4d57-a741-e044eeb302c2,North of,East of,1
A2FA4JF0PMFJV6,4,retest,The statue is West of Ali. Ali walks North. The statue is BLANK of Ali.,geocentric_near,geocentric_near_target,02001830-4e69-4fbb-bf98-17c2b84f5101,West of,South of,1
A2FA4JF0PMFJV6,4,retest,The statue is West of Ali. Ali walks North. The statue is BLANK of Ali.,geocentric_near,geocentric_near_target,02001830-4e69-4fbb-bf98-17c2b84f5101,West of,South of,1
A2FA4JF0PMFJV6,4,retest,The painting is East of Ali. Ali turns around. The painting is BLANK Ali.,geocentric_near,geocentric_near_target,14321555-7ea9-4679-b51e-ac67fb252f49,East of,West of,1
A2FA4JF0PMFJV6,4,retest,The painting is East of Ali. Ali turns around. The painting is BLANK Ali.,geocentric_near,geocentric_near_target,14321555-7ea9-4679-b51e-ac67fb252f49,East of,West of,1
A2FA4JF0PMFJV6,4,retest,The painting is East of Ali. Ali turns right. The painting is BLANK Ali.,geocentric_near,geocentric_near_target,5f2ceea9-dc97-4a8e-b41e-8340d27dcae0,East of,South of,0
A2FA4JF0PMFJV6,4,retest,The painting is East of Ali. Ali turns right. The painting is BLANK Ali.,geocentric_near,geocentric_near_target,5f2ceea9-dc97-4a8e-b41e-8340d27dcae0,East of,South of,0
A2FA4JF0PMFJV6,4,retest,Milwaukee is BLANK of Ali. Ali walks West. Ali is getting closer to Milwaukee.,geocentric_distant,geocentric_distant_context,39f1ec10-1ca4-4e11-8934-4468bf7bdf07,West,East,1
A2FA4JF0PMFJV6,4,retest,Milwaukee is BLANK of Ali. Ali walks West. Ali is getting closer to Milwaukee.,geocentric_distant,geocentric_distant_context,39f1ec10-1ca4-4e11-8934-4468bf7bdf07,West,East,1
A2FA4JF0PMFJV6,4,retest,The box is South of Ali. Ali turns around. The box is BLANK Ali.,geocentric_near,geocentric_near_target,53d5158f-a2f6-4185-8c98-08da3e6ec92c,South of,North of,1
A2FA4JF0PMFJV6,4,retest,The box is South of Ali. Ali turns around. The box is BLANK Ali.,geocentric_near,geocentric_near_target,53d5158f-a2f6-4185-8c98-08da3e6ec92c,South of,North of,1
A2FA4JF0PMFJV6,4,retest,The painting is BLANK Ali. Ali turns right. The painting is North of Ali.,geocentric_near,geocentric_near_context,3eedd983-6f21-45cb-8008-1014712a7b7b,North of,East of,1
A2FA4JF0PMFJV6,4,retest,The painting is BLANK Ali. Ali turns right. The painting is North of Ali.,geocentric_near,geocentric_near_context,3eedd983-6f21-45cb-8008-1014712a7b7b,North of,East of,1
A2FA4JF0PMFJV6,4,retest,The box is BLANK Ali. Ali turns around. The box is East of Ali.,geocentric_near,geocentric_near_context,32cf82f2-f1d9-47f7-a424-179811371198,East of,West of,1
A2FA4JF0PMFJV6,4,retest,The box is BLANK Ali. Ali turns around. The box is East of Ali.,geocentric_near,geocentric_near_context,32cf82f2-f1d9-47f7-a424-179811371198,East of,West of,1
A2FA4JF0PMFJV6,4,retest,The painting is BLANK Ali. Ali turns around. The painting is North of Ali.,geocentric_near,geocentric_near_context,0f6d0640-aa19-4331-b909-2d4ce3819888,North of,South of,1
A2FA4JF0PMFJV6,4,retest,The painting is BLANK Ali. Ali turns around. The painting is North of Ali.,geocentric_near,geocentric_near_context,0f6d0640-aa19-4331-b909-2d4ce3819888,North of,South of,1
A2FA4JF0PMFJV6,4,retest,The painting is BLANK Ali. Ali turns left. The painting is West of Ali.,geocentric_near,geocentric_near_context,371933d5-09a6-4be0-ab6a-736ebc7c885d,West of,South of,1
A2FA4JF0PMFJV6,4,retest,The painting is BLANK Ali. Ali turns left. The painting is West of Ali.,geocentric_near,geocentric_near_context,371933d5-09a6-4be0-ab6a-736ebc7c885d,West of,South of,1
A2FA4JF0PMFJV6,4,retest,Milwaukee is East of Ali. Ali turns around. Milwaukee is BLANK Ali.,geocentric_distant,geocentric_distant_target,2d04b915-2739-4516-9aa3-4b513d3292f8,East of,West of,1
A2FA4JF0PMFJV6,4,retest,Milwaukee is East of Ali. Ali turns around. Milwaukee is BLANK Ali.,geocentric_distant,geocentric_distant_target,2d04b915-2739-4516-9aa3-4b513d3292f8,East of,West of,1
A2FA4JF0PMFJV6,4,retest,Milwaukee is South of Ali. Ali turns around. Milwaukee is BLANK Ali.,geocentric_distant,geocentric_distant_target,1df25621-f5fc-45c4-b67e-908755a4b805,South of,North of,1
A2FA4JF0PMFJV6,4,retest,Milwaukee is South of Ali. Ali turns around. Milwaukee is BLANK Ali.,geocentric_distant,geocentric_distant_target,1df25621-f5fc-45c4-b67e-908755a4b805,South of,North of,1
A2FA4JF0PMFJV6,4,retest,The painting is North of Ali. Ali turns right. The painting is BLANK Ali.,geocentric_near,geocentric_near_target,56e0ef8c-a438-4942-90a4-b8ed0b45e5a9,North of,East of,1
A2FA4JF0PMFJV6,4,retest,The painting is North of Ali. Ali turns right. The painting is BLANK Ali.,geocentric_near,geocentric_near_target,56e0ef8c-a438-4942-90a4-b8ed0b45e5a9,North of,East of,1
A2FA4JF0PMFJV6,4,retest,The painting is BLANK of Ali. Ali turns around. The painting is East of Ali.,geocentric_near,geocentric_near_context,10a923c5-3759-4bf7-9d6a-d986ed2fd2be,East of,West of,1
A2FA4JF0PMFJV6,4,retest,The painting is BLANK of Ali. Ali turns around. The painting is East of Ali.,geocentric_near,geocentric_near_context,10a923c5-3759-4bf7-9d6a-d986ed2fd2be,East of,West of,1
A2FA4JF0PMFJV6,4,retest,The painting is North of Ali. Ali turns around. The painting is BLANK Ali.,geocentric_near,geocentric_near_target,259d98cc-7d54-4369-9cee-c39d9df87771,North of,South of,1
A2FA4JF0PMFJV6,4,retest,The painting is North of Ali. Ali turns around. The painting is BLANK Ali.,geocentric_near,geocentric_near_target,259d98cc-7d54-4369-9cee-c39d9df87771,North of,South of,1
A2FA4JF0PMFJV6,4,retest,Milwaukee is South of Ali. Ali turns left. Milwaukee is BLANK Ali.,geocentric_distant,geocentric_distant_target,4ebfa491-4cac-42c5-989f-28d141866d2d,South,East of,1
A2FA4JF0PMFJV6,4,retest,Milwaukee is South of Ali. Ali turns left. Milwaukee is BLANK Ali.,geocentric_distant,geocentric_distant_target,4ebfa491-4cac-42c5-989f-28d141866d2d,South,East of,1
A2FA4JF0PMFJV6,4,retest,The painting is South of Ali. Ali turns left. The painting is BLANK Ali.,geocentric_near,geocentric_near_target,388f87fc-7d6f-42d9-baa2-180cee60026e,South of,East of,1
A2FA4JF0PMFJV6,4,retest,The painting is South of Ali. Ali turns left. The painting is BLANK Ali.,geocentric_near,geocentric_near_target,388f87fc-7d6f-42d9-baa2-180cee60026e,South of,East of,1
A2FA4JF0PMFJV6,4,retest,Milwaukee is BLANK Ali. Ali turns around. Milwaukee is East of Ali.,geocentric_distant,geocentric_distant_context,77c0d17a-6bd6-4db4-bc73-14f3e7d2b394,East of,West of,1
A2FA4JF0PMFJV6,4,retest,Milwaukee is BLANK Ali. Ali turns around. Milwaukee is East of Ali.,geocentric_distant,geocentric_distant_context,77c0d17a-6bd6-4db4-bc73-14f3e7d2b394,East of,West of,1
A2FA4JF0PMFJV6,4,retest,The statue is East of Ali. Ali walks South. The statue is BLANK of Ali.,geocentric_near,geocentric_near_target,7132ca09-59fa-476f-9222-57847641467d,East of,North of,0
A2FA4JF0PMFJV6,4,retest,The statue is East of Ali. Ali walks South. The statue is BLANK of Ali.,geocentric_near,geocentric_near_target,7132ca09-59fa-476f-9222-57847641467d,East of,North of,0
A2FA4JF0PMFJV6,4,retest,The statue is BLANK Ali. Ali walks North. The statue is West of Ali.,geocentric_near,geocentric_near_context,1548d982-1dd9-4987-a32f-e7901bf4ae19,West of,South of,1
A2FA4JF0PMFJV6,4,retest,The statue is BLANK Ali. Ali walks North. The statue is West of Ali.,geocentric_near,geocentric_near_context,1548d982-1dd9-4987-a32f-e7901bf4ae19,West of,South of,1
A2FA4JF0PMFJV6,4,retest,The statue is South of Ali. Ali walks East. The statue is BLANK of Ali.,geocentric_near,geocentric_near_target,74f043f5-acec-4feb-86b0-8ef876aecd9e,South of,West of,1
A2FA4JF0PMFJV6,4,retest,The statue is South of Ali. Ali walks East. The statue is BLANK of Ali.,geocentric_near,geocentric_near_target,74f043f5-acec-4feb-86b0-8ef876aecd9e,South of,West of,1
A2FA4JF0PMFJV6,4,retest,Milwaukee is BLANK Ali. Ali turns around. Milwaukee is North of Ali.,geocentric_distant,geocentric_distant_context,14f6052a-0630-41e5-8e32-49b50329bc7c,North of,South of,1
A2FA4JF0PMFJV6,4,retest,Milwaukee is BLANK Ali. Ali turns around. Milwaukee is North of Ali.,geocentric_distant,geocentric_distant_context,14f6052a-0630-41e5-8e32-49b50329bc7c,North of,South of,1
A2FA4JF0PMFJV6,4,retest,The statue is BLANK Ali. Ali walks East. The statue is North of Ali.,geocentric_near,geocentric_near_context,65877b0d-ab1c-4076-9083-baee15b3f77c,North of,West of,1
A2FA4JF0PMFJV6,4,retest,The statue is BLANK Ali. Ali walks East. The statue is North of Ali.,geocentric_near,geocentric_near_context,65877b0d-ab1c-4076-9083-baee15b3f77c,North of,West of,1
A2FA4JF0PMFJV6,4,retest,Milwaukee is BLANK Ali. Ali turns right. Milwaukee is South of Ali.,geocentric_distant,geocentric_distant_context,3f98a0d2-e39a-44fe-8829-f36a67060ce0,South of,West of,1
A2FA4JF0PMFJV6,4,retest,Milwaukee is BLANK Ali. Ali turns right. Milwaukee is South of Ali.,geocentric_distant,geocentric_distant_context,3f98a0d2-e39a-44fe-8829-f36a67060ce0,South of,West of,1
A2FA4JF0PMFJV6,4,retest,Milwaukee is West of Ali. Ali turns left. Milwaukee is BLANK Ali.,geocentric_distant,geocentric_distant_target,4a5694f4-513a-4932-b03f-7e15b79f4152,West of,South of,1
A2FA4JF0PMFJV6,4,retest,Milwaukee is West of Ali. Ali turns left. Milwaukee is BLANK Ali.,geocentric_distant,geocentric_distant_target,4a5694f4-513a-4932-b03f-7e15b79f4152,West of,South of,1
A2FA4JF0PMFJV6,4,retest,Milwaukee is BLANK Ali. Ali turns around. Milwaukee is South of Ali.,geocentric_distant,geocentric_distant_context,71d90361-bbec-4143-a556-ce4b5bdc12ef,South of,North of,1
A2FA4JF0PMFJV6,4,retest,Milwaukee is BLANK Ali. Ali turns around. Milwaukee is South of Ali.,geocentric_distant,geocentric_distant_context,71d90361-bbec-4143-a556-ce4b5bdc12ef,South of,North of,1
A2FA4JF0PMFJV6,4,retest,Milwaukee is North of Ali. Ali turns right. Milwaukee is BLANK Ali.,geocentric_distant,geocentric_distant_target,3e898758-3fe2-437c-ae53-dac3e31b103d,North of,East of,1
A2FA4JF0PMFJV6,4,retest,Milwaukee is North of Ali. Ali turns right. Milwaukee is BLANK Ali.,geocentric_distant,geocentric_distant_target,3e898758-3fe2-437c-ae53-dac3e31b103d,North of,East of,1
A2FA4JF0PMFJV6,4,retest,The statue is BLANK Ali. Ali walks West. The statue is North of Ali.,geocentric_near,geocentric_near_context,2394a22c-ce98-4455-8af8-9365567f5512,North of,East of,1
A2FA4JF0PMFJV6,4,retest,The statue is BLANK Ali. Ali walks West. The statue is North of Ali.,geocentric_near,geocentric_near_context,2394a22c-ce98-4455-8af8-9365567f5512,North of,East of,1
A2FA4JF0PMFJV6,4,retest,The painting is BLANK Ali. Ali turns right. The painting is South of Ali.,geocentric_near,geocentric_near_context,53e65902-e67a-4c24-b2ad-c73e60322ad7,South of,West of,1
A2FA4JF0PMFJV6,4,retest,The painting is BLANK Ali. Ali turns right. The painting is South of Ali.,geocentric_near,geocentric_near_context,53e65902-e67a-4c24-b2ad-c73e60322ad7,South of,West of,1
A2FA4JF0PMFJV6,4,retest,Ali is East of Milwaukee. Ali walks West. Ali is getting BLANK Milwaukee.,geocentric_distant,geocentric_distant_target,67b9b39e-21bf-4eae-bc30-d2bbccfd7b46,closer to,further from,0
A2FA4JF0PMFJV6,4,retest,Ali is East of Milwaukee. Ali walks West. Ali is getting BLANK Milwaukee.,geocentric_distant,geocentric_distant_target,67b9b39e-21bf-4eae-bc30-d2bbccfd7b46,closer to,further from,0
A2FA4JF0PMFJV6,4,retest,The box is West of Ali. Ali turns around. The box is BLANK Ali.,geocentric_near,geocentric_near_target,4707b854-94c1-4bdf-bbbe-523dcbcffb17,West of,East of,1
A2FA4JF0PMFJV6,4,retest,The box is West of Ali. Ali turns around. The box is BLANK Ali.,geocentric_near,geocentric_near_target,4707b854-94c1-4bdf-bbbe-523dcbcffb17,West of,East of,1
A2FA4JF0PMFJV6,4,retest,Milwaukee is BLANK Ali. Ali turns left. Milwaukee is East of Ali.,geocentric_distant,geocentric_distant_context,3db7d6ed-6556-41e8-84c7-4842a7f10aaf,East of,North of,1
A2FA4JF0PMFJV6,4,retest,Milwaukee is BLANK Ali. Ali turns left. Milwaukee is East of Ali.,geocentric_distant,geocentric_distant_context,3db7d6ed-6556-41e8-84c7-4842a7f10aaf,East of,North of,1
A2FA4JF0PMFJV6,4,retest,The painting is BLANK Ali. Ali turns right. The painting is East of Ali.,geocentric_near,geocentric_near_context,75584ccb-cf13-4dad-a836-d1718688dd78,East of,South of,1
A2FA4JF0PMFJV6,4,retest,The painting is BLANK Ali. Ali turns right. The painting is East of Ali.,geocentric_near,geocentric_near_context,75584ccb-cf13-4dad-a836-d1718688dd78,East of,South of,1
A2GJCL7GRXIJ7R,2,retest,Ali is facing BLANK Milwaukee. Ali turns around. Ali is facing towards Milwaukee.,egocentric_distant,egocentric_distant_context,a142d675-e72e-4665-8813-7155bd331eb1,away from,towards,1
A2GJCL7GRXIJ7R,2,retest,Ali is facing away from Chicago. Ali turns right. Chicago is BLANK Ali.,egocentric_distant,egocentric_distant_target,b11ffacc-e96b-4806-84c4-6252d4c8bf41,right of,left of,1
A2GJCL7GRXIJ7R,2,retest,The window is behind Ali and the wall is in front of Ali. Ali throws the baseball at the wall. The window BLANK.,state_nonfollows,state_nonfollows_target,88712078-fc2f-436a-8a04-1757993c015e,doesn't break,breaks,1
A2GJCL7GRXIJ7R,2,retest,The painting is right of Ali. Ali turns right. The painting is BLANK Ali.,egocentric_near,egocentric_near_target,86c1f116-7a99-4a81-a85b-d2789deb5909,in front of,behind,1
A2GJCL7GRXIJ7R,2,retest,Ali is facing Chicago. Ali turns right. Chicago is BLANK Ali.,egocentric_distant,egocentric_distant_target,b054c9a8-8ae5-42ae-8771-d39aa8c11479,left of,right of,1
A2GJCL7GRXIJ7R,2,retest,The glass is on the table and the cup is on the floor. Ali picks up the glass. The cup BLANK.,action_nonfollows,action_nonfollows_target,930e06dd-d207-446c-96b7-a9faf92483d5,moves,doesn't move,0
A2GJCL7GRXIJ7R,2,retest,Milwaukee is to Ali's BLANK. Ali turns left. Ali is facing away from Milwaukee.,egocentric_distant,egocentric_distant_context,8109d3a1-786d-4676-9015-297215cfc561,right,left,1
A2GJCL7GRXIJ7R,2,retest,Chicago is BLANK Ali. Ali turns around. Chicago is left of Ali.,egocentric_distant,egocentric_distant_context,a786ec6e-e388-459a-b336-ef496fc4d326,right of,left of,1
A2GJCL7GRXIJ7R,2,retest,Ali is facing Chicago. Ali turns left. Chicago is BLANK Ali.,egocentric_distant,egocentric_distant_target,a3bdec9e-f0a7-48ea-b522-a1648fc244b2,right of,left of,1
A2GJCL7GRXIJ7R,2,retest,The book is under the table. Ali moves the table. The book BLANK.,action_nonfollows,action_nonfollows_target,9f6321ad-9c8a-483d-b2df-d6faa3403521,doesn't move,moves,0
A2GJCL7GRXIJ7R,2,retest,The painting is BLANK of Ali. Ali turns right. The painting is in front of Ali.,egocentric_near,egocentric_near_context,7ebd0a27-2e35-44b7-a1db-283784b79989,right,left,0
A2GJCL7GRXIJ7R,2,retest,The window is BLANK Ali. Ali throws the baseball forward. The window doesn't break.,state_nonfollows,state_nonfollows_context,a802c7e4-f643-4de9-9712-a3d0af75b310,behind,in front of,1
A2GJCL7GRXIJ7R,2,retest,The wine glass is on the BLANK. Ali bumps the wine glass. The wine spills on the floor.,action_follows,action_follows_context,a2dd4fac-96de-4e38-bb75-e36db0393e98,floor,table,0
A2GJCL7GRXIJ7R,2,retest,The empty glass is on the table. Ali knocks the glass over. The table is BLANK.,state_nonfollows,state_nonfollows_target,acf5fc4f-47f1-4641-bd99-567028820394,dry,wet,1
A2GJCL7GRXIJ7R,2,retest,The painting is to Ali's BLANK. The painting is moved left. The painting is to Ali's right.,egocentric_near,egocentric_near_context,78f191e9-62c1-4214-a2e5-e56be737b5da,left,right,1
A2GJCL7GRXIJ7R,2,retest,The wine glass is on the table. Ali bumps the lamp. The wine BLANK.,action_nonfollows,action_nonfollows_target,97dd01de-586e-4782-902f-a496e522e421,doesn't spill,spills,1
A2GJCL7GRXIJ7R,2,retest,Ali is right of the painting. Ali turns around. Ali is BLANK the painting.,egocentric_near,egocentric_near_target,7ae6543e-9e1e-4975-9d68-ad7d04fd1e4e,right of,left of,0
A2GJCL7GRXIJ7R,2,retest,Chicago is BLANK Ali. Ali turns left. Chicago is right of Ali.,egocentric_distant,egocentric_distant_context,a0ad98be-c0ed-44cc-9e98-e8be414bdce1,in front of,behind,1
A2GJCL7GRXIJ7R,2,retest,Chicago is in front of Ali. Ali turns right. Chicago is BLANK Ali.,egocentric_distant,egocentric_distant_target,a39d0d62-588e-4557-81a0-2e1e671c0e17,left of,right of,1
A2GJCL7GRXIJ7R,2,retest,The glass is on the floor. Ali bumps the BLANK. The glass doesn't break.,state_nonfollows,state_nonfollows_context,b055fb0f-1958-45fd-870a-d54814aefbee,table,glass,1
A2GJCL7GRXIJ7R,2,retest,The window is behind Ali. Ali throws the baseball forward. The window BLANK.,state_nonfollows,state_nonfollows_target,71cbbb37-63ba-4e5b-a641-28bac214cb01,doesn't break,breaks,1
A2GJCL7GRXIJ7R,2,retest,The wall was painted BLANK ago. Ali touches the wall. Ali's hand is painted.,state_follows,state_follows_context,9e760262-6760-4910-ae27-d5f31cb04573,5 minutes,1 month,1
A2GJCL7GRXIJ7R,2,retest,The cup is empty. Ali pours BLANK in the cup. The cup is dry.,state_nonfollows,state_nonfollows_context,6a785729-cfcd-45a6-9087-df181fe49c39,sand,water,1
A2GJCL7GRXIJ7R,2,retest,The brick is on the table. Ali bumps the brick off the table. The brick BLANK.,state_nonfollows,state_nonfollows_target,af3c88ce-961a-4a4d-8258-314a8b8513fd,doesn't break,breaks,0
A2GJCL7GRXIJ7R,2,retest,The ball is close to Ali. Ali throws the box. The ball is BLANK Ali.,action_nonfollows,action_nonfollows_target,76ce548a-e17e-4a57-aaf9-cf3fa2a6c9d3,close to,far from,1
A2GJCL7GRXIJ7R,2,retest,Ali is BLANK the wagon. Ali pulls on the wagon. The wagon moves.,action_follows,action_follows_context,9d2b43af-ba61-47f3-993c-7e93b7ced28a,in front of,behind,0
A2GJCL7GRXIJ7R,2,retest,The painting is to Ali's BLANK. The painting is moved right. The painting is to Ali's right.,egocentric_near,egocentric_near_context,832bad6a-4819-44a8-879c-ba123d4eff25,right,left,0
A2GJCL7GRXIJ7R,2,retest,The wine glass is on the table. The wine glass falls over. The wine spills on the BLANK.,action_follows,action_follows_target,8f2f6473-016c-480b-a77b-a4bfd6af9f64,table,floor,0
A2GJCL7GRXIJ7R,2,retest,Ali is facing BLANK Chicago. Ali turns left. Chicago is left of Ali.,egocentric_distant,egocentric_distant_context,7f8567b3-1cc8-47a4-bcc3-b6b72b2f4e63,away from,towards,0
A2GJCL7GRXIJ7R,2,retest,The painting is BLANK of Ali. Ali turns right. The painting is behind Ali.,egocentric_near,egocentric_near_context,83a89d7b-3897-4b03-bb7e-3917130f7a2a,left,right,1
A2GJCL7GRXIJ7R,2,retest,The bowling ball is close to Ali. Ali throws the bowling ball. The bowling ball is BLANK Ali.,action_nonfollows,action_nonfollows_target,af4eb18f-79bd-44aa-8a21-3919f5448071,close to,far from,0
A2GJCL7GRXIJ7R,2,retest,Ali is BLANK the painting. Ali turns around. Ali is right of the painting.,egocentric_near,egocentric_near_context,7824379a-18fd-4387-bae9-d9add803a5e1,right of,left of,0
A2GJCL7GRXIJ7R,2,retest,Chicago is left of Ali. Ali turns around. Chicago is BLANK Ali.,egocentric_distant,egocentric_distant_target,a0b7ee21-5714-4ea4-8f1d-33e7388d17e9,right of,left of,1
A2GJCL7GRXIJ7R,2,retest,The painting is right of Ali. Ali turns left. The painting is BLANK Ali.,egocentric_near,egocentric_near_target,9464cf69-94a8-47e0-bf12-b333afeb5059,behind,in front of,1
A2GJCL7GRXIJ7R,2,retest,Ali is facing BLANK Milwaukee. Ali turns around. Ali is facing towards Milwaukee.,egocentric_distant,egocentric_distant_context,a142d675-e72e-4665-8813-7155bd331eb1,away from,towards,1
A2GJCL7GRXIJ7R,2,retest,Ali is facing BLANK Milwaukee. Ali turns around. Ali is facing towards Milwaukee.,egocentric_distant,egocentric_distant_context,a142d675-e72e-4665-8813-7155bd331eb1,away from,towards,1
A2GJCL7GRXIJ7R,2,retest,Ali is facing away from Chicago. Ali turns right. Chicago is BLANK Ali.,egocentric_distant,egocentric_distant_target,b11ffacc-e96b-4806-84c4-6252d4c8bf41,right of,left of,0
A2GJCL7GRXIJ7R,2,retest,Ali is facing away from Chicago. Ali turns right. Chicago is BLANK Ali.,egocentric_distant,egocentric_distant_target,b11ffacc-e96b-4806-84c4-6252d4c8bf41,right of,left of,0
A2GJCL7GRXIJ7R,2,retest,The glass is on the table and the cup is on the floor. Ali picks up the glass. The cup BLANK.,action_nonfollows,action_nonfollows_target,930e06dd-d207-446c-96b7-a9faf92483d5,moves,doesn't move,0
A2GJCL7GRXIJ7R,2,retest,The glass is on the table and the cup is on the floor. Ali picks up the glass. The cup BLANK.,action_nonfollows,action_nonfollows_target,930e06dd-d207-446c-96b7-a9faf92483d5,moves,doesn't move,0
A2GJCL7GRXIJ7R,2,retest,Ali is facing Chicago. Ali turns left. Chicago is BLANK Ali.,egocentric_distant,egocentric_distant_target,a3bdec9e-f0a7-48ea-b522-a1648fc244b2,right of,left of,1
A2GJCL7GRXIJ7R,2,retest,Ali is facing Chicago. Ali turns left. Chicago is BLANK Ali.,egocentric_distant,egocentric_distant_target,a3bdec9e-f0a7-48ea-b522-a1648fc244b2,right of,left of,1
A2GJCL7GRXIJ7R,2,retest,The book is under the table. Ali moves the table. The book BLANK.,action_nonfollows,action_nonfollows_target,9f6321ad-9c8a-483d-b2df-d6faa3403521,doesn't move,moves,1
A2GJCL7GRXIJ7R,2,retest,The book is under the table. Ali moves the table. The book BLANK.,action_nonfollows,action_nonfollows_target,9f6321ad-9c8a-483d-b2df-d6faa3403521,doesn't move,moves,1
A2GJCL7GRXIJ7R,2,retest,The painting is BLANK of Ali. Ali turns right. The painting is in front of Ali.,egocentric_near,egocentric_near_context,7ebd0a27-2e35-44b7-a1db-283784b79989,right,left,1
A2GJCL7GRXIJ7R,2,retest,The painting is BLANK of Ali. Ali turns right. The painting is in front of Ali.,egocentric_near,egocentric_near_context,7ebd0a27-2e35-44b7-a1db-283784b79989,right,left,1
A2GJCL7GRXIJ7R,2,retest,The window is BLANK Ali. Ali throws the baseball forward. The window doesn't break.,state_nonfollows,state_nonfollows_context,a802c7e4-f643-4de9-9712-a3d0af75b310,behind,in front of,1
A2GJCL7GRXIJ7R,2,retest,The window is BLANK Ali. Ali throws the baseball forward. The window doesn't break.,state_nonfollows,state_nonfollows_context,a802c7e4-f643-4de9-9712-a3d0af75b310,behind,in front of,1
A2GJCL7GRXIJ7R,2,retest,The wine glass is on the BLANK. Ali bumps the wine glass. The wine spills on the floor.,action_follows,action_follows_context,a2dd4fac-96de-4e38-bb75-e36db0393e98,floor,table,0
A2GJCL7GRXIJ7R,2,retest,The wine glass is on the BLANK. Ali bumps the wine glass. The wine spills on the floor.,action_follows,action_follows_context,a2dd4fac-96de-4e38-bb75-e36db0393e98,floor,table,0
A2GJCL7GRXIJ7R,2,retest,The painting is to Ali's BLANK. The painting is moved left. The painting is to Ali's right.,egocentric_near,egocentric_near_context,78f191e9-62c1-4214-a2e5-e56be737b5da,left,right,0
A2GJCL7GRXIJ7R,2,retest,The painting is to Ali's BLANK. The painting is moved left. The painting is to Ali's right.,egocentric_near,egocentric_near_context,78f191e9-62c1-4214-a2e5-e56be737b5da,left,right,0
A2GJCL7GRXIJ7R,2,retest,Ali is right of the painting. Ali turns around. Ali is BLANK the painting.,egocentric_near,egocentric_near_target,7ae6543e-9e1e-4975-9d68-ad7d04fd1e4e,right of,left of,1
A2GJCL7GRXIJ7R,2,retest,Ali is right of the painting. Ali turns around. Ali is BLANK the painting.,egocentric_near,egocentric_near_target,7ae6543e-9e1e-4975-9d68-ad7d04fd1e4e,right of,left of,1
A2GJCL7GRXIJ7R,2,retest,The brick is on the table. Ali bumps the brick off the table. The brick BLANK.,state_nonfollows,state_nonfollows_target,af3c88ce-961a-4a4d-8258-314a8b8513fd,doesn't break,breaks,1
A2GJCL7GRXIJ7R,2,retest,The brick is on the table. Ali bumps the brick off the table. The brick BLANK.,state_nonfollows,state_nonfollows_target,af3c88ce-961a-4a4d-8258-314a8b8513fd,doesn't break,breaks,1
A2GJCL7GRXIJ7R,2,retest,The ball is close to Ali. Ali throws the box. The ball is BLANK Ali.,action_nonfollows,action_nonfollows_target,76ce548a-e17e-4a57-aaf9-cf3fa2a6c9d3,close to,far from,1
A2GJCL7GRXIJ7R,2,retest,The ball is close to Ali. Ali throws the box. The ball is BLANK Ali.,action_nonfollows,action_nonfollows_target,76ce548a-e17e-4a57-aaf9-cf3fa2a6c9d3,close to,far from,1
A2GJCL7GRXIJ7R,2,retest,Ali is BLANK the wagon. Ali pulls on the wagon. The wagon moves.,action_follows,action_follows_context,9d2b43af-ba61-47f3-993c-7e93b7ced28a,in front of,behind,0
A2GJCL7GRXIJ7R,2,retest,Ali is BLANK the wagon. Ali pulls on the wagon. The wagon moves.,action_follows,action_follows_context,9d2b43af-ba61-47f3-993c-7e93b7ced28a,in front of,behind,0
A2GJCL7GRXIJ7R,2,retest,The painting is to Ali's BLANK. The painting is moved right. The painting is to Ali's right.,egocentric_near,egocentric_near_context,832bad6a-4819-44a8-879c-ba123d4eff25,right,left,0
A2GJCL7GRXIJ7R,2,retest,The painting is to Ali's BLANK. The painting is moved right. The painting is to Ali's right.,egocentric_near,egocentric_near_context,832bad6a-4819-44a8-879c-ba123d4eff25,right,left,0
A2GJCL7GRXIJ7R,2,retest,The wine glass is on the table. The wine glass falls over. The wine spills on the BLANK.,action_follows,action_follows_target,8f2f6473-016c-480b-a77b-a4bfd6af9f64,table,floor,0
A2GJCL7GRXIJ7R,2,retest,The wine glass is on the table. The wine glass falls over. The wine spills on the BLANK.,action_follows,action_follows_target,8f2f6473-016c-480b-a77b-a4bfd6af9f64,table,floor,0
A2GJCL7GRXIJ7R,2,retest,Ali is facing BLANK Chicago. Ali turns left. Chicago is left of Ali.,egocentric_distant,egocentric_distant_context,7f8567b3-1cc8-47a4-bcc3-b6b72b2f4e63,away from,towards,1
A2GJCL7GRXIJ7R,2,retest,Ali is facing BLANK Chicago. Ali turns left. Chicago is left of Ali.,egocentric_distant,egocentric_distant_context,7f8567b3-1cc8-47a4-bcc3-b6b72b2f4e63,away from,towards,1
A2GJCL7GRXIJ7R,2,retest,The painting is BLANK of Ali. Ali turns right. The painting is behind Ali.,egocentric_near,egocentric_near_context,83a89d7b-3897-4b03-bb7e-3917130f7a2a,left,right,1
A2GJCL7GRXIJ7R,2,retest,The painting is BLANK of Ali. Ali turns right. The painting is behind Ali.,egocentric_near,egocentric_near_context,83a89d7b-3897-4b03-bb7e-3917130f7a2a,left,right,1
A2GJCL7GRXIJ7R,2,retest,The bowling ball is close to Ali. Ali throws the bowling ball. The bowling ball is BLANK Ali.,action_nonfollows,action_nonfollows_target,af4eb18f-79bd-44aa-8a21-3919f5448071,close to,far from,0
A2GJCL7GRXIJ7R,2,retest,The bowling ball is close to Ali. Ali throws the bowling ball. The bowling ball is BLANK Ali.,action_nonfollows,action_nonfollows_target,af4eb18f-79bd-44aa-8a21-3919f5448071,close to,far from,0
A2GJCL7GRXIJ7R,2,retest,Ali is BLANK the painting. Ali turns around. Ali is right of the painting.,egocentric_near,egocentric_near_context,7824379a-18fd-4387-bae9-d9add803a5e1,right of,left of,0
A2GJCL7GRXIJ7R,2,retest,Ali is BLANK the painting. Ali turns around. Ali is right of the painting.,egocentric_near,egocentric_near_context,7824379a-18fd-4387-bae9-d9add803a5e1,right of,left of,0
A2GJCL7GRXIJ7R,2,retest,Chicago is left of Ali. Ali turns around. Chicago is BLANK Ali.,egocentric_distant,egocentric_distant_target,a0b7ee21-5714-4ea4-8f1d-33e7388d17e9,right of,left of,0
A2GJCL7GRXIJ7R,2,retest,Chicago is left of Ali. Ali turns around. Chicago is BLANK Ali.,egocentric_distant,egocentric_distant_target,a0b7ee21-5714-4ea4-8f1d-33e7388d17e9,right of,left of,0
A2JOPJFFS04YBE,5,retest,The painting is BLANK Ali. Ali turns right. The painting is West of Ali.,geocentric_near,geocentric_near_context,b4a4599e-5c35-4017-bddf-d8cd9906ad1a,West of,North of,0
A2JOPJFFS04YBE,5,retest,Milwaukee is BLANK Ali. Ali turns left. Milwaukee is North of Ali.,geocentric_distant,geocentric_distant_context,cc3c9137-122e-4dd0-85f2-e816de95a28f,North of,West of,1
A2JOPJFFS04YBE,5,retest,Ali is BLANK of Milwaukee. Ali walks West. Ali is getting closer to Milwaukee.,geocentric_distant,geocentric_distant_context,a049e969-bc7f-4cf3-837b-136cd4fedea7,East,West,1
A2JOPJFFS04YBE,5,retest,The statue is North of Ali. Ali walks West. The statue is BLANK of Ali.,geocentric_near,geocentric_near_target,cd6c5c62-7e69-4c2f-abed-f16de0c2cc46,North of,East of,0
A2JOPJFFS04YBE,5,retest,Milwaukee is BLANK Ali. Ali turns left. Milwaukee is West of Ali.,geocentric_distant,geocentric_distant_context,fee9924b-cb25-446b-af44-b62170c8290e,West of,South of,1
A2JOPJFFS04YBE,5,retest,Ali is BLANK of Milwaukee. Ali walks South. Ali is getting further from Milwaukee.,geocentric_distant,geocentric_distant_context,da9ce4e1-d6fd-430c-ab2a-8e4cfb1e1400,South,North,0
A2JOPJFFS04YBE,5,retest,The painting is South of Ali. Ali turns around. The painting is BLANK Ali.,geocentric_near,geocentric_near_target,8367bb5a-4d50-4466-b766-1c9cfe03964b,South of,North of,1
A2JOPJFFS04YBE,5,retest,The painting is South of Ali. Ali turns right. The painting is BLANK Ali.,geocentric_near,geocentric_near_target,d2717556-613e-4cc6-8a14-bc04bbd1740c,South of,West of,0
A2JOPJFFS04YBE,5,retest,Milwaukee is North of Ali. Ali turns left. Milwaukee is BLANK Ali.,geocentric_distant,geocentric_distant_target,c21b22b3-1dc6-4e7e-945c-d6dbc3235254,North of,West of,1
A2JOPJFFS04YBE,5,retest,Milwaukee is North of Ali. Ali turns around. Milwaukee is BLANK Ali.,geocentric_distant,geocentric_distant_target,fa50948a-b463-4701-8704-800588c7931b,North of,South of,0
A2JOPJFFS04YBE,5,retest,The box is North of Ali. Ali turns around. The box is BLANK Ali.,geocentric_near,geocentric_near_target,817b1f6d-ff16-476d-8da8-4a5a189ff6fc,North of,South of,1
A2JOPJFFS04YBE,5,retest,The painting is West of Ali. Ali turns right. The painting is BLANK Ali.,geocentric_near,geocentric_near_target,7fb75cc7-af4d-4698-9d29-a9b064fdde65,West of,North of,1
A2JOPJFFS04YBE,5,retest,The box is BLANK Ali. Ali turns around. The box is North of Ali.,geocentric_near,geocentric_near_context,cc0f8483-f6de-46de-8138-cd9f9e354061,North of,South of,1
A2JOPJFFS04YBE,5,retest,The painting is BLANK of Ali. Ali turns around. The painting is West of Ali.,geocentric_near,geocentric_near_context,f1bed182-4854-4817-be9b-bbd83f82b6b3,West of,East of,1
A2JOPJFFS04YBE,5,retest,The statue is BLANK Ali. Ali walks North. The statue is East of Ali.,geocentric_near,geocentric_near_context,900df025-c5e8-4874-a648-b98abcac3bec,East of,South of,1
A2JOPJFFS04YBE,5,retest,Milwaukee is West of Ali. Ali turns right. Milwaukee is BLANK Ali.,geocentric_distant,geocentric_distant_target,fe55d52f-2cbe-4ed6-99c7-3621f42b708e,West of,North of,1
A2JOPJFFS04YBE,5,retest,The statue is BLANK Ali. Ali walks East. The statue is South of Ali.,geocentric_near,geocentric_near_context,dda332bc-7e07-43d3-9b4e-320f1d426b3a,South of,West of,1
A2JOPJFFS04YBE,5,retest,Ali is BLANK of Milwaukee. Ali walks North. Ali is getting closer to Milwaukee.,geocentric_distant,geocentric_distant_context,9dca2d9b-abbf-4a6e-b9ca-e05ba8ab913e,South,North,0
A2JOPJFFS04YBE,5,retest,The painting is BLANK Ali. Ali turns left. The painting is South of Ali.,geocentric_near,geocentric_near_context,9e3abe2a-1e64-497a-ad89-98c2e646676e,South of,East of,0
A2JOPJFFS04YBE,5,retest,The statue is North of Ali. Ali walks East. The statue is BLANK of Ali.,geocentric_near,geocentric_near_target,97a7f128-d80a-434a-923a-5b23093392d4,North of,West of,1
A2JOPJFFS04YBE,5,retest,Milwaukee is BLANK Ali. Ali turns left. Milwaukee is South of Ali.,geocentric_distant,geocentric_distant_context,e801aa45-2a31-477e-8726-58aeb4978f44,South of,East of,1
A2JOPJFFS04YBE,5,retest,The painting is North of Ali. Ali turns left. The painting is BLANK Ali.,geocentric_near,geocentric_near_target,fc7cdc2e-21c4-449d-8e3b-d09643846cbf,North of,West of,1
A2JOPJFFS04YBE,5,retest,Milwaukee is BLANK Ali. Ali turns right. Milwaukee is West of Ali.,geocentric_distant,geocentric_distant_context,80095f76-f1b0-4965-b854-61fab928d906,West of,North of,1
A2JOPJFFS04YBE,5,retest,The statue is West of Ali. Ali walks South. The statue is BLANK of Ali.,geocentric_near,geocentric_near_target,947caead-a96c-4aae-bb19-33860a26d48c,West of,North of,1
A2JOPJFFS04YBE,5,retest,The painting is BLANK Ali. Ali turns left. The painting is North of Ali.,geocentric_near,geocentric_near_context,ff265d4c-2988-4db0-8cd1-c8613db5c189,North of,West of,1
A2JOPJFFS04YBE,5,retest,The painting is BLANK Ali. Ali turns left. The painting is East of Ali.,geocentric_near,geocentric_near_context,9d8ecfc4-35b9-4001-9529-6b0c8a91e01a,East of,North of,1
A2JOPJFFS04YBE,5,retest,Milwaukee is BLANK Ali. Ali turns around. Milwaukee is West of Ali.,geocentric_distant,geocentric_distant_context,c5d2016b-d26b-44b9-90f5-184b6445bd3a,West of,East of,1
A2JOPJFFS04YBE,5,retest,Milwaukee is East of Ali. Ali turns right. Milwaukee is BLANK Ali.,geocentric_distant,geocentric_distant_target,d348dbb0-d78c-457c-af70-1bbeb5842ea7,East of,South of,1
A2JOPJFFS04YBE,5,retest,Ali is BLANK of Milwaukee. Ali walks East. Ali is getting further from Milwaukee.,geocentric_distant,geocentric_distant_context,bed73e8c-2190-4ce1-b61e-150f5ed1c776,East,West,1
A2JOPJFFS04YBE,5,retest,The painting is East of Ali. Ali turns left. The painting is BLANK Ali.,geocentric_near,geocentric_near_target,fdf94dc5-2cb7-4323-b672-3b0a32f5f7b9,East of,North of,1
A2JOPJFFS04YBE,5,retest,The box is BLANK Ali. Ali turns around. The box is West of Ali.,geocentric_near,geocentric_near_context,c77f4233-c964-4f83-8ac6-95f75eae89bf,West of,East of,1
A2JOPJFFS04YBE,5,retest,The statue is East of Ali. Ali walks North. The statue is BLANK of Ali.,geocentric_near,geocentric_near_target,bed5c852-6e27-4cca-be42-7d3a0632c454,East of,South of,1
A2JOPJFFS04YBE,5,retest,The painting is West of Ali. Ali turns around. The painting is BLANK Ali.,geocentric_near,geocentric_near_target,90c1e22f-06ef-4e79-bebf-1f933f4395e6,West of,East of,1
A2JOPJFFS04YBE,5,retest,The statue is BLANK Ali. Ali walks South. The statue is West of Ali.,geocentric_near,geocentric_near_context,da2835cc-e084-4f03-9452-35e32d6584d5,West of,North of,1
A2JOPJFFS04YBE,5,retest,Ali is East of Milwaukee. Ali walks East. Ali is getting BLANK Milwaukee.,geocentric_distant,geocentric_distant_target,b89afe78-3f1f-4856-97cc-382a35eb4abc,further from,closer to,0
A2JOPJFFS04YBE,5,retest,Ali is South of Milwaukee. Ali walks North. Ali is getting BLANK Milwaukee.,geocentric_distant,geocentric_distant_target,ce32dac1-fbf6-4834-9716-7a2194b5b314,closer to,further from,0
A2JOPJFFS04YBE,5,retest,The painting is BLANK Ali. Ali turns around. The painting is South of Ali.,geocentric_near,geocentric_near_context,af058740-4880-41ea-93b6-e1468cd69ac2,South of,North of,1
A2JOPJFFS04YBE,5,retest,Milwaukee is BLANK Ali. Ali turns right. Milwaukee is East of Ali.,geocentric_distant,geocentric_distant_context,f5e6b60f-829f-4ded-b496-1853dcc2d3ab,East of,South of,1
A2JOPJFFS04YBE,5,retest,The box is BLANK Ali. Ali turns around. The box is South of Ali.,geocentric_near,geocentric_near_context,e586c6ab-2759-4cf9-a481-e86e8d272815,South of,North of,1
A2JOPJFFS04YBE,5,retest,Mark is facing North. Mark turns 90 degrees to his right. Mark is facing BLANK.,geocentric_near,geocentric_near_target,a525a72c-72cd-4fa4-8728-d405b2df6c2d,East,West,0
A2JOPJFFS04YBE,5,retest,Mark is facing East. Mark turns 90 degrees to his right. Mark is facing BLANK.,geocentric_near,geocentric_near_target,ef8f3d6c-fc26-496d-a9e0-433ea2eb5454,South,North,1
A2JOPJFFS04YBE,5,retest,The painting is BLANK Ali. Ali turns right. The painting is West of Ali.,geocentric_near,geocentric_near_context,b4a4599e-5c35-4017-bddf-d8cd9906ad1a,West of,North of,1
A2JOPJFFS04YBE,5,retest,The painting is BLANK Ali. Ali turns right. The painting is West of Ali.,geocentric_near,geocentric_near_context,b4a4599e-5c35-4017-bddf-d8cd9906ad1a,West of,North of,1
A2JOPJFFS04YBE,5,retest,Ali is BLANK of Milwaukee. Ali walks West. Ali is getting closer to Milwaukee.,geocentric_distant,geocentric_distant_context,a049e969-bc7f-4cf3-837b-136cd4fedea7,East,West,0
A2JOPJFFS04YBE,5,retest,Ali is BLANK of Milwaukee. Ali walks West. Ali is getting closer to Milwaukee.,geocentric_distant,geocentric_distant_context,a049e969-bc7f-4cf3-837b-136cd4fedea7,East,West,0
A2JOPJFFS04YBE,5,retest,The statue is North of Ali. Ali walks West. The statue is BLANK of Ali.,geocentric_near,geocentric_near_target,cd6c5c62-7e69-4c2f-abed-f16de0c2cc46,North of,East of,1
A2JOPJFFS04YBE,5,retest,The statue is North of Ali. Ali walks West. The statue is BLANK of Ali.,geocentric_near,geocentric_near_target,cd6c5c62-7e69-4c2f-abed-f16de0c2cc46,North of,East of,1
A2JOPJFFS04YBE,5,retest,Ali is BLANK of Milwaukee. Ali walks South. Ali is getting further from Milwaukee.,geocentric_distant,geocentric_distant_context,da9ce4e1-d6fd-430c-ab2a-8e4cfb1e1400,South,North,0
A2JOPJFFS04YBE,5,retest,Ali is BLANK of Milwaukee. Ali walks South. Ali is getting further from Milwaukee.,geocentric_distant,geocentric_distant_context,da9ce4e1-d6fd-430c-ab2a-8e4cfb1e1400,South,North,0
A2JOPJFFS04YBE,5,retest,The painting is South of Ali. Ali turns around. The painting is BLANK Ali.,geocentric_near,geocentric_near_target,8367bb5a-4d50-4466-b766-1c9cfe03964b,South of,North of,0
A2JOPJFFS04YBE,5,retest,The painting is South of Ali. Ali turns around. The painting is BLANK Ali.,geocentric_near,geocentric_near_target,8367bb5a-4d50-4466-b766-1c9cfe03964b,South of,North of,0
A2JOPJFFS04YBE,5,retest,The painting is South of Ali. Ali turns right. The painting is BLANK Ali.,geocentric_near,geocentric_near_target,d2717556-613e-4cc6-8a14-bc04bbd1740c,South of,West of,1
A2JOPJFFS04YBE,5,retest,The painting is South of Ali. Ali turns right. The painting is BLANK Ali.,geocentric_near,geocentric_near_target,d2717556-613e-4cc6-8a14-bc04bbd1740c,South of,West of,1
A2JOPJFFS04YBE,5,retest,Milwaukee is North of Ali. Ali turns around. Milwaukee is BLANK Ali.,geocentric_distant,geocentric_distant_target,fa50948a-b463-4701-8704-800588c7931b,North of,South of,0
A2JOPJFFS04YBE,5,retest,Milwaukee is North of Ali. Ali turns around. Milwaukee is BLANK Ali.,geocentric_distant,geocentric_distant_target,fa50948a-b463-4701-8704-800588c7931b,North of,South of,0
A2JOPJFFS04YBE,5,retest,The painting is West of Ali. Ali turns right. The painting is BLANK Ali.,geocentric_near,geocentric_near_target,7fb75cc7-af4d-4698-9d29-a9b064fdde65,West of,North of,0
A2JOPJFFS04YBE,5,retest,The painting is West of Ali. Ali turns right. The painting is BLANK Ali.,geocentric_near,geocentric_near_target,7fb75cc7-af4d-4698-9d29-a9b064fdde65,West of,North of,0
A2JOPJFFS04YBE,5,retest,The box is BLANK Ali. Ali turns around. The box is North of Ali.,geocentric_near,geocentric_near_context,cc0f8483-f6de-46de-8138-cd9f9e354061,North of,South of,0
A2JOPJFFS04YBE,5,retest,The box is BLANK Ali. Ali turns around. The box is North of Ali.,geocentric_near,geocentric_near_context,cc0f8483-f6de-46de-8138-cd9f9e354061,North of,South of,0
A2JOPJFFS04YBE,5,retest,Ali is BLANK of Milwaukee. Ali walks North. Ali is getting closer to Milwaukee.,geocentric_distant,geocentric_distant_context,9dca2d9b-abbf-4a6e-b9ca-e05ba8ab913e,South,North,1
A2JOPJFFS04YBE,5,retest,Ali is BLANK of Milwaukee. Ali walks North. Ali is getting closer to Milwaukee.,geocentric_distant,geocentric_distant_context,9dca2d9b-abbf-4a6e-b9ca-e05ba8ab913e,South,North,1
A2JOPJFFS04YBE,5,retest,The painting is BLANK Ali. Ali turns left. The painting is South of Ali.,geocentric_near,geocentric_near_context,9e3abe2a-1e64-497a-ad89-98c2e646676e,South of,East of,0
A2JOPJFFS04YBE,5,retest,The painting is BLANK Ali. Ali turns left. The painting is South of Ali.,geocentric_near,geocentric_near_context,9e3abe2a-1e64-497a-ad89-98c2e646676e,South of,East of,0
A2JOPJFFS04YBE,5,retest,The statue is North of Ali. Ali walks East. The statue is BLANK of Ali.,geocentric_near,geocentric_near_target,97a7f128-d80a-434a-923a-5b23093392d4,North of,West of,1
A2JOPJFFS04YBE,5,retest,The statue is North of Ali. Ali walks East. The statue is BLANK of Ali.,geocentric_near,geocentric_near_target,97a7f128-d80a-434a-923a-5b23093392d4,North of,West of,1
A2JOPJFFS04YBE,5,retest,Milwaukee is BLANK Ali. Ali turns right. Milwaukee is West of Ali.,geocentric_distant,geocentric_distant_context,80095f76-f1b0-4965-b854-61fab928d906,West of,North of,0
A2JOPJFFS04YBE,5,retest,Milwaukee is BLANK Ali. Ali turns right. Milwaukee is West of Ali.,geocentric_distant,geocentric_distant_context,80095f76-f1b0-4965-b854-61fab928d906,West of,North of,0
A2JOPJFFS04YBE,5,retest,The statue is West of Ali. Ali walks South. The statue is BLANK of Ali.,geocentric_near,geocentric_near_target,947caead-a96c-4aae-bb19-33860a26d48c,West of,North of,1
A2JOPJFFS04YBE,5,retest,The statue is West of Ali. Ali walks South. The statue is BLANK of Ali.,geocentric_near,geocentric_near_target,947caead-a96c-4aae-bb19-33860a26d48c,West of,North of,1
A2JOPJFFS04YBE,5,retest,The painting is BLANK Ali. Ali turns left. The painting is North of Ali.,geocentric_near,geocentric_near_context,ff265d4c-2988-4db0-8cd1-c8613db5c189,North of,West of,0
A2JOPJFFS04YBE,5,retest,The painting is BLANK Ali. Ali turns left. The painting is North of Ali.,geocentric_near,geocentric_near_context,ff265d4c-2988-4db0-8cd1-c8613db5c189,North of,West of,0
A2JOPJFFS04YBE,5,retest,The painting is BLANK Ali. Ali turns left. The painting is East of Ali.,geocentric_near,geocentric_near_context,9d8ecfc4-35b9-4001-9529-6b0c8a91e01a,East of,North of,0
A2JOPJFFS04YBE,5,retest,The painting is BLANK Ali. Ali turns left. The painting is East of Ali.,geocentric_near,geocentric_near_context,9d8ecfc4-35b9-4001-9529-6b0c8a91e01a,East of,North of,0
A2JOPJFFS04YBE,5,retest,Milwaukee is East of Ali. Ali turns right. Milwaukee is BLANK Ali.,geocentric_distant,geocentric_distant_target,d348dbb0-d78c-457c-af70-1bbeb5842ea7,East of,South of,0
A2JOPJFFS04YBE,5,retest,Milwaukee is East of Ali. Ali turns right. Milwaukee is BLANK Ali.,geocentric_distant,geocentric_distant_target,d348dbb0-d78c-457c-af70-1bbeb5842ea7,East of,South of,0
A2JOPJFFS04YBE,5,retest,The box is BLANK Ali. Ali turns around. The box is West of Ali.,geocentric_near,geocentric_near_context,c77f4233-c964-4f83-8ac6-95f75eae89bf,West of,East of,0
A2JOPJFFS04YBE,5,retest,The box is BLANK Ali. Ali turns around. The box is West of Ali.,geocentric_near,geocentric_near_context,c77f4233-c964-4f83-8ac6-95f75eae89bf,West of,East of,0
A2JOPJFFS04YBE,5,retest,The painting is West of Ali. Ali turns around. The painting is BLANK Ali.,geocentric_near,geocentric_near_target,90c1e22f-06ef-4e79-bebf-1f933f4395e6,West of,East of,0
A2JOPJFFS04YBE,5,retest,The painting is West of Ali. Ali turns around. The painting is BLANK Ali.,geocentric_near,geocentric_near_target,90c1e22f-06ef-4e79-bebf-1f933f4395e6,West of,East of,0
A2JOPJFFS04YBE,5,retest,The statue is BLANK Ali. Ali walks South. The statue is West of Ali.,geocentric_near,geocentric_near_context,da2835cc-e084-4f03-9452-35e32d6584d5,West of,North of,1
A2JOPJFFS04YBE,5,retest,The statue is BLANK Ali. Ali walks South. The statue is West of Ali.,geocentric_near,geocentric_near_context,da2835cc-e084-4f03-9452-35e32d6584d5,West of,North of,1
A2JOPJFFS04YBE,5,retest,Ali is East of Milwaukee. Ali walks East. Ali is getting BLANK Milwaukee.,geocentric_distant,geocentric_distant_target,b89afe78-3f1f-4856-97cc-382a35eb4abc,further from,closer to,1
A2JOPJFFS04YBE,5,retest,Ali is East of Milwaukee. Ali walks East. Ali is getting BLANK Milwaukee.,geocentric_distant,geocentric_distant_target,b89afe78-3f1f-4856-97cc-382a35eb4abc,further from,closer to,1
A2JOPJFFS04YBE,5,retest,Ali is South of Milwaukee. Ali walks North. Ali is getting BLANK Milwaukee.,geocentric_distant,geocentric_distant_target,ce32dac1-fbf6-4834-9716-7a2194b5b314,closer to,further from,1
A2JOPJFFS04YBE,5,retest,Ali is South of Milwaukee. Ali walks North. Ali is getting BLANK Milwaukee.,geocentric_distant,geocentric_distant_target,ce32dac1-fbf6-4834-9716-7a2194b5b314,closer to,further from,1
A2JOPJFFS04YBE,5,retest,The box is BLANK Ali. Ali turns around. The box is South of Ali.,geocentric_near,geocentric_near_context,e586c6ab-2759-4cf9-a481-e86e8d272815,South of,North of,0
A2JOPJFFS04YBE,5,retest,The box is BLANK Ali. Ali turns around. The box is South of Ali.,geocentric_near,geocentric_near_context,e586c6ab-2759-4cf9-a481-e86e8d272815,South of,North of,0
A2JOPJFFS04YBE,5,retest,Mark is facing North. Mark turns 90 degrees to his right. Mark is facing BLANK.,geocentric_near,geocentric_near_target,a525a72c-72cd-4fa4-8728-d405b2df6c2d,East,West,1
A2JOPJFFS04YBE,5,retest,Mark is facing North. Mark turns 90 degrees to his right. Mark is facing BLANK.,geocentric_near,geocentric_near_target,a525a72c-72cd-4fa4-8728-d405b2df6c2d,East,West,1
A2YB18JHC2C7GF,2,retest,The cup is empty. Ali pours BLANK in the cup. The cup is dry.,state_nonfollows,state_nonfollows_context,6a785729-cfcd-45a6-9087-df181fe49c39,sand,water,0
A2YB18JHC2C7GF,2,retest,The painting is to Ali's BLANK. The painting is moved right. The painting is to Ali's right.,egocentric_near,egocentric_near_context,832bad6a-4819-44a8-879c-ba123d4eff25,right,left,1
A2YB18JHC2C7GF,2,retest,The painting is right of Ali. Ali turns right. The painting is BLANK Ali.,egocentric_near,egocentric_near_target,86c1f116-7a99-4a81-a85b-d2789deb5909,in front of,behind,1
A2YB18JHC2C7GF,2,retest,The wine glass is on the table. The wine glass falls over. The wine spills on the BLANK.,action_follows,action_follows_target,8f2f6473-016c-480b-a77b-a4bfd6af9f64,table,floor,0
A2YB18JHC2C7GF,2,retest,Ali is facing BLANK Milwaukee. Ali turns around. Ali is facing towards Milwaukee.,egocentric_distant,egocentric_distant_context,a142d675-e72e-4665-8813-7155bd331eb1,away from,towards,0
A2YB18JHC2C7GF,2,retest,The brick is on the table. Ali bumps the brick off the table. The brick BLANK.,state_nonfollows,state_nonfollows_target,af3c88ce-961a-4a4d-8258-314a8b8513fd,doesn't break,breaks,1
A2YB18JHC2C7GF,2,retest,The glass is on the table and the cup is on the floor. Ali picks up the glass. The cup BLANK.,action_nonfollows,action_nonfollows_target,930e06dd-d207-446c-96b7-a9faf92483d5,moves,doesn't move,0
A2YB18JHC2C7GF,2,retest,Ali is facing BLANK Chicago. Ali turns left. Chicago is left of Ali.,egocentric_distant,egocentric_distant_context,7f8567b3-1cc8-47a4-bcc3-b6b72b2f4e63,away from,towards,0
A2YB18JHC2C7GF,2,retest,The wine glass is on the BLANK. Ali bumps the wine glass. The wine spills on the floor.,action_follows,action_follows_context,a2dd4fac-96de-4e38-bb75-e36db0393e98,floor,table,0
A2YB18JHC2C7GF,2,retest,Ali is facing away from Chicago. Ali turns right. Chicago is BLANK Ali.,egocentric_distant,egocentric_distant_target,b11ffacc-e96b-4806-84c4-6252d4c8bf41,right of,left of,1
A2YB18JHC2C7GF,2,retest,Ali is BLANK the wagon. Ali pulls on the wagon. The wagon moves.,action_follows,action_follows_context,9d2b43af-ba61-47f3-993c-7e93b7ced28a,in front of,behind,1
A2YB18JHC2C7GF,2,retest,Ali is facing Chicago. Ali turns left. Chicago is BLANK Ali.,egocentric_distant,egocentric_distant_target,a3bdec9e-f0a7-48ea-b522-a1648fc244b2,right of,left of,0
A2YB18JHC2C7GF,2,retest,Milwaukee is to Ali's BLANK. Ali turns left. Ali is facing away from Milwaukee.,egocentric_distant,egocentric_distant_context,8109d3a1-786d-4676-9015-297215cfc561,right,left,0
A2YB18JHC2C7GF,2,retest,The painting is to Ali's BLANK. The painting is moved left. The painting is to Ali's right.,egocentric_near,egocentric_near_context,78f191e9-62c1-4214-a2e5-e56be737b5da,left,right,0
A2YB18JHC2C7GF,2,retest,The wine glass is on the table. Ali bumps the lamp. The wine BLANK.,action_nonfollows,action_nonfollows_target,97dd01de-586e-4782-902f-a496e522e421,doesn't spill,spills,1
A2YB18JHC2C7GF,2,retest,The window is BLANK Ali. Ali throws the baseball forward. The window doesn't break.,state_nonfollows,state_nonfollows_context,a802c7e4-f643-4de9-9712-a3d0af75b310,behind,in front of,0
A2YB18JHC2C7GF,2,retest,The ball is close to Ali. Ali throws the box. The ball is BLANK Ali.,action_nonfollows,action_nonfollows_target,76ce548a-e17e-4a57-aaf9-cf3fa2a6c9d3,close to,far from,1
A2YB18JHC2C7GF,2,retest,The bowling ball is close to Ali. Ali throws the bowling ball. The bowling ball is BLANK Ali.,action_nonfollows,action_nonfollows_target,af4eb18f-79bd-44aa-8a21-3919f5448071,close to,far from,1
A2YB18JHC2C7GF,2,retest,Ali is BLANK the painting. Ali turns around. Ali is right of the painting.,egocentric_near,egocentric_near_context,7824379a-18fd-4387-bae9-d9add803a5e1,right of,left of,1
A2YB18JHC2C7GF,2,retest,Chicago is BLANK Ali. Ali turns around. Chicago is left of Ali.,egocentric_distant,egocentric_distant_context,a786ec6e-e388-459a-b336-ef496fc4d326,right of,left of,1
A2YB18JHC2C7GF,2,retest,The wall was painted BLANK ago. Ali touches the wall. Ali's hand is painted.,state_follows,state_follows_context,9e760262-6760-4910-ae27-d5f31cb04573,5 minutes,1 month,1
A2YB18JHC2C7GF,2,retest,The glass is on the floor. Ali bumps the BLANK. The glass doesn't break.,state_nonfollows,state_nonfollows_context,b055fb0f-1958-45fd-870a-d54814aefbee,table,glass,1
A2YB18JHC2C7GF,2,retest,Chicago is in front of Ali. Ali turns right. Chicago is BLANK Ali.,egocentric_distant,egocentric_distant_target,a39d0d62-588e-4557-81a0-2e1e671c0e17,left of,right of,1
A2YB18JHC2C7GF,2,retest,The window is behind Ali. Ali throws the baseball forward. The window BLANK.,state_nonfollows,state_nonfollows_target,71cbbb37-63ba-4e5b-a641-28bac214cb01,doesn't break,breaks,1
A2YB18JHC2C7GF,2,retest,The painting is BLANK of Ali. Ali turns right. The painting is in front of Ali.,egocentric_near,egocentric_near_context,7ebd0a27-2e35-44b7-a1db-283784b79989,right,left,1
A2YB18JHC2C7GF,2,retest,Chicago is BLANK Ali. Ali turns left. Chicago is right of Ali.,egocentric_distant,egocentric_distant_context,a0ad98be-c0ed-44cc-9e98-e8be414bdce1,in front of,behind,1
A2YB18JHC2C7GF,2,retest,Chicago is left of Ali. Ali turns around. Chicago is BLANK Ali.,egocentric_distant,egocentric_distant_target,a0b7ee21-5714-4ea4-8f1d-33e7388d17e9,right of,left of,1
A2YB18JHC2C7GF,2,retest,The window is behind Ali and the wall is in front of Ali. Ali throws the baseball at the wall. The window BLANK.,state_nonfollows,state_nonfollows_target,88712078-fc2f-436a-8a04-1757993c015e,doesn't break,breaks,1
A2YB18JHC2C7GF,2,retest,The empty glass is on the table. Ali knocks the glass over. The table is BLANK.,state_nonfollows,state_nonfollows_target,acf5fc4f-47f1-4641-bd99-567028820394,dry,wet,1
A2YB18JHC2C7GF,2,retest,Ali is facing Chicago. Ali turns right. Chicago is BLANK Ali.,egocentric_distant,egocentric_distant_target,b054c9a8-8ae5-42ae-8771-d39aa8c11479,left of,right of,1
A2YB18JHC2C7GF,2,retest,The painting is right of Ali. Ali turns left. The painting is BLANK Ali.,egocentric_near,egocentric_near_target,9464cf69-94a8-47e0-bf12-b333afeb5059,behind,in front of,0
A2YB18JHC2C7GF,2,retest,The book is under the table. Ali moves the table. The book BLANK.,action_nonfollows,action_nonfollows_target,9f6321ad-9c8a-483d-b2df-d6faa3403521,doesn't move,moves,1
A2YB18JHC2C7GF,2,retest,The painting is BLANK of Ali. Ali turns right. The painting is behind Ali.,egocentric_near,egocentric_near_context,83a89d7b-3897-4b03-bb7e-3917130f7a2a,left,right,1
A2YB18JHC2C7GF,2,retest,Ali is right of the painting. Ali turns around. Ali is BLANK the painting.,egocentric_near,egocentric_near_target,7ae6543e-9e1e-4975-9d68-ad7d04fd1e4e,right of,left of,0
A2YB18JHC2C7GF,2,retest,The cup is empty. Ali pours BLANK in the cup. The cup is dry.,state_nonfollows,state_nonfollows_context,6a785729-cfcd-45a6-9087-df181fe49c39,sand,water,1
A2YB18JHC2C7GF,2,retest,The cup is empty. Ali pours BLANK in the cup. The cup is dry.,state_nonfollows,state_nonfollows_context,6a785729-cfcd-45a6-9087-df181fe49c39,sand,water,1
A2YB18JHC2C7GF,2,retest,The wine glass is on the table. The wine glass falls over. The wine spills on the BLANK.,action_follows,action_follows_target,8f2f6473-016c-480b-a77b-a4bfd6af9f64,table,floor,1
A2YB18JHC2C7GF,2,retest,The wine glass is on the table. The wine glass falls over. The wine spills on the BLANK.,action_follows,action_follows_target,8f2f6473-016c-480b-a77b-a4bfd6af9f64,table,floor,1
A2YB18JHC2C7GF,2,retest,Ali is facing BLANK Milwaukee. Ali turns around. Ali is facing towards Milwaukee.,egocentric_distant,egocentric_distant_context,a142d675-e72e-4665-8813-7155bd331eb1,away from,towards,1
A2YB18JHC2C7GF,2,retest,Ali is facing BLANK Milwaukee. Ali turns around. Ali is facing towards Milwaukee.,egocentric_distant,egocentric_distant_context,a142d675-e72e-4665-8813-7155bd331eb1,away from,towards,1
A2YB18JHC2C7GF,2,retest,The brick is on the table. Ali bumps the brick off the table. The brick BLANK.,state_nonfollows,state_nonfollows_target,af3c88ce-961a-4a4d-8258-314a8b8513fd,doesn't break,breaks,1
A2YB18JHC2C7GF,2,retest,The brick is on the table. Ali bumps the brick off the table. The brick BLANK.,state_nonfollows,state_nonfollows_target,af3c88ce-961a-4a4d-8258-314a8b8513fd,doesn't break,breaks,1
A2YB18JHC2C7GF,2,retest,The glass is on the table and the cup is on the floor. Ali picks up the glass. The cup BLANK.,action_nonfollows,action_nonfollows_target,930e06dd-d207-446c-96b7-a9faf92483d5,moves,doesn't move,0
A2YB18JHC2C7GF,2,retest,The glass is on the table and the cup is on the floor. Ali picks up the glass. The cup BLANK.,action_nonfollows,action_nonfollows_target,930e06dd-d207-446c-96b7-a9faf92483d5,moves,doesn't move,0
A2YB18JHC2C7GF,2,retest,Ali is facing BLANK Chicago. Ali turns left. Chicago is left of Ali.,egocentric_distant,egocentric_distant_context,7f8567b3-1cc8-47a4-bcc3-b6b72b2f4e63,away from,towards,0
A2YB18JHC2C7GF,2,retest,Ali is facing BLANK Chicago. Ali turns left. Chicago is left of Ali.,egocentric_distant,egocentric_distant_context,7f8567b3-1cc8-47a4-bcc3-b6b72b2f4e63,away from,towards,0
A2YB18JHC2C7GF,2,retest,The wine glass is on the BLANK. Ali bumps the wine glass. The wine spills on the floor.,action_follows,action_follows_context,a2dd4fac-96de-4e38-bb75-e36db0393e98,floor,table,0
A2YB18JHC2C7GF,2,retest,The wine glass is on the BLANK. Ali bumps the wine glass. The wine spills on the floor.,action_follows,action_follows_context,a2dd4fac-96de-4e38-bb75-e36db0393e98,floor,table,0
A2YB18JHC2C7GF,2,retest,Ali is facing away from Chicago. Ali turns right. Chicago is BLANK Ali.,egocentric_distant,egocentric_distant_target,b11ffacc-e96b-4806-84c4-6252d4c8bf41,right of,left of,0
A2YB18JHC2C7GF,2,retest,Ali is facing away from Chicago. Ali turns right. Chicago is BLANK Ali.,egocentric_distant,egocentric_distant_target,b11ffacc-e96b-4806-84c4-6252d4c8bf41,right of,left of,0
A2YB18JHC2C7GF,2,retest,Ali is facing Chicago. Ali turns left. Chicago is BLANK Ali.,egocentric_distant,egocentric_distant_target,a3bdec9e-f0a7-48ea-b522-a1648fc244b2,right of,left of,1
A2YB18JHC2C7GF,2,retest,Ali is facing Chicago. Ali turns left. Chicago is BLANK Ali.,egocentric_distant,egocentric_distant_target,a3bdec9e-f0a7-48ea-b522-a1648fc244b2,right of,left of,1
A2YB18JHC2C7GF,2,retest,Milwaukee is to Ali's BLANK. Ali turns left. Ali is facing away from Milwaukee.,egocentric_distant,egocentric_distant_context,8109d3a1-786d-4676-9015-297215cfc561,right,left,1
A2YB18JHC2C7GF,2,retest,Milwaukee is to Ali's BLANK. Ali turns left. Ali is facing away from Milwaukee.,egocentric_distant,egocentric_distant_context,8109d3a1-786d-4676-9015-297215cfc561,right,left,1
A2YB18JHC2C7GF,2,retest,The painting is to Ali's BLANK. The painting is moved left. The painting is to Ali's right.,egocentric_near,egocentric_near_context,78f191e9-62c1-4214-a2e5-e56be737b5da,left,right,0
A2YB18JHC2C7GF,2,retest,The painting is to Ali's BLANK. The painting is moved left. The painting is to Ali's right.,egocentric_near,egocentric_near_context,78f191e9-62c1-4214-a2e5-e56be737b5da,left,right,0
A2YB18JHC2C7GF,2,retest,The window is BLANK Ali. Ali throws the baseball forward. The window doesn't break.,state_nonfollows,state_nonfollows_context,a802c7e4-f643-4de9-9712-a3d0af75b310,behind,in front of,0
A2YB18JHC2C7GF,2,retest,The window is BLANK Ali. Ali throws the baseball forward. The window doesn't break.,state_nonfollows,state_nonfollows_context,a802c7e4-f643-4de9-9712-a3d0af75b310,behind,in front of,0
A2YB18JHC2C7GF,2,retest,Ali is BLANK the painting. Ali turns around. Ali is right of the painting.,egocentric_near,egocentric_near_context,7824379a-18fd-4387-bae9-d9add803a5e1,right of,left of,0
A2YB18JHC2C7GF,2,retest,Ali is BLANK the painting. Ali turns around. Ali is right of the painting.,egocentric_near,egocentric_near_context,7824379a-18fd-4387-bae9-d9add803a5e1,right of,left of,0
A2YB18JHC2C7GF,2,retest,The wall was painted BLANK ago. Ali touches the wall. Ali's hand is painted.,state_follows,state_follows_context,9e760262-6760-4910-ae27-d5f31cb04573,5 minutes,1 month,1
A2YB18JHC2C7GF,2,retest,The wall was painted BLANK ago. Ali touches the wall. Ali's hand is painted.,state_follows,state_follows_context,9e760262-6760-4910-ae27-d5f31cb04573,5 minutes,1 month,1
A2YB18JHC2C7GF,2,retest,The glass is on the floor. Ali bumps the BLANK. The glass doesn't break.,state_nonfollows,state_nonfollows_context,b055fb0f-1958-45fd-870a-d54814aefbee,table,glass,1
A2YB18JHC2C7GF,2,retest,The glass is on the floor. Ali bumps the BLANK. The glass doesn't break.,state_nonfollows,state_nonfollows_context,b055fb0f-1958-45fd-870a-d54814aefbee,table,glass,1
A2YB18JHC2C7GF,2,retest,The painting is BLANK of Ali. Ali turns right. The painting is in front of Ali.,egocentric_near,egocentric_near_context,7ebd0a27-2e35-44b7-a1db-283784b79989,right,left,1
A2YB18JHC2C7GF,2,retest,The painting is BLANK of Ali. Ali turns right. The painting is in front of Ali.,egocentric_near,egocentric_near_context,7ebd0a27-2e35-44b7-a1db-283784b79989,right,left,1
A2YB18JHC2C7GF,2,retest,Chicago is BLANK Ali. Ali turns left. Chicago is right of Ali.,egocentric_distant,egocentric_distant_context,a0ad98be-c0ed-44cc-9e98-e8be414bdce1,in front of,behind,0
A2YB18JHC2C7GF,2,retest,Chicago is BLANK Ali. Ali turns left. Chicago is right of Ali.,egocentric_distant,egocentric_distant_context,a0ad98be-c0ed-44cc-9e98-e8be414bdce1,in front of,behind,0
A2YB18JHC2C7GF,2,retest,Ali is facing Chicago. Ali turns right. Chicago is BLANK Ali.,egocentric_distant,egocentric_distant_target,b054c9a8-8ae5-42ae-8771-d39aa8c11479,left of,right of,0
A2YB18JHC2C7GF,2,retest,Ali is facing Chicago. Ali turns right. Chicago is BLANK Ali.,egocentric_distant,egocentric_distant_target,b054c9a8-8ae5-42ae-8771-d39aa8c11479,left of,right of,0
A2YB18JHC2C7GF,2,retest,The painting is right of Ali. Ali turns left. The painting is BLANK Ali.,egocentric_near,egocentric_near_target,9464cf69-94a8-47e0-bf12-b333afeb5059,behind,in front of,1
A2YB18JHC2C7GF,2,retest,The painting is right of Ali. Ali turns left. The painting is BLANK Ali.,egocentric_near,egocentric_near_target,9464cf69-94a8-47e0-bf12-b333afeb5059,behind,in front of,1
A2YB18JHC2C7GF,2,retest,The painting is BLANK of Ali. Ali turns right. The painting is behind Ali.,egocentric_near,egocentric_near_context,83a89d7b-3897-4b03-bb7e-3917130f7a2a,left,right,1
A2YB18JHC2C7GF,2,retest,The painting is BLANK of Ali. Ali turns right. The painting is behind Ali.,egocentric_near,egocentric_near_context,83a89d7b-3897-4b03-bb7e-3917130f7a2a,left,right,1
A2YB18JHC2C7GF,2,retest,Ali is right of the painting. Ali turns around. Ali is BLANK the painting.,egocentric_near,egocentric_near_target,7ae6543e-9e1e-4975-9d68-ad7d04fd1e4e,right of,left of,0
A2YB18JHC2C7GF,2,retest,Ali is right of the painting. Ali turns around. Ali is BLANK the painting.,egocentric_near,egocentric_near_target,7ae6543e-9e1e-4975-9d68-ad7d04fd1e4e,right of,left of,0
A36A780ODXBDEH,4,retest,The painting is East of Ali. Ali turns around. The painting is BLANK Ali.,geocentric_near,geocentric_near_target,14321555-7ea9-4679-b51e-ac67fb252f49,East of,West of,0
A36A780ODXBDEH,4,retest,The painting is BLANK Ali. Ali turns left. The painting is West of Ali.,geocentric_near,geocentric_near_context,371933d5-09a6-4be0-ab6a-736ebc7c885d,West of,South of,1
A36A780ODXBDEH,4,retest,The statue is BLANK Ali. Ali walks South. The statue is East of Ali.,geocentric_near,geocentric_near_context,1d96d949-42bd-435b-b94b-18a7daf5eda7,East of,North of,1
A36A780ODXBDEH,4,retest,Ali is East of Milwaukee. Ali walks West. Ali is getting BLANK Milwaukee.,geocentric_distant,geocentric_distant_target,67b9b39e-21bf-4eae-bc30-d2bbccfd7b46,closer to,further from,1
A36A780ODXBDEH,4,retest,Milwaukee is BLANK Ali. Ali turns right. Milwaukee is North of Ali.,geocentric_distant,geocentric_distant_context,7206047f-87f8-4d57-a741-e044eeb302c2,North of,East of,0
A36A780ODXBDEH,4,retest,The painting is North of Ali. Ali turns around. The painting is BLANK Ali.,geocentric_near,geocentric_near_target,259d98cc-7d54-4369-9cee-c39d9df87771,North of,South of,0
A36A780ODXBDEH,4,retest,The box is South of Ali. Ali turns around. The box is BLANK Ali.,geocentric_near,geocentric_near_target,53d5158f-a2f6-4185-8c98-08da3e6ec92c,South of,North of,0
A36A780ODXBDEH,4,retest,The painting is BLANK Ali. Ali turns right. The painting is South of Ali.,geocentric_near,geocentric_near_context,53e65902-e67a-4c24-b2ad-c73e60322ad7,South of,West of,0
A36A780ODXBDEH,4,retest,Milwaukee is BLANK Ali. Ali turns around. Milwaukee is South of Ali.,geocentric_distant,geocentric_distant_context,71d90361-bbec-4143-a556-ce4b5bdc12ef,South of,North of,0
A36A780ODXBDEH,4,retest,Ali is directly North of Milwaukee. Ali walks East. Ali is BLANK Milwaukee.,geocentric_distant,geocentric_distant_target,72cd0076-2e45-4c94-b071-27ad4067b3ba,Northeast,Southwest,1
A36A780ODXBDEH,4,retest,Mark is facing South. Mark turns 90 degrees to his right. Mark is facing BLANK.,geocentric_near,geocentric_near_target,1911dc4d-f888-4f10-847b-e9940e7aa3cc,West,East,1
A36A780ODXBDEH,4,retest,Milwaukee is BLANK Ali. Ali turns around. Milwaukee is East of Ali.,geocentric_distant,geocentric_distant_context,77c0d17a-6bd6-4db4-bc73-14f3e7d2b394,East of,West of,0
A36A780ODXBDEH,4,retest,Ali is directly BLANK of Milwaukee. Ali walks West. Ali is Southwest of Milwaukee.,geocentric_distant,geocentric_distant_context,300eca91-7f1c-427a-94bf-0ba740b8f6ac,South,North,1
A36A780ODXBDEH,4,retest,Milwaukee is BLANK of Ali. Ali walks West. Ali is getting closer to Milwaukee.,geocentric_distant,geocentric_distant_context,39f1ec10-1ca4-4e11-8934-4468bf7bdf07,West,East,1
A36A780ODXBDEH,4,retest,The statue is South of Ali. Ali walks East. The statue is BLANK of Ali.,geocentric_near,geocentric_near_target,74f043f5-acec-4feb-86b0-8ef876aecd9e,South of,West of,1
A36A780ODXBDEH,4,retest,The statue is BLANK Ali. Ali walks East. The statue is North of Ali.,geocentric_near,geocentric_near_context,65877b0d-ab1c-4076-9083-baee15b3f77c,North of,West of,1
A36A780ODXBDEH,4,retest,Milwaukee is BLANK Ali. Ali turns left. Milwaukee is East of Ali.,geocentric_distant,geocentric_distant_context,3db7d6ed-6556-41e8-84c7-4842a7f10aaf,East of,North of,1
A36A780ODXBDEH,4,retest,Milwaukee is West of Ali. Ali turns around. Milwaukee is BLANK Ali.,geocentric_distant,geocentric_distant_target,5a23ac72-538b-4ce0-9c8d-3fcbaf720c14,West of,East of,0
A36A780ODXBDEH,4,retest,Milwaukee is East of Ali. Ali turns around. Milwaukee is BLANK Ali.,geocentric_distant,geocentric_distant_target,2d04b915-2739-4516-9aa3-4b513d3292f8,East of,West of,0
A36A780ODXBDEH,4,retest,Mark is facing BLANK. Mark turns 90 degrees to his right. Mark is facing West.,geocentric_near,geocentric_near_context,158db60e-90ac-4371-8e54-92fec86e2514,South,North,1
A36A780ODXBDEH,4,retest,Milwaukee is West of Ali. Ali turns left. Milwaukee is BLANK Ali.,geocentric_distant,geocentric_distant_target,4a5694f4-513a-4932-b03f-7e15b79f4152,West of,South of,0
A36A780ODXBDEH,4,retest,Milwaukee is BLANK Ali. Ali turns around. Milwaukee is North of Ali.,geocentric_distant,geocentric_distant_context,14f6052a-0630-41e5-8e32-49b50329bc7c,North of,South of,0
A36A780ODXBDEH,4,retest,Milwaukee is South of Ali. Ali turns left. Milwaukee is BLANK Ali.,geocentric_distant,geocentric_distant_target,4ebfa491-4cac-42c5-989f-28d141866d2d,South,East of,1
A36A780ODXBDEH,4,retest,The box is West of Ali. Ali turns around. The box is BLANK Ali.,geocentric_near,geocentric_near_target,4707b854-94c1-4bdf-bbbe-523dcbcffb17,West of,East of,0
A36A780ODXBDEH,4,retest,Milwaukee is South of Ali. Ali turns around. Milwaukee is BLANK Ali.,geocentric_distant,geocentric_distant_target,1df25621-f5fc-45c4-b67e-908755a4b805,South of,North of,0
A36A780ODXBDEH,4,retest,The painting is East of Ali. Ali turns right. The painting is BLANK Ali.,geocentric_near,geocentric_near_target,5f2ceea9-dc97-4a8e-b41e-8340d27dcae0,East of,South of,1
A36A780ODXBDEH,4,retest,The statue is BLANK Ali. Ali walks West. The statue is North of Ali.,geocentric_near,geocentric_near_context,2394a22c-ce98-4455-8af8-9365567f5512,North of,East of,1
A36A780ODXBDEH,4,retest,The painting is BLANK Ali. Ali turns around. The painting is North of Ali.,geocentric_near,geocentric_near_context,0f6d0640-aa19-4331-b909-2d4ce3819888,North of,South of,0
A36A780ODXBDEH,4,retest,The painting is South of Ali. Ali turns left. The painting is BLANK Ali.,geocentric_near,geocentric_near_target,388f87fc-7d6f-42d9-baa2-180cee60026e,South of,East of,0
A36A780ODXBDEH,4,retest,The painting is BLANK Ali. Ali turns right. The painting is North of Ali.,geocentric_near,geocentric_near_context,3eedd983-6f21-45cb-8008-1014712a7b7b,North of,East of,0
A36A780ODXBDEH,4,retest,The box is East of Ali. Ali turns around. The box is BLANK Ali.,geocentric_near,geocentric_near_target,1db16913-f23f-4f1e-92ed-27302deba9fc,East of,West of,0
A36A780ODXBDEH,4,retest,Milwaukee is North of Ali. Ali turns right. Milwaukee is BLANK Ali.,geocentric_distant,geocentric_distant_target,3e898758-3fe2-437c-ae53-dac3e31b103d,North of,East of,0
A36A780ODXBDEH,4,retest,The painting is North of Ali. Ali turns right. The painting is BLANK Ali.,geocentric_near,geocentric_near_target,56e0ef8c-a438-4942-90a4-b8ed0b45e5a9,North of,East of,0
A36A780ODXBDEH,4,retest,The painting is BLANK of Ali. Ali turns around. The painting is East of Ali.,geocentric_near,geocentric_near_context,10a923c5-3759-4bf7-9d6a-d986ed2fd2be,East of,West of,0
A36A780ODXBDEH,4,retest,The statue is East of Ali. Ali walks South. The statue is BLANK of Ali.,geocentric_near,geocentric_near_target,7132ca09-59fa-476f-9222-57847641467d,East of,North of,1
A36A780ODXBDEH,4,retest,The painting is BLANK Ali. Ali turns right. The painting is East of Ali.,geocentric_near,geocentric_near_context,75584ccb-cf13-4dad-a836-d1718688dd78,East of,South of,0
A36A780ODXBDEH,4,retest,The box is BLANK Ali. Ali turns around. The box is East of Ali.,geocentric_near,geocentric_near_context,32cf82f2-f1d9-47f7-a424-179811371198,East of,West of,0
A36A780ODXBDEH,4,retest,Mark is facing BLANK. Mark turns 90 degrees to his right. Mark is facing North.,geocentric_near,geocentric_near_context,6aeba3f8-1b5a-41e2-8a91-d8af80926c51,West,East,1
A36A780ODXBDEH,4,retest,The statue is West of Ali. Ali walks North. The statue is BLANK of Ali.,geocentric_near,geocentric_near_target,02001830-4e69-4fbb-bf98-17c2b84f5101,West of,South of,1
A36A780ODXBDEH,4,retest,Milwaukee is BLANK Ali. Ali turns right. Milwaukee is South of Ali.,geocentric_distant,geocentric_distant_context,3f98a0d2-e39a-44fe-8829-f36a67060ce0,South of,West of,0
A36A780ODXBDEH,4,retest,The painting is West of Ali. Ali turns left. The painting is BLANK Ali.,geocentric_near,geocentric_near_target,755f2c4d-3da2-4db8-bedd-f1a04cb521da,West of,South of,0
A36A780ODXBDEH,4,retest,The statue is BLANK Ali. Ali walks North. The statue is West of Ali.,geocentric_near,geocentric_near_context,1548d982-1dd9-4987-a32f-e7901bf4ae19,West of,South of,1
A36A780ODXBDEH,4,retest,The painting is East of Ali. Ali turns around. The painting is BLANK Ali.,geocentric_near,geocentric_near_target,14321555-7ea9-4679-b51e-ac67fb252f49,East of,West of,0
A36A780ODXBDEH,4,retest,The painting is East of Ali. Ali turns around. The painting is BLANK Ali.,geocentric_near,geocentric_near_target,14321555-7ea9-4679-b51e-ac67fb252f49,East of,West of,0
A36A780ODXBDEH,4,retest,Milwaukee is BLANK Ali. Ali turns right. Milwaukee is North of Ali.,geocentric_distant,geocentric_distant_context,7206047f-87f8-4d57-a741-e044eeb302c2,North of,East of,0
A36A780ODXBDEH,4,retest,Milwaukee is BLANK Ali. Ali turns right. Milwaukee is North of Ali.,geocentric_distant,geocentric_distant_context,7206047f-87f8-4d57-a741-e044eeb302c2,North of,East of,0
A36A780ODXBDEH,4,retest,The painting is North of Ali. Ali turns around. The painting is BLANK Ali.,geocentric_near,geocentric_near_target,259d98cc-7d54-4369-9cee-c39d9df87771,North of,South of,0
A36A780ODXBDEH,4,retest,The painting is North of Ali. Ali turns around. The painting is BLANK Ali.,geocentric_near,geocentric_near_target,259d98cc-7d54-4369-9cee-c39d9df87771,North of,South of,0
A36A780ODXBDEH,4,retest,The box is South of Ali. Ali turns around. The box is BLANK Ali.,geocentric_near,geocentric_near_target,53d5158f-a2f6-4185-8c98-08da3e6ec92c,South of,North of,0
A36A780ODXBDEH,4,retest,The box is South of Ali. Ali turns around. The box is BLANK Ali.,geocentric_near,geocentric_near_target,53d5158f-a2f6-4185-8c98-08da3e6ec92c,South of,North of,0
A36A780ODXBDEH,4,retest,The painting is BLANK Ali. Ali turns right. The painting is South of Ali.,geocentric_near,geocentric_near_context,53e65902-e67a-4c24-b2ad-c73e60322ad7,South of,West of,1
A36A780ODXBDEH,4,retest,The painting is BLANK Ali. Ali turns right. The painting is South of Ali.,geocentric_near,geocentric_near_context,53e65902-e67a-4c24-b2ad-c73e60322ad7,South of,West of,1
A36A780ODXBDEH,4,retest,Milwaukee is BLANK Ali. Ali turns around. Milwaukee is South of Ali.,geocentric_distant,geocentric_distant_context,71d90361-bbec-4143-a556-ce4b5bdc12ef,South of,North of,1
A36A780ODXBDEH,4,retest,Milwaukee is BLANK Ali. Ali turns around. Milwaukee is South of Ali.,geocentric_distant,geocentric_distant_context,71d90361-bbec-4143-a556-ce4b5bdc12ef,South of,North of,1
A36A780ODXBDEH,4,retest,Ali is directly North of Milwaukee. Ali walks East. Ali is BLANK Milwaukee.,geocentric_distant,geocentric_distant_target,72cd0076-2e45-4c94-b071-27ad4067b3ba,Northeast,Southwest,1
A36A780ODXBDEH,4,retest,Ali is directly North of Milwaukee. Ali walks East. Ali is BLANK Milwaukee.,geocentric_distant,geocentric_distant_target,72cd0076-2e45-4c94-b071-27ad4067b3ba,Northeast,Southwest,1
A36A780ODXBDEH,4,retest,Mark is facing South. Mark turns 90 degrees to his right. Mark is facing BLANK.,geocentric_near,geocentric_near_target,1911dc4d-f888-4f10-847b-e9940e7aa3cc,West,East,0
A36A780ODXBDEH,4,retest,Mark is facing South. Mark turns 90 degrees to his right. Mark is facing BLANK.,geocentric_near,geocentric_near_target,1911dc4d-f888-4f10-847b-e9940e7aa3cc,West,East,0
A36A780ODXBDEH,4,retest,Milwaukee is BLANK Ali. Ali turns around. Milwaukee is East of Ali.,geocentric_distant,geocentric_distant_context,77c0d17a-6bd6-4db4-bc73-14f3e7d2b394,East of,West of,1
A36A780ODXBDEH,4,retest,Milwaukee is BLANK Ali. Ali turns around. Milwaukee is East of Ali.,geocentric_distant,geocentric_distant_context,77c0d17a-6bd6-4db4-bc73-14f3e7d2b394,East of,West of,1
A36A780ODXBDEH,4,retest,The statue is BLANK Ali. Ali walks East. The statue is North of Ali.,geocentric_near,geocentric_near_context,65877b0d-ab1c-4076-9083-baee15b3f77c,North of,West of,1
A36A780ODXBDEH,4,retest,The statue is BLANK Ali. Ali walks East. The statue is North of Ali.,geocentric_near,geocentric_near_context,65877b0d-ab1c-4076-9083-baee15b3f77c,North of,West of,1
A36A780ODXBDEH,4,retest,Milwaukee is West of Ali. Ali turns around. Milwaukee is BLANK Ali.,geocentric_distant,geocentric_distant_target,5a23ac72-538b-4ce0-9c8d-3fcbaf720c14,West of,East of,1
A36A780ODXBDEH,4,retest,Milwaukee is West of Ali. Ali turns around. Milwaukee is BLANK Ali.,geocentric_distant,geocentric_distant_target,5a23ac72-538b-4ce0-9c8d-3fcbaf720c14,West of,East of,1
A36A780ODXBDEH,4,retest,Milwaukee is East of Ali. Ali turns around. Milwaukee is BLANK Ali.,geocentric_distant,geocentric_distant_target,2d04b915-2739-4516-9aa3-4b513d3292f8,East of,West of,1
A36A780ODXBDEH,4,retest,Milwaukee is East of Ali. Ali turns around. Milwaukee is BLANK Ali.,geocentric_distant,geocentric_distant_target,2d04b915-2739-4516-9aa3-4b513d3292f8,East of,West of,1
A36A780ODXBDEH,4,retest,Milwaukee is West of Ali. Ali turns left. Milwaukee is BLANK Ali.,geocentric_distant,geocentric_distant_target,4a5694f4-513a-4932-b03f-7e15b79f4152,West of,South of,1
A36A780ODXBDEH,4,retest,Milwaukee is West of Ali. Ali turns left. Milwaukee is BLANK Ali.,geocentric_distant,geocentric_distant_target,4a5694f4-513a-4932-b03f-7e15b79f4152,West of,South of,1
A36A780ODXBDEH,4,retest,Milwaukee is BLANK Ali. Ali turns around. Milwaukee is North of Ali.,geocentric_distant,geocentric_distant_context,14f6052a-0630-41e5-8e32-49b50329bc7c,North of,South of,1
A36A780ODXBDEH,4,retest,Milwaukee is BLANK Ali. Ali turns around. Milwaukee is North of Ali.,geocentric_distant,geocentric_distant_context,14f6052a-0630-41e5-8e32-49b50329bc7c,North of,South of,1
A36A780ODXBDEH,4,retest,The box is West of Ali. Ali turns around. The box is BLANK Ali.,geocentric_near,geocentric_near_target,4707b854-94c1-4bdf-bbbe-523dcbcffb17,West of,East of,1
A36A780ODXBDEH,4,retest,The box is West of Ali. Ali turns around. The box is BLANK Ali.,geocentric_near,geocentric_near_target,4707b854-94c1-4bdf-bbbe-523dcbcffb17,West of,East of,1
A36A780ODXBDEH,4,retest,Milwaukee is South of Ali. Ali turns around. Milwaukee is BLANK Ali.,geocentric_distant,geocentric_distant_target,1df25621-f5fc-45c4-b67e-908755a4b805,South of,North of,1
A36A780ODXBDEH,4,retest,Milwaukee is South of Ali. Ali turns around. Milwaukee is BLANK Ali.,geocentric_distant,geocentric_distant_target,1df25621-f5fc-45c4-b67e-908755a4b805,South of,North of,1
A36A780ODXBDEH,4,retest,The painting is BLANK Ali. Ali turns around. The painting is North of Ali.,geocentric_near,geocentric_near_context,0f6d0640-aa19-4331-b909-2d4ce3819888,North of,South of,1
A36A780ODXBDEH,4,retest,The painting is BLANK Ali. Ali turns around. The painting is North of Ali.,geocentric_near,geocentric_near_context,0f6d0640-aa19-4331-b909-2d4ce3819888,North of,South of,1
A36A780ODXBDEH,4,retest,The painting is South of Ali. Ali turns left. The painting is BLANK Ali.,geocentric_near,geocentric_near_target,388f87fc-7d6f-42d9-baa2-180cee60026e,South of,East of,1
A36A780ODXBDEH,4,retest,The painting is South of Ali. Ali turns left. The painting is BLANK Ali.,geocentric_near,geocentric_near_target,388f87fc-7d6f-42d9-baa2-180cee60026e,South of,East of,1
A36A780ODXBDEH,4,retest,The painting is BLANK Ali. Ali turns right. The painting is North of Ali.,geocentric_near,geocentric_near_context,3eedd983-6f21-45cb-8008-1014712a7b7b,North of,East of,1
A36A780ODXBDEH,4,retest,The painting is BLANK Ali. Ali turns right. The painting is North of Ali.,geocentric_near,geocentric_near_context,3eedd983-6f21-45cb-8008-1014712a7b7b,North of,East of,1
A36A780ODXBDEH,4,retest,The box is East of Ali. Ali turns around. The box is BLANK Ali.,geocentric_near,geocentric_near_target,1db16913-f23f-4f1e-92ed-27302deba9fc,East of,West of,1
A36A780ODXBDEH,4,retest,The box is East of Ali. Ali turns around. The box is BLANK Ali.,geocentric_near,geocentric_near_target,1db16913-f23f-4f1e-92ed-27302deba9fc,East of,West of,1
A36A780ODXBDEH,4,retest,Milwaukee is North of Ali. Ali turns right. Milwaukee is BLANK Ali.,geocentric_distant,geocentric_distant_target,3e898758-3fe2-437c-ae53-dac3e31b103d,North of,East of,1
A36A780ODXBDEH,4,retest,Milwaukee is North of Ali. Ali turns right. Milwaukee is BLANK Ali.,geocentric_distant,geocentric_distant_target,3e898758-3fe2-437c-ae53-dac3e31b103d,North of,East of,1
A36A780ODXBDEH,4,retest,The painting is North of Ali. Ali turns right. The painting is BLANK Ali.,geocentric_near,geocentric_near_target,56e0ef8c-a438-4942-90a4-b8ed0b45e5a9,North of,East of,1
A36A780ODXBDEH,4,retest,The painting is North of Ali. Ali turns right. The painting is BLANK Ali.,geocentric_near,geocentric_near_target,56e0ef8c-a438-4942-90a4-b8ed0b45e5a9,North of,East of,1
A36A780ODXBDEH,4,retest,The painting is BLANK of Ali. Ali turns around. The painting is East of Ali.,geocentric_near,geocentric_near_context,10a923c5-3759-4bf7-9d6a-d986ed2fd2be,East of,West of,1
A36A780ODXBDEH,4,retest,The painting is BLANK of Ali. Ali turns around. The painting is East of Ali.,geocentric_near,geocentric_near_context,10a923c5-3759-4bf7-9d6a-d986ed2fd2be,East of,West of,1
A36A780ODXBDEH,4,retest,The statue is East of Ali. Ali walks South. The statue is BLANK of Ali.,geocentric_near,geocentric_near_target,7132ca09-59fa-476f-9222-57847641467d,East of,North of,1
A36A780ODXBDEH,4,retest,The statue is East of Ali. Ali walks South. The statue is BLANK of Ali.,geocentric_near,geocentric_near_target,7132ca09-59fa-476f-9222-57847641467d,East of,North of,1
A36A780ODXBDEH,4,retest,The painting is BLANK Ali. Ali turns right. The painting is East of Ali.,geocentric_near,geocentric_near_context,75584ccb-cf13-4dad-a836-d1718688dd78,East of,South of,1
A36A780ODXBDEH,4,retest,The painting is BLANK Ali. Ali turns right. The painting is East of Ali.,geocentric_near,geocentric_near_context,75584ccb-cf13-4dad-a836-d1718688dd78,East of,South of,1
A36A780ODXBDEH,4,retest,The box is BLANK Ali. Ali turns around. The box is East of Ali.,geocentric_near,geocentric_near_context,32cf82f2-f1d9-47f7-a424-179811371198,East of,West of,1
A36A780ODXBDEH,4,retest,The box is BLANK Ali. Ali turns around. The box is East of Ali.,geocentric_near,geocentric_near_context,32cf82f2-f1d9-47f7-a424-179811371198,East of,West of,1
A36A780ODXBDEH,4,retest,The statue is West of Ali. Ali walks North. The statue is BLANK of Ali.,geocentric_near,geocentric_near_target,02001830-4e69-4fbb-bf98-17c2b84f5101,West of,South of,1
A36A780ODXBDEH,4,retest,The statue is West of Ali. Ali walks North. The statue is BLANK of Ali.,geocentric_near,geocentric_near_target,02001830-4e69-4fbb-bf98-17c2b84f5101,West of,South of,1
A36A780ODXBDEH,4,retest,Milwaukee is BLANK Ali. Ali turns right. Milwaukee is South of Ali.,geocentric_distant,geocentric_distant_context,3f98a0d2-e39a-44fe-8829-f36a67060ce0,South of,West of,1
A36A780ODXBDEH,4,retest,Milwaukee is BLANK Ali. Ali turns right. Milwaukee is South of Ali.,geocentric_distant,geocentric_distant_context,3f98a0d2-e39a-44fe-8829-f36a67060ce0,South of,West of,1
A36A780ODXBDEH,4,retest,The painting is West of Ali. Ali turns left. The painting is BLANK Ali.,geocentric_near,geocentric_near_target,755f2c4d-3da2-4db8-bedd-f1a04cb521da,West of,South of,1
A36A780ODXBDEH,4,retest,The painting is West of Ali. Ali turns left. The painting is BLANK Ali.,geocentric_near,geocentric_near_target,755f2c4d-3da2-4db8-bedd-f1a04cb521da,West of,South of,1
A36A780ODXBDEH,4,retest,The statue is BLANK Ali. Ali walks North. The statue is West of Ali.,geocentric_near,geocentric_near_context,1548d982-1dd9-4987-a32f-e7901bf4ae19,West of,South of,1
A36A780ODXBDEH,4,retest,The statue is BLANK Ali. Ali walks North. The statue is West of Ali.,geocentric_near,geocentric_near_context,1548d982-1dd9-4987-a32f-e7901bf4ae19,West of,South of,1
A39FB0AYWYYLC,1,retest,Chicago is behind Ali. Ali turns right. Chicago is BLANK Ali.,egocentric_distant,egocentric_distant_target,208eaa12-f841-4068-b70e-a7c8edee31db,right of,left of,0
A39FB0AYWYYLC,1,retest,The painting is BLANK Ali. Ali turns right. The painting is right of Ali.,egocentric_near,egocentric_near_context,42d93d82-da95-4c5e-96d3-8d266440c4ec,behind,in front of,1
A39FB0AYWYYLC,1,retest,Ali is BLANK the wagon. Ali pulls on the wagon. The wagon doesn't move.,action_nonfollows,action_nonfollows_context,55764064-722f-49d8-98a5-2e2d84e42d64,in,outside,1
A39FB0AYWYYLC,1,retest,Ali is facing away from Chicago. Ali turns around. Chicago is BLANK Ali.,egocentric_distant,egocentric_distant_target,49a33aab-df02-4990-beab-2a4f987d1064,in front of,behind,1
A39FB0AYWYYLC,1,retest,The painting is behind Ali. Ali turns left. The painting is BLANK Ali.,egocentric_near,egocentric_near_target,59fc66d4-3afa-42da-a45d-f73f7a531076,left of,right of,1
A39FB0AYWYYLC,1,retest,The painting is to Ali's right. The painting is moved right. The painting is to Ali's BLANK.,egocentric_near,egocentric_near_target,4e1e4c8f-de93-44b5-a196-29575450bd42,right,left,1
A39FB0AYWYYLC,1,retest,The book is on the table. Ali moves the table. The book BLANK.,action_follows,action_follows_target,0c7ff743-0286-4cb6-9639-4edb16b4b26d,moves,doesn't move,1
A39FB0AYWYYLC,1,retest,Chicago is to Ali's BLANK. Ali turns left. Ali is facing towards Chicago.,egocentric_distant,egocentric_distant_context,0750fd63-cf47-440e-b7a4-8a5f610d3264,left,right,0
A39FB0AYWYYLC,1,retest,Ali is facing away from Chicago. Ali turns left. Chicago is BLANK Ali.,egocentric_distant,egocentric_distant_target,3324abf7-6438-42bf-b7c2-6d54a58c5647,left of,right of,0
A39FB0AYWYYLC,1,retest,The box is floating in the water. Ali puts a tennis ball in the box. The box BLANK.,action_nonfollows,action_nonfollows_target,5edcc89e-d5f6-4ac5-9f05-376d77f2b2d4,floats,sinks,1
A39FB0AYWYYLC,1,retest,The ball is BLANK the box. The ball moves right. The ball is lower than the box.,action_nonfollows,action_nonfollows_context,4db85fa9-8307-4315-983c-1da01ebcfdf3,under,above,0
A39FB0AYWYYLC,1,retest,The painting is BLANK of Ali. Ali turns left. The painting is right of Ali.,egocentric_near,egocentric_near_context,16e1a569-1ad9-4b0c-92b0-feb6df7b5b27,in front of,behind,1
A39FB0AYWYYLC,1,retest,The glass and the cup are on the table. Ali pushes the BLANK off the table. The glass doesn't break.,state_nonfollows,state_nonfollows_context,327243ab-ecb2-459c-a9bf-867dfb152071,cup,glass,1
A39FB0AYWYYLC,1,retest,Ali is BLANK the wagon. Ali pushes on the wagon. The wagon moves.,action_follows,action_follows_context,1f747dd7-a364-472a-9024-76517340aef3,behind,in front of,1
A39FB0AYWYYLC,1,retest,The seesaw is balanced. Ali tilts the BLANK side of the seesaw. The left side goes up.,action_follows,action_follows_context,3853bb96-81c1-470b-b9d5-b17b811bf101,right,left,1
A39FB0AYWYYLC,1,retest,The painting is BLANK Ali. Ali turns left. The painting is left of Ali.,egocentric_near,egocentric_near_context,6889b667-4845-4fa2-9b38-2000f907b9e2,behind,in front of,0
A39FB0AYWYYLC,1,retest,Ali is BLANK. Ali turns around. Ali is in front of the statue.,action_nonfollows,action_nonfollows_context,0e147806-b88f-428d-a3c1-7bfa2651c6ad,in front of the statue,behind the statue,0
A39FB0AYWYYLC,1,retest,The box is in the bin. Ali moves the box. The bin BLANK.,action_nonfollows,action_nonfollows_target,1637e508-3609-4421-8dd2-303fb71ebad9,doesn't move,moves,1
A39FB0AYWYYLC,1,retest,Ali is BLANK painting. Ali turns around. Ali is behind the painting.,egocentric_near,egocentric_near_context,609267cd-7803-4f08-abfe-40ef7cec461e,behind,in front of,0
A39FB0AYWYYLC,1,retest,The box is close to Ali. Ali throws the ball. The box is BLANK Ali.,action_nonfollows,action_nonfollows_target,0ebece86-74c2-44ea-9ef0-8d75a45ba56b,close to,far from,0
A39FB0AYWYYLC,1,retest,The painting is BLANK Ali. Ali turns around. The painting is left of Ali.,egocentric_near,egocentric_near_context,6074e27e-d929-4b07-bc4d-252c7bcb463e,right of,left of,1
A39FB0AYWYYLC,1,retest,The painting is to Ali's left. The painting is moved left. The painting is to Ali's BLANK.,egocentric_near,egocentric_near_target,33d5f7dc-85a0-4c33-ad94-ea5d1e85864b,right,left,0
A39FB0AYWYYLC,1,retest,The ball is BLANK the box. Ali pushes the ball forward. The ball is under the box.,action_nonfollows,action_nonfollows_context,2fcd18a5-4fe9-43af-be73-b08c8a69be3e,under,above,1
A39FB0AYWYYLC,1,retest,Ali is facing BLANK Chicago. Ali turns left. Chicago is right of Ali.,egocentric_distant,egocentric_distant_context,431ac862-808b-48ca-8cc9-9227e24661e4,towards,away from,0
A39FB0AYWYYLC,1,retest,Ali is behind the statue. Ali turns around. Ali is BLANK.,action_nonfollows,action_nonfollows_target,609276f4-276d-4b83-a87e-279b606bcaec,behind the statue,in front of the statue,0
A39FB0AYWYYLC,1,retest,The glass is on the table. Ali fills the glass halfway. The table is BLANK.,state_nonfollows,state_nonfollows_target,0ab9f4a8-59f3-4c71-975a-36627213f744,dry,wet,0
A39FB0AYWYYLC,1,retest,The glass is on the floor. Ali bumps the table. The glass BLANK.,state_nonfollows,state_nonfollows_target,3482eb06-22b4-455d-819d-a4e799a6647f,doesn't break,breaks,0
A39FB0AYWYYLC,1,retest,Chicago is BLANK Ali. Ali turns right. Chicago is left of Ali.,egocentric_distant,egocentric_distant_context,247fc701-a50f-47a4-b9ce-26e0e37764e8,in front of,behind,1
A39FB0AYWYYLC,1,retest,The wagon is on the BLANK of the hill. Ali pushes the wagon. The wagon rolls.,action_follows,action_follows_context,17ed0db8-8e47-4da7-90ae-84dfc07af787,top,bottom,1
A39FB0AYWYYLC,1,retest,Ali is behind the painting. Ali turns around. Ali is BLANK the painting.,egocentric_near,egocentric_near_target,07167d4f-80b9-4acc-9071-2c51b88df677,behind,in front of,0
A39FB0AYWYYLC,1,retest,Ali is behind the painting. Ali turns around. Ali is BLANK the painting.,egocentric_near,egocentric_near_target,07167d4f-80b9-4acc-9071-2c51b88df677,behind,in front of,0
A39FB0AYWYYLC,1,retest,The ice cube and the banana are in the fridge. Ali takes the BLANK out of the fridge. The ice cube doesn't melt.,state_nonfollows,state_nonfollows_context,0ce85161-2bb7-40b9-a0d6-bca40c92c702,banana,ice cube,1
A39FB0AYWYYLC,1,retest,The ice cube and the banana are in the fridge. Ali takes the BLANK out of the fridge. The ice cube doesn't melt.,state_nonfollows,state_nonfollows_context,0ce85161-2bb7-40b9-a0d6-bca40c92c702,banana,ice cube,1
A39FB0AYWYYLC,1,retest,Chicago is behind Ali. Ali turns right. Chicago is BLANK Ali.,egocentric_distant,egocentric_distant_target,208eaa12-f841-4068-b70e-a7c8edee31db,right of,left of,0
A39FB0AYWYYLC,1,retest,Chicago is behind Ali. Ali turns right. Chicago is BLANK Ali.,egocentric_distant,egocentric_distant_target,208eaa12-f841-4068-b70e-a7c8edee31db,right of,left of,0
A39FB0AYWYYLC,1,retest,The painting is behind Ali. Ali turns left. The painting is BLANK Ali.,egocentric_near,egocentric_near_target,59fc66d4-3afa-42da-a45d-f73f7a531076,left of,right of,1
A39FB0AYWYYLC,1,retest,The painting is behind Ali. Ali turns left. The painting is BLANK Ali.,egocentric_near,egocentric_near_target,59fc66d4-3afa-42da-a45d-f73f7a531076,left of,right of,1
A39FB0AYWYYLC,1,retest,Chicago is to Ali's BLANK. Ali turns left. Ali is facing towards Chicago.,egocentric_distant,egocentric_distant_context,0750fd63-cf47-440e-b7a4-8a5f610d3264,left,right,0
A39FB0AYWYYLC,1,retest,Chicago is to Ali's BLANK. Ali turns left. Ali is facing towards Chicago.,egocentric_distant,egocentric_distant_context,0750fd63-cf47-440e-b7a4-8a5f610d3264,left,right,0
A39FB0AYWYYLC,1,retest,Ali is facing away from Chicago. Ali turns left. Chicago is BLANK Ali.,egocentric_distant,egocentric_distant_target,3324abf7-6438-42bf-b7c2-6d54a58c5647,left of,right of,0
A39FB0AYWYYLC,1,retest,Ali is facing away from Chicago. Ali turns left. Chicago is BLANK Ali.,egocentric_distant,egocentric_distant_target,3324abf7-6438-42bf-b7c2-6d54a58c5647,left of,right of,0
A39FB0AYWYYLC,1,retest,The ball is BLANK the box. The ball moves right. The ball is lower than the box.,action_nonfollows,action_nonfollows_context,4db85fa9-8307-4315-983c-1da01ebcfdf3,under,above,0
A39FB0AYWYYLC,1,retest,The ball is BLANK the box. The ball moves right. The ball is lower than the box.,action_nonfollows,action_nonfollows_context,4db85fa9-8307-4315-983c-1da01ebcfdf3,under,above,0
A39FB0AYWYYLC,1,retest,The painting is BLANK of Ali. Ali turns left. The painting is right of Ali.,egocentric_near,egocentric_near_context,16e1a569-1ad9-4b0c-92b0-feb6df7b5b27,in front of,behind,1
A39FB0AYWYYLC,1,retest,The painting is BLANK of Ali. Ali turns left. The painting is right of Ali.,egocentric_near,egocentric_near_context,16e1a569-1ad9-4b0c-92b0-feb6df7b5b27,in front of,behind,1
A39FB0AYWYYLC,1,retest,Ali is BLANK the wagon. Ali pushes on the wagon. The wagon moves.,action_follows,action_follows_context,1f747dd7-a364-472a-9024-76517340aef3,behind,in front of,1
A39FB0AYWYYLC,1,retest,Ali is BLANK the wagon. Ali pushes on the wagon. The wagon moves.,action_follows,action_follows_context,1f747dd7-a364-472a-9024-76517340aef3,behind,in front of,1
A39FB0AYWYYLC,1,retest,The painting is BLANK Ali. Ali turns left. The painting is left of Ali.,egocentric_near,egocentric_near_context,6889b667-4845-4fa2-9b38-2000f907b9e2,behind,in front of,0
A39FB0AYWYYLC,1,retest,The painting is BLANK Ali. Ali turns left. The painting is left of Ali.,egocentric_near,egocentric_near_context,6889b667-4845-4fa2-9b38-2000f907b9e2,behind,in front of,0
A39FB0AYWYYLC,1,retest,Ali is BLANK. Ali turns around. Ali is in front of the statue.,action_nonfollows,action_nonfollows_context,0e147806-b88f-428d-a3c1-7bfa2651c6ad,in front of the statue,behind the statue,0
A39FB0AYWYYLC,1,retest,Ali is BLANK. Ali turns around. Ali is in front of the statue.,action_nonfollows,action_nonfollows_context,0e147806-b88f-428d-a3c1-7bfa2651c6ad,in front of the statue,behind the statue,0
A39FB0AYWYYLC,1,retest,The box is in the bin. Ali moves the box. The bin BLANK.,action_nonfollows,action_nonfollows_target,1637e508-3609-4421-8dd2-303fb71ebad9,doesn't move,moves,1
A39FB0AYWYYLC,1,retest,The box is in the bin. Ali moves the box. The bin BLANK.,action_nonfollows,action_nonfollows_target,1637e508-3609-4421-8dd2-303fb71ebad9,doesn't move,moves,1
A39FB0AYWYYLC,1,retest,Ali is BLANK painting. Ali turns around. Ali is behind the painting.,egocentric_near,egocentric_near_context,609267cd-7803-4f08-abfe-40ef7cec461e,behind,in front of,0
A39FB0AYWYYLC,1,retest,Ali is BLANK painting. Ali turns around. Ali is behind the painting.,egocentric_near,egocentric_near_context,609267cd-7803-4f08-abfe-40ef7cec461e,behind,in front of,0
A39FB0AYWYYLC,1,retest,The box is close to Ali. Ali throws the ball. The box is BLANK Ali.,action_nonfollows,action_nonfollows_target,0ebece86-74c2-44ea-9ef0-8d75a45ba56b,close to,far from,0
A39FB0AYWYYLC,1,retest,The box is close to Ali. Ali throws the ball. The box is BLANK Ali.,action_nonfollows,action_nonfollows_target,0ebece86-74c2-44ea-9ef0-8d75a45ba56b,close to,far from,0
A39FB0AYWYYLC,1,retest,The painting is BLANK Ali. Ali turns around. The painting is left of Ali.,egocentric_near,egocentric_near_context,6074e27e-d929-4b07-bc4d-252c7bcb463e,right of,left of,1
A39FB0AYWYYLC,1,retest,The painting is BLANK Ali. Ali turns around. The painting is left of Ali.,egocentric_near,egocentric_near_context,6074e27e-d929-4b07-bc4d-252c7bcb463e,right of,left of,1
A39FB0AYWYYLC,1,retest,The painting is to Ali's left. The painting is moved left. The painting is to Ali's BLANK.,egocentric_near,egocentric_near_target,33d5f7dc-85a0-4c33-ad94-ea5d1e85864b,right,left,0
A39FB0AYWYYLC,1,retest,The painting is to Ali's left. The painting is moved left. The painting is to Ali's BLANK.,egocentric_near,egocentric_near_target,33d5f7dc-85a0-4c33-ad94-ea5d1e85864b,right,left,0
A39FB0AYWYYLC,1,retest,The ball is BLANK the box. Ali pushes the ball forward. The ball is under the box.,action_nonfollows,action_nonfollows_context,2fcd18a5-4fe9-43af-be73-b08c8a69be3e,under,above,1
A39FB0AYWYYLC,1,retest,The ball is BLANK the box. Ali pushes the ball forward. The ball is under the box.,action_nonfollows,action_nonfollows_context,2fcd18a5-4fe9-43af-be73-b08c8a69be3e,under,above,1
A39FB0AYWYYLC,1,retest,Ali is facing BLANK Chicago. Ali turns left. Chicago is right of Ali.,egocentric_distant,egocentric_distant_context,431ac862-808b-48ca-8cc9-9227e24661e4,towards,away from,0
A39FB0AYWYYLC,1,retest,Ali is facing BLANK Chicago. Ali turns left. Chicago is right of Ali.,egocentric_distant,egocentric_distant_context,431ac862-808b-48ca-8cc9-9227e24661e4,towards,away from,0
A39FB0AYWYYLC,1,retest,Ali is behind the statue. Ali turns around. Ali is BLANK.,action_nonfollows,action_nonfollows_target,609276f4-276d-4b83-a87e-279b606bcaec,behind the statue,in front of the statue,0
A39FB0AYWYYLC,1,retest,Ali is behind the statue. Ali turns around. Ali is BLANK.,action_nonfollows,action_nonfollows_target,609276f4-276d-4b83-a87e-279b606bcaec,behind the statue,in front of the statue,0
A39FB0AYWYYLC,1,retest,The glass is on the table. Ali fills the glass halfway. The table is BLANK.,state_nonfollows,state_nonfollows_target,0ab9f4a8-59f3-4c71-975a-36627213f744,dry,wet,0
A39FB0AYWYYLC,1,retest,The glass is on the table. Ali fills the glass halfway. The table is BLANK.,state_nonfollows,state_nonfollows_target,0ab9f4a8-59f3-4c71-975a-36627213f744,dry,wet,0
A39FB0AYWYYLC,1,retest,The glass is on the floor. Ali bumps the table. The glass BLANK.,state_nonfollows,state_nonfollows_target,3482eb06-22b4-455d-819d-a4e799a6647f,doesn't break,breaks,0
A39FB0AYWYYLC,1,retest,The glass is on the floor. Ali bumps the table. The glass BLANK.,state_nonfollows,state_nonfollows_target,3482eb06-22b4-455d-819d-a4e799a6647f,doesn't break,breaks,0
A39FB0AYWYYLC,1,retest,Chicago is BLANK Ali. Ali turns right. Chicago is left of Ali.,egocentric_distant,egocentric_distant_context,247fc701-a50f-47a4-b9ce-26e0e37764e8,in front of,behind,1
A39FB0AYWYYLC,1,retest,Chicago is BLANK Ali. Ali turns right. Chicago is left of Ali.,egocentric_distant,egocentric_distant_context,247fc701-a50f-47a4-b9ce-26e0e37764e8,in front of,behind,1
A39FB0AYWYYLC,1,retest,The wagon is on the BLANK of the hill. Ali pushes the wagon. The wagon rolls.,action_follows,action_follows_context,17ed0db8-8e47-4da7-90ae-84dfc07af787,top,bottom,1
A39FB0AYWYYLC,1,retest,The wagon is on the BLANK of the hill. Ali pushes the wagon. The wagon rolls.,action_follows,action_follows_context,17ed0db8-8e47-4da7-90ae-84dfc07af787,top,bottom,1
A3BUPP17GN7I1H,6,retest,Mark is North of Budapest and Ali is South of Budapest. Ali walks directly BLANK Mark. Ali is walking South.,two_refs_geocentric,two_refs_geocentric_context,78cfaa82-d792-4a47-9003-e289b66847f7,away from,towards,1
A3BUPP17GN7I1H,6,retest,Mark is facing South and Ali is facing BLANK. Mark turns 90 degrees to his right. Mark and Ali are facing different directions.,two_refs_geocentric,two_refs_geocentric_context,a3bae960-5d51-4b49-9778-990829a6dc83,East,West,1
A3BUPP17GN7I1H,6,retest,Mark is BLANK of Ali facing East. Ali is West of Mark facing West. Mark is facing away from Ali.,two_refs_geocentric,two_refs_geocentric_context,672521bd-9b42-4dd1-881e-61a57b15e1e2,East,West,1
A3BUPP17GN7I1H,6,retest,Mark is facing BLANK and Ali is facing West. Mark turns around. Mark is facing West.,two_refs_geocentric,two_refs_geocentric_context,db51d454-79bf-4010-91a9-b3adc51e10e9,East,West,1
A3BUPP17GN7I1H,6,retest,Mark is facing North and Ali is facing BLANK. Mark turns 90 degrees to his right. Mark and Ali are facing the same direction.,two_refs_geocentric,two_refs_geocentric_context,4fce09f2-3af1-404f-967a-7a97cdd13388,East,West,1
A3BUPP17GN7I1H,6,retest,Mark and Ali are both directly West of Budapest. Mark walks South. Ali is BLANK of Mark.,two_refs_geocentric,two_refs_geocentric_target,47f03e7f-1dc6-4da8-b460-eea5439b1842,North,South,1
A3BUPP17GN7I1H,6,retest,Milwaukee is North of Mark. Mark goes East. Milwaukee is BLANK of Mark.,two_refs_geocentric,two_refs_geocentric_target,e0efa77a-4b07-4f93-b85d-92a2d81cd463,Northwest,Southeast,1
A3BUPP17GN7I1H,6,retest,Mark is North of Budapest and Ali is South of Budapest. Ali walks directly away from Mark. Ali is walking BLANK.,two_refs_geocentric,two_refs_geocentric_target,30c2fa5a-da23-4e62-b66c-01c6cc4ebf9d,South,North,1
A3BUPP17GN7I1H,6,retest,Mark is facing South and Ali is facing East. Mark turns 90 degrees to his right. Mark and Ali are facing BLANK.,two_refs_geocentric,two_refs_geocentric_target,1ce1f6fb-222f-4510-a6a8-dae9b9df2e6a,the same direction,different directions,0
A3BUPP17GN7I1H,6,retest,Mark is East of Budapest and Ali is West of Budapest. Mark walks directly BLANK Ali. Mark is heading West.,two_refs_geocentric,two_refs_geocentric_context,ba0500a3-3783-4596-a2f8-fd3ca1e76486,towards,away from,1
A3BUPP17GN7I1H,6,retest,Mark is facing East and Ali is facing BLANK. Mark turns 180 degrees. Mark and Ali are facing the same direction.,two_refs_geocentric,two_refs_geocentric_context,29ce0e92-abdd-461b-8acf-acfbadf91fd4,West,East,1
A3BUPP17GN7I1H,6,retest,Mark is BLANK of Ali. Mark turns right. Mark is East of Ali.,two_refs_geocentric,two_refs_geocentric_context,73fe68a5-7c2c-4504-9528-298de59f844e,East,West,0
A3BUPP17GN7I1H,6,retest,Milwaukee is North of Mark. Mark goes BLANK. Milwaukee is Northwest of Mark.,two_refs_geocentric,two_refs_geocentric_context,6736be32-2bb0-4769-b8bb-7efa38642c5e,East,West,1
A3BUPP17GN7I1H,6,retest,Milwaukee is South of Mark. Mark goes BLANK. Milwaukee is Southeast of Mark.,two_refs_geocentric,two_refs_geocentric_context,8a66063c-6c36-42cc-83d1-c2a017d1a2f8,West,East,1
A3BUPP17GN7I1H,6,retest,Milwaukee is South of Mark. Mark goes West. Mark is BLANK of Milwaukee.,two_refs_geocentric,two_refs_geocentric_target,c325b8e3-d3ea-4643-8b50-364a6128aa4f,Northest,Southeast,1
A3BUPP17GN7I1H,6,retest,Milwaukee is South of Mark. Mark goes BLANK. Mark is Northeast of Milwaukee.,two_refs_geocentric,two_refs_geocentric_context,f640e853-3898-4c59-968f-d791a63880e1,West,East,0
A3BUPP17GN7I1H,6,retest,Mark is BLANK of Ali facing East. Ali is East of Mark facing West. Mark is facing towards Ali.,two_refs_geocentric,two_refs_geocentric_context,301d488b-e549-4394-b878-c0450833fda8,West,East,1
A3BUPP17GN7I1H,6,retest,Mark and Ali are both directly East of Budapest. Mark walks North. Ali is BLANK of Mark.,two_refs_geocentric,two_refs_geocentric_target,32732c3a-dde6-4520-9e9f-43b586e802bc,South,North,1
A3BUPP17GN7I1H,6,retest,Mark is facing North and Ali is facing East. Mark turns 90 degrees to his right. Mark and Ali are facing BLANK.,two_refs_geocentric,two_refs_geocentric_target,3e51fc15-6ee7-4bd4-b7c2-9313c2b75afa,the same direction,different directions,1
A3BUPP17GN7I1H,6,retest,Mark is East of Ali facing East. Ali is West of Mark facing West. Mark is facing BLANK Ali.,two_refs_geocentric,two_refs_geocentric_target,c4300110-c14f-4a8d-94b9-a56fbaf8aaa2,away from,towards,1
A3BUPP17GN7I1H,6,retest,Mark is East of Budapest and Ali is West of Budapest. Ali walks directly towards Mark. Ali is heading BLANK.,two_refs_geocentric,two_refs_geocentric_target,8b88918b-f1dd-4784-8035-580b89674670,East,West,1
A3BUPP17GN7I1H,6,retest,Mark is West of Ali facing East. Ali is East of Mark facing West. Mark is facing BLANK Ali.,two_refs_geocentric,two_refs_geocentric_target,7f836912-7107-4c82-a22b-c68b2acc46f0,towards,away from,1
A3BUPP17GN7I1H,6,retest,Mark is facing South and Ali is facing BLANK. Mark turns 90 degrees to his right. Mark and Ali are facing different directions.,two_refs_geocentric,two_refs_geocentric_context,a3bae960-5d51-4b49-9778-990829a6dc83,East,West,1
A3BUPP17GN7I1H,6,retest,Mark is facing South and Ali is facing BLANK. Mark turns 90 degrees to his right. Mark and Ali are facing different directions.,two_refs_geocentric,two_refs_geocentric_context,a3bae960-5d51-4b49-9778-990829a6dc83,East,West,1
A3BUPP17GN7I1H,6,retest,Mark is BLANK of Ali facing East. Ali is West of Mark facing West. Mark is facing away from Ali.,two_refs_geocentric,two_refs_geocentric_context,672521bd-9b42-4dd1-881e-61a57b15e1e2,East,West,1
A3BUPP17GN7I1H,6,retest,Mark is BLANK of Ali facing East. Ali is West of Mark facing West. Mark is facing away from Ali.,two_refs_geocentric,two_refs_geocentric_context,672521bd-9b42-4dd1-881e-61a57b15e1e2,East,West,1
A3BUPP17GN7I1H,6,retest,Mark is facing North and Ali is facing BLANK. Mark turns 90 degrees to his right. Mark and Ali are facing the same direction.,two_refs_geocentric,two_refs_geocentric_context,4fce09f2-3af1-404f-967a-7a97cdd13388,East,West,1
A3BUPP17GN7I1H,6,retest,Mark is facing North and Ali is facing BLANK. Mark turns 90 degrees to his right. Mark and Ali are facing the same direction.,two_refs_geocentric,two_refs_geocentric_context,4fce09f2-3af1-404f-967a-7a97cdd13388,East,West,1
A3BUPP17GN7I1H,6,retest,Mark and Ali are both directly West of Budapest. Mark walks South. Ali is BLANK of Mark.,two_refs_geocentric,two_refs_geocentric_target,47f03e7f-1dc6-4da8-b460-eea5439b1842,North,South,1
A3BUPP17GN7I1H,6,retest,Mark and Ali are both directly West of Budapest. Mark walks South. Ali is BLANK of Mark.,two_refs_geocentric,two_refs_geocentric_target,47f03e7f-1dc6-4da8-b460-eea5439b1842,North,South,1
A3BUPP17GN7I1H,6,retest,Milwaukee is North of Mark. Mark goes East. Milwaukee is BLANK of Mark.,two_refs_geocentric,two_refs_geocentric_target,e0efa77a-4b07-4f93-b85d-92a2d81cd463,Northwest,Southeast,1
A3BUPP17GN7I1H,6,retest,Milwaukee is North of Mark. Mark goes East. Milwaukee is BLANK of Mark.,two_refs_geocentric,two_refs_geocentric_target,e0efa77a-4b07-4f93-b85d-92a2d81cd463,Northwest,Southeast,1
A3BUPP17GN7I1H,6,retest,Mark is facing South and Ali is facing East. Mark turns 90 degrees to his right. Mark and Ali are facing BLANK.,two_refs_geocentric,two_refs_geocentric_target,1ce1f6fb-222f-4510-a6a8-dae9b9df2e6a,the same direction,different directions,0
A3BUPP17GN7I1H,6,retest,Mark is facing South and Ali is facing East. Mark turns 90 degrees to his right. Mark and Ali are facing BLANK.,two_refs_geocentric,two_refs_geocentric_target,1ce1f6fb-222f-4510-a6a8-dae9b9df2e6a,the same direction,different directions,0
A3BUPP17GN7I1H,6,retest,Mark is facing East and Ali is facing BLANK. Mark turns 180 degrees. Mark and Ali are facing the same direction.,two_refs_geocentric,two_refs_geocentric_context,29ce0e92-abdd-461b-8acf-acfbadf91fd4,West,East,1
A3BUPP17GN7I1H,6,retest,Mark is facing East and Ali is facing BLANK. Mark turns 180 degrees. Mark and Ali are facing the same direction.,two_refs_geocentric,two_refs_geocentric_context,29ce0e92-abdd-461b-8acf-acfbadf91fd4,West,East,1
A3BUPP17GN7I1H,6,retest,Mark is BLANK of Ali. Mark turns right. Mark is East of Ali.,two_refs_geocentric,two_refs_geocentric_context,73fe68a5-7c2c-4504-9528-298de59f844e,East,West,0
A3BUPP17GN7I1H,6,retest,Mark is BLANK of Ali. Mark turns right. Mark is East of Ali.,two_refs_geocentric,two_refs_geocentric_context,73fe68a5-7c2c-4504-9528-298de59f844e,East,West,0
A3BUPP17GN7I1H,6,retest,Milwaukee is North of Mark. Mark goes BLANK. Milwaukee is Northwest of Mark.,two_refs_geocentric,two_refs_geocentric_context,6736be32-2bb0-4769-b8bb-7efa38642c5e,East,West,1
A3BUPP17GN7I1H,6,retest,Milwaukee is North of Mark. Mark goes BLANK. Milwaukee is Northwest of Mark.,two_refs_geocentric,two_refs_geocentric_context,6736be32-2bb0-4769-b8bb-7efa38642c5e,East,West,1
A3BUPP17GN7I1H,6,retest,Milwaukee is South of Mark. Mark goes West. Mark is BLANK of Milwaukee.,two_refs_geocentric,two_refs_geocentric_target,c325b8e3-d3ea-4643-8b50-364a6128aa4f,Northest,Southeast,0
A3BUPP17GN7I1H,6,retest,Milwaukee is South of Mark. Mark goes West. Mark is BLANK of Milwaukee.,two_refs_geocentric,two_refs_geocentric_target,c325b8e3-d3ea-4643-8b50-364a6128aa4f,Northest,Southeast,0
A3BUPP17GN7I1H,6,retest,Milwaukee is South of Mark. Mark goes BLANK. Mark is Northeast of Milwaukee.,two_refs_geocentric,two_refs_geocentric_context,f640e853-3898-4c59-968f-d791a63880e1,West,East,0
A3BUPP17GN7I1H,6,retest,Milwaukee is South of Mark. Mark goes BLANK. Mark is Northeast of Milwaukee.,two_refs_geocentric,two_refs_geocentric_context,f640e853-3898-4c59-968f-d791a63880e1,West,East,0
A3BUPP17GN7I1H,6,retest,Mark is East of Ali facing East. Ali is West of Mark facing West. Mark is facing BLANK Ali.,two_refs_geocentric,two_refs_geocentric_target,c4300110-c14f-4a8d-94b9-a56fbaf8aaa2,away from,towards,1
A3BUPP17GN7I1H,6,retest,Mark is East of Ali facing East. Ali is West of Mark facing West. Mark is facing BLANK Ali.,two_refs_geocentric,two_refs_geocentric_target,c4300110-c14f-4a8d-94b9-a56fbaf8aaa2,away from,towards,1
A3BUPP17GN7I1H,6,retest,Mark is East of Budapest and Ali is West of Budapest. Ali walks directly towards Mark. Ali is heading BLANK.,two_refs_geocentric,two_refs_geocentric_target,8b88918b-f1dd-4784-8035-580b89674670,East,West,1
A3BUPP17GN7I1H,6,retest,Mark is East of Budapest and Ali is West of Budapest. Ali walks directly towards Mark. Ali is heading BLANK.,two_refs_geocentric,two_refs_geocentric_target,8b88918b-f1dd-4784-8035-580b89674670,East,West,1
A3BUPP17GN7I1H,6,retest,Mark is West of Ali facing East. Ali is East of Mark facing West. Mark is facing BLANK Ali.,two_refs_geocentric,two_refs_geocentric_target,7f836912-7107-4c82-a22b-c68b2acc46f0,towards,away from,0
A3BUPP17GN7I1H,6,retest,Mark is West of Ali facing East. Ali is East of Mark facing West. Mark is facing BLANK Ali.,two_refs_geocentric,two_refs_geocentric_target,7f836912-7107-4c82-a22b-c68b2acc46f0,towards,away from,0
A3BUPP17IY7I1H,2,retest,Ali is facing Chicago. Ali turns left. Chicago is BLANK Ali.,egocentric_distant,egocentric_distant_target,a3bdec9e-f0a7-48ea-b522-a1648fc244b2,right of,left of,0
A3BUPP17IY7I1H,2,retest,The window is behind Ali. Ali throws the baseball forward. The window BLANK.,state_nonfollows,state_nonfollows_target,71cbbb37-63ba-4e5b-a641-28bac214cb01,doesn't break,breaks,1
A3BUPP17IY7I1H,2,retest,The painting is right of Ali. Ali turns right. The painting is BLANK Ali.,egocentric_near,egocentric_near_target,86c1f116-7a99-4a81-a85b-d2789deb5909,in front of,behind,1
A3BUPP17IY7I1H,2,retest,The wall was painted BLANK ago. Ali touches the wall. Ali's hand is painted.,state_follows,state_follows_context,9e760262-6760-4910-ae27-d5f31cb04573,5 minutes,1 month,1
A3BUPP17IY7I1H,2,retest,Chicago is BLANK Ali. Ali turns around. Chicago is left of Ali.,egocentric_distant,egocentric_distant_context,a786ec6e-e388-459a-b336-ef496fc4d326,right of,left of,1
A3BUPP17IY7I1H,2,retest,The wine glass is on the BLANK. Ali bumps the wine glass. The wine spills on the floor.,action_follows,action_follows_context,a2dd4fac-96de-4e38-bb75-e36db0393e98,floor,table,0
A3BUPP17IY7I1H,2,retest,The painting is BLANK of Ali. Ali turns right. The painting is behind Ali.,egocentric_near,egocentric_near_context,83a89d7b-3897-4b03-bb7e-3917130f7a2a,left,right,1
A3BUPP17IY7I1H,2,retest,The wine glass is on the table. The wine glass falls over. The wine spills on the BLANK.,action_follows,action_follows_target,8f2f6473-016c-480b-a77b-a4bfd6af9f64,table,floor,0
A3BUPP17IY7I1H,2,retest,Chicago is BLANK Ali. Ali turns left. Chicago is right of Ali.,egocentric_distant,egocentric_distant_context,a0ad98be-c0ed-44cc-9e98-e8be414bdce1,in front of,behind,0
A3BUPP17IY7I1H,2,retest,Ali is BLANK the painting. Ali turns around. Ali is right of the painting.,egocentric_near,egocentric_near_context,7824379a-18fd-4387-bae9-d9add803a5e1,right of,left of,0
A3BUPP17IY7I1H,2,retest,The painting is BLANK of Ali. Ali turns right. The painting is in front of Ali.,egocentric_near,egocentric_near_context,7ebd0a27-2e35-44b7-a1db-283784b79989,right,left,1
A3BUPP17IY7I1H,2,retest,The painting is to Ali's BLANK. The painting is moved right. The painting is to Ali's right.,egocentric_near,egocentric_near_context,832bad6a-4819-44a8-879c-ba123d4eff25,right,left,0
A3BUPP17IY7I1H,2,retest,Ali is facing away from Chicago. Ali turns right. Chicago is BLANK Ali.,egocentric_distant,egocentric_distant_target,b11ffacc-e96b-4806-84c4-6252d4c8bf41,right of,left of,0
A3BUPP17IY7I1H,2,retest,Ali is facing Chicago. Ali turns right. Chicago is BLANK Ali.,egocentric_distant,egocentric_distant_target,b054c9a8-8ae5-42ae-8771-d39aa8c11479,left of,right of,1
A3BUPP17IY7I1H,2,retest,Ali is right of the painting. Ali turns around. Ali is BLANK the painting.,egocentric_near,egocentric_near_target,7ae6543e-9e1e-4975-9d68-ad7d04fd1e4e,right of,left of,0
A3BUPP17IY7I1H,2,retest,The wine glass is on the table. Ali bumps the lamp. The wine BLANK.,action_nonfollows,action_nonfollows_target,97dd01de-586e-4782-902f-a496e522e421,doesn't spill,spills,1
A3BUPP17IY7I1H,2,retest,The window is BLANK Ali. Ali throws the baseball forward. The window doesn't break.,state_nonfollows,state_nonfollows_context,a802c7e4-f643-4de9-9712-a3d0af75b310,behind,in front of,1
A3BUPP17IY7I1H,2,retest,The glass is on the floor. Ali bumps the BLANK. The glass doesn't break.,state_nonfollows,state_nonfollows_context,b055fb0f-1958-45fd-870a-d54814aefbee,table,glass,1
A3BUPP17IY7I1H,2,retest,Ali is facing BLANK Milwaukee. Ali turns around. Ali is facing towards Milwaukee.,egocentric_distant,egocentric_distant_context,a142d675-e72e-4665-8813-7155bd331eb1,away from,towards,1
A3BUPP17IY7I1H,2,retest,The painting is right of Ali. Ali turns left. The painting is BLANK Ali.,egocentric_near,egocentric_near_target,9464cf69-94a8-47e0-bf12-b333afeb5059,behind,in front of,1
A3BUPP17IY7I1H,2,retest,Ali is BLANK the wagon. Ali pulls on the wagon. The wagon moves.,action_follows,action_follows_context,9d2b43af-ba61-47f3-993c-7e93b7ced28a,in front of,behind,1
A3BUPP17IY7I1H,2,retest,Ali is facing BLANK Chicago. Ali turns left. Chicago is left of Ali.,egocentric_distant,egocentric_distant_context,7f8567b3-1cc8-47a4-bcc3-b6b72b2f4e63,away from,towards,0
A3BUPP17IY7I1H,2,retest,The empty glass is on the table. Ali knocks the glass over. The table is BLANK.,state_nonfollows,state_nonfollows_target,acf5fc4f-47f1-4641-bd99-567028820394,dry,wet,1
A3BUPP17IY7I1H,2,retest,Milwaukee is to Ali's BLANK. Ali turns left. Ali is facing away from Milwaukee.,egocentric_distant,egocentric_distant_context,8109d3a1-786d-4676-9015-297215cfc561,right,left,1
A3BUPP17IY7I1H,2,retest,The painting is to Ali's BLANK. The painting is moved left. The painting is to Ali's right.,egocentric_near,egocentric_near_context,78f191e9-62c1-4214-a2e5-e56be737b5da,left,right,0
A3BUPP17IY7I1H,2,retest,The glass is on the table and the cup is on the floor. Ali picks up the glass. The cup BLANK.,action_nonfollows,action_nonfollows_target,930e06dd-d207-446c-96b7-a9faf92483d5,moves,doesn't move,0
A3BUPP17IY7I1H,2,retest,The ball is close to Ali. Ali throws the box. The ball is BLANK Ali.,action_nonfollows,action_nonfollows_target,76ce548a-e17e-4a57-aaf9-cf3fa2a6c9d3,close to,far from,1
A3BUPP17IY7I1H,2,retest,The window is behind Ali and the wall is in front of Ali. Ali throws the baseball at the wall. The window BLANK.,state_nonfollows,state_nonfollows_target,88712078-fc2f-436a-8a04-1757993c015e,doesn't break,breaks,1
A3BUPP17IY7I1H,2,retest,The cup is empty. Ali pours BLANK in the cup. The cup is dry.,state_nonfollows,state_nonfollows_context,6a785729-cfcd-45a6-9087-df181fe49c39,sand,water,1
A3BUPP17IY7I1H,2,retest,The bowling ball is close to Ali. Ali throws the bowling ball. The bowling ball is BLANK Ali.,action_nonfollows,action_nonfollows_target,af4eb18f-79bd-44aa-8a21-3919f5448071,close to,far from,0
A3BUPP17IY7I1H,2,retest,The brick is on the table. Ali bumps the brick off the table. The brick BLANK.,state_nonfollows,state_nonfollows_target,af3c88ce-961a-4a4d-8258-314a8b8513fd,doesn't break,breaks,1
A3BUPP17IY7I1H,2,retest,Chicago is in front of Ali. Ali turns right. Chicago is BLANK Ali.,egocentric_distant,egocentric_distant_target,a39d0d62-588e-4557-81a0-2e1e671c0e17,left of,right of,0
A3BUPP17IY7I1H,2,retest,Chicago is left of Ali. Ali turns around. Chicago is BLANK Ali.,egocentric_distant,egocentric_distant_target,a0b7ee21-5714-4ea4-8f1d-33e7388d17e9,right of,left of,1
A3BUPP17IY7I1H,2,retest,The book is under the table. Ali moves the table. The book BLANK.,action_nonfollows,action_nonfollows_target,9f6321ad-9c8a-483d-b2df-d6faa3403521,doesn't move,moves,0
A3BUPP17IY7I1H,2,retest,Ali is facing Chicago. Ali turns left. Chicago is BLANK Ali.,egocentric_distant,egocentric_distant_target,a3bdec9e-f0a7-48ea-b522-a1648fc244b2,right of,left of,1
A3BUPP17IY7I1H,2,retest,Ali is facing Chicago. Ali turns left. Chicago is BLANK Ali.,egocentric_distant,egocentric_distant_target,a3bdec9e-f0a7-48ea-b522-a1648fc244b2,right of,left of,1
A3BUPP17IY7I1H,2,retest,The painting is right of Ali. Ali turns right. The painting is BLANK Ali.,egocentric_near,egocentric_near_target,86c1f116-7a99-4a81-a85b-d2789deb5909,in front of,behind,1
A3BUPP17IY7I1H,2,retest,The painting is right of Ali. Ali turns right. The painting is BLANK Ali.,egocentric_near,egocentric_near_target,86c1f116-7a99-4a81-a85b-d2789deb5909,in front of,behind,1
A3BUPP17IY7I1H,2,retest,Chicago is BLANK Ali. Ali turns around. Chicago is left of Ali.,egocentric_distant,egocentric_distant_context,a786ec6e-e388-459a-b336-ef496fc4d326,right of,left of,1
A3BUPP17IY7I1H,2,retest,Chicago is BLANK Ali. Ali turns around. Chicago is left of Ali.,egocentric_distant,egocentric_distant_context,a786ec6e-e388-459a-b336-ef496fc4d326,right of,left of,1
A3BUPP17IY7I1H,2,retest,The wine glass is on the BLANK. Ali bumps the wine glass. The wine spills on the floor.,action_follows,action_follows_context,a2dd4fac-96de-4e38-bb75-e36db0393e98,floor,table,0
A3BUPP17IY7I1H,2,retest,The wine glass is on the BLANK. Ali bumps the wine glass. The wine spills on the floor.,action_follows,action_follows_context,a2dd4fac-96de-4e38-bb75-e36db0393e98,floor,table,0
A3BUPP17IY7I1H,2,retest,The painting is BLANK of Ali. Ali turns right. The painting is behind Ali.,egocentric_near,egocentric_near_context,83a89d7b-3897-4b03-bb7e-3917130f7a2a,left,right,1
A3BUPP17IY7I1H,2,retest,The painting is BLANK of Ali. Ali turns right. The painting is behind Ali.,egocentric_near,egocentric_near_context,83a89d7b-3897-4b03-bb7e-3917130f7a2a,left,right,1
A3BUPP17IY7I1H,2,retest,The wine glass is on the table. The wine glass falls over. The wine spills on the BLANK.,action_follows,action_follows_target,8f2f6473-016c-480b-a77b-a4bfd6af9f64,table,floor,0
A3BUPP17IY7I1H,2,retest,The wine glass is on the table. The wine glass falls over. The wine spills on the BLANK.,action_follows,action_follows_target,8f2f6473-016c-480b-a77b-a4bfd6af9f64,table,floor,0
A3BUPP17IY7I1H,2,retest,Chicago is BLANK Ali. Ali turns left. Chicago is right of Ali.,egocentric_distant,egocentric_distant_context,a0ad98be-c0ed-44cc-9e98-e8be414bdce1,in front of,behind,1
A3BUPP17IY7I1H,2,retest,Chicago is BLANK Ali. Ali turns left. Chicago is right of Ali.,egocentric_distant,egocentric_distant_context,a0ad98be-c0ed-44cc-9e98-e8be414bdce1,in front of,behind,1
A3BUPP17IY7I1H,2,retest,Ali is BLANK the painting. Ali turns around. Ali is right of the painting.,egocentric_near,egocentric_near_context,7824379a-18fd-4387-bae9-d9add803a5e1,right of,left of,0
A3BUPP17IY7I1H,2,retest,Ali is BLANK the painting. Ali turns around. Ali is right of the painting.,egocentric_near,egocentric_near_context,7824379a-18fd-4387-bae9-d9add803a5e1,right of,left of,0
A3BUPP17IY7I1H,2,retest,The painting is to Ali's BLANK. The painting is moved right. The painting is to Ali's right.,egocentric_near,egocentric_near_context,832bad6a-4819-44a8-879c-ba123d4eff25,right,left,0
A3BUPP17IY7I1H,2,retest,The painting is to Ali's BLANK. The painting is moved right. The painting is to Ali's right.,egocentric_near,egocentric_near_context,832bad6a-4819-44a8-879c-ba123d4eff25,right,left,0
A3BUPP17IY7I1H,2,retest,Ali is facing away from Chicago. Ali turns right. Chicago is BLANK Ali.,egocentric_distant,egocentric_distant_target,b11ffacc-e96b-4806-84c4-6252d4c8bf41,right of,left of,1
A3BUPP17IY7I1H,2,retest,Ali is facing away from Chicago. Ali turns right. Chicago is BLANK Ali.,egocentric_distant,egocentric_distant_target,b11ffacc-e96b-4806-84c4-6252d4c8bf41,right of,left of,1
A3BUPP17IY7I1H,2,retest,Ali is right of the painting. Ali turns around. Ali is BLANK the painting.,egocentric_near,egocentric_near_target,7ae6543e-9e1e-4975-9d68-ad7d04fd1e4e,right of,left of,0
A3BUPP17IY7I1H,2,retest,Ali is right of the painting. Ali turns around. Ali is BLANK the painting.,egocentric_near,egocentric_near_target,7ae6543e-9e1e-4975-9d68-ad7d04fd1e4e,right of,left of,0
A3BUPP17IY7I1H,2,retest,The painting is right of Ali. Ali turns left. The painting is BLANK Ali.,egocentric_near,egocentric_near_target,9464cf69-94a8-47e0-bf12-b333afeb5059,behind,in front of,1
A3BUPP17IY7I1H,2,retest,The painting is right of Ali. Ali turns left. The painting is BLANK Ali.,egocentric_near,egocentric_near_target,9464cf69-94a8-47e0-bf12-b333afeb5059,behind,in front of,1
A3BUPP17IY7I1H,2,retest,Ali is BLANK the wagon. Ali pulls on the wagon. The wagon moves.,action_follows,action_follows_context,9d2b43af-ba61-47f3-993c-7e93b7ced28a,in front of,behind,1
A3BUPP17IY7I1H,2,retest,Ali is BLANK the wagon. Ali pulls on the wagon. The wagon moves.,action_follows,action_follows_context,9d2b43af-ba61-47f3-993c-7e93b7ced28a,in front of,behind,1
A3BUPP17IY7I1H,2,retest,Ali is facing BLANK Chicago. Ali turns left. Chicago is left of Ali.,egocentric_distant,egocentric_distant_context,7f8567b3-1cc8-47a4-bcc3-b6b72b2f4e63,away from,towards,0
A3BUPP17IY7I1H,2,retest,Ali is facing BLANK Chicago. Ali turns left. Chicago is left of Ali.,egocentric_distant,egocentric_distant_context,7f8567b3-1cc8-47a4-bcc3-b6b72b2f4e63,away from,towards,0
A3BUPP17IY7I1H,2,retest,The empty glass is on the table. Ali knocks the glass over. The table is BLANK.,state_nonfollows,state_nonfollows_target,acf5fc4f-47f1-4641-bd99-567028820394,dry,wet,0
A3BUPP17IY7I1H,2,retest,The empty glass is on the table. Ali knocks the glass over. The table is BLANK.,state_nonfollows,state_nonfollows_target,acf5fc4f-47f1-4641-bd99-567028820394,dry,wet,0
A3BUPP17IY7I1H,2,retest,The painting is to Ali's BLANK. The painting is moved left. The painting is to Ali's right.,egocentric_near,egocentric_near_context,78f191e9-62c1-4214-a2e5-e56be737b5da,left,right,0
A3BUPP17IY7I1H,2,retest,The painting is to Ali's BLANK. The painting is moved left. The painting is to Ali's right.,egocentric_near,egocentric_near_context,78f191e9-62c1-4214-a2e5-e56be737b5da,left,right,0
A3BUPP17IY7I1H,2,retest,The glass is on the table and the cup is on the floor. Ali picks up the glass. The cup BLANK.,action_nonfollows,action_nonfollows_target,930e06dd-d207-446c-96b7-a9faf92483d5,moves,doesn't move,0
A3BUPP17IY7I1H,2,retest,The glass is on the table and the cup is on the floor. Ali picks up the glass. The cup BLANK.,action_nonfollows,action_nonfollows_target,930e06dd-d207-446c-96b7-a9faf92483d5,moves,doesn't move,0
A3BUPP17IY7I1H,2,retest,The bowling ball is close to Ali. Ali throws the bowling ball. The bowling ball is BLANK Ali.,action_nonfollows,action_nonfollows_target,af4eb18f-79bd-44aa-8a21-3919f5448071,close to,far from,0
A3BUPP17IY7I1H,2,retest,The bowling ball is close to Ali. Ali throws the bowling ball. The bowling ball is BLANK Ali.,action_nonfollows,action_nonfollows_target,af4eb18f-79bd-44aa-8a21-3919f5448071,close to,far from,0
A3BUPP17IY7I1H,2,retest,The brick is on the table. Ali bumps the brick off the table. The brick BLANK.,state_nonfollows,state_nonfollows_target,af3c88ce-961a-4a4d-8258-314a8b8513fd,doesn't break,breaks,1
A3BUPP17IY7I1H,2,retest,The brick is on the table. Ali bumps the brick off the table. The brick BLANK.,state_nonfollows,state_nonfollows_target,af3c88ce-961a-4a4d-8258-314a8b8513fd,doesn't break,breaks,1
A3BUPP17IY7I1H,2,retest,Chicago is in front of Ali. Ali turns right. Chicago is BLANK Ali.,egocentric_distant,egocentric_distant_target,a39d0d62-588e-4557-81a0-2e1e671c0e17,left of,right of,0
A3BUPP17IY7I1H,2,retest,Chicago is in front of Ali. Ali turns right. Chicago is BLANK Ali.,egocentric_distant,egocentric_distant_target,a39d0d62-588e-4557-81a0-2e1e671c0e17,left of,right of,0
A3BUPP17IY7I1H,2,retest,The book is under the table. Ali moves the table. The book BLANK.,action_nonfollows,action_nonfollows_target,9f6321ad-9c8a-483d-b2df-d6faa3403521,doesn't move,moves,1
A3BUPP17IY7I1H,2,retest,The book is under the table. Ali moves the table. The book BLANK.,action_nonfollows,action_nonfollows_target,9f6321ad-9c8a-483d-b2df-d6faa3403521,doesn't move,moves,1
A3EYPW6CQLFHWO,5,retest,The painting is West of Ali. Ali turns around. The painting is BLANK Ali.,geocentric_near,geocentric_near_target,90c1e22f-06ef-4e79-bebf-1f933f4395e6,West of,East of,1
A3EYPW6CQLFHWO,5,retest,The statue is BLANK Ali. Ali walks South. The statue is West of Ali.,geocentric_near,geocentric_near_context,da2835cc-e084-4f03-9452-35e32d6584d5,West of,North of,0
A3EYPW6CQLFHWO,5,retest,The painting is North of Ali. Ali turns left. The painting is BLANK Ali.,geocentric_near,geocentric_near_target,fc7cdc2e-21c4-449d-8e3b-d09643846cbf,North of,West of,0
A3EYPW6CQLFHWO,5,retest,The painting is BLANK Ali. Ali turns left. The painting is East of Ali.,geocentric_near,geocentric_near_context,9d8ecfc4-35b9-4001-9529-6b0c8a91e01a,East of,North of,0
A3EYPW6CQLFHWO,5,retest,Ali is BLANK of Milwaukee. Ali walks West. Ali is getting closer to Milwaukee.,geocentric_distant,geocentric_distant_context,a049e969-bc7f-4cf3-837b-136cd4fedea7,East,West,0
A3EYPW6CQLFHWO,5,retest,Mark is facing East. Mark turns 90 degrees to his right. Mark is facing BLANK.,geocentric_near,geocentric_near_target,ef8f3d6c-fc26-496d-a9e0-433ea2eb5454,South,North,1
A3EYPW6CQLFHWO,5,retest,The statue is BLANK Ali. Ali walks East. The statue is South of Ali.,geocentric_near,geocentric_near_context,dda332bc-7e07-43d3-9b4e-320f1d426b3a,South of,West of,1
A3EYPW6CQLFHWO,5,retest,The painting is BLANK of Ali. Ali turns around. The painting is West of Ali.,geocentric_near,geocentric_near_context,f1bed182-4854-4817-be9b-bbd83f82b6b3,West of,East of,0
A3EYPW6CQLFHWO,5,retest,Milwaukee is BLANK Ali. Ali turns right. Milwaukee is West of Ali.,geocentric_distant,geocentric_distant_context,80095f76-f1b0-4965-b854-61fab928d906,West of,North of,0
A3EYPW6CQLFHWO,5,retest,Milwaukee is BLANK Ali. Ali turns left. Milwaukee is West of Ali.,geocentric_distant,geocentric_distant_context,fee9924b-cb25-446b-af44-b62170c8290e,West of,South of,0
A3EYPW6CQLFHWO,5,retest,The painting is BLANK Ali. Ali turns right. The painting is West of Ali.,geocentric_near,geocentric_near_context,b4a4599e-5c35-4017-bddf-d8cd9906ad1a,West of,North of,0
A3EYPW6CQLFHWO,5,retest,Mark is facing North. Mark turns 90 degrees to his right. Mark is facing BLANK.,geocentric_near,geocentric_near_target,a525a72c-72cd-4fa4-8728-d405b2df6c2d,East,West,1
A3EYPW6CQLFHWO,5,retest,The statue is West of Ali. Ali walks South. The statue is BLANK of Ali.,geocentric_near,geocentric_near_target,947caead-a96c-4aae-bb19-33860a26d48c,West of,North of,1
A3EYPW6CQLFHWO,5,retest,Milwaukee is BLANK Ali. Ali turns around. Milwaukee is West of Ali.,geocentric_distant,geocentric_distant_context,c5d2016b-d26b-44b9-90f5-184b6445bd3a,West of,East of,0
A3EYPW6CQLFHWO,5,retest,Milwaukee is West of Ali. Ali turns right. Milwaukee is BLANK Ali.,geocentric_distant,geocentric_distant_target,fe55d52f-2cbe-4ed6-99c7-3621f42b708e,West of,North of,1
A3EYPW6CQLFHWO,5,retest,The painting is South of Ali. Ali turns around. The painting is BLANK Ali.,geocentric_near,geocentric_near_target,8367bb5a-4d50-4466-b766-1c9cfe03964b,South of,North of,0
A3EYPW6CQLFHWO,5,retest,The statue is North of Ali. Ali walks West. The statue is BLANK of Ali.,geocentric_near,geocentric_near_target,cd6c5c62-7e69-4c2f-abed-f16de0c2cc46,North of,East of,1
A3EYPW6CQLFHWO,5,retest,The statue is North of Ali. Ali walks East. The statue is BLANK of Ali.,geocentric_near,geocentric_near_target,97a7f128-d80a-434a-923a-5b23093392d4,North of,West of,0
A3EYPW6CQLFHWO,5,retest,The painting is BLANK Ali. Ali turns left. The painting is North of Ali.,geocentric_near,geocentric_near_context,ff265d4c-2988-4db0-8cd1-c8613db5c189,North of,West of,1
A3EYPW6CQLFHWO,5,retest,The box is BLANK Ali. Ali turns around. The box is West of Ali.,geocentric_near,geocentric_near_context,c77f4233-c964-4f83-8ac6-95f75eae89bf,West of,East of,0
A3EYPW6CQLFHWO,5,retest,The statue is BLANK Ali. Ali walks North. The statue is East of Ali.,geocentric_near,geocentric_near_context,900df025-c5e8-4874-a648-b98abcac3bec,East of,South of,1
A3EYPW6CQLFHWO,5,retest,The box is BLANK Ali. Ali turns around. The box is South of Ali.,geocentric_near,geocentric_near_context,e586c6ab-2759-4cf9-a481-e86e8d272815,South of,North of,1
A3EYPW6CQLFHWO,5,retest,The box is North of Ali. Ali turns around. The box is BLANK Ali.,geocentric_near,geocentric_near_target,817b1f6d-ff16-476d-8da8-4a5a189ff6fc,North of,South of,1
A3EYPW6CQLFHWO,5,retest,The painting is East of Ali. Ali turns left. The painting is BLANK Ali.,geocentric_near,geocentric_near_target,fdf94dc5-2cb7-4323-b672-3b0a32f5f7b9,East of,North of,1
A3EYPW6CQLFHWO,5,retest,Milwaukee is East of Ali. Ali turns right. Milwaukee is BLANK Ali.,geocentric_distant,geocentric_distant_target,d348dbb0-d78c-457c-af70-1bbeb5842ea7,East of,South of,1
A3EYPW6CQLFHWO,5,retest,The statue is East of Ali. Ali walks North. The statue is BLANK of Ali.,geocentric_near,geocentric_near_target,bed5c852-6e27-4cca-be42-7d3a0632c454,East of,South of,1
A3EYPW6CQLFHWO,5,retest,Milwaukee is BLANK Ali. Ali turns left. Milwaukee is South of Ali.,geocentric_distant,geocentric_distant_context,e801aa45-2a31-477e-8726-58aeb4978f44,South of,East of,1
A3EYPW6CQLFHWO,5,retest,Milwaukee is North of Ali. Ali turns around. Milwaukee is BLANK Ali.,geocentric_distant,geocentric_distant_target,fa50948a-b463-4701-8704-800588c7931b,North of,South of,1
A3EYPW6CQLFHWO,5,retest,The painting is BLANK Ali. Ali turns around. The painting is South of Ali.,geocentric_near,geocentric_near_context,af058740-4880-41ea-93b6-e1468cd69ac2,South of,North of,1
A3EYPW6CQLFHWO,5,retest,Ali is East of Milwaukee. Ali walks East. Ali is getting BLANK Milwaukee.,geocentric_distant,geocentric_distant_target,b89afe78-3f1f-4856-97cc-382a35eb4abc,further from,closer to,0
A3EYPW6CQLFHWO,5,retest,The painting is South of Ali. Ali turns right. The painting is BLANK Ali.,geocentric_near,geocentric_near_target,d2717556-613e-4cc6-8a14-bc04bbd1740c,South of,West of,0
A3EYPW6CQLFHWO,5,retest,Ali is South of Milwaukee. Ali walks North. Ali is getting BLANK Milwaukee.,geocentric_distant,geocentric_distant_target,ce32dac1-fbf6-4834-9716-7a2194b5b314,closer to,further from,0
A3EYPW6CQLFHWO,5,retest,Ali is BLANK of Milwaukee. Ali walks East. Ali is getting further from Milwaukee.,geocentric_distant,geocentric_distant_context,bed73e8c-2190-4ce1-b61e-150f5ed1c776,East,West,0
A3EYPW6CQLFHWO,5,retest,Ali is BLANK of Milwaukee. Ali walks North. Ali is getting closer to Milwaukee.,geocentric_distant,geocentric_distant_context,9dca2d9b-abbf-4a6e-b9ca-e05ba8ab913e,South,North,0
A3EYPW6CQLFHWO,5,retest,Milwaukee is BLANK Ali. Ali turns right. Milwaukee is East of Ali.,geocentric_distant,geocentric_distant_context,f5e6b60f-829f-4ded-b496-1853dcc2d3ab,East of,South of,1
A3EYPW6CQLFHWO,5,retest,Milwaukee is North of Ali. Ali turns left. Milwaukee is BLANK Ali.,geocentric_distant,geocentric_distant_target,c21b22b3-1dc6-4e7e-945c-d6dbc3235254,North of,West of,1
A3EYPW6CQLFHWO,5,retest,The painting is West of Ali. Ali turns right. The painting is BLANK Ali.,geocentric_near,geocentric_near_target,7fb75cc7-af4d-4698-9d29-a9b064fdde65,West of,North of,1
A3EYPW6CQLFHWO,5,retest,Ali is BLANK of Milwaukee. Ali walks South. Ali is getting further from Milwaukee.,geocentric_distant,geocentric_distant_context,da9ce4e1-d6fd-430c-ab2a-8e4cfb1e1400,South,North,0
A3EYPW6CQLFHWO,5,retest,Milwaukee is BLANK Ali. Ali turns left. Milwaukee is North of Ali.,geocentric_distant,geocentric_distant_context,cc3c9137-122e-4dd0-85f2-e816de95a28f,North of,West of,1
A3EYPW6CQLFHWO,5,retest,The box is BLANK Ali. Ali turns around. The box is North of Ali.,geocentric_near,geocentric_near_context,cc0f8483-f6de-46de-8138-cd9f9e354061,North of,South of,1
A3EYPW6CQLFHWO,5,retest,The painting is BLANK Ali. Ali turns left. The painting is South of Ali.,geocentric_near,geocentric_near_context,9e3abe2a-1e64-497a-ad89-98c2e646676e,South of,East of,1
A3EYPW6CQLFHWO,5,retest,The painting is West of Ali. Ali turns around. The painting is BLANK Ali.,geocentric_near,geocentric_near_target,90c1e22f-06ef-4e79-bebf-1f933f4395e6,West of,East of,1
A3EYPW6CQLFHWO,5,retest,The painting is West of Ali. Ali turns around. The painting is BLANK Ali.,geocentric_near,geocentric_near_target,90c1e22f-06ef-4e79-bebf-1f933f4395e6,West of,East of,1
A3EYPW6CQLFHWO,5,retest,The statue is BLANK Ali. Ali walks South. The statue is West of Ali.,geocentric_near,geocentric_near_context,da2835cc-e084-4f03-9452-35e32d6584d5,West of,North of,1
A3EYPW6CQLFHWO,5,retest,The statue is BLANK Ali. Ali walks South. The statue is West of Ali.,geocentric_near,geocentric_near_context,da2835cc-e084-4f03-9452-35e32d6584d5,West of,North of,1
A3EYPW6CQLFHWO,5,retest,The painting is North of Ali. Ali turns left. The painting is BLANK Ali.,geocentric_near,geocentric_near_target,fc7cdc2e-21c4-449d-8e3b-d09643846cbf,North of,West of,1
A3EYPW6CQLFHWO,5,retest,The painting is North of Ali. Ali turns left. The painting is BLANK Ali.,geocentric_near,geocentric_near_target,fc7cdc2e-21c4-449d-8e3b-d09643846cbf,North of,West of,1
A3EYPW6CQLFHWO,5,retest,The painting is BLANK Ali. Ali turns left. The painting is East of Ali.,geocentric_near,geocentric_near_context,9d8ecfc4-35b9-4001-9529-6b0c8a91e01a,East of,North of,1
A3EYPW6CQLFHWO,5,retest,The painting is BLANK Ali. Ali turns left. The painting is East of Ali.,geocentric_near,geocentric_near_context,9d8ecfc4-35b9-4001-9529-6b0c8a91e01a,East of,North of,1
A3EYPW6CQLFHWO,5,retest,Ali is BLANK of Milwaukee. Ali walks West. Ali is getting closer to Milwaukee.,geocentric_distant,geocentric_distant_context,a049e969-bc7f-4cf3-837b-136cd4fedea7,East,West,0
A3EYPW6CQLFHWO,5,retest,Ali is BLANK of Milwaukee. Ali walks West. Ali is getting closer to Milwaukee.,geocentric_distant,geocentric_distant_context,a049e969-bc7f-4cf3-837b-136cd4fedea7,East,West,0
A3EYPW6CQLFHWO,5,retest,The painting is BLANK of Ali. Ali turns around. The painting is West of Ali.,geocentric_near,geocentric_near_context,f1bed182-4854-4817-be9b-bbd83f82b6b3,West of,East of,1
A3EYPW6CQLFHWO,5,retest,The painting is BLANK of Ali. Ali turns around. The painting is West of Ali.,geocentric_near,geocentric_near_context,f1bed182-4854-4817-be9b-bbd83f82b6b3,West of,East of,1
A3EYPW6CQLFHWO,5,retest,Milwaukee is BLANK Ali. Ali turns right. Milwaukee is West of Ali.,geocentric_distant,geocentric_distant_context,80095f76-f1b0-4965-b854-61fab928d906,West of,North of,1
A3EYPW6CQLFHWO,5,retest,Milwaukee is BLANK Ali. Ali turns right. Milwaukee is West of Ali.,geocentric_distant,geocentric_distant_context,80095f76-f1b0-4965-b854-61fab928d906,West of,North of,1
A3EYPW6CQLFHWO,5,retest,Milwaukee is BLANK Ali. Ali turns left. Milwaukee is West of Ali.,geocentric_distant,geocentric_distant_context,fee9924b-cb25-446b-af44-b62170c8290e,West of,South of,1
A3EYPW6CQLFHWO,5,retest,Milwaukee is BLANK Ali. Ali turns left. Milwaukee is West of Ali.,geocentric_distant,geocentric_distant_context,fee9924b-cb25-446b-af44-b62170c8290e,West of,South of,1
A3EYPW6CQLFHWO,5,retest,The painting is BLANK Ali. Ali turns right. The painting is West of Ali.,geocentric_near,geocentric_near_context,b4a4599e-5c35-4017-bddf-d8cd9906ad1a,West of,North of,1
A3EYPW6CQLFHWO,5,retest,The painting is BLANK Ali. Ali turns right. The painting is West of Ali.,geocentric_near,geocentric_near_context,b4a4599e-5c35-4017-bddf-d8cd9906ad1a,West of,North of,1
A3EYPW6CQLFHWO,5,retest,Milwaukee is BLANK Ali. Ali turns around. Milwaukee is West of Ali.,geocentric_distant,geocentric_distant_context,c5d2016b-d26b-44b9-90f5-184b6445bd3a,West of,East of,1
A3EYPW6CQLFHWO,5,retest,Milwaukee is BLANK Ali. Ali turns around. Milwaukee is West of Ali.,geocentric_distant,geocentric_distant_context,c5d2016b-d26b-44b9-90f5-184b6445bd3a,West of,East of,1
A3EYPW6CQLFHWO,5,retest,Milwaukee is West of Ali. Ali turns right. Milwaukee is BLANK Ali.,geocentric_distant,geocentric_distant_target,fe55d52f-2cbe-4ed6-99c7-3621f42b708e,West of,North of,1
A3EYPW6CQLFHWO,5,retest,Milwaukee is West of Ali. Ali turns right. Milwaukee is BLANK Ali.,geocentric_distant,geocentric_distant_target,fe55d52f-2cbe-4ed6-99c7-3621f42b708e,West of,North of,1
A3EYPW6CQLFHWO,5,retest,The painting is South of Ali. Ali turns around. The painting is BLANK Ali.,geocentric_near,geocentric_near_target,8367bb5a-4d50-4466-b766-1c9cfe03964b,South of,North of,1
A3EYPW6CQLFHWO,5,retest,The painting is South of Ali. Ali turns around. The painting is BLANK Ali.,geocentric_near,geocentric_near_target,8367bb5a-4d50-4466-b766-1c9cfe03964b,South of,North of,1
A3EYPW6CQLFHWO,5,retest,The statue is North of Ali. Ali walks West. The statue is BLANK of Ali.,geocentric_near,geocentric_near_target,cd6c5c62-7e69-4c2f-abed-f16de0c2cc46,North of,East of,1
A3EYPW6CQLFHWO,5,retest,The statue is North of Ali. Ali walks West. The statue is BLANK of Ali.,geocentric_near,geocentric_near_target,cd6c5c62-7e69-4c2f-abed-f16de0c2cc46,North of,East of,1
A3EYPW6CQLFHWO,5,retest,The statue is North of Ali. Ali walks East. The statue is BLANK of Ali.,geocentric_near,geocentric_near_target,97a7f128-d80a-434a-923a-5b23093392d4,North of,West of,0
A3EYPW6CQLFHWO,5,retest,The statue is North of Ali. Ali walks East. The statue is BLANK of Ali.,geocentric_near,geocentric_near_target,97a7f128-d80a-434a-923a-5b23093392d4,North of,West of,0
A3EYPW6CQLFHWO,5,retest,The box is BLANK Ali. Ali turns around. The box is West of Ali.,geocentric_near,geocentric_near_context,c77f4233-c964-4f83-8ac6-95f75eae89bf,West of,East of,1
A3EYPW6CQLFHWO,5,retest,The box is BLANK Ali. Ali turns around. The box is West of Ali.,geocentric_near,geocentric_near_context,c77f4233-c964-4f83-8ac6-95f75eae89bf,West of,East of,1
A3EYPW6CQLFHWO,5,retest,The statue is BLANK Ali. Ali walks North. The statue is East of Ali.,geocentric_near,geocentric_near_context,900df025-c5e8-4874-a648-b98abcac3bec,East of,South of,1
A3EYPW6CQLFHWO,5,retest,The statue is BLANK Ali. Ali walks North. The statue is East of Ali.,geocentric_near,geocentric_near_context,900df025-c5e8-4874-a648-b98abcac3bec,East of,South of,1
A3EYPW6CQLFHWO,5,retest,The box is BLANK Ali. Ali turns around. The box is South of Ali.,geocentric_near,geocentric_near_context,e586c6ab-2759-4cf9-a481-e86e8d272815,South of,North of,1
A3EYPW6CQLFHWO,5,retest,The box is BLANK Ali. Ali turns around. The box is South of Ali.,geocentric_near,geocentric_near_context,e586c6ab-2759-4cf9-a481-e86e8d272815,South of,North of,1
A3EYPW6CQLFHWO,5,retest,The statue is East of Ali. Ali walks North. The statue is BLANK of Ali.,geocentric_near,geocentric_near_target,bed5c852-6e27-4cca-be42-7d3a0632c454,East of,South of,1
A3EYPW6CQLFHWO,5,retest,The statue is East of Ali. Ali walks North. The statue is BLANK of Ali.,geocentric_near,geocentric_near_target,bed5c852-6e27-4cca-be42-7d3a0632c454,East of,South of,1
A3EYPW6CQLFHWO,5,retest,The painting is BLANK Ali. Ali turns around. The painting is South of Ali.,geocentric_near,geocentric_near_context,af058740-4880-41ea-93b6-e1468cd69ac2,South of,North of,1
A3EYPW6CQLFHWO,5,retest,The painting is BLANK Ali. Ali turns around. The painting is South of Ali.,geocentric_near,geocentric_near_context,af058740-4880-41ea-93b6-e1468cd69ac2,South of,North of,1
A3EYPW6CQLFHWO,5,retest,Ali is East of Milwaukee. Ali walks East. Ali is getting BLANK Milwaukee.,geocentric_distant,geocentric_distant_target,b89afe78-3f1f-4856-97cc-382a35eb4abc,further from,closer to,0
A3EYPW6CQLFHWO,5,retest,Ali is East of Milwaukee. Ali walks East. Ali is getting BLANK Milwaukee.,geocentric_distant,geocentric_distant_target,b89afe78-3f1f-4856-97cc-382a35eb4abc,further from,closer to,0
A3EYPW6CQLFHWO,5,retest,The painting is South of Ali. Ali turns right. The painting is BLANK Ali.,geocentric_near,geocentric_near_target,d2717556-613e-4cc6-8a14-bc04bbd1740c,South of,West of,1
A3EYPW6CQLFHWO,5,retest,The painting is South of Ali. Ali turns right. The painting is BLANK Ali.,geocentric_near,geocentric_near_target,d2717556-613e-4cc6-8a14-bc04bbd1740c,South of,West of,1
A3EYPW6CQLFHWO,5,retest,Ali is South of Milwaukee. Ali walks North. Ali is getting BLANK Milwaukee.,geocentric_distant,geocentric_distant_target,ce32dac1-fbf6-4834-9716-7a2194b5b314,closer to,further from,0
A3EYPW6CQLFHWO,5,retest,Ali is South of Milwaukee. Ali walks North. Ali is getting BLANK Milwaukee.,geocentric_distant,geocentric_distant_target,ce32dac1-fbf6-4834-9716-7a2194b5b314,closer to,further from,0
A3EYPW6CQLFHWO,5,retest,Ali is BLANK of Milwaukee. Ali walks East. Ali is getting further from Milwaukee.,geocentric_distant,geocentric_distant_context,bed73e8c-2190-4ce1-b61e-150f5ed1c776,East,West,0
A3EYPW6CQLFHWO,5,retest,Ali is BLANK of Milwaukee. Ali walks East. Ali is getting further from Milwaukee.,geocentric_distant,geocentric_distant_context,bed73e8c-2190-4ce1-b61e-150f5ed1c776,East,West,0
A3EYPW6CQLFHWO,5,retest,Ali is BLANK of Milwaukee. Ali walks North. Ali is getting closer to Milwaukee.,geocentric_distant,geocentric_distant_context,9dca2d9b-abbf-4a6e-b9ca-e05ba8ab913e,South,North,1
A3EYPW6CQLFHWO,5,retest,Ali is BLANK of Milwaukee. Ali walks North. Ali is getting closer to Milwaukee.,geocentric_distant,geocentric_distant_context,9dca2d9b-abbf-4a6e-b9ca-e05ba8ab913e,South,North,1
A3EYPW6CQLFHWO,5,retest,Milwaukee is North of Ali. Ali turns left. Milwaukee is BLANK Ali.,geocentric_distant,geocentric_distant_target,c21b22b3-1dc6-4e7e-945c-d6dbc3235254,North of,West of,1
A3EYPW6CQLFHWO,5,retest,Milwaukee is North of Ali. Ali turns left. Milwaukee is BLANK Ali.,geocentric_distant,geocentric_distant_target,c21b22b3-1dc6-4e7e-945c-d6dbc3235254,North of,West of,1
A3EYPW6CQLFHWO,5,retest,Ali is BLANK of Milwaukee. Ali walks South. Ali is getting further from Milwaukee.,geocentric_distant,geocentric_distant_context,da9ce4e1-d6fd-430c-ab2a-8e4cfb1e1400,South,North,1
A3EYPW6CQLFHWO,5,retest,Ali is BLANK of Milwaukee. Ali walks South. Ali is getting further from Milwaukee.,geocentric_distant,geocentric_distant_context,da9ce4e1-d6fd-430c-ab2a-8e4cfb1e1400,South,North,1
A3EYPW6CQLFHWO,5,retest,Milwaukee is BLANK Ali. Ali turns left. Milwaukee is North of Ali.,geocentric_distant,geocentric_distant_context,cc3c9137-122e-4dd0-85f2-e816de95a28f,North of,West of,1
A3EYPW6CQLFHWO,5,retest,Milwaukee is BLANK Ali. Ali turns left. Milwaukee is North of Ali.,geocentric_distant,geocentric_distant_context,cc3c9137-122e-4dd0-85f2-e816de95a28f,North of,West of,1
A3EYPW6CQLFHWO,5,retest,The painting is BLANK Ali. Ali turns left. The painting is South of Ali.,geocentric_near,geocentric_near_context,9e3abe2a-1e64-497a-ad89-98c2e646676e,South of,East of,1
A3EYPW6CQLFHWO,5,retest,The painting is BLANK Ali. Ali turns left. The painting is South of Ali.,geocentric_near,geocentric_near_context,9e3abe2a-1e64-497a-ad89-98c2e646676e,South of,East of,1
A3H409OOR6NJF,5,retest,The box is BLANK Ali. Ali turns around. The box is West of Ali.,geocentric_near,geocentric_near_context,c77f4233-c964-4f83-8ac6-95f75eae89bf,West of,East of,1
A3H409OOR6NJF,5,retest,Milwaukee is East of Ali. Ali turns right. Milwaukee is BLANK Ali.,geocentric_distant,geocentric_distant_target,d348dbb0-d78c-457c-af70-1bbeb5842ea7,East of,South of,1
A3H409OOR6NJF,5,retest,The statue is East of Ali. Ali walks North. The statue is BLANK of Ali.,geocentric_near,geocentric_near_target,bed5c852-6e27-4cca-be42-7d3a0632c454,East of,South of,1
A3H409OOR6NJF,5,retest,The painting is BLANK Ali. Ali turns left. The painting is East of Ali.,geocentric_near,geocentric_near_context,9d8ecfc4-35b9-4001-9529-6b0c8a91e01a,East of,North of,1
A3H409OOR6NJF,5,retest,The box is North of Ali. Ali turns around. The box is BLANK Ali.,geocentric_near,geocentric_near_target,817b1f6d-ff16-476d-8da8-4a5a189ff6fc,North of,South of,0
A3H409OOR6NJF,5,retest,The statue is BLANK Ali. Ali walks East. The statue is South of Ali.,geocentric_near,geocentric_near_context,dda332bc-7e07-43d3-9b4e-320f1d426b3a,South of,West of,1
A3H409OOR6NJF,5,retest,Milwaukee is BLANK Ali. Ali turns around. Milwaukee is West of Ali.,geocentric_distant,geocentric_distant_context,c5d2016b-d26b-44b9-90f5-184b6445bd3a,West of,East of,1
A3H409OOR6NJF,5,retest,The painting is BLANK of Ali. Ali turns around. The painting is West of Ali.,geocentric_near,geocentric_near_context,f1bed182-4854-4817-be9b-bbd83f82b6b3,West of,East of,1
A3H409OOR6NJF,5,retest,Milwaukee is BLANK Ali. Ali turns left. Milwaukee is South of Ali.,geocentric_distant,geocentric_distant_context,e801aa45-2a31-477e-8726-58aeb4978f44,South of,East of,1
A3H409OOR6NJF,5,retest,Ali is BLANK of Milwaukee. Ali walks South. Ali is getting further from Milwaukee.,geocentric_distant,geocentric_distant_context,da9ce4e1-d6fd-430c-ab2a-8e4cfb1e1400,South,North,0
A3H409OOR6NJF,5,retest,Milwaukee is North of Ali. Ali turns left. Milwaukee is BLANK Ali.,geocentric_distant,geocentric_distant_target,c21b22b3-1dc6-4e7e-945c-d6dbc3235254,North of,West of,1
A3H409OOR6NJF,5,retest,The statue is North of Ali. Ali walks East. The statue is BLANK of Ali.,geocentric_near,geocentric_near_target,97a7f128-d80a-434a-923a-5b23093392d4,North of,West of,1
A3H409OOR6NJF,5,retest,The statue is BLANK Ali. Ali walks South. The statue is West of Ali.,geocentric_near,geocentric_near_context,da2835cc-e084-4f03-9452-35e32d6584d5,West of,North of,1
A3H409OOR6NJF,5,retest,Milwaukee is West of Ali. Ali turns right. Milwaukee is BLANK Ali.,geocentric_distant,geocentric_distant_target,fe55d52f-2cbe-4ed6-99c7-3621f42b708e,West of,North of,1
A3H409OOR6NJF,5,retest,Ali is South of Milwaukee. Ali walks North. Ali is getting BLANK Milwaukee.,geocentric_distant,geocentric_distant_target,ce32dac1-fbf6-4834-9716-7a2194b5b314,closer to,further from,1
A3H409OOR6NJF,5,retest,The painting is West of Ali. Ali turns right. The painting is BLANK Ali.,geocentric_near,geocentric_near_target,7fb75cc7-af4d-4698-9d29-a9b064fdde65,West of,North of,1
A3H409OOR6NJF,5,retest,The painting is BLANK Ali. Ali turns left. The painting is South of Ali.,geocentric_near,geocentric_near_context,9e3abe2a-1e64-497a-ad89-98c2e646676e,South of,East of,1
A3H409OOR6NJF,5,retest,The painting is West of Ali. Ali turns around. The painting is BLANK Ali.,geocentric_near,geocentric_near_target,90c1e22f-06ef-4e79-bebf-1f933f4395e6,West of,East of,1
A3H409OOR6NJF,5,retest,The statue is North of Ali. Ali walks West. The statue is BLANK of Ali.,geocentric_near,geocentric_near_target,cd6c5c62-7e69-4c2f-abed-f16de0c2cc46,North of,East of,1
A3H409OOR6NJF,5,retest,The box is BLANK Ali. Ali turns around. The box is South of Ali.,geocentric_near,geocentric_near_context,e586c6ab-2759-4cf9-a481-e86e8d272815,South of,North of,1
A3H409OOR6NJF,5,retest,The painting is South of Ali. Ali turns around. The painting is BLANK Ali.,geocentric_near,geocentric_near_target,8367bb5a-4d50-4466-b766-1c9cfe03964b,South of,North of,1
A3H409OOR6NJF,5,retest,Ali is BLANK of Milwaukee. Ali walks North. Ali is getting closer to Milwaukee.,geocentric_distant,geocentric_distant_context,9dca2d9b-abbf-4a6e-b9ca-e05ba8ab913e,South,North,1
A3H409OOR6NJF,5,retest,The painting is East of Ali. Ali turns left. The painting is BLANK Ali.,geocentric_near,geocentric_near_target,fdf94dc5-2cb7-4323-b672-3b0a32f5f7b9,East of,North of,1
A3H409OOR6NJF,5,retest,Ali is BLANK of Milwaukee. Ali walks East. Ali is getting further from Milwaukee.,geocentric_distant,geocentric_distant_context,bed73e8c-2190-4ce1-b61e-150f5ed1c776,East,West,0
A3H409OOR6NJF,5,retest,The painting is North of Ali. Ali turns left. The painting is BLANK Ali.,geocentric_near,geocentric_near_target,fc7cdc2e-21c4-449d-8e3b-d09643846cbf,North of,West of,1
A3H409OOR6NJF,5,retest,The statue is West of Ali. Ali walks South. The statue is BLANK of Ali.,geocentric_near,geocentric_near_target,947caead-a96c-4aae-bb19-33860a26d48c,West of,North of,1
A3H409OOR6NJF,5,retest,Milwaukee is BLANK Ali. Ali turns left. Milwaukee is North of Ali.,geocentric_distant,geocentric_distant_context,cc3c9137-122e-4dd0-85f2-e816de95a28f,North of,West of,1
A3H409OOR6NJF,5,retest,The painting is South of Ali. Ali turns right. The painting is BLANK Ali.,geocentric_near,geocentric_near_target,d2717556-613e-4cc6-8a14-bc04bbd1740c,South of,West of,1
A3H409OOR6NJF,5,retest,Milwaukee is BLANK Ali. Ali turns right. Milwaukee is East of Ali.,geocentric_distant,geocentric_distant_context,f5e6b60f-829f-4ded-b496-1853dcc2d3ab,East of,South of,1
A3H409OOR6NJF,5,retest,Ali is East of Milwaukee. Ali walks East. Ali is getting BLANK Milwaukee.,geocentric_distant,geocentric_distant_target,b89afe78-3f1f-4856-97cc-382a35eb4abc,further from,closer to,1
A3H409OOR6NJF,5,retest,Ali is BLANK of Milwaukee. Ali walks West. Ali is getting closer to Milwaukee.,geocentric_distant,geocentric_distant_context,a049e969-bc7f-4cf3-837b-136cd4fedea7,East,West,1
A3H409OOR6NJF,5,retest,The painting is BLANK Ali. Ali turns right. The painting is West of Ali.,geocentric_near,geocentric_near_context,b4a4599e-5c35-4017-bddf-d8cd9906ad1a,West of,North of,1
A3H409OOR6NJF,5,retest,Milwaukee is North of Ali. Ali turns around. Milwaukee is BLANK Ali.,geocentric_distant,geocentric_distant_target,fa50948a-b463-4701-8704-800588c7931b,North of,South of,1
A3H409OOR6NJF,5,retest,Mark is facing North. Mark turns 90 degrees to his right. Mark is facing BLANK.,geocentric_near,geocentric_near_target,a525a72c-72cd-4fa4-8728-d405b2df6c2d,East,West,1
A3H409OOR6NJF,5,retest,The painting is BLANK Ali. Ali turns around. The painting is South of Ali.,geocentric_near,geocentric_near_context,af058740-4880-41ea-93b6-e1468cd69ac2,South of,North of,1
A3H409OOR6NJF,5,retest,Mark is facing East. Mark turns 90 degrees to his right. Mark is facing BLANK.,geocentric_near,geocentric_near_target,ef8f3d6c-fc26-496d-a9e0-433ea2eb5454,South,North,1
A3H409OOR6NJF,5,retest,The statue is BLANK Ali. Ali walks North. The statue is East of Ali.,geocentric_near,geocentric_near_context,900df025-c5e8-4874-a648-b98abcac3bec,East of,South of,1
A3H409OOR6NJF,5,retest,Milwaukee is BLANK Ali. Ali turns right. Milwaukee is West of Ali.,geocentric_distant,geocentric_distant_context,80095f76-f1b0-4965-b854-61fab928d906,West of,North of,1
A3H409OOR6NJF,5,retest,The box is BLANK Ali. Ali turns around. The box is North of Ali.,geocentric_near,geocentric_near_context,cc0f8483-f6de-46de-8138-cd9f9e354061,North of,South of,1
A3H409OOR6NJF,5,retest,The painting is BLANK Ali. Ali turns left. The painting is North of Ali.,geocentric_near,geocentric_near_context,ff265d4c-2988-4db0-8cd1-c8613db5c189,North of,West of,1
A3H409OOR6NJF,5,retest,Milwaukee is BLANK Ali. Ali turns left. Milwaukee is West of Ali.,geocentric_distant,geocentric_distant_context,fee9924b-cb25-446b-af44-b62170c8290e,West of,South of,1
A3H409OOR6NJF,5,retest,Milwaukee is East of Ali. Ali turns right. Milwaukee is BLANK Ali.,geocentric_distant,geocentric_distant_target,d348dbb0-d78c-457c-af70-1bbeb5842ea7,East of,South of,1
A3H409OOR6NJF,5,retest,Milwaukee is East of Ali. Ali turns right. Milwaukee is BLANK Ali.,geocentric_distant,geocentric_distant_target,d348dbb0-d78c-457c-af70-1bbeb5842ea7,East of,South of,1
A3H409OOR6NJF,5,retest,The box is North of Ali. Ali turns around. The box is BLANK Ali.,geocentric_near,geocentric_near_target,817b1f6d-ff16-476d-8da8-4a5a189ff6fc,North of,South of,1
A3H409OOR6NJF,5,retest,The box is North of Ali. Ali turns around. The box is BLANK Ali.,geocentric_near,geocentric_near_target,817b1f6d-ff16-476d-8da8-4a5a189ff6fc,North of,South of,1
A3H409OOR6NJF,5,retest,Ali is BLANK of Milwaukee. Ali walks South. Ali is getting further from Milwaukee.,geocentric_distant,geocentric_distant_context,da9ce4e1-d6fd-430c-ab2a-8e4cfb1e1400,South,North,1
A3H409OOR6NJF,5,retest,Ali is BLANK of Milwaukee. Ali walks South. Ali is getting further from Milwaukee.,geocentric_distant,geocentric_distant_context,da9ce4e1-d6fd-430c-ab2a-8e4cfb1e1400,South,North,1
A3H409OOR6NJF,5,retest,Milwaukee is North of Ali. Ali turns left. Milwaukee is BLANK Ali.,geocentric_distant,geocentric_distant_target,c21b22b3-1dc6-4e7e-945c-d6dbc3235254,North of,West of,1
A3H409OOR6NJF,5,retest,Milwaukee is North of Ali. Ali turns left. Milwaukee is BLANK Ali.,geocentric_distant,geocentric_distant_target,c21b22b3-1dc6-4e7e-945c-d6dbc3235254,North of,West of,1
A3H409OOR6NJF,5,retest,The statue is North of Ali. Ali walks East. The statue is BLANK of Ali.,geocentric_near,geocentric_near_target,97a7f128-d80a-434a-923a-5b23093392d4,North of,West of,1
A3H409OOR6NJF,5,retest,The statue is North of Ali. Ali walks East. The statue is BLANK of Ali.,geocentric_near,geocentric_near_target,97a7f128-d80a-434a-923a-5b23093392d4,North of,West of,1
A3H409OOR6NJF,5,retest,Ali is South of Milwaukee. Ali walks North. Ali is getting BLANK Milwaukee.,geocentric_distant,geocentric_distant_target,ce32dac1-fbf6-4834-9716-7a2194b5b314,closer to,further from,1
A3H409OOR6NJF,5,retest,Ali is South of Milwaukee. Ali walks North. Ali is getting BLANK Milwaukee.,geocentric_distant,geocentric_distant_target,ce32dac1-fbf6-4834-9716-7a2194b5b314,closer to,further from,1
A3H409OOR6NJF,5,retest,The painting is West of Ali. Ali turns right. The painting is BLANK Ali.,geocentric_near,geocentric_near_target,7fb75cc7-af4d-4698-9d29-a9b064fdde65,West of,North of,1
A3H409OOR6NJF,5,retest,The painting is West of Ali. Ali turns right. The painting is BLANK Ali.,geocentric_near,geocentric_near_target,7fb75cc7-af4d-4698-9d29-a9b064fdde65,West of,North of,1
A3H409OOR6NJF,5,retest,The painting is West of Ali. Ali turns around. The painting is BLANK Ali.,geocentric_near,geocentric_near_target,90c1e22f-06ef-4e79-bebf-1f933f4395e6,West of,East of,1
A3H409OOR6NJF,5,retest,The painting is West of Ali. Ali turns around. The painting is BLANK Ali.,geocentric_near,geocentric_near_target,90c1e22f-06ef-4e79-bebf-1f933f4395e6,West of,East of,1
A3H409OOR6NJF,5,retest,Ali is BLANK of Milwaukee. Ali walks North. Ali is getting closer to Milwaukee.,geocentric_distant,geocentric_distant_context,9dca2d9b-abbf-4a6e-b9ca-e05ba8ab913e,South,North,1
A3H409OOR6NJF,5,retest,Ali is BLANK of Milwaukee. Ali walks North. Ali is getting closer to Milwaukee.,geocentric_distant,geocentric_distant_context,9dca2d9b-abbf-4a6e-b9ca-e05ba8ab913e,South,North,1
A3H409OOR6NJF,5,retest,The painting is East of Ali. Ali turns left. The painting is BLANK Ali.,geocentric_near,geocentric_near_target,fdf94dc5-2cb7-4323-b672-3b0a32f5f7b9,East of,North of,1
A3H409OOR6NJF,5,retest,The painting is East of Ali. Ali turns left. The painting is BLANK Ali.,geocentric_near,geocentric_near_target,fdf94dc5-2cb7-4323-b672-3b0a32f5f7b9,East of,North of,1
A3H409OOR6NJF,5,retest,Ali is BLANK of Milwaukee. Ali walks East. Ali is getting further from Milwaukee.,geocentric_distant,geocentric_distant_context,bed73e8c-2190-4ce1-b61e-150f5ed1c776,East,West,1
A3H409OOR6NJF,5,retest,Ali is BLANK of Milwaukee. Ali walks East. Ali is getting further from Milwaukee.,geocentric_distant,geocentric_distant_context,bed73e8c-2190-4ce1-b61e-150f5ed1c776,East,West,1
A3H409OOR6NJF,5,retest,The statue is West of Ali. Ali walks South. The statue is BLANK of Ali.,geocentric_near,geocentric_near_target,947caead-a96c-4aae-bb19-33860a26d48c,West of,North of,1
A3H409OOR6NJF,5,retest,The statue is West of Ali. Ali walks South. The statue is BLANK of Ali.,geocentric_near,geocentric_near_target,947caead-a96c-4aae-bb19-33860a26d48c,West of,North of,1
A3H409OOR6NJF,5,retest,The painting is South of Ali. Ali turns right. The painting is BLANK Ali.,geocentric_near,geocentric_near_target,d2717556-613e-4cc6-8a14-bc04bbd1740c,South of,West of,1
A3H409OOR6NJF,5,retest,The painting is South of Ali. Ali turns right. The painting is BLANK Ali.,geocentric_near,geocentric_near_target,d2717556-613e-4cc6-8a14-bc04bbd1740c,South of,West of,1
A3H409OOR6NJF,5,retest,Ali is East of Milwaukee. Ali walks East. Ali is getting BLANK Milwaukee.,geocentric_distant,geocentric_distant_target,b89afe78-3f1f-4856-97cc-382a35eb4abc,further from,closer to,1
A3H409OOR6NJF,5,retest,Ali is East of Milwaukee. Ali walks East. Ali is getting BLANK Milwaukee.,geocentric_distant,geocentric_distant_target,b89afe78-3f1f-4856-97cc-382a35eb4abc,further from,closer to,1
A3H409OOR6NJF,5,retest,Mark is facing North. Mark turns 90 degrees to his right. Mark is facing BLANK.,geocentric_near,geocentric_near_target,a525a72c-72cd-4fa4-8728-d405b2df6c2d,East,West,1
A3H409OOR6NJF,5,retest,Mark is facing North. Mark turns 90 degrees to his right. Mark is facing BLANK.,geocentric_near,geocentric_near_target,a525a72c-72cd-4fa4-8728-d405b2df6c2d,East,West,1
A3H409OOR6NJF,5,retest,The box is BLANK Ali. Ali turns around. The box is North of Ali.,geocentric_near,geocentric_near_context,cc0f8483-f6de-46de-8138-cd9f9e354061,North of,South of,1
A3H409OOR6NJF,5,retest,The box is BLANK Ali. Ali turns around. The box is North of Ali.,geocentric_near,geocentric_near_context,cc0f8483-f6de-46de-8138-cd9f9e354061,North of,South of,1
A3HFZPC8QR1Y54,4,retest,Milwaukee is South of Ali. Ali turns left. Milwaukee is BLANK Ali.,geocentric_distant,geocentric_distant_target,4ebfa491-4cac-42c5-989f-28d141866d2d,South,East of,0
A3HFZPC8QR1Y54,4,retest,Milwaukee is BLANK Ali. Ali turns around. Milwaukee is North of Ali.,geocentric_distant,geocentric_distant_context,14f6052a-0630-41e5-8e32-49b50329bc7c,North of,South of,0
A3HFZPC8QR1Y54,4,retest,Milwaukee is BLANK Ali. Ali turns right. Milwaukee is South of Ali.,geocentric_distant,geocentric_distant_context,3f98a0d2-e39a-44fe-8829-f36a67060ce0,South of,West of,0
A3HFZPC8QR1Y54,4,retest,The statue is BLANK Ali. Ali walks North. The statue is West of Ali.,geocentric_near,geocentric_near_context,1548d982-1dd9-4987-a32f-e7901bf4ae19,West of,South of,0
A3HFZPC8QR1Y54,4,retest,Ali is directly North of Milwaukee. Ali walks East. Ali is BLANK Milwaukee.,geocentric_distant,geocentric_distant_target,72cd0076-2e45-4c94-b071-27ad4067b3ba,Northeast,Southwest,1
A3HFZPC8QR1Y54,4,retest,The statue is BLANK Ali. Ali walks South. The statue is East of Ali.,geocentric_near,geocentric_near_context,1d96d949-42bd-435b-b94b-18a7daf5eda7,East of,North of,0
A3HFZPC8QR1Y54,4,retest,The box is BLANK Ali. Ali turns around. The box is East of Ali.,geocentric_near,geocentric_near_context,32cf82f2-f1d9-47f7-a424-179811371198,East of,West of,0
A3HFZPC8QR1Y54,4,retest,Milwaukee is East of Ali. Ali turns around. Milwaukee is BLANK Ali.,geocentric_distant,geocentric_distant_target,2d04b915-2739-4516-9aa3-4b513d3292f8,East of,West of,0
A3HFZPC8QR1Y54,4,retest,The painting is BLANK Ali. Ali turns right. The painting is North of Ali.,geocentric_near,geocentric_near_context,3eedd983-6f21-45cb-8008-1014712a7b7b,North of,East of,1
A3HFZPC8QR1Y54,4,retest,Ali is directly BLANK of Milwaukee. Ali walks West. Ali is Southwest of Milwaukee.,geocentric_distant,geocentric_distant_context,300eca91-7f1c-427a-94bf-0ba740b8f6ac,South,North,1
A3HFZPC8QR1Y54,4,retest,Milwaukee is North of Ali. Ali turns right. Milwaukee is BLANK Ali.,geocentric_distant,geocentric_distant_target,3e898758-3fe2-437c-ae53-dac3e31b103d,North of,East of,1
A3HFZPC8QR1Y54,4,retest,The painting is BLANK Ali. Ali turns right. The painting is East of Ali.,geocentric_near,geocentric_near_context,75584ccb-cf13-4dad-a836-d1718688dd78,East of,South of,1
A3HFZPC8QR1Y54,4,retest,The statue is BLANK Ali. Ali walks West. The statue is North of Ali.,geocentric_near,geocentric_near_context,2394a22c-ce98-4455-8af8-9365567f5512,North of,East of,1
A3HFZPC8QR1Y54,4,retest,Milwaukee is BLANK Ali. Ali turns around. Milwaukee is South of Ali.,geocentric_distant,geocentric_distant_context,71d90361-bbec-4143-a556-ce4b5bdc12ef,South of,North of,0
A3HFZPC8QR1Y54,4,retest,The box is East of Ali. Ali turns around. The box is BLANK Ali.,geocentric_near,geocentric_near_target,1db16913-f23f-4f1e-92ed-27302deba9fc,East of,West of,0
A3HFZPC8QR1Y54,4,retest,The painting is East of Ali. Ali turns around. The painting is BLANK Ali.,geocentric_near,geocentric_near_target,14321555-7ea9-4679-b51e-ac67fb252f49,East of,West of,1
A3HFZPC8QR1Y54,4,retest,The statue is South of Ali. Ali walks East. The statue is BLANK of Ali.,geocentric_near,geocentric_near_target,74f043f5-acec-4feb-86b0-8ef876aecd9e,South of,West of,1
A3HFZPC8QR1Y54,4,retest,Mark is facing BLANK. Mark turns 90 degrees to his right. Mark is facing West.,geocentric_near,geocentric_near_context,158db60e-90ac-4371-8e54-92fec86e2514,South,North,1
A3HFZPC8QR1Y54,4,retest,The painting is South of Ali. Ali turns left. The painting is BLANK Ali.,geocentric_near,geocentric_near_target,388f87fc-7d6f-42d9-baa2-180cee60026e,South of,East of,1
A3HFZPC8QR1Y54,4,retest,Milwaukee is BLANK Ali. Ali turns right. Milwaukee is North of Ali.,geocentric_distant,geocentric_distant_context,7206047f-87f8-4d57-a741-e044eeb302c2,North of,East of,1
A3HFZPC8QR1Y54,4,retest,Milwaukee is South of Ali. Ali turns around. Milwaukee is BLANK Ali.,geocentric_distant,geocentric_distant_target,1df25621-f5fc-45c4-b67e-908755a4b805,South of,North of,1
A3HFZPC8QR1Y54,4,retest,Milwaukee is West of Ali. Ali turns around. Milwaukee is BLANK Ali.,geocentric_distant,geocentric_distant_target,5a23ac72-538b-4ce0-9c8d-3fcbaf720c14,West of,East of,1
A3HFZPC8QR1Y54,4,retest,Milwaukee is BLANK Ali. Ali turns left. Milwaukee is East of Ali.,geocentric_distant,geocentric_distant_context,3db7d6ed-6556-41e8-84c7-4842a7f10aaf,East of,North of,0
A3HFZPC8QR1Y54,4,retest,The painting is BLANK Ali. Ali turns right. The painting is South of Ali.,geocentric_near,geocentric_near_context,53e65902-e67a-4c24-b2ad-c73e60322ad7,South of,West of,0
A3HFZPC8QR1Y54,4,retest,Ali is East of Milwaukee. Ali walks West. Ali is getting BLANK Milwaukee.,geocentric_distant,geocentric_distant_target,67b9b39e-21bf-4eae-bc30-d2bbccfd7b46,closer to,further from,0
A3HFZPC8QR1Y54,4,retest,The painting is BLANK Ali. Ali turns left. The painting is West of Ali.,geocentric_near,geocentric_near_context,371933d5-09a6-4be0-ab6a-736ebc7c885d,West of,South of,1
A3HFZPC8QR1Y54,4,retest,The statue is West of Ali. Ali walks North. The statue is BLANK of Ali.,geocentric_near,geocentric_near_target,02001830-4e69-4fbb-bf98-17c2b84f5101,West of,South of,0
A3HFZPC8QR1Y54,4,retest,The box is South of Ali. Ali turns around. The box is BLANK Ali.,geocentric_near,geocentric_near_target,53d5158f-a2f6-4185-8c98-08da3e6ec92c,South of,North of,1
A3HFZPC8QR1Y54,4,retest,Milwaukee is BLANK of Ali. Ali walks West. Ali is getting closer to Milwaukee.,geocentric_distant,geocentric_distant_context,39f1ec10-1ca4-4e11-8934-4468bf7bdf07,West,East,1
A3HFZPC8QR1Y54,4,retest,The box is West of Ali. Ali turns around. The box is BLANK Ali.,geocentric_near,geocentric_near_target,4707b854-94c1-4bdf-bbbe-523dcbcffb17,West of,East of,1
A3HFZPC8QR1Y54,4,retest,The statue is BLANK Ali. Ali walks East. The statue is North of Ali.,geocentric_near,geocentric_near_context,65877b0d-ab1c-4076-9083-baee15b3f77c,North of,West of,1
A3HFZPC8QR1Y54,4,retest,The painting is West of Ali. Ali turns left. The painting is BLANK Ali.,geocentric_near,geocentric_near_target,755f2c4d-3da2-4db8-bedd-f1a04cb521da,West of,South of,1
A3HFZPC8QR1Y54,4,retest,The painting is BLANK Ali. Ali turns around. The painting is North of Ali.,geocentric_near,geocentric_near_context,0f6d0640-aa19-4331-b909-2d4ce3819888,North of,South of,1
A3HFZPC8QR1Y54,4,retest,Mark is facing South. Mark turns 90 degrees to his right. Mark is facing BLANK.,geocentric_near,geocentric_near_target,1911dc4d-f888-4f10-847b-e9940e7aa3cc,West,East,1
A3HFZPC8QR1Y54,4,retest,Milwaukee is West of Ali. Ali turns left. Milwaukee is BLANK Ali.,geocentric_distant,geocentric_distant_target,4a5694f4-513a-4932-b03f-7e15b79f4152,West of,South of,1
A3HFZPC8QR1Y54,4,retest,The painting is North of Ali. Ali turns around. The painting is BLANK Ali.,geocentric_near,geocentric_near_target,259d98cc-7d54-4369-9cee-c39d9df87771,North of,South of,1
A3HFZPC8QR1Y54,4,retest,The painting is BLANK of Ali. Ali turns around. The painting is East of Ali.,geocentric_near,geocentric_near_context,10a923c5-3759-4bf7-9d6a-d986ed2fd2be,East of,West of,1
A3HFZPC8QR1Y54,4,retest,The painting is East of Ali. Ali turns right. The painting is BLANK Ali.,geocentric_near,geocentric_near_target,5f2ceea9-dc97-4a8e-b41e-8340d27dcae0,East of,South of,1
A3HFZPC8QR1Y54,4,retest,Mark is facing BLANK. Mark turns 90 degrees to his right. Mark is facing North.,geocentric_near,geocentric_near_context,6aeba3f8-1b5a-41e2-8a91-d8af80926c51,West,East,1
A3HFZPC8QR1Y54,4,retest,Milwaukee is BLANK Ali. Ali turns around. Milwaukee is East of Ali.,geocentric_distant,geocentric_distant_context,77c0d17a-6bd6-4db4-bc73-14f3e7d2b394,East of,West of,1
A3HFZPC8QR1Y54,4,retest,The painting is North of Ali. Ali turns right. The painting is BLANK Ali.,geocentric_near,geocentric_near_target,56e0ef8c-a438-4942-90a4-b8ed0b45e5a9,North of,East of,1
A3HFZPC8QR1Y54,4,retest,The statue is East of Ali. Ali walks South. The statue is BLANK of Ali.,geocentric_near,geocentric_near_target,7132ca09-59fa-476f-9222-57847641467d,East of,North of,0
A3HFZPC8QR1Y54,4,retest,Milwaukee is South of Ali. Ali turns left. Milwaukee is BLANK Ali.,geocentric_distant,geocentric_distant_target,4ebfa491-4cac-42c5-989f-28d141866d2d,South,East of,1
A3HFZPC8QR1Y54,4,retest,Milwaukee is South of Ali. Ali turns left. Milwaukee is BLANK Ali.,geocentric_distant,geocentric_distant_target,4ebfa491-4cac-42c5-989f-28d141866d2d,South,East of,1
A3HFZPC8QR1Y54,4,retest,Milwaukee is BLANK Ali. Ali turns around. Milwaukee is North of Ali.,geocentric_distant,geocentric_distant_context,14f6052a-0630-41e5-8e32-49b50329bc7c,North of,South of,0
A3HFZPC8QR1Y54,4,retest,Milwaukee is BLANK Ali. Ali turns around. Milwaukee is North of Ali.,geocentric_distant,geocentric_distant_context,14f6052a-0630-41e5-8e32-49b50329bc7c,North of,South of,0
A3HFZPC8QR1Y54,4,retest,Milwaukee is BLANK Ali. Ali turns right. Milwaukee is South of Ali.,geocentric_distant,geocentric_distant_context,3f98a0d2-e39a-44fe-8829-f36a67060ce0,South of,West of,1
A3HFZPC8QR1Y54,4,retest,Milwaukee is BLANK Ali. Ali turns right. Milwaukee is South of Ali.,geocentric_distant,geocentric_distant_context,3f98a0d2-e39a-44fe-8829-f36a67060ce0,South of,West of,1
A3HFZPC8QR1Y54,4,retest,The statue is BLANK Ali. Ali walks North. The statue is West of Ali.,geocentric_near,geocentric_near_context,1548d982-1dd9-4987-a32f-e7901bf4ae19,West of,South of,1
A3HFZPC8QR1Y54,4,retest,The statue is BLANK Ali. Ali walks North. The statue is West of Ali.,geocentric_near,geocentric_near_context,1548d982-1dd9-4987-a32f-e7901bf4ae19,West of,South of,1
A3HFZPC8QR1Y54,4,retest,Ali is directly North of Milwaukee. Ali walks East. Ali is BLANK Milwaukee.,geocentric_distant,geocentric_distant_target,72cd0076-2e45-4c94-b071-27ad4067b3ba,Northeast,Southwest,0
A3HFZPC8QR1Y54,4,retest,Ali is directly North of Milwaukee. Ali walks East. Ali is BLANK Milwaukee.,geocentric_distant,geocentric_distant_target,72cd0076-2e45-4c94-b071-27ad4067b3ba,Northeast,Southwest,0
A3HFZPC8QR1Y54,4,retest,The statue is BLANK Ali. Ali walks South. The statue is East of Ali.,geocentric_near,geocentric_near_context,1d96d949-42bd-435b-b94b-18a7daf5eda7,East of,North of,1
A3HFZPC8QR1Y54,4,retest,The statue is BLANK Ali. Ali walks South. The statue is East of Ali.,geocentric_near,geocentric_near_context,1d96d949-42bd-435b-b94b-18a7daf5eda7,East of,North of,1
A3HFZPC8QR1Y54,4,retest,The box is BLANK Ali. Ali turns around. The box is East of Ali.,geocentric_near,geocentric_near_context,32cf82f2-f1d9-47f7-a424-179811371198,East of,West of,1
A3HFZPC8QR1Y54,4,retest,The box is BLANK Ali. Ali turns around. The box is East of Ali.,geocentric_near,geocentric_near_context,32cf82f2-f1d9-47f7-a424-179811371198,East of,West of,1
A3HFZPC8QR1Y54,4,retest,Milwaukee is East of Ali. Ali turns around. Milwaukee is BLANK Ali.,geocentric_distant,geocentric_distant_target,2d04b915-2739-4516-9aa3-4b513d3292f8,East of,West of,0
A3HFZPC8QR1Y54,4,retest,Milwaukee is East of Ali. Ali turns around. Milwaukee is BLANK Ali.,geocentric_distant,geocentric_distant_target,2d04b915-2739-4516-9aa3-4b513d3292f8,East of,West of,0
A3HFZPC8QR1Y54,4,retest,Milwaukee is North of Ali. Ali turns right. Milwaukee is BLANK Ali.,geocentric_distant,geocentric_distant_target,3e898758-3fe2-437c-ae53-dac3e31b103d,North of,East of,1
A3HFZPC8QR1Y54,4,retest,Milwaukee is North of Ali. Ali turns right. Milwaukee is BLANK Ali.,geocentric_distant,geocentric_distant_target,3e898758-3fe2-437c-ae53-dac3e31b103d,North of,East of,1
A3HFZPC8QR1Y54,4,retest,Milwaukee is BLANK Ali. Ali turns around. Milwaukee is South of Ali.,geocentric_distant,geocentric_distant_context,71d90361-bbec-4143-a556-ce4b5bdc12ef,South of,North of,1
A3HFZPC8QR1Y54,4,retest,Milwaukee is BLANK Ali. Ali turns around. Milwaukee is South of Ali.,geocentric_distant,geocentric_distant_context,71d90361-bbec-4143-a556-ce4b5bdc12ef,South of,North of,1
A3HFZPC8QR1Y54,4,retest,The box is East of Ali. Ali turns around. The box is BLANK Ali.,geocentric_near,geocentric_near_target,1db16913-f23f-4f1e-92ed-27302deba9fc,East of,West of,0
A3HFZPC8QR1Y54,4,retest,The box is East of Ali. Ali turns around. The box is BLANK Ali.,geocentric_near,geocentric_near_target,1db16913-f23f-4f1e-92ed-27302deba9fc,East of,West of,0
A3HFZPC8QR1Y54,4,retest,The painting is South of Ali. Ali turns left. The painting is BLANK Ali.,geocentric_near,geocentric_near_target,388f87fc-7d6f-42d9-baa2-180cee60026e,South of,East of,1
A3HFZPC8QR1Y54,4,retest,The painting is South of Ali. Ali turns left. The painting is BLANK Ali.,geocentric_near,geocentric_near_target,388f87fc-7d6f-42d9-baa2-180cee60026e,South of,East of,1
A3HFZPC8QR1Y54,4,retest,Milwaukee is West of Ali. Ali turns around. Milwaukee is BLANK Ali.,geocentric_distant,geocentric_distant_target,5a23ac72-538b-4ce0-9c8d-3fcbaf720c14,West of,East of,1
A3HFZPC8QR1Y54,4,retest,Milwaukee is West of Ali. Ali turns around. Milwaukee is BLANK Ali.,geocentric_distant,geocentric_distant_target,5a23ac72-538b-4ce0-9c8d-3fcbaf720c14,West of,East of,1
A3HFZPC8QR1Y54,4,retest,Milwaukee is BLANK Ali. Ali turns left. Milwaukee is East of Ali.,geocentric_distant,geocentric_distant_context,3db7d6ed-6556-41e8-84c7-4842a7f10aaf,East of,North of,0
A3HFZPC8QR1Y54,4,retest,Milwaukee is BLANK Ali. Ali turns left. Milwaukee is East of Ali.,geocentric_distant,geocentric_distant_context,3db7d6ed-6556-41e8-84c7-4842a7f10aaf,East of,North of,0
A3HFZPC8QR1Y54,4,retest,The painting is BLANK Ali. Ali turns right. The painting is South of Ali.,geocentric_near,geocentric_near_context,53e65902-e67a-4c24-b2ad-c73e60322ad7,South of,West of,1
A3HFZPC8QR1Y54,4,retest,The painting is BLANK Ali. Ali turns right. The painting is South of Ali.,geocentric_near,geocentric_near_context,53e65902-e67a-4c24-b2ad-c73e60322ad7,South of,West of,1
A3HFZPC8QR1Y54,4,retest,Ali is East of Milwaukee. Ali walks West. Ali is getting BLANK Milwaukee.,geocentric_distant,geocentric_distant_target,67b9b39e-21bf-4eae-bc30-d2bbccfd7b46,closer to,further from,0
A3HFZPC8QR1Y54,4,retest,Ali is East of Milwaukee. Ali walks West. Ali is getting BLANK Milwaukee.,geocentric_distant,geocentric_distant_target,67b9b39e-21bf-4eae-bc30-d2bbccfd7b46,closer to,further from,0
A3HFZPC8QR1Y54,4,retest,The painting is BLANK Ali. Ali turns left. The painting is West of Ali.,geocentric_near,geocentric_near_context,371933d5-09a6-4be0-ab6a-736ebc7c885d,West of,South of,0
A3HFZPC8QR1Y54,4,retest,The painting is BLANK Ali. Ali turns left. The painting is West of Ali.,geocentric_near,geocentric_near_context,371933d5-09a6-4be0-ab6a-736ebc7c885d,West of,South of,0
A3HFZPC8QR1Y54,4,retest,The statue is West of Ali. Ali walks North. The statue is BLANK of Ali.,geocentric_near,geocentric_near_target,02001830-4e69-4fbb-bf98-17c2b84f5101,West of,South of,0
A3HFZPC8QR1Y54,4,retest,The statue is West of Ali. Ali walks North. The statue is BLANK of Ali.,geocentric_near,geocentric_near_target,02001830-4e69-4fbb-bf98-17c2b84f5101,West of,South of,0
A3HFZPC8QR1Y54,4,retest,The statue is BLANK Ali. Ali walks East. The statue is North of Ali.,geocentric_near,geocentric_near_context,65877b0d-ab1c-4076-9083-baee15b3f77c,North of,West of,1
A3HFZPC8QR1Y54,4,retest,The statue is BLANK Ali. Ali walks East. The statue is North of Ali.,geocentric_near,geocentric_near_context,65877b0d-ab1c-4076-9083-baee15b3f77c,North of,West of,1
A3HFZPC8QR1Y54,4,retest,The painting is West of Ali. Ali turns left. The painting is BLANK Ali.,geocentric_near,geocentric_near_target,755f2c4d-3da2-4db8-bedd-f1a04cb521da,West of,South of,0
A3HFZPC8QR1Y54,4,retest,The painting is West of Ali. Ali turns left. The painting is BLANK Ali.,geocentric_near,geocentric_near_target,755f2c4d-3da2-4db8-bedd-f1a04cb521da,West of,South of,0
A3HFZPC8QR1Y54,4,retest,The painting is BLANK Ali. Ali turns around. The painting is North of Ali.,geocentric_near,geocentric_near_context,0f6d0640-aa19-4331-b909-2d4ce3819888,North of,South of,1
A3HFZPC8QR1Y54,4,retest,The painting is BLANK Ali. Ali turns around. The painting is North of Ali.,geocentric_near,geocentric_near_context,0f6d0640-aa19-4331-b909-2d4ce3819888,North of,South of,1
A3HFZPC8QR1Y54,4,retest,Milwaukee is West of Ali. Ali turns left. Milwaukee is BLANK Ali.,geocentric_distant,geocentric_distant_target,4a5694f4-513a-4932-b03f-7e15b79f4152,West of,South of,1
A3HFZPC8QR1Y54,4,retest,Milwaukee is West of Ali. Ali turns left. Milwaukee is BLANK Ali.,geocentric_distant,geocentric_distant_target,4a5694f4-513a-4932-b03f-7e15b79f4152,West of,South of,1
A3HFZPC8QR1Y54,4,retest,The painting is BLANK of Ali. Ali turns around. The painting is East of Ali.,geocentric_near,geocentric_near_context,10a923c5-3759-4bf7-9d6a-d986ed2fd2be,East of,West of,1
A3HFZPC8QR1Y54,4,retest,The painting is BLANK of Ali. Ali turns around. The painting is East of Ali.,geocentric_near,geocentric_near_context,10a923c5-3759-4bf7-9d6a-d986ed2fd2be,East of,West of,1
A3HFZPC8QR1Y54,4,retest,The statue is East of Ali. Ali walks South. The statue is BLANK of Ali.,geocentric_near,geocentric_near_target,7132ca09-59fa-476f-9222-57847641467d,East of,North of,0
A3HFZPC8QR1Y54,4,retest,The statue is East of Ali. Ali walks South. The statue is BLANK of Ali.,geocentric_near,geocentric_near_target,7132ca09-59fa-476f-9222-57847641467d,East of,North of,0
A3PIHDC8LXVQ4H,7,retest,Mark is behind Ali. Mark walks fowards. Mark is getting BLANK Ali.,two_refs_egocentric,two_refs_egocentric_target,6598bcd0-f33f-4f87-b010-7257d9037f54,closer to,further from,0
A3PIHDC8LXVQ4H,7,retest,The box is next to the ball. Ali puts the box inside the ball. the ball is BLANK the box.,relative_pos,relative_pos_target,315733c9-f004-4fcf-a0fa-23ed7cf84a05,larger than,smaller than,1
A3PIHDC8LXVQ4H,7,retest,Ali and Mark are facing eachother. BLANK turns around. Ali is facing towards Mark.,two_refs_egocentric,two_refs_egocentric_context,aaf79034-1765-467d-965f-7b2d0159db68,Mark,Ali,0
A3PIHDC8LXVQ4H,7,retest,Mark and Ali are both facing left. Ali turns to his right. Ali is facing BLANK Mark.,two_refs_egocentric,two_refs_egocentric_target,0efcb0c1-350a-4c40-bf4c-954939371c8e,away from,towards,1
A3PIHDC8LXVQ4H,7,retest,Ali and Mark are facing eachother. Mark turns around. Ali is facing BLANK Mark.,two_refs_egocentric,two_refs_egocentric_target,49d0b194-7f0c-40e6-87dc-7e67c46a418e,towards,away from,0
A3PIHDC8LXVQ4H,7,retest,Mark is BLANK Ali. Mark walks forwards. Mark is getting closer to Ali.,two_refs_egocentric,two_refs_egocentric_context,174f837e-4f6c-4643-9ae0-906ecb12361f,behind,in front of,1
A3PIHDC8LXVQ4H,7,retest,Mark and Ali are facing BLANK eachother. Mark turns around. Ali is facing away from Mark.,two_refs_egocentric,two_refs_egocentric_context,9f2a971f-7891-4d55-82e4-80ab3569a28c,away from,towards,0
A3PIHDC8LXVQ4H,7,retest,Mark is facing BLANK and Ali is facing left. Mark turns to his left. Mark is facing towards Ali.,two_refs_egocentric,two_refs_egocentric_context,1eead36c-5b61-4688-b511-77cd096d296f,right,left,0
A3PIHDC8LXVQ4H,7,retest,The tennis ball is BLANK the bowling ball. Ali rolls the bowling ball. The bowling ball is further from the tennis ball.,relative_pos,relative_pos_context,d9f18d62-68d4-4db8-a4b5-847c5ff40a19,touching,far from,0
A3PIHDC8LXVQ4H,7,retest,Ali is to the right of Mark. Mark looks to his left and Ali looks to his right. Ali is facing BLANK Mark.,two_refs_egocentric,two_refs_egocentric_target,767e980c-4e89-4d82-b116-6e854125bf34,away from,towards,1
A3PIHDC8LXVQ4H,7,retest,Ali is facing BLANK Mark. Ali turns around. Ali is facing away from Mark.,two_refs_egocentric,two_refs_egocentric_context,0e1987d0-56ac-4faf-bf4c-00e9eca4c1aa,towards,away from,0
A3PIHDC8LXVQ4H,7,retest,The box is next to the ball. Ali puts the ball inside the box. The ball is BLANK the box.,relative_pos,relative_pos_target,257746e7-67e6-4ce8-adfc-8823a50bfec5,touching,not touching,0
A3PIHDC8LXVQ4H,7,retest,Ali is holding the tennis ball and the ping pong ball is on the floor. Ali picks up the ping pong ball. The ping pong ball is BLANK the tennis ball.,relative_pos,relative_pos_target,693ba7bc-dad1-44c7-830a-1f3ffd184136,closer to,further from,1
A3PIHDC8LXVQ4H,7,retest,The ball and the box are on the table. Ali picks up the ball. The ball is BLANK the box.,relative_pos,relative_pos_target,5d8c3a6d-0cc2-458b-99a8-aa6888a79292,higher than,lower than,1
A3PIHDC8LXVQ4H,7,retest,Ali is holding the tennis ball and the ping pong ball. Ali BLANK the ping pong ball. The ping pong ball is further from the tennis ball.,relative_pos,relative_pos_context,c885cf08-3122-4f1c-bff8-ad3b84e36695,drops,picks up,1
A3PIHDC8LXVQ4H,7,retest,Ali is to the BLANK Mark. Mark looks to his right. Mark see Ali.,two_refs_egocentric,two_refs_egocentric_context,8f7779d1-883f-4bd5-951d-7634f15a3147,right of,left of,1
A3PIHDC8LXVQ4H,7,retest,Ali is to Mark's right. Ali turns around. Ali is to Mark's BLANK.,two_refs_egocentric,two_refs_egocentric_target,4b5ca386-a350-417d-859e-3d21020bc450,right,left,0
A3PIHDC8LXVQ4H,7,retest,Mark is facing right and Ali is facing left. Mark turns to his left. Mark is facing BLANK Ali.,two_refs_egocentric,two_refs_egocentric_target,71bbc61c-e146-4a9e-8769-32ceff15bba6,towards,away from,1
A3PIHDC8LXVQ4H,7,retest,Mark and Ali are both facing BLANK. Ali turns to his right. Ali is facing away from Mark.,two_refs_egocentric,two_refs_egocentric_context,7df32e98-c6ec-4362-9615-aed868e66f99,left,right,1
A3PIHDC8LXVQ4H,7,retest,Ali is to the BLANK Mark. Mark looks to his left and Ali looks to his right. Ali is facing away from Mark.,two_refs_egocentric,two_refs_egocentric_context,d455789e-7214-4ba1-ad38-64565dccbf77,right of,left of,0
A3PIHDC8LXVQ4H,7,retest,Ali is facing BLANK Mark. Ali turns around. Ali is facing towards Mark.,two_refs_egocentric,two_refs_egocentric_context,5bbd51b4-7358-40dc-a42e-da4783b55c33,away from,towards,1
A3PIHDC8LXVQ4H,7,retest,The ball is inside the box. Ali picks up the ball. The ball is BLANK the box.,relative_pos,relative_pos_target,28d85ad9-fe5a-44b8-aebb-06f0f7a635e7,not touching,touching,1
A3PIHDC8LXVQ4H,7,retest,The ball and the box are on top of the ramp. The ball rolls down the ramp. The ball is BLANK the box.,relative_pos,relative_pos_target,e29fe444-020a-4ed2-9b9b-87fcf3d911c8,lower than,higher than,1
A3PIHDC8LXVQ4H,7,retest,Mark and Ali are both facing right. Ali turns to his left. Ali is facing BLANK Mark.,two_refs_egocentric,two_refs_egocentric_target,47c656dc-8025-40bc-a1fe-3bb9814b4cbb,away from,towards,1
A3PIHDC8LXVQ4H,7,retest,Mark is BLANK Ali. Mark walks forwards. Mark is getting further from Ali.,two_refs_egocentric,two_refs_egocentric_context,f7d845e3-bf92-43ca-8274-b0da84be24af,in front of,behind,1
A3PIHDC8LXVQ4H,7,retest,Mark is in front of Ali. Mark walks forwards. Mark is getting BLANK Ali.,two_refs_egocentric,two_refs_egocentric_target,bc484807-e0f6-481e-bf94-847a69b5f59b,further from,closer to,0
A3PIHDC8LXVQ4H,7,retest,Mark and Ali are facing away from eachother. Mark turns around. Ali is facing BLANK Mark.,two_refs_egocentric,two_refs_egocentric_target,2deab35e-de13-4997-800d-a76f6de872b5,away from,towards,0
A3PIHDC8LXVQ4H,7,retest,Mark is to the left of Ali. Mark looks to his left and Ali looks to his right. Ali is facing BLANK Mark.,two_refs_egocentric,two_refs_egocentric_target,e12cb996-7c2b-43c4-b4cb-e05c3fcf653d,away from,towards,1
A3PIHDC8LXVQ4H,7,retest,The box is next to the desk. Ali stacks the BLANK. The box is below the desk.,relative_pos,relative_pos_context,efb787d1-515a-449c-b016-7968a6a36a0f,desk on the box,box on the desk,0
A3PIHDC8LXVQ4H,7,retest,The box is next to the desk. Ali stacks the desk on the box. The box is BLANK the desk.,relative_pos,relative_pos_target,ce26d593-6e54-4ce5-b2ee-b510804b99cd,below,above,1
A3PIHDC8LXVQ4H,7,retest,Mark and Ali are both facing BLANK. Ali turns to his left. Ali is facing away from Mark.,two_refs_egocentric,two_refs_egocentric_context,0af1119d-9652-4176-bee8-91eb6bacad4d,right,left,1
A3PIHDC8LXVQ4H,7,retest,Mark is to the BLANK Ali. Mark looks to his left and Ali looks to his left. Ali is facing towards Mark.,two_refs_egocentric,two_refs_egocentric_context,23a035cf-76fc-4e1e-bdfa-2a603d6012d5,left of,right of,0
A3PIHDC8LXVQ4H,7,retest,Mark is to the left of Ali. Mark looks to his left and Ali looks to his left. Ali is facing BLANK Mark.,two_refs_egocentric,two_refs_egocentric_target,0a4dca2e-6b5e-4343-b5e3-080b1644618a,towards,away from,1
A3PIHDC8LXVQ4H,7,retest,Ali is holding the tennis ball and the ping pong ball is on the floor. Ali BLANK the ping pong ball. The ping pong ball is closer to the tennis ball.,relative_pos,relative_pos_context,815efc19-8692-423b-86dd-902699bb7d2b,drops,picks up,1
A3PIHDC8LXVQ4H,7,retest,Ali is facing towards Mark. Ali turns around. Ali is facing BLANK Mark.,two_refs_egocentric,two_refs_egocentric_target,15f7aaca-0828-405a-ae37-1c872c41f911,away,towards,1
A3PIHDC8LXVQ4H,7,retest,Ali is to Mark's BLANK. Mark turns around. Ali is to Mark's left.,two_refs_egocentric,two_refs_egocentric_context,10d4a6f7-87fe-46ba-84b1-ea6e6adf357f,right,left,0
A3PIHDC8LXVQ4H,7,retest,Mark is facing BLANK Ali. Ali turns around. Mark is facing away Ali.,two_refs_egocentric,two_refs_egocentric_context,1f5ef932-b502-43fb-a96c-df6a6bdb3d77,away from,towards,0
A3PIHDC8LXVQ4H,7,retest,Ali is to Mark's right. Mark turns around. Ali is to Mark's BLANK.,two_refs_egocentric,two_refs_egocentric_target,f0b9b141-ad3a-4341-a0d9-a7bbe00bba06,left,right,0
A3PIHDC8LXVQ4H,7,retest,Mark is BLANK Ali. Mark walks backwards. Mark is getting further from Ali.,two_refs_egocentric,two_refs_egocentric_context,c2ee74e5-16de-4279-a23a-acbd7ca7713a,behind,in front of,0
A3PIHDC8LXVQ4H,7,retest,Ali is to the right of Mark. Mark looks to his left. Mark BLANK Ali.,two_refs_egocentric,two_refs_egocentric_target,5325997f-dd4a-4adb-8a34-ad602a759efe,can't see,sees,0
A3PIHDC8LXVQ4H,7,retest,Mark is behind Ali. Mark walks backwards. Mark is getting BLANK Ali.,two_refs_egocentric,two_refs_egocentric_target,6ff6db1e-6e7d-45bd-88fa-ed04746596c0,further from,closer to,0
A3PIHDC8LXVQ4H,7,retest,Mark is facing away from Ali. Ali turns around. Mark is facing BLANK Ali.,two_refs_egocentric,two_refs_egocentric_target,cbb6e2d4-1f3b-4790-adce-17e1a11978f5,away,towards,1
A3PIHDC8LXVQ4H,7,retest,The box is next to the ball. Ali puts the BLANK. the ball is larger than the box.,relative_pos,relative_pos_context,db44d1c2-8255-4f3c-a854-369f71e3d5bb,box inside the ball,ball inside the box,1
A3PIHDC8LXVQ4H,7,retest,Ali is to Mark's BLANK. Ali turns around. Ali is to Mark's right.,two_refs_egocentric,two_refs_egocentric_context,5d6081c0-2b00-4c26-9edb-7aab052a472a,right,left,1
A3PIHDC8LXVQ4H,7,retest,Mark is behind Ali. Mark walks fowards. Mark is getting BLANK Ali.,two_refs_egocentric,two_refs_egocentric_target,6598bcd0-f33f-4f87-b010-7257d9037f54,closer to,further from,0
A3PIHDC8LXVQ4H,7,retest,Mark is behind Ali. Mark walks fowards. Mark is getting BLANK Ali.,two_refs_egocentric,two_refs_egocentric_target,6598bcd0-f33f-4f87-b010-7257d9037f54,closer to,further from,0
A3PIHDC8LXVQ4H,7,retest,The box is next to the ball. Ali puts the box inside the ball. the ball is BLANK the box.,relative_pos,relative_pos_target,315733c9-f004-4fcf-a0fa-23ed7cf84a05,larger than,smaller than,1
A3PIHDC8LXVQ4H,7,retest,The box is next to the ball. Ali puts the box inside the ball. the ball is BLANK the box.,relative_pos,relative_pos_target,315733c9-f004-4fcf-a0fa-23ed7cf84a05,larger than,smaller than,1
A3PIHDC8LXVQ4H,7,retest,Ali and Mark are facing eachother. BLANK turns around. Ali is facing towards Mark.,two_refs_egocentric,two_refs_egocentric_context,aaf79034-1765-467d-965f-7b2d0159db68,Mark,Ali,0
A3PIHDC8LXVQ4H,7,retest,Ali and Mark are facing eachother. BLANK turns around. Ali is facing towards Mark.,two_refs_egocentric,two_refs_egocentric_context,aaf79034-1765-467d-965f-7b2d0159db68,Mark,Ali,0
A3PIHDC8LXVQ4H,7,retest,Ali and Mark are facing eachother. Mark turns around. Ali is facing BLANK Mark.,two_refs_egocentric,two_refs_egocentric_target,49d0b194-7f0c-40e6-87dc-7e67c46a418e,towards,away from,0
A3PIHDC8LXVQ4H,7,retest,Ali and Mark are facing eachother. Mark turns around. Ali is facing BLANK Mark.,two_refs_egocentric,two_refs_egocentric_target,49d0b194-7f0c-40e6-87dc-7e67c46a418e,towards,away from,0
A3PIHDC8LXVQ4H,7,retest,Mark and Ali are facing BLANK eachother. Mark turns around. Ali is facing away from Mark.,two_refs_egocentric,two_refs_egocentric_context,9f2a971f-7891-4d55-82e4-80ab3569a28c,away from,towards,0
A3PIHDC8LXVQ4H,7,retest,Mark and Ali are facing BLANK eachother. Mark turns around. Ali is facing away from Mark.,two_refs_egocentric,two_refs_egocentric_context,9f2a971f-7891-4d55-82e4-80ab3569a28c,away from,towards,0
A3PIHDC8LXVQ4H,7,retest,Mark is facing BLANK and Ali is facing left. Mark turns to his left. Mark is facing towards Ali.,two_refs_egocentric,two_refs_egocentric_context,1eead36c-5b61-4688-b511-77cd096d296f,right,left,1
A3PIHDC8LXVQ4H,7,retest,Mark is facing BLANK and Ali is facing left. Mark turns to his left. Mark is facing towards Ali.,two_refs_egocentric,two_refs_egocentric_context,1eead36c-5b61-4688-b511-77cd096d296f,right,left,1
A3PIHDC8LXVQ4H,7,retest,The tennis ball is BLANK the bowling ball. Ali rolls the bowling ball. The bowling ball is further from the tennis ball.,relative_pos,relative_pos_context,d9f18d62-68d4-4db8-a4b5-847c5ff40a19,touching,far from,1
A3PIHDC8LXVQ4H,7,retest,The tennis ball is BLANK the bowling ball. Ali rolls the bowling ball. The bowling ball is further from the tennis ball.,relative_pos,relative_pos_context,d9f18d62-68d4-4db8-a4b5-847c5ff40a19,touching,far from,1
A3PIHDC8LXVQ4H,7,retest,Ali is facing BLANK Mark. Ali turns around. Ali is facing away from Mark.,two_refs_egocentric,two_refs_egocentric_context,0e1987d0-56ac-4faf-bf4c-00e9eca4c1aa,towards,away from,1
A3PIHDC8LXVQ4H,7,retest,Ali is facing BLANK Mark. Ali turns around. Ali is facing away from Mark.,two_refs_egocentric,two_refs_egocentric_context,0e1987d0-56ac-4faf-bf4c-00e9eca4c1aa,towards,away from,1
A3PIHDC8LXVQ4H,7,retest,The box is next to the ball. Ali puts the ball inside the box. The ball is BLANK the box.,relative_pos,relative_pos_target,257746e7-67e6-4ce8-adfc-8823a50bfec5,touching,not touching,1
A3PIHDC8LXVQ4H,7,retest,The box is next to the ball. Ali puts the ball inside the box. The ball is BLANK the box.,relative_pos,relative_pos_target,257746e7-67e6-4ce8-adfc-8823a50bfec5,touching,not touching,1
A3PIHDC8LXVQ4H,7,retest,Ali is holding the tennis ball and the ping pong ball is on the floor. Ali picks up the ping pong ball. The ping pong ball is BLANK the tennis ball.,relative_pos,relative_pos_target,693ba7bc-dad1-44c7-830a-1f3ffd184136,closer to,further from,1
A3PIHDC8LXVQ4H,7,retest,Ali is holding the tennis ball and the ping pong ball is on the floor. Ali picks up the ping pong ball. The ping pong ball is BLANK the tennis ball.,relative_pos,relative_pos_target,693ba7bc-dad1-44c7-830a-1f3ffd184136,closer to,further from,1
A3PIHDC8LXVQ4H,7,retest,Ali is to the BLANK Mark. Mark looks to his right. Mark see Ali.,two_refs_egocentric,two_refs_egocentric_context,8f7779d1-883f-4bd5-951d-7634f15a3147,right of,left of,1
A3PIHDC8LXVQ4H,7,retest,Ali is to the BLANK Mark. Mark looks to his right. Mark see Ali.,two_refs_egocentric,two_refs_egocentric_context,8f7779d1-883f-4bd5-951d-7634f15a3147,right of,left of,1
A3PIHDC8LXVQ4H,7,retest,Ali is to Mark's right. Ali turns around. Ali is to Mark's BLANK.,two_refs_egocentric,two_refs_egocentric_target,4b5ca386-a350-417d-859e-3d21020bc450,right,left,1
A3PIHDC8LXVQ4H,7,retest,Ali is to Mark's right. Ali turns around. Ali is to Mark's BLANK.,two_refs_egocentric,two_refs_egocentric_target,4b5ca386-a350-417d-859e-3d21020bc450,right,left,1
A3PIHDC8LXVQ4H,7,retest,Ali is to the BLANK Mark. Mark looks to his left and Ali looks to his right. Ali is facing away from Mark.,two_refs_egocentric,two_refs_egocentric_context,d455789e-7214-4ba1-ad38-64565dccbf77,right of,left of,0
A3PIHDC8LXVQ4H,7,retest,Ali is to the BLANK Mark. Mark looks to his left and Ali looks to his right. Ali is facing away from Mark.,two_refs_egocentric,two_refs_egocentric_context,d455789e-7214-4ba1-ad38-64565dccbf77,right of,left of,0
A3PIHDC8LXVQ4H,7,retest,Ali is facing BLANK Mark. Ali turns around. Ali is facing towards Mark.,two_refs_egocentric,two_refs_egocentric_context,5bbd51b4-7358-40dc-a42e-da4783b55c33,away from,towards,1
A3PIHDC8LXVQ4H,7,retest,Ali is facing BLANK Mark. Ali turns around. Ali is facing towards Mark.,two_refs_egocentric,two_refs_egocentric_context,5bbd51b4-7358-40dc-a42e-da4783b55c33,away from,towards,1
A3PIHDC8LXVQ4H,7,retest,Mark is BLANK Ali. Mark walks forwards. Mark is getting further from Ali.,two_refs_egocentric,two_refs_egocentric_context,f7d845e3-bf92-43ca-8274-b0da84be24af,in front of,behind,0
A3PIHDC8LXVQ4H,7,retest,Mark is BLANK Ali. Mark walks forwards. Mark is getting further from Ali.,two_refs_egocentric,two_refs_egocentric_context,f7d845e3-bf92-43ca-8274-b0da84be24af,in front of,behind,0
A3PIHDC8LXVQ4H,7,retest,Mark is in front of Ali. Mark walks forwards. Mark is getting BLANK Ali.,two_refs_egocentric,two_refs_egocentric_target,bc484807-e0f6-481e-bf94-847a69b5f59b,further from,closer to,1
A3PIHDC8LXVQ4H,7,retest,Mark is in front of Ali. Mark walks forwards. Mark is getting BLANK Ali.,two_refs_egocentric,two_refs_egocentric_target,bc484807-e0f6-481e-bf94-847a69b5f59b,further from,closer to,1
A3PIHDC8LXVQ4H,7,retest,Mark and Ali are facing away from eachother. Mark turns around. Ali is facing BLANK Mark.,two_refs_egocentric,two_refs_egocentric_target,2deab35e-de13-4997-800d-a76f6de872b5,away from,towards,1
A3PIHDC8LXVQ4H,7,retest,Mark and Ali are facing away from eachother. Mark turns around. Ali is facing BLANK Mark.,two_refs_egocentric,two_refs_egocentric_target,2deab35e-de13-4997-800d-a76f6de872b5,away from,towards,1
A3PIHDC8LXVQ4H,7,retest,The box is next to the desk. Ali stacks the BLANK. The box is below the desk.,relative_pos,relative_pos_context,efb787d1-515a-449c-b016-7968a6a36a0f,desk on the box,box on the desk,1
A3PIHDC8LXVQ4H,7,retest,The box is next to the desk. Ali stacks the BLANK. The box is below the desk.,relative_pos,relative_pos_context,efb787d1-515a-449c-b016-7968a6a36a0f,desk on the box,box on the desk,1
A3RR85PK3AV9TU,4,retest,The statue is BLANK Ali. Ali walks West. The statue is North of Ali.,geocentric_near,geocentric_near_context,2394a22c-ce98-4455-8af8-9365567f5512,North of,East of,0
A3RR85PK3AV9TU,4,retest,The painting is North of Ali. Ali turns around. The painting is BLANK Ali.,geocentric_near,geocentric_near_target,259d98cc-7d54-4369-9cee-c39d9df87771,North of,South of,1
A3RR85PK3AV9TU,4,retest,Milwaukee is East of Ali. Ali turns around. Milwaukee is BLANK Ali.,geocentric_distant,geocentric_distant_target,2d04b915-2739-4516-9aa3-4b513d3292f8,East of,West of,1
A3RR85PK3AV9TU,4,retest,Milwaukee is BLANK Ali. Ali turns right. Milwaukee is South of Ali.,geocentric_distant,geocentric_distant_context,3f98a0d2-e39a-44fe-8829-f36a67060ce0,South of,West of,1
A3RR85PK3AV9TU,4,retest,Mark is facing BLANK. Mark turns 90 degrees to his right. Mark is facing West.,geocentric_near,geocentric_near_context,158db60e-90ac-4371-8e54-92fec86e2514,South,North,1
A3RR85PK3AV9TU,4,retest,Milwaukee is BLANK Ali. Ali turns left. Milwaukee is East of Ali.,geocentric_distant,geocentric_distant_context,3db7d6ed-6556-41e8-84c7-4842a7f10aaf,East of,North of,1
A3RR85PK3AV9TU,4,retest,The box is South of Ali. Ali turns around. The box is BLANK Ali.,geocentric_near,geocentric_near_target,53d5158f-a2f6-4185-8c98-08da3e6ec92c,South of,North of,1
A3RR85PK3AV9TU,4,retest,The painting is West of Ali. Ali turns left. The painting is BLANK Ali.,geocentric_near,geocentric_near_target,755f2c4d-3da2-4db8-bedd-f1a04cb521da,West of,South of,1
A3RR85PK3AV9TU,4,retest,Milwaukee is BLANK Ali. Ali turns around. Milwaukee is North of Ali.,geocentric_distant,geocentric_distant_context,14f6052a-0630-41e5-8e32-49b50329bc7c,North of,South of,1
A3RR85PK3AV9TU,4,retest,The box is East of Ali. Ali turns around. The box is BLANK Ali.,geocentric_near,geocentric_near_target,1db16913-f23f-4f1e-92ed-27302deba9fc,East of,West of,1
A3RR85PK3AV9TU,4,retest,Milwaukee is West of Ali. Ali turns left. Milwaukee is BLANK Ali.,geocentric_distant,geocentric_distant_target,4a5694f4-513a-4932-b03f-7e15b79f4152,West of,South of,1
A3RR85PK3AV9TU,4,retest,Mark is facing South. Mark turns 90 degrees to his right. Mark is facing BLANK.,geocentric_near,geocentric_near_target,1911dc4d-f888-4f10-847b-e9940e7aa3cc,West,East,1
A3RR85PK3AV9TU,4,retest,The painting is BLANK Ali. Ali turns right. The painting is North of Ali.,geocentric_near,geocentric_near_context,3eedd983-6f21-45cb-8008-1014712a7b7b,North of,East of,1
A3RR85PK3AV9TU,4,retest,The box is West of Ali. Ali turns around. The box is BLANK Ali.,geocentric_near,geocentric_near_target,4707b854-94c1-4bdf-bbbe-523dcbcffb17,West of,East of,1
A3RR85PK3AV9TU,4,retest,The painting is East of Ali. Ali turns right. The painting is BLANK Ali.,geocentric_near,geocentric_near_target,5f2ceea9-dc97-4a8e-b41e-8340d27dcae0,East of,South of,1
A3RR85PK3AV9TU,4,retest,Ali is directly North of Milwaukee. Ali walks East. Ali is BLANK Milwaukee.,geocentric_distant,geocentric_distant_target,72cd0076-2e45-4c94-b071-27ad4067b3ba,Northeast,Southwest,1
A3RR85PK3AV9TU,4,retest,Milwaukee is North of Ali. Ali turns right. Milwaukee is BLANK Ali.,geocentric_distant,geocentric_distant_target,3e898758-3fe2-437c-ae53-dac3e31b103d,North of,East of,0
A3RR85PK3AV9TU,4,retest,The box is BLANK Ali. Ali turns around. The box is East of Ali.,geocentric_near,geocentric_near_context,32cf82f2-f1d9-47f7-a424-179811371198,East of,West of,1
A3RR85PK3AV9TU,4,retest,Ali is directly BLANK of Milwaukee. Ali walks West. Ali is Southwest of Milwaukee.,geocentric_distant,geocentric_distant_context,300eca91-7f1c-427a-94bf-0ba740b8f6ac,South,North,1
A3RR85PK3AV9TU,4,retest,The painting is BLANK Ali. Ali turns around. The painting is North of Ali.,geocentric_near,geocentric_near_context,0f6d0640-aa19-4331-b909-2d4ce3819888,North of,South of,1
A3RR85PK3AV9TU,4,retest,Ali is East of Milwaukee. Ali walks West. Ali is getting BLANK Milwaukee.,geocentric_distant,geocentric_distant_target,67b9b39e-21bf-4eae-bc30-d2bbccfd7b46,closer to,further from,1
A3RR85PK3AV9TU,4,retest,Milwaukee is BLANK of Ali. Ali walks West. Ali is getting closer to Milwaukee.,geocentric_distant,geocentric_distant_context,39f1ec10-1ca4-4e11-8934-4468bf7bdf07,West,East,0
A3RR85PK3AV9TU,4,retest,Milwaukee is South of Ali. Ali turns around. Milwaukee is BLANK Ali.,geocentric_distant,geocentric_distant_target,1df25621-f5fc-45c4-b67e-908755a4b805,South of,North of,1
A3RR85PK3AV9TU,4,retest,The painting is BLANK Ali. Ali turns right. The painting is East of Ali.,geocentric_near,geocentric_near_context,75584ccb-cf13-4dad-a836-d1718688dd78,East of,South of,1
A3RR85PK3AV9TU,4,retest,The statue is West of Ali. Ali walks North. The statue is BLANK of Ali.,geocentric_near,geocentric_near_target,02001830-4e69-4fbb-bf98-17c2b84f5101,West of,South of,1
A3RR85PK3AV9TU,4,retest,The painting is East of Ali. Ali turns around. The painting is BLANK Ali.,geocentric_near,geocentric_near_target,14321555-7ea9-4679-b51e-ac67fb252f49,East of,West of,1
A3RR85PK3AV9TU,4,retest,The statue is BLANK Ali. Ali walks East. The statue is North of Ali.,geocentric_near,geocentric_near_context,65877b0d-ab1c-4076-9083-baee15b3f77c,North of,West of,0
A3RR85PK3AV9TU,4,retest,Milwaukee is BLANK Ali. Ali turns right. Milwaukee is North of Ali.,geocentric_distant,geocentric_distant_context,7206047f-87f8-4d57-a741-e044eeb302c2,North of,East of,1
A3RR85PK3AV9TU,4,retest,The painting is South of Ali. Ali turns left. The painting is BLANK Ali.,geocentric_near,geocentric_near_target,388f87fc-7d6f-42d9-baa2-180cee60026e,South of,East of,1
A3RR85PK3AV9TU,4,retest,Milwaukee is West of Ali. Ali turns around. Milwaukee is BLANK Ali.,geocentric_distant,geocentric_distant_target,5a23ac72-538b-4ce0-9c8d-3fcbaf720c14,West of,East of,1
A3RR85PK3AV9TU,4,retest,The statue is BLANK Ali. Ali walks South. The statue is East of Ali.,geocentric_near,geocentric_near_context,1d96d949-42bd-435b-b94b-18a7daf5eda7,East of,North of,1
A3RR85PK3AV9TU,4,retest,The statue is South of Ali. Ali walks East. The statue is BLANK of Ali.,geocentric_near,geocentric_near_target,74f043f5-acec-4feb-86b0-8ef876aecd9e,South of,West of,1
A3RR85PK3AV9TU,4,retest,Milwaukee is BLANK Ali. Ali turns around. Milwaukee is South of Ali.,geocentric_distant,geocentric_distant_context,71d90361-bbec-4143-a556-ce4b5bdc12ef,South of,North of,1
A3RR85PK3AV9TU,4,retest,The statue is BLANK Ali. Ali walks North. The statue is West of Ali.,geocentric_near,geocentric_near_context,1548d982-1dd9-4987-a32f-e7901bf4ae19,West of,South of,1
A3RR85PK3AV9TU,4,retest,The painting is BLANK Ali. Ali turns right. The painting is South of Ali.,geocentric_near,geocentric_near_context,53e65902-e67a-4c24-b2ad-c73e60322ad7,South of,West of,1
A3RR85PK3AV9TU,4,retest,Mark is facing BLANK. Mark turns 90 degrees to his right. Mark is facing North.,geocentric_near,geocentric_near_context,6aeba3f8-1b5a-41e2-8a91-d8af80926c51,West,East,1
A3RR85PK3AV9TU,4,retest,The painting is North of Ali. Ali turns right. The painting is BLANK Ali.,geocentric_near,geocentric_near_target,56e0ef8c-a438-4942-90a4-b8ed0b45e5a9,North of,East of,1
A3RR85PK3AV9TU,4,retest,Milwaukee is BLANK Ali. Ali turns around. Milwaukee is East of Ali.,geocentric_distant,geocentric_distant_context,77c0d17a-6bd6-4db4-bc73-14f3e7d2b394,East of,West of,1
A3RR85PK3AV9TU,4,retest,Milwaukee is South of Ali. Ali turns left. Milwaukee is BLANK Ali.,geocentric_distant,geocentric_distant_target,4ebfa491-4cac-42c5-989f-28d141866d2d,South,East of,1
A3RR85PK3AV9TU,4,retest,The painting is BLANK of Ali. Ali turns around. The painting is East of Ali.,geocentric_near,geocentric_near_context,10a923c5-3759-4bf7-9d6a-d986ed2fd2be,East of,West of,1
A3RR85PK3AV9TU,4,retest,The painting is BLANK Ali. Ali turns left. The painting is West of Ali.,geocentric_near,geocentric_near_context,371933d5-09a6-4be0-ab6a-736ebc7c885d,West of,South of,1
A3RR85PK3AV9TU,4,retest,The statue is East of Ali. Ali walks South. The statue is BLANK of Ali.,geocentric_near,geocentric_near_target,7132ca09-59fa-476f-9222-57847641467d,East of,North of,1
A3RR85PK3AV9TU,4,retest,The statue is BLANK Ali. Ali walks West. The statue is North of Ali.,geocentric_near,geocentric_near_context,2394a22c-ce98-4455-8af8-9365567f5512,North of,East of,1
A3RR85PK3AV9TU,4,retest,The statue is BLANK Ali. Ali walks West. The statue is North of Ali.,geocentric_near,geocentric_near_context,2394a22c-ce98-4455-8af8-9365567f5512,North of,East of,1
A3RR85PK3AV9TU,4,retest,Milwaukee is BLANK Ali. Ali turns right. Milwaukee is South of Ali.,geocentric_distant,geocentric_distant_context,3f98a0d2-e39a-44fe-8829-f36a67060ce0,South of,West of,1
A3RR85PK3AV9TU,4,retest,Milwaukee is BLANK Ali. Ali turns right. Milwaukee is South of Ali.,geocentric_distant,geocentric_distant_context,3f98a0d2-e39a-44fe-8829-f36a67060ce0,South of,West of,1
A3RR85PK3AV9TU,4,retest,The box is South of Ali. Ali turns around. The box is BLANK Ali.,geocentric_near,geocentric_near_target,53d5158f-a2f6-4185-8c98-08da3e6ec92c,South of,North of,1
A3RR85PK3AV9TU,4,retest,The box is South of Ali. Ali turns around. The box is BLANK Ali.,geocentric_near,geocentric_near_target,53d5158f-a2f6-4185-8c98-08da3e6ec92c,South of,North of,1
A3RR85PK3AV9TU,4,retest,Milwaukee is West of Ali. Ali turns left. Milwaukee is BLANK Ali.,geocentric_distant,geocentric_distant_target,4a5694f4-513a-4932-b03f-7e15b79f4152,West of,South of,1
A3RR85PK3AV9TU,4,retest,Milwaukee is West of Ali. Ali turns left. Milwaukee is BLANK Ali.,geocentric_distant,geocentric_distant_target,4a5694f4-513a-4932-b03f-7e15b79f4152,West of,South of,1
A3RR85PK3AV9TU,4,retest,The painting is East of Ali. Ali turns right. The painting is BLANK Ali.,geocentric_near,geocentric_near_target,5f2ceea9-dc97-4a8e-b41e-8340d27dcae0,East of,South of,1
A3RR85PK3AV9TU,4,retest,The painting is East of Ali. Ali turns right. The painting is BLANK Ali.,geocentric_near,geocentric_near_target,5f2ceea9-dc97-4a8e-b41e-8340d27dcae0,East of,South of,1
A3RR85PK3AV9TU,4,retest,Milwaukee is North of Ali. Ali turns right. Milwaukee is BLANK Ali.,geocentric_distant,geocentric_distant_target,3e898758-3fe2-437c-ae53-dac3e31b103d,North of,East of,1
A3RR85PK3AV9TU,4,retest,Milwaukee is North of Ali. Ali turns right. Milwaukee is BLANK Ali.,geocentric_distant,geocentric_distant_target,3e898758-3fe2-437c-ae53-dac3e31b103d,North of,East of,1
A3RR85PK3AV9TU,4,retest,Ali is directly BLANK of Milwaukee. Ali walks West. Ali is Southwest of Milwaukee.,geocentric_distant,geocentric_distant_context,300eca91-7f1c-427a-94bf-0ba740b8f6ac,South,North,1
A3RR85PK3AV9TU,4,retest,Ali is directly BLANK of Milwaukee. Ali walks West. Ali is Southwest of Milwaukee.,geocentric_distant,geocentric_distant_context,300eca91-7f1c-427a-94bf-0ba740b8f6ac,South,North,1
A3RR85PK3AV9TU,4,retest,Ali is East of Milwaukee. Ali walks West. Ali is getting BLANK Milwaukee.,geocentric_distant,geocentric_distant_target,67b9b39e-21bf-4eae-bc30-d2bbccfd7b46,closer to,further from,1
A3RR85PK3AV9TU,4,retest,Ali is East of Milwaukee. Ali walks West. Ali is getting BLANK Milwaukee.,geocentric_distant,geocentric_distant_target,67b9b39e-21bf-4eae-bc30-d2bbccfd7b46,closer to,further from,1
A3RR85PK3AV9TU,4,retest,Milwaukee is BLANK of Ali. Ali walks West. Ali is getting closer to Milwaukee.,geocentric_distant,geocentric_distant_context,39f1ec10-1ca4-4e11-8934-4468bf7bdf07,West,East,0
A3RR85PK3AV9TU,4,retest,Milwaukee is BLANK of Ali. Ali walks West. Ali is getting closer to Milwaukee.,geocentric_distant,geocentric_distant_context,39f1ec10-1ca4-4e11-8934-4468bf7bdf07,West,East,0
A3RR85PK3AV9TU,4,retest,Milwaukee is South of Ali. Ali turns around. Milwaukee is BLANK Ali.,geocentric_distant,geocentric_distant_target,1df25621-f5fc-45c4-b67e-908755a4b805,South of,North of,1
A3RR85PK3AV9TU,4,retest,Milwaukee is South of Ali. Ali turns around. Milwaukee is BLANK Ali.,geocentric_distant,geocentric_distant_target,1df25621-f5fc-45c4-b67e-908755a4b805,South of,North of,1
A3RR85PK3AV9TU,4,retest,The painting is BLANK Ali. Ali turns right. The painting is East of Ali.,geocentric_near,geocentric_near_context,75584ccb-cf13-4dad-a836-d1718688dd78,East of,South of,1
A3RR85PK3AV9TU,4,retest,The painting is BLANK Ali. Ali turns right. The painting is East of Ali.,geocentric_near,geocentric_near_context,75584ccb-cf13-4dad-a836-d1718688dd78,East of,South of,1
A3RR85PK3AV9TU,4,retest,The statue is BLANK Ali. Ali walks East. The statue is North of Ali.,geocentric_near,geocentric_near_context,65877b0d-ab1c-4076-9083-baee15b3f77c,North of,West of,1
A3RR85PK3AV9TU,4,retest,The statue is BLANK Ali. Ali walks East. The statue is North of Ali.,geocentric_near,geocentric_near_context,65877b0d-ab1c-4076-9083-baee15b3f77c,North of,West of,1
A3RR85PK3AV9TU,4,retest,The painting is South of Ali. Ali turns left. The painting is BLANK Ali.,geocentric_near,geocentric_near_target,388f87fc-7d6f-42d9-baa2-180cee60026e,South of,East of,1
A3RR85PK3AV9TU,4,retest,The painting is South of Ali. Ali turns left. The painting is BLANK Ali.,geocentric_near,geocentric_near_target,388f87fc-7d6f-42d9-baa2-180cee60026e,South of,East of,1
A3RR85PK3AV9TU,4,retest,The statue is BLANK Ali. Ali walks North. The statue is West of Ali.,geocentric_near,geocentric_near_context,1548d982-1dd9-4987-a32f-e7901bf4ae19,West of,South of,1
A3RR85PK3AV9TU,4,retest,The statue is BLANK Ali. Ali walks North. The statue is West of Ali.,geocentric_near,geocentric_near_context,1548d982-1dd9-4987-a32f-e7901bf4ae19,West of,South of,1
A3RR85PK3AV9TU,4,retest,The painting is BLANK Ali. Ali turns right. The painting is South of Ali.,geocentric_near,geocentric_near_context,53e65902-e67a-4c24-b2ad-c73e60322ad7,South of,West of,1
A3RR85PK3AV9TU,4,retest,The painting is BLANK Ali. Ali turns right. The painting is South of Ali.,geocentric_near,geocentric_near_context,53e65902-e67a-4c24-b2ad-c73e60322ad7,South of,West of,1
A3RR85PK3AV9TU,4,retest,The painting is North of Ali. Ali turns right. The painting is BLANK Ali.,geocentric_near,geocentric_near_target,56e0ef8c-a438-4942-90a4-b8ed0b45e5a9,North of,East of,1
A3RR85PK3AV9TU,4,retest,The painting is North of Ali. Ali turns right. The painting is BLANK Ali.,geocentric_near,geocentric_near_target,56e0ef8c-a438-4942-90a4-b8ed0b45e5a9,North of,East of,1
A3RR85PK3AV9TU,4,retest,Milwaukee is BLANK Ali. Ali turns around. Milwaukee is East of Ali.,geocentric_distant,geocentric_distant_context,77c0d17a-6bd6-4db4-bc73-14f3e7d2b394,East of,West of,0
A3RR85PK3AV9TU,4,retest,Milwaukee is BLANK Ali. Ali turns around. Milwaukee is East of Ali.,geocentric_distant,geocentric_distant_context,77c0d17a-6bd6-4db4-bc73-14f3e7d2b394,East of,West of,0
A3RR85PK3AV9TU,4,retest,The painting is BLANK of Ali. Ali turns around. The painting is East of Ali.,geocentric_near,geocentric_near_context,10a923c5-3759-4bf7-9d6a-d986ed2fd2be,East of,West of,1
A3RR85PK3AV9TU,4,retest,The painting is BLANK of Ali. Ali turns around. The painting is East of Ali.,geocentric_near,geocentric_near_context,10a923c5-3759-4bf7-9d6a-d986ed2fd2be,East of,West of,1
A3RT3B73TLJBO1,6,retest,Mark is East of Ali facing East. Ali is West of Mark facing West. Mark is facing BLANK Ali.,two_refs_geocentric,two_refs_geocentric_target,c4300110-c14f-4a8d-94b9-a56fbaf8aaa2,away from,towards,1
A3RT3B73TLJBO1,6,retest,Mark is BLANK of Ali facing East. Ali is East of Mark facing West. Mark is facing towards Ali.,two_refs_geocentric,two_refs_geocentric_context,301d488b-e549-4394-b878-c0450833fda8,West,East,1
A3RT3B73TLJBO1,6,retest,Mark is West of Ali facing East. Ali is East of Mark facing West. Mark is facing BLANK Ali.,two_refs_geocentric,two_refs_geocentric_target,7f836912-7107-4c82-a22b-c68b2acc46f0,towards,away from,0
A3RT3B73TLJBO1,6,retest,Mark is East of Budapest and Ali is West of Budapest. Ali walks directly towards Mark. Ali is heading BLANK.,two_refs_geocentric,two_refs_geocentric_target,8b88918b-f1dd-4784-8035-580b89674670,East,West,1
A3RT3B73TLJBO1,6,retest,Mark and Ali are both directly West of Budapest. Mark walks South. Ali is BLANK of Mark.,two_refs_geocentric,two_refs_geocentric_target,47f03e7f-1dc6-4da8-b460-eea5439b1842,North,South,1
A3RT3B73TLJBO1,6,retest,Mark is facing East and Ali is facing BLANK. Mark turns 180 degrees. Mark and Ali are facing the same direction.,two_refs_geocentric,two_refs_geocentric_context,29ce0e92-abdd-461b-8acf-acfbadf91fd4,West,East,0
A3RT3B73TLJBO1,6,retest,Mark is facing South and Ali is facing East. Mark turns 90 degrees to his right. Mark and Ali are facing BLANK.,two_refs_geocentric,two_refs_geocentric_target,1ce1f6fb-222f-4510-a6a8-dae9b9df2e6a,the same direction,different directions,0
A3RT3B73TLJBO1,6,retest,Mark is facing North and Ali is facing East. Mark turns 90 degrees to his right. Mark and Ali are facing BLANK.,two_refs_geocentric,two_refs_geocentric_target,3e51fc15-6ee7-4bd4-b7c2-9313c2b75afa,the same direction,different directions,0
A3RT3B73TLJBO1,6,retest,Mark is facing North and Ali is facing BLANK. Mark turns 90 degrees to his right. Mark and Ali are facing the same direction.,two_refs_geocentric,two_refs_geocentric_context,4fce09f2-3af1-404f-967a-7a97cdd13388,East,West,1
A3RT3B73TLJBO1,6,retest,Mark and Ali are both directly East of Budapest. Mark walks North. Ali is BLANK of Mark.,two_refs_geocentric,two_refs_geocentric_target,32732c3a-dde6-4520-9e9f-43b586e802bc,South,North,1
A3RT3B73TLJBO1,6,retest,Mark is North of Budapest and Ali is South of Budapest. Ali walks directly away from Mark. Ali is walking BLANK.,two_refs_geocentric,two_refs_geocentric_target,30c2fa5a-da23-4e62-b66c-01c6cc4ebf9d,South,North,1
A3RT3B73TLJBO1,6,retest,Milwaukee is South of Mark. Mark goes BLANK. Mark is Northeast of Milwaukee.,two_refs_geocentric,two_refs_geocentric_context,f640e853-3898-4c59-968f-d791a63880e1,West,East,0
A3RT3B73TLJBO1,6,retest,Milwaukee is South of Mark. Mark goes BLANK. Milwaukee is Southeast of Mark.,two_refs_geocentric,two_refs_geocentric_context,8a66063c-6c36-42cc-83d1-c2a017d1a2f8,West,East,1
A3RT3B73TLJBO1,6,retest,Mark is North of Budapest and Ali is South of Budapest. Ali walks directly BLANK Mark. Ali is walking South.,two_refs_geocentric,two_refs_geocentric_context,78cfaa82-d792-4a47-9003-e289b66847f7,away from,towards,1
A3RT3B73TLJBO1,6,retest,Milwaukee is North of Mark. Mark goes BLANK. Milwaukee is Northwest of Mark.,two_refs_geocentric,two_refs_geocentric_context,6736be32-2bb0-4769-b8bb-7efa38642c5e,East,West,1
A3RT3B73TLJBO1,6,retest,Mark is BLANK of Ali. Mark turns right. Mark is East of Ali.,two_refs_geocentric,two_refs_geocentric_context,73fe68a5-7c2c-4504-9528-298de59f844e,East,West,0
A3RT3B73TLJBO1,6,retest,Mark is East of Budapest and Ali is West of Budapest. Mark walks directly BLANK Ali. Mark is heading West.,two_refs_geocentric,two_refs_geocentric_context,ba0500a3-3783-4596-a2f8-fd3ca1e76486,towards,away from,1
A3RT3B73TLJBO1,6,retest,Milwaukee is South of Mark. Mark goes West. Mark is BLANK of Milwaukee.,two_refs_geocentric,two_refs_geocentric_target,c325b8e3-d3ea-4643-8b50-364a6128aa4f,Northest,Southeast,1
A3RT3B73TLJBO1,6,retest,Mark is BLANK of Ali facing East. Ali is West of Mark facing West. Mark is facing away from Ali.,two_refs_geocentric,two_refs_geocentric_context,672521bd-9b42-4dd1-881e-61a57b15e1e2,East,West,1
A3RT3B73TLJBO1,6,retest,Mark is facing South and Ali is facing BLANK. Mark turns 90 degrees to his right. Mark and Ali are facing different directions.,two_refs_geocentric,two_refs_geocentric_context,a3bae960-5d51-4b49-9778-990829a6dc83,East,West,1
A3RT3B73TLJBO1,6,retest,Milwaukee is North of Mark. Mark goes East. Milwaukee is BLANK of Mark.,two_refs_geocentric,two_refs_geocentric_target,e0efa77a-4b07-4f93-b85d-92a2d81cd463,Northwest,Southeast,0
A3RT3B73TLJBO1,6,retest,Mark is facing BLANK and Ali is facing West. Mark turns around. Mark is facing West.,two_refs_geocentric,two_refs_geocentric_context,db51d454-79bf-4010-91a9-b3adc51e10e9,East,West,1
A3RT3B73TLJBO1,6,retest,Mark is West of Ali facing East. Ali is East of Mark facing West. Mark is facing BLANK Ali.,two_refs_geocentric,two_refs_geocentric_target,7f836912-7107-4c82-a22b-c68b2acc46f0,towards,away from,1
A3RT3B73TLJBO1,6,retest,Mark is West of Ali facing East. Ali is East of Mark facing West. Mark is facing BLANK Ali.,two_refs_geocentric,two_refs_geocentric_target,7f836912-7107-4c82-a22b-c68b2acc46f0,towards,away from,1
A3RT3B73TLJBO1,6,retest,Mark is facing East and Ali is facing BLANK. Mark turns 180 degrees. Mark and Ali are facing the same direction.,two_refs_geocentric,two_refs_geocentric_context,29ce0e92-abdd-461b-8acf-acfbadf91fd4,West,East,0
A3RT3B73TLJBO1,6,retest,Mark is facing East and Ali is facing BLANK. Mark turns 180 degrees. Mark and Ali are facing the same direction.,two_refs_geocentric,two_refs_geocentric_context,29ce0e92-abdd-461b-8acf-acfbadf91fd4,West,East,0
A3RT3B73TLJBO1,6,retest,Mark is facing South and Ali is facing East. Mark turns 90 degrees to his right. Mark and Ali are facing BLANK.,two_refs_geocentric,two_refs_geocentric_target,1ce1f6fb-222f-4510-a6a8-dae9b9df2e6a,the same direction,different directions,1
A3RT3B73TLJBO1,6,retest,Mark is facing South and Ali is facing East. Mark turns 90 degrees to his right. Mark and Ali are facing BLANK.,two_refs_geocentric,two_refs_geocentric_target,1ce1f6fb-222f-4510-a6a8-dae9b9df2e6a,the same direction,different directions,1
A3RT3B73TLJBO1,6,retest,Mark is facing North and Ali is facing East. Mark turns 90 degrees to his right. Mark and Ali are facing BLANK.,two_refs_geocentric,two_refs_geocentric_target,3e51fc15-6ee7-4bd4-b7c2-9313c2b75afa,the same direction,different directions,1
A3RT3B73TLJBO1,6,retest,Mark is facing North and Ali is facing East. Mark turns 90 degrees to his right. Mark and Ali are facing BLANK.,two_refs_geocentric,two_refs_geocentric_target,3e51fc15-6ee7-4bd4-b7c2-9313c2b75afa,the same direction,different directions,1
A3RT3B73TLJBO1,6,retest,Mark is North of Budapest and Ali is South of Budapest. Ali walks directly away from Mark. Ali is walking BLANK.,two_refs_geocentric,two_refs_geocentric_target,30c2fa5a-da23-4e62-b66c-01c6cc4ebf9d,South,North,1
A3RT3B73TLJBO1,6,retest,Mark is North of Budapest and Ali is South of Budapest. Ali walks directly away from Mark. Ali is walking BLANK.,two_refs_geocentric,two_refs_geocentric_target,30c2fa5a-da23-4e62-b66c-01c6cc4ebf9d,South,North,1
A3RT3B73TLJBO1,6,retest,Milwaukee is South of Mark. Mark goes BLANK. Mark is Northeast of Milwaukee.,two_refs_geocentric,two_refs_geocentric_context,f640e853-3898-4c59-968f-d791a63880e1,West,East,0
A3RT3B73TLJBO1,6,retest,Milwaukee is South of Mark. Mark goes BLANK. Mark is Northeast of Milwaukee.,two_refs_geocentric,two_refs_geocentric_context,f640e853-3898-4c59-968f-d791a63880e1,West,East,0
A3RT3B73TLJBO1,6,retest,Milwaukee is South of Mark. Mark goes BLANK. Milwaukee is Southeast of Mark.,two_refs_geocentric,two_refs_geocentric_context,8a66063c-6c36-42cc-83d1-c2a017d1a2f8,West,East,1
A3RT3B73TLJBO1,6,retest,Milwaukee is South of Mark. Mark goes BLANK. Milwaukee is Southeast of Mark.,two_refs_geocentric,two_refs_geocentric_context,8a66063c-6c36-42cc-83d1-c2a017d1a2f8,West,East,1
A3RT3B73TLJBO1,6,retest,Mark is BLANK of Ali. Mark turns right. Mark is East of Ali.,two_refs_geocentric,two_refs_geocentric_context,73fe68a5-7c2c-4504-9528-298de59f844e,East,West,1
A3RT3B73TLJBO1,6,retest,Mark is BLANK of Ali. Mark turns right. Mark is East of Ali.,two_refs_geocentric,two_refs_geocentric_context,73fe68a5-7c2c-4504-9528-298de59f844e,East,West,1
A3RT3B73TLJBO1,6,retest,Mark is East of Budapest and Ali is West of Budapest. Mark walks directly BLANK Ali. Mark is heading West.,two_refs_geocentric,two_refs_geocentric_context,ba0500a3-3783-4596-a2f8-fd3ca1e76486,towards,away from,1
A3RT3B73TLJBO1,6,retest,Mark is East of Budapest and Ali is West of Budapest. Mark walks directly BLANK Ali. Mark is heading West.,two_refs_geocentric,two_refs_geocentric_context,ba0500a3-3783-4596-a2f8-fd3ca1e76486,towards,away from,1
A3RT3B73TLJBO1,6,retest,Mark is BLANK of Ali facing East. Ali is West of Mark facing West. Mark is facing away from Ali.,two_refs_geocentric,two_refs_geocentric_context,672521bd-9b42-4dd1-881e-61a57b15e1e2,East,West,1
A3RT3B73TLJBO1,6,retest,Mark is BLANK of Ali facing East. Ali is West of Mark facing West. Mark is facing away from Ali.,two_refs_geocentric,two_refs_geocentric_context,672521bd-9b42-4dd1-881e-61a57b15e1e2,East,West,1
A3RT3B73TLJBO1,6,retest,Mark is facing South and Ali is facing BLANK. Mark turns 90 degrees to his right. Mark and Ali are facing different directions.,two_refs_geocentric,two_refs_geocentric_context,a3bae960-5d51-4b49-9778-990829a6dc83,East,West,0
A3RT3B73TLJBO1,6,retest,Mark is facing South and Ali is facing BLANK. Mark turns 90 degrees to his right. Mark and Ali are facing different directions.,two_refs_geocentric,two_refs_geocentric_context,a3bae960-5d51-4b49-9778-990829a6dc83,East,West,0
A3RT3B73TLJBO1,6,retest,Milwaukee is North of Mark. Mark goes East. Milwaukee is BLANK of Mark.,two_refs_geocentric,two_refs_geocentric_target,e0efa77a-4b07-4f93-b85d-92a2d81cd463,Northwest,Southeast,1
A3RT3B73TLJBO1,6,retest,Milwaukee is North of Mark. Mark goes East. Milwaukee is BLANK of Mark.,two_refs_geocentric,two_refs_geocentric_target,e0efa77a-4b07-4f93-b85d-92a2d81cd463,Northwest,Southeast,1
ABS46BM5878BW,1,retest,The glass is on the floor. Ali bumps the table. The glass BLANK.,state_nonfollows,state_nonfollows_target,3482eb06-22b4-455d-819d-a4e799a6647f,doesn't break,breaks,0
ABS46BM5878BW,1,retest,The box is floating in the water. Ali puts a tennis ball in the box. The box BLANK.,action_nonfollows,action_nonfollows_target,5edcc89e-d5f6-4ac5-9f05-376d77f2b2d4,floats,sinks,0
ABS46BM5878BW,1,retest,The ball is five feet from the box. Ali moves the box. The ball BLANK.,action_nonfollows,action_nonfollows_target,1fe70ed2-c4f2-46e8-a4ee-b795969fe940,doesn't move,moves,0
ABS46BM5878BW,1,retest,The box is close to Ali. Ali throws the ball. The box is BLANK Ali.,action_nonfollows,action_nonfollows_target,0ebece86-74c2-44ea-9ef0-8d75a45ba56b,close to,far from,1
ABS46BM5878BW,1,retest,The painting is to Ali's left. The painting is moved left. The painting is to Ali's BLANK.,egocentric_near,egocentric_near_target,33d5f7dc-85a0-4c33-ad94-ea5d1e85864b,right,left,0
ABS46BM5878BW,1,retest,The seesaw is balanced. Ali tilts the BLANK side of the seesaw. The left side goes up.,action_follows,action_follows_context,3853bb96-81c1-470b-b9d5-b17b811bf101,right,left,1
ABS46BM5878BW,1,retest,The painting is behind Ali. Ali turns left. The painting is BLANK Ali.,egocentric_near,egocentric_near_target,59fc66d4-3afa-42da-a45d-f73f7a531076,left of,right of,1
ABS46BM5878BW,1,retest,The painting is to Ali's right. The painting is moved right. The painting is to Ali's BLANK.,egocentric_near,egocentric_near_target,4e1e4c8f-de93-44b5-a196-29575450bd42,right,left,1
ABS46BM5878BW,1,retest,The painting is BLANK Ali. Ali turns right. The painting is right of Ali.,egocentric_near,egocentric_near_context,42d93d82-da95-4c5e-96d3-8d266440c4ec,behind,in front of,0
ABS46BM5878BW,1,retest,The painting is BLANK of Ali. Ali turns left. The painting is right of Ali.,egocentric_near,egocentric_near_context,16e1a569-1ad9-4b0c-92b0-feb6df7b5b27,in front of,behind,1
ABS46BM5878BW,1,retest,The painting is BLANK Ali. Ali turns left. The painting is left of Ali.,egocentric_near,egocentric_near_context,6889b667-4845-4fa2-9b38-2000f907b9e2,behind,in front of,1
ABS46BM5878BW,1,retest,The box is in the bin. Ali moves the box. The bin BLANK.,action_nonfollows,action_nonfollows_target,1637e508-3609-4421-8dd2-303fb71ebad9,doesn't move,moves,1
ABS46BM5878BW,1,retest,The ball is BLANK the box. The ball moves right. The ball is lower than the box.,action_nonfollows,action_nonfollows_context,4db85fa9-8307-4315-983c-1da01ebcfdf3,under,above,0
ABS46BM5878BW,1,retest,The ball is BLANK the box. Ali pushes the ball forward. The ball is under the box.,action_nonfollows,action_nonfollows_context,2fcd18a5-4fe9-43af-be73-b08c8a69be3e,under,above,0
ABS46BM5878BW,1,retest,The glass is on the table. Ali fills the glass halfway. The table is BLANK.,state_nonfollows,state_nonfollows_target,0ab9f4a8-59f3-4c71-975a-36627213f744,dry,wet,1
ABS46BM5878BW,1,retest,Ali is BLANK the wagon. Ali pulls on the wagon. The wagon doesn't move.,action_nonfollows,action_nonfollows_context,55764064-722f-49d8-98a5-2e2d84e42d64,in,outside,0
ABS46BM5878BW,1,retest,Ali is behind the painting. Ali turns around. Ali is BLANK the painting.,egocentric_near,egocentric_near_target,07167d4f-80b9-4acc-9071-2c51b88df677,behind,in front of,0
ABS46BM5878BW,1,retest,The book is on the table. Ali moves the table. The book BLANK.,action_follows,action_follows_target,0c7ff743-0286-4cb6-9639-4edb16b4b26d,moves,doesn't move,1
ABS46BM5878BW,1,retest,Chicago is behind Ali. Ali turns right. Chicago is BLANK Ali.,egocentric_distant,egocentric_distant_target,208eaa12-f841-4068-b70e-a7c8edee31db,right of,left of,1
ABS46BM5878BW,1,retest,Ali is behind the statue. Ali turns around. Ali is BLANK.,action_nonfollows,action_nonfollows_target,609276f4-276d-4b83-a87e-279b606bcaec,behind the statue,in front of the statue,0
ABS46BM5878BW,1,retest,Chicago is to Ali's BLANK. Ali turns left. Ali is facing towards Chicago.,egocentric_distant,egocentric_distant_context,0750fd63-cf47-440e-b7a4-8a5f610d3264,left,right,0
ABS46BM5878BW,1,retest,Ali is facing away from Chicago. Ali turns left. Chicago is BLANK Ali.,egocentric_distant,egocentric_distant_target,3324abf7-6438-42bf-b7c2-6d54a58c5647,left of,right of,1
ABS46BM5878BW,1,retest,Ali is BLANK painting. Ali turns around. Ali is behind the painting.,egocentric_near,egocentric_near_context,609267cd-7803-4f08-abfe-40ef7cec461e,behind,in front of,0
ABS46BM5878BW,1,retest,Ali is facing away from Chicago. Ali turns around. Chicago is BLANK Ali.,egocentric_distant,egocentric_distant_target,49a33aab-df02-4990-beab-2a4f987d1064,in front of,behind,1
ABS46BM5878BW,1,retest,Ali is BLANK. Ali turns around. Ali is in front of the statue.,action_nonfollows,action_nonfollows_context,0e147806-b88f-428d-a3c1-7bfa2651c6ad,in front of the statue,behind the statue,0
ABS46BM5878BW,1,retest,Ali is facing BLANK Chicago. Ali turns left. Chicago is right of Ali.,egocentric_distant,egocentric_distant_context,431ac862-808b-48ca-8cc9-9227e24661e4,towards,away from,1
ABS46BM5878BW,1,retest,Ali is BLANK the wagon. Ali pushes on the wagon. The wagon moves.,action_follows,action_follows_context,1f747dd7-a364-472a-9024-76517340aef3,behind,in front of,0
ABS46BM5878BW,1,retest,The glass and the cup are on the table. Ali pushes the BLANK off the table. The glass doesn't break.,state_nonfollows,state_nonfollows_context,327243ab-ecb2-459c-a9bf-867dfb152071,cup,glass,0
ABS46BM5878BW,1,retest,Chicago is BLANK Ali. Ali turns right. Chicago is left of Ali.,egocentric_distant,egocentric_distant_context,247fc701-a50f-47a4-b9ce-26e0e37764e8,in front of,behind,1
ABS46BM5878BW,1,retest,The painting is BLANK Ali. Ali turns around. The painting is left of Ali.,egocentric_near,egocentric_near_context,6074e27e-d929-4b07-bc4d-252c7bcb463e,right of,left of,0
ABS46BM5878BW,1,retest,The wagon is on the BLANK of the hill. Ali pushes the wagon. The wagon rolls.,action_follows,action_follows_context,17ed0db8-8e47-4da7-90ae-84dfc07af787,top,bottom,1
ABS46BM5878BW,1,retest,The ice cube and the banana are in the fridge. Ali takes the BLANK out of the fridge. The ice cube doesn't melt.,state_nonfollows,state_nonfollows_context,0ce85161-2bb7-40b9-a0d6-bca40c92c702,banana,ice cube,1
ABS46BM5878BW,1,retest,The glass is on the floor. Ali bumps the table. The glass BLANK.,state_nonfollows,state_nonfollows_target,3482eb06-22b4-455d-819d-a4e799a6647f,doesn't break,breaks,0
ABS46BM5878BW,1,retest,The glass is on the floor. Ali bumps the table. The glass BLANK.,state_nonfollows,state_nonfollows_target,3482eb06-22b4-455d-819d-a4e799a6647f,doesn't break,breaks,0
ABS46BM5878BW,1,retest,The box is floating in the water. Ali puts a tennis ball in the box. The box BLANK.,action_nonfollows,action_nonfollows_target,5edcc89e-d5f6-4ac5-9f05-376d77f2b2d4,floats,sinks,0
ABS46BM5878BW,1,retest,The box is floating in the water. Ali puts a tennis ball in the box. The box BLANK.,action_nonfollows,action_nonfollows_target,5edcc89e-d5f6-4ac5-9f05-376d77f2b2d4,floats,sinks,0
ABS46BM5878BW,1,retest,The ball is five feet from the box. Ali moves the box. The ball BLANK.,action_nonfollows,action_nonfollows_target,1fe70ed2-c4f2-46e8-a4ee-b795969fe940,doesn't move,moves,1
ABS46BM5878BW,1,retest,The ball is five feet from the box. Ali moves the box. The ball BLANK.,action_nonfollows,action_nonfollows_target,1fe70ed2-c4f2-46e8-a4ee-b795969fe940,doesn't move,moves,1
ABS46BM5878BW,1,retest,The painting is to Ali's left. The painting is moved left. The painting is to Ali's BLANK.,egocentric_near,egocentric_near_target,33d5f7dc-85a0-4c33-ad94-ea5d1e85864b,right,left,0
ABS46BM5878BW,1,retest,The painting is to Ali's left. The painting is moved left. The painting is to Ali's BLANK.,egocentric_near,egocentric_near_target,33d5f7dc-85a0-4c33-ad94-ea5d1e85864b,right,left,0
ABS46BM5878BW,1,retest,The painting is to Ali's right. The painting is moved right. The painting is to Ali's BLANK.,egocentric_near,egocentric_near_target,4e1e4c8f-de93-44b5-a196-29575450bd42,right,left,1
ABS46BM5878BW,1,retest,The painting is to Ali's right. The painting is moved right. The painting is to Ali's BLANK.,egocentric_near,egocentric_near_target,4e1e4c8f-de93-44b5-a196-29575450bd42,right,left,1
ABS46BM5878BW,1,retest,The painting is BLANK Ali. Ali turns right. The painting is right of Ali.,egocentric_near,egocentric_near_context,42d93d82-da95-4c5e-96d3-8d266440c4ec,behind,in front of,1
ABS46BM5878BW,1,retest,The painting is BLANK Ali. Ali turns right. The painting is right of Ali.,egocentric_near,egocentric_near_context,42d93d82-da95-4c5e-96d3-8d266440c4ec,behind,in front of,1
ABS46BM5878BW,1,retest,The painting is BLANK Ali. Ali turns left. The painting is left of Ali.,egocentric_near,egocentric_near_context,6889b667-4845-4fa2-9b38-2000f907b9e2,behind,in front of,0
ABS46BM5878BW,1,retest,The painting is BLANK Ali. Ali turns left. The painting is left of Ali.,egocentric_near,egocentric_near_context,6889b667-4845-4fa2-9b38-2000f907b9e2,behind,in front of,0
ABS46BM5878BW,1,retest,The ball is BLANK the box. The ball moves right. The ball is lower than the box.,action_nonfollows,action_nonfollows_context,4db85fa9-8307-4315-983c-1da01ebcfdf3,under,above,1
ABS46BM5878BW,1,retest,The ball is BLANK the box. The ball moves right. The ball is lower than the box.,action_nonfollows,action_nonfollows_context,4db85fa9-8307-4315-983c-1da01ebcfdf3,under,above,1
ABS46BM5878BW,1,retest,The ball is BLANK the box. Ali pushes the ball forward. The ball is under the box.,action_nonfollows,action_nonfollows_context,2fcd18a5-4fe9-43af-be73-b08c8a69be3e,under,above,1
ABS46BM5878BW,1,retest,The ball is BLANK the box. Ali pushes the ball forward. The ball is under the box.,action_nonfollows,action_nonfollows_context,2fcd18a5-4fe9-43af-be73-b08c8a69be3e,under,above,1
ABS46BM5878BW,1,retest,Ali is BLANK the wagon. Ali pulls on the wagon. The wagon doesn't move.,action_nonfollows,action_nonfollows_context,55764064-722f-49d8-98a5-2e2d84e42d64,in,outside,1
ABS46BM5878BW,1,retest,Ali is BLANK the wagon. Ali pulls on the wagon. The wagon doesn't move.,action_nonfollows,action_nonfollows_context,55764064-722f-49d8-98a5-2e2d84e42d64,in,outside,1
ABS46BM5878BW,1,retest,Ali is behind the painting. Ali turns around. Ali is BLANK the painting.,egocentric_near,egocentric_near_target,07167d4f-80b9-4acc-9071-2c51b88df677,behind,in front of,1
ABS46BM5878BW,1,retest,Ali is behind the painting. Ali turns around. Ali is BLANK the painting.,egocentric_near,egocentric_near_target,07167d4f-80b9-4acc-9071-2c51b88df677,behind,in front of,1
ABS46BM5878BW,1,retest,The book is on the table. Ali moves the table. The book BLANK.,action_follows,action_follows_target,0c7ff743-0286-4cb6-9639-4edb16b4b26d,moves,doesn't move,1
ABS46BM5878BW,1,retest,The book is on the table. Ali moves the table. The book BLANK.,action_follows,action_follows_target,0c7ff743-0286-4cb6-9639-4edb16b4b26d,moves,doesn't move,1
ABS46BM5878BW,1,retest,Ali is behind the statue. Ali turns around. Ali is BLANK.,action_nonfollows,action_nonfollows_target,609276f4-276d-4b83-a87e-279b606bcaec,behind the statue,in front of the statue,1
ABS46BM5878BW,1,retest,Ali is behind the statue. Ali turns around. Ali is BLANK.,action_nonfollows,action_nonfollows_target,609276f4-276d-4b83-a87e-279b606bcaec,behind the statue,in front of the statue,1
ABS46BM5878BW,1,retest,Chicago is to Ali's BLANK. Ali turns left. Ali is facing towards Chicago.,egocentric_distant,egocentric_distant_context,0750fd63-cf47-440e-b7a4-8a5f610d3264,left,right,0
ABS46BM5878BW,1,retest,Chicago is to Ali's BLANK. Ali turns left. Ali is facing towards Chicago.,egocentric_distant,egocentric_distant_context,0750fd63-cf47-440e-b7a4-8a5f610d3264,left,right,0
ABS46BM5878BW,1,retest,Ali is BLANK painting. Ali turns around. Ali is behind the painting.,egocentric_near,egocentric_near_context,609267cd-7803-4f08-abfe-40ef7cec461e,behind,in front of,0
ABS46BM5878BW,1,retest,Ali is BLANK painting. Ali turns around. Ali is behind the painting.,egocentric_near,egocentric_near_context,609267cd-7803-4f08-abfe-40ef7cec461e,behind,in front of,0
ABS46BM5878BW,1,retest,Ali is facing away from Chicago. Ali turns around. Chicago is BLANK Ali.,egocentric_distant,egocentric_distant_target,49a33aab-df02-4990-beab-2a4f987d1064,in front of,behind,1
ABS46BM5878BW,1,retest,Ali is facing away from Chicago. Ali turns around. Chicago is BLANK Ali.,egocentric_distant,egocentric_distant_target,49a33aab-df02-4990-beab-2a4f987d1064,in front of,behind,1
ABS46BM5878BW,1,retest,Ali is BLANK. Ali turns around. Ali is in front of the statue.,action_nonfollows,action_nonfollows_context,0e147806-b88f-428d-a3c1-7bfa2651c6ad,in front of the statue,behind the statue,0
ABS46BM5878BW,1,retest,Ali is BLANK. Ali turns around. Ali is in front of the statue.,action_nonfollows,action_nonfollows_context,0e147806-b88f-428d-a3c1-7bfa2651c6ad,in front of the statue,behind the statue,0
ABS46BM5878BW,1,retest,Ali is facing BLANK Chicago. Ali turns left. Chicago is right of Ali.,egocentric_distant,egocentric_distant_context,431ac862-808b-48ca-8cc9-9227e24661e4,towards,away from,0
ABS46BM5878BW,1,retest,Ali is facing BLANK Chicago. Ali turns left. Chicago is right of Ali.,egocentric_distant,egocentric_distant_context,431ac862-808b-48ca-8cc9-9227e24661e4,towards,away from,0
ABS46BM5878BW,1,retest,Ali is BLANK the wagon. Ali pushes on the wagon. The wagon moves.,action_follows,action_follows_context,1f747dd7-a364-472a-9024-76517340aef3,behind,in front of,1
ABS46BM5878BW,1,retest,Ali is BLANK the wagon. Ali pushes on the wagon. The wagon moves.,action_follows,action_follows_context,1f747dd7-a364-472a-9024-76517340aef3,behind,in front of,1
ABS46BM5878BW,1,retest,The glass and the cup are on the table. Ali pushes the BLANK off the table. The glass doesn't break.,state_nonfollows,state_nonfollows_context,327243ab-ecb2-459c-a9bf-867dfb152071,cup,glass,1
ABS46BM5878BW,1,retest,The glass and the cup are on the table. Ali pushes the BLANK off the table. The glass doesn't break.,state_nonfollows,state_nonfollows_context,327243ab-ecb2-459c-a9bf-867dfb152071,cup,glass,1
ABS46BM5878BW,1,retest,The painting is BLANK Ali. Ali turns around. The painting is left of Ali.,egocentric_near,egocentric_near_context,6074e27e-d929-4b07-bc4d-252c7bcb463e,right of,left of,0
ABS46BM5878BW,1,retest,The painting is BLANK Ali. Ali turns around. The painting is left of Ali.,egocentric_near,egocentric_near_context,6074e27e-d929-4b07-bc4d-252c7bcb463e,right of,left of,0
AD72VY8GLM8E2,6,retest,Milwaukee is South of Mark. Mark goes BLANK. Milwaukee is Southeast of Mark.,two_refs_geocentric,two_refs_geocentric_context,8a66063c-6c36-42cc-83d1-c2a017d1a2f8,West,East,0
AD72VY8GLM8E2,6,retest,Mark is East of Budapest and Ali is West of Budapest. Ali walks directly towards Mark. Ali is heading BLANK.,two_refs_geocentric,two_refs_geocentric_target,8b88918b-f1dd-4784-8035-580b89674670,East,West,0
AD72VY8GLM8E2,6,retest,Mark is BLANK of Ali. Mark turns right. Mark is East of Ali.,two_refs_geocentric,two_refs_geocentric_context,73fe68a5-7c2c-4504-9528-298de59f844e,East,West,1
AD72VY8GLM8E2,6,retest,Mark is facing East and Ali is facing BLANK. Mark turns 180 degrees. Mark and Ali are facing the same direction.,two_refs_geocentric,two_refs_geocentric_context,29ce0e92-abdd-461b-8acf-acfbadf91fd4,West,East,1
AD72VY8GLM8E2,6,retest,Mark is facing South and Ali is facing BLANK. Mark turns 90 degrees to his right. Mark and Ali are facing different directions.,two_refs_geocentric,two_refs_geocentric_context,a3bae960-5d51-4b49-9778-990829a6dc83,East,West,0
AD72VY8GLM8E2,6,retest,Mark is facing BLANK and Ali is facing West. Mark turns around. Mark is facing West.,two_refs_geocentric,two_refs_geocentric_context,db51d454-79bf-4010-91a9-b3adc51e10e9,East,West,1
AD72VY8GLM8E2,6,retest,Mark and Ali are both directly West of Budapest. Mark walks South. Ali is BLANK of Mark.,two_refs_geocentric,two_refs_geocentric_target,47f03e7f-1dc6-4da8-b460-eea5439b1842,North,South,1
AD72VY8GLM8E2,6,retest,Mark and Ali are both directly East of Budapest. Mark walks North. Ali is BLANK of Mark.,two_refs_geocentric,two_refs_geocentric_target,32732c3a-dde6-4520-9e9f-43b586e802bc,South,North,1
AD72VY8GLM8E2,6,retest,Mark is BLANK of Ali facing East. Ali is East of Mark facing West. Mark is facing towards Ali.,two_refs_geocentric,two_refs_geocentric_context,301d488b-e549-4394-b878-c0450833fda8,West,East,0
AD72VY8GLM8E2,6,retest,Milwaukee is South of Mark. Mark goes BLANK. Mark is Northeast of Milwaukee.,two_refs_geocentric,two_refs_geocentric_context,f640e853-3898-4c59-968f-d791a63880e1,West,East,0
AD72VY8GLM8E2,6,retest,Milwaukee is North of Mark. Mark goes East. Milwaukee is BLANK of Mark.,two_refs_geocentric,two_refs_geocentric_target,e0efa77a-4b07-4f93-b85d-92a2d81cd463,Northwest,Southeast,1
AD72VY8GLM8E2,6,retest,Mark is West of Ali facing East. Ali is East of Mark facing West. Mark is facing BLANK Ali.,two_refs_geocentric,two_refs_geocentric_target,7f836912-7107-4c82-a22b-c68b2acc46f0,towards,away from,1
AD72VY8GLM8E2,6,retest,Mark is North of Budapest and Ali is South of Budapest. Ali walks directly away from Mark. Ali is walking BLANK.,two_refs_geocentric,two_refs_geocentric_target,30c2fa5a-da23-4e62-b66c-01c6cc4ebf9d,South,North,1
AD72VY8GLM8E2,6,retest,Mark is North of Budapest and Ali is South of Budapest. Ali walks directly BLANK Mark. Ali is walking South.,two_refs_geocentric,two_refs_geocentric_context,78cfaa82-d792-4a47-9003-e289b66847f7,away from,towards,1
AD72VY8GLM8E2,6,retest,Milwaukee is North of Mark. Mark goes BLANK. Milwaukee is Northwest of Mark.,two_refs_geocentric,two_refs_geocentric_context,6736be32-2bb0-4769-b8bb-7efa38642c5e,East,West,1
AD72VY8GLM8E2,6,retest,Mark is East of Ali facing East. Ali is West of Mark facing West. Mark is facing BLANK Ali.,two_refs_geocentric,two_refs_geocentric_target,c4300110-c14f-4a8d-94b9-a56fbaf8aaa2,away from,towards,1
AD72VY8GLM8E2,6,retest,Mark is East of Budapest and Ali is West of Budapest. Mark walks directly BLANK Ali. Mark is heading West.,two_refs_geocentric,two_refs_geocentric_context,ba0500a3-3783-4596-a2f8-fd3ca1e76486,towards,away from,1
AD72VY8GLM8E2,6,retest,Mark is BLANK of Ali facing East. Ali is West of Mark facing West. Mark is facing away from Ali.,two_refs_geocentric,two_refs_geocentric_context,672521bd-9b42-4dd1-881e-61a57b15e1e2,East,West,1
AD72VY8GLM8E2,6,retest,Milwaukee is South of Mark. Mark goes West. Mark is BLANK of Milwaukee.,two_refs_geocentric,two_refs_geocentric_target,c325b8e3-d3ea-4643-8b50-364a6128aa4f,Northest,Southeast,1
AD72VY8GLM8E2,6,retest,Mark is facing North and Ali is facing BLANK. Mark turns 90 degrees to his right. Mark and Ali are facing the same direction.,two_refs_geocentric,two_refs_geocentric_context,4fce09f2-3af1-404f-967a-7a97cdd13388,East,West,1
AD72VY8GLM8E2,6,retest,Mark is facing South and Ali is facing East. Mark turns 90 degrees to his right. Mark and Ali are facing BLANK.,two_refs_geocentric,two_refs_geocentric_target,1ce1f6fb-222f-4510-a6a8-dae9b9df2e6a,the same direction,different directions,0
AD72VY8GLM8E2,6,retest,Milwaukee is South of Mark. Mark goes BLANK. Milwaukee is Southeast of Mark.,two_refs_geocentric,two_refs_geocentric_context,8a66063c-6c36-42cc-83d1-c2a017d1a2f8,West,East,1
AD72VY8GLM8E2,6,retest,Milwaukee is South of Mark. Mark goes BLANK. Milwaukee is Southeast of Mark.,two_refs_geocentric,two_refs_geocentric_context,8a66063c-6c36-42cc-83d1-c2a017d1a2f8,West,East,1
AD72VY8GLM8E2,6,retest,Mark is East of Budapest and Ali is West of Budapest. Ali walks directly towards Mark. Ali is heading BLANK.,two_refs_geocentric,two_refs_geocentric_target,8b88918b-f1dd-4784-8035-580b89674670,East,West,1
AD72VY8GLM8E2,6,retest,Mark is East of Budapest and Ali is West of Budapest. Ali walks directly towards Mark. Ali is heading BLANK.,two_refs_geocentric,two_refs_geocentric_target,8b88918b-f1dd-4784-8035-580b89674670,East,West,1
AD72VY8GLM8E2,6,retest,Mark is facing South and Ali is facing BLANK. Mark turns 90 degrees to his right. Mark and Ali are facing different directions.,two_refs_geocentric,two_refs_geocentric_context,a3bae960-5d51-4b49-9778-990829a6dc83,East,West,1
AD72VY8GLM8E2,6,retest,Mark is facing South and Ali is facing BLANK. Mark turns 90 degrees to his right. Mark and Ali are facing different directions.,two_refs_geocentric,two_refs_geocentric_context,a3bae960-5d51-4b49-9778-990829a6dc83,East,West,1
AD72VY8GLM8E2,6,retest,Mark is BLANK of Ali facing East. Ali is East of Mark facing West. Mark is facing towards Ali.,two_refs_geocentric,two_refs_geocentric_context,301d488b-e549-4394-b878-c0450833fda8,West,East,1
AD72VY8GLM8E2,6,retest,Mark is BLANK of Ali facing East. Ali is East of Mark facing West. Mark is facing towards Ali.,two_refs_geocentric,two_refs_geocentric_context,301d488b-e549-4394-b878-c0450833fda8,West,East,1
AD72VY8GLM8E2,6,retest,Milwaukee is South of Mark. Mark goes BLANK. Mark is Northeast of Milwaukee.,two_refs_geocentric,two_refs_geocentric_context,f640e853-3898-4c59-968f-d791a63880e1,West,East,1
AD72VY8GLM8E2,6,retest,Milwaukee is South of Mark. Mark goes BLANK. Mark is Northeast of Milwaukee.,two_refs_geocentric,two_refs_geocentric_context,f640e853-3898-4c59-968f-d791a63880e1,West,East,1
AD72VY8GLM8E2,6,retest,Milwaukee is North of Mark. Mark goes East. Milwaukee is BLANK of Mark.,two_refs_geocentric,two_refs_geocentric_target,e0efa77a-4b07-4f93-b85d-92a2d81cd463,Northwest,Southeast,1
AD72VY8GLM8E2,6,retest,Milwaukee is North of Mark. Mark goes East. Milwaukee is BLANK of Mark.,two_refs_geocentric,two_refs_geocentric_target,e0efa77a-4b07-4f93-b85d-92a2d81cd463,Northwest,Southeast,1
AD72VY8GLM8E2,6,retest,Mark is North of Budapest and Ali is South of Budapest. Ali walks directly BLANK Mark. Ali is walking South.,two_refs_geocentric,two_refs_geocentric_context,78cfaa82-d792-4a47-9003-e289b66847f7,away from,towards,1
AD72VY8GLM8E2,6,retest,Mark is North of Budapest and Ali is South of Budapest. Ali walks directly BLANK Mark. Ali is walking South.,two_refs_geocentric,two_refs_geocentric_context,78cfaa82-d792-4a47-9003-e289b66847f7,away from,towards,1
AD72VY8GLM8E2,6,retest,Mark is East of Budapest and Ali is West of Budapest. Mark walks directly BLANK Ali. Mark is heading West.,two_refs_geocentric,two_refs_geocentric_context,ba0500a3-3783-4596-a2f8-fd3ca1e76486,towards,away from,1
AD72VY8GLM8E2,6,retest,Mark is East of Budapest and Ali is West of Budapest. Mark walks directly BLANK Ali. Mark is heading West.,two_refs_geocentric,two_refs_geocentric_context,ba0500a3-3783-4596-a2f8-fd3ca1e76486,towards,away from,1
AD72VY8GLM8E2,6,retest,Milwaukee is South of Mark. Mark goes West. Mark is BLANK of Milwaukee.,two_refs_geocentric,two_refs_geocentric_target,c325b8e3-d3ea-4643-8b50-364a6128aa4f,Northest,Southeast,1
AD72VY8GLM8E2,6,retest,Milwaukee is South of Mark. Mark goes West. Mark is BLANK of Milwaukee.,two_refs_geocentric,two_refs_geocentric_target,c325b8e3-d3ea-4643-8b50-364a6128aa4f,Northest,Southeast,1
AD72VY8GLM8E2,6,retest,Mark is facing North and Ali is facing East. Mark turns 90 degrees to his right. Mark and Ali are facing BLANK.,two_refs_geocentric,two_refs_geocentric_target,3e51fc15-6ee7-4bd4-b7c2-9313c2b75afa,the same direction,different directions,1
AD72VY8GLM8E2,6,retest,Mark is facing North and Ali is facing East. Mark turns 90 degrees to his right. Mark and Ali are facing BLANK.,two_refs_geocentric,two_refs_geocentric_target,3e51fc15-6ee7-4bd4-b7c2-9313c2b75afa,the same direction,different directions,1
AD72VY8GLM8E2,6,retest,Mark is facing North and Ali is facing BLANK. Mark turns 90 degrees to his right. Mark and Ali are facing the same direction.,two_refs_geocentric,two_refs_geocentric_context,4fce09f2-3af1-404f-967a-7a97cdd13388,East,West,1
AD72VY8GLM8E2,6,retest,Mark is facing North and Ali is facing BLANK. Mark turns 90 degrees to his right. Mark and Ali are facing the same direction.,two_refs_geocentric,two_refs_geocentric_context,4fce09f2-3af1-404f-967a-7a97cdd13388,East,West,1
AD72VY8GLM8E2,6,retest,Mark is facing South and Ali is facing East. Mark turns 90 degrees to his right. Mark and Ali are facing BLANK.,two_refs_geocentric,two_refs_geocentric_target,1ce1f6fb-222f-4510-a6a8-dae9b9df2e6a,the same direction,different directions,0
AD72VY8GLM8E2,6,retest,Mark is facing South and Ali is facing East. Mark turns 90 degrees to his right. Mark and Ali are facing BLANK.,two_refs_geocentric,two_refs_geocentric_target,1ce1f6fb-222f-4510-a6a8-dae9b9df2e6a,the same direction,different directions,0
AHDW0M4017Z8K,3,retest,The box is close to Ali. Ali throws the BLANK. The box is close to Ali.,action_nonfollows,action_nonfollows_context,cce2c8f9-2ca6-4851-93b5-e79efd0dfdae,ball,box,1
AHDW0M4017Z8K,3,retest,Chicago is right of Ali. Ali turns around. Chicago is BLANK Ali.,egocentric_distant,egocentric_distant_target,c942a4b4-8538-400d-8605-2a4f0bc000ef,left of,right of,1
AHDW0M4017Z8K,3,retest,The painting is right of Ali. Ali turns around. The painting is BLANK Ali.,egocentric_near,egocentric_near_target,b70fd0cd-135e-45b2-9cc2-f17a7dd652a8,left of,right of,1
AHDW0M4017Z8K,3,retest,Ali is in front of the statue. Ali turns around. Ali is BLANK.,action_nonfollows,action_nonfollows_target,fa00c2c2-ffdb-4b5a-9376-7bde7e7326dd,in front of the statue,behind the statue,1
AHDW0M4017Z8K,3,retest,Chicago is BLANK Ali. Ali turns right. Chicago is right of Ali.,egocentric_distant,egocentric_distant_context,f7331836-b6ee-4bc7-b450-9586dd060445,behind,in front of,1
AHDW0M4017Z8K,3,retest,The ball is BLANK the box. The ball moves right. The ball is higher than the box.,action_nonfollows,action_nonfollows_context,b57e5c96-351b-42e3-9537-dcbb9d829e85,above,under,1
AHDW0M4017Z8K,3,retest,The empty glass is on the table. Ali fills the BLANK halfway. The glass is dry.,state_nonfollows,state_nonfollows_context,e65ff7c3-4d74-494c-974e-af6694c8dbac,sink,glass,1
AHDW0M4017Z8K,3,retest,The baseball is close to Ali. Ali throws the baseball. The baseball is BLANK Ali.,action_follows,action_follows_target,c7e13c41-dd1f-4bd0-8e6b-903801880815,far from,close to,1
AHDW0M4017Z8K,3,retest,Ali is BLANK. Ali turns around. Ali is behind the statue.,action_nonfollows,action_nonfollows_context,cc306a89-3dc5-4910-aa0b-f2bddee9154d,behind the statue,in front of the statue,0
AHDW0M4017Z8K,3,retest,The glass is on the table. Ali bumps the table. The glass BLANK.,state_follows,state_follows_target,ca2dc996-8318-492e-b057-cd6d42dc5072,breaks,doesn't break,1
AHDW0M4017Z8K,3,retest,The glass and the cup are on the table. Ali pushes the cup off the table. The glass BLANK.,state_nonfollows,state_nonfollows_target,fac9293b-e5d3-48d0-9c01-8172f9647c13,doesn't break,breaks,1
AHDW0M4017Z8K,3,retest,Ali is facing BLANK Chicago. Ali turns right. Chicago is left of Ali.,egocentric_distant,egocentric_distant_context,d11f84d4-2104-4b0c-8891-39fe2409a5f7,towards,away from,0
AHDW0M4017Z8K,3,retest,The ball is close to Ali. Ali throws the BLANK. The ball is close to Ali.,action_nonfollows,action_nonfollows_context,bcc54a8d-4b9f-4a07-a261-1d87bfdc9634,box,ball,1
AHDW0M4017Z8K,3,retest,The ball is BLANK the box. Ali pushes the box forward. The ball is inside the box.,action_nonfollows,action_nonfollows_context,d387b3c2-04e5-4c89-bff6-7469bbf38a5d,inside,outside,1
AHDW0M4017Z8K,3,retest,Ali is facing away from Milwaukee. Ali turns 180 degrees. Ali is facing BLANK Milwaukee.,egocentric_distant,egocentric_distant_target,d96621cb-4925-459d-b156-27a8a3456a19,towards,away from,1
AHDW0M4017Z8K,3,retest,Chicago is BLANK Ali. Ali turns around. Chicago is right of Ali.,egocentric_distant,egocentric_distant_context,bd0f5cf2-1bf0-4afe-bd33-ce9732fbbc49,left of,right of,1
AHDW0M4017Z8K,3,retest,The painting is in front of Ali. Ali turns right. The painting is BLANK Ali.,egocentric_near,egocentric_near_target,f0714c55-5e03-4f80-8171-fb4af78e1ad8,left of,right of,1
AHDW0M4017Z8K,3,retest,The book is BLANK the table. Ali moves the table. The book doesn't move.,action_nonfollows,action_nonfollows_context,c3e7a166-3f5b-47f1-b666-c3b03ceefd5c,under,on,0
AHDW0M4017Z8K,3,retest,The soup is on the table. Ali turns on the stove. The soup gets BLANK.,state_nonfollows,state_nonfollows_target,f48a91e2-22e0-4c2b-b42a-6ec8df05393f,colder,warmer,1
AHDW0M4017Z8K,3,retest,Ali is facing BLANK Milwaukee. Ali turns 180 degrees. Ali is facing towards Milwaukee.,egocentric_distant,egocentric_distant_context,d18aa318-48f9-40be-b322-d4fcddd58fba,away from,towards,1
AHDW0M4017Z8K,3,retest,The ball is resting on top of the box. Ali pushes the box forward. The ball is BLANK the box.,action_nonfollows,action_nonfollows_target,ceb88882-eb68-49e1-9b86-416b6f09e1a3,on top of,below,1
AHDW0M4017Z8K,3,retest,The painting is BLANK Ali. Ali turns right. The painting is left of Ali.,egocentric_near,egocentric_near_context,bda90b60-3995-46b6-8be8-5c2fcc765df7,in front of,behind,1
AHDW0M4017Z8K,3,retest,The book is under the table. Ali moves the book. The table BLANK.,action_nonfollows,action_nonfollows_target,f5e611bf-a370-4ff7-91e4-b512b870c4b9,doesn't move,moves,1
AHDW0M4017Z8K,3,retest,The wall was painted BLANK ago. Ali touches the wall. Ali's hand is clean.,state_nonfollows,state_nonfollows_context,cb63063d-f349-44f8-a2b7-e1f7ad288aba,1 month,5 minutes,1
AHDW0M4017Z8K,3,retest,The wine glass is on the table. Ali bumps the BLANK. The wine doesn't spill.,action_nonfollows,action_nonfollows_context,f90f4149-7255-448b-bd8d-a1a900581ee6,lamp,table,1
AHDW0M4017Z8K,3,retest,The ball is at the bottom of the ramp. Ali pushes the ball. The ball is at the BLANK of the ramp.,action_nonfollows,action_nonfollows_target,e2381bf9-9c62-4821-9eef-f3d59b881fd5,bottom,top of,1
AHDW0M4017Z8K,3,retest,Ali is in the wagon. Ali pulls on the wagon. The wagon BLANK.,action_nonfollows,action_nonfollows_target,c3057e2d-31be-47c0-bd12-9a1422d7f838,doesn't move,moves,0
AHDW0M4017Z8K,3,retest,Chicago is BLANK Ali. Ali turns left. Chicago is left of Ali.,egocentric_distant,egocentric_distant_context,b2947cb8-21ca-4d3e-9666-765c88ecadbd,behind,in front of,1
AHDW0M4017Z8K,3,retest,Ali is in the wagon. Ali pushes on the wagon. The wagon BLANK.,action_nonfollows,action_nonfollows_target,d131310b-9566-4029-bfa8-6f106043b088,doesn't move,moves,0
AHDW0M4017Z8K,3,retest,Ali is BLANK the wagon. Ali pushes on the wagon. The wagon doesn't move.,action_nonfollows,action_nonfollows_context,f827d2d9-18d0-4d34-a155-7ec3d4f1b7ab,in,outside,0
AHDW0M4017Z8K,3,retest,The ball is BLANK the box. Ali moves the box. The ball doesn't move.,action_nonfollows,action_nonfollows_context,e31e6e5a-3ac6-4936-9ae5-7611f9233c51,far from,touching,1
AHDW0M4017Z8K,3,retest,The painting is left of Ali. Ali turns around. The painting is BLANK Ali.,egocentric_near,egocentric_near_target,d7a5f10b-56f3-4321-a665-c2c94f57e605,right of,left of,1
AHDW0M4017Z8K,3,retest,Chicago is right of Ali. Ali turns around. Chicago is BLANK Ali.,egocentric_distant,egocentric_distant_target,c942a4b4-8538-400d-8605-2a4f0bc000ef,left of,right of,1
AHDW0M4017Z8K,3,retest,Chicago is right of Ali. Ali turns around. Chicago is BLANK Ali.,egocentric_distant,egocentric_distant_target,c942a4b4-8538-400d-8605-2a4f0bc000ef,left of,right of,1
AHDW0M4017Z8K,3,retest,Chicago is BLANK Ali. Ali turns right. Chicago is right of Ali.,egocentric_distant,egocentric_distant_context,f7331836-b6ee-4bc7-b450-9586dd060445,behind,in front of,1
AHDW0M4017Z8K,3,retest,Chicago is BLANK Ali. Ali turns right. Chicago is right of Ali.,egocentric_distant,egocentric_distant_context,f7331836-b6ee-4bc7-b450-9586dd060445,behind,in front of,1
AHDW0M4017Z8K,3,retest,The ball is BLANK the box. The ball moves right. The ball is higher than the box.,action_nonfollows,action_nonfollows_context,b57e5c96-351b-42e3-9537-dcbb9d829e85,above,under,1
AHDW0M4017Z8K,3,retest,The ball is BLANK the box. The ball moves right. The ball is higher than the box.,action_nonfollows,action_nonfollows_context,b57e5c96-351b-42e3-9537-dcbb9d829e85,above,under,1
AHDW0M4017Z8K,3,retest,The baseball is close to Ali. Ali throws the baseball. The baseball is BLANK Ali.,action_follows,action_follows_target,c7e13c41-dd1f-4bd0-8e6b-903801880815,far from,close to,1
AHDW0M4017Z8K,3,retest,The baseball is close to Ali. Ali throws the baseball. The baseball is BLANK Ali.,action_follows,action_follows_target,c7e13c41-dd1f-4bd0-8e6b-903801880815,far from,close to,1
AHDW0M4017Z8K,3,retest,Ali is BLANK. Ali turns around. Ali is behind the statue.,action_nonfollows,action_nonfollows_context,cc306a89-3dc5-4910-aa0b-f2bddee9154d,behind the statue,in front of the statue,1
AHDW0M4017Z8K,3,retest,Ali is BLANK. Ali turns around. Ali is behind the statue.,action_nonfollows,action_nonfollows_context,cc306a89-3dc5-4910-aa0b-f2bddee9154d,behind the statue,in front of the statue,1
AHDW0M4017Z8K,3,retest,Ali is facing BLANK Chicago. Ali turns right. Chicago is left of Ali.,egocentric_distant,egocentric_distant_context,d11f84d4-2104-4b0c-8891-39fe2409a5f7,towards,away from,1
AHDW0M4017Z8K,3,retest,Ali is facing BLANK Chicago. Ali turns right. Chicago is left of Ali.,egocentric_distant,egocentric_distant_context,d11f84d4-2104-4b0c-8891-39fe2409a5f7,towards,away from,1
AHDW0M4017Z8K,3,retest,Chicago is BLANK Ali. Ali turns around. Chicago is right of Ali.,egocentric_distant,egocentric_distant_context,bd0f5cf2-1bf0-4afe-bd33-ce9732fbbc49,left of,right of,1
AHDW0M4017Z8K,3,retest,Chicago is BLANK Ali. Ali turns around. Chicago is right of Ali.,egocentric_distant,egocentric_distant_context,bd0f5cf2-1bf0-4afe-bd33-ce9732fbbc49,left of,right of,1
AHDW0M4017Z8K,3,retest,The painting is in front of Ali. Ali turns right. The painting is BLANK Ali.,egocentric_near,egocentric_near_target,f0714c55-5e03-4f80-8171-fb4af78e1ad8,left of,right of,1
AHDW0M4017Z8K,3,retest,The painting is in front of Ali. Ali turns right. The painting is BLANK Ali.,egocentric_near,egocentric_near_target,f0714c55-5e03-4f80-8171-fb4af78e1ad8,left of,right of,1
AHDW0M4017Z8K,3,retest,The book is BLANK the table. Ali moves the table. The book doesn't move.,action_nonfollows,action_nonfollows_context,c3e7a166-3f5b-47f1-b666-c3b03ceefd5c,under,on,1
AHDW0M4017Z8K,3,retest,The book is BLANK the table. Ali moves the table. The book doesn't move.,action_nonfollows,action_nonfollows_context,c3e7a166-3f5b-47f1-b666-c3b03ceefd5c,under,on,1
AHDW0M4017Z8K,3,retest,The ball is resting on top of the box. Ali pushes the box forward. The ball is BLANK the box.,action_nonfollows,action_nonfollows_target,ceb88882-eb68-49e1-9b86-416b6f09e1a3,on top of,below,1
AHDW0M4017Z8K,3,retest,The ball is resting on top of the box. Ali pushes the box forward. The ball is BLANK the box.,action_nonfollows,action_nonfollows_target,ceb88882-eb68-49e1-9b86-416b6f09e1a3,on top of,below,1
AHDW0M4017Z8K,3,retest,The painting is BLANK Ali. Ali turns right. The painting is left of Ali.,egocentric_near,egocentric_near_context,bda90b60-3995-46b6-8be8-5c2fcc765df7,in front of,behind,1
AHDW0M4017Z8K,3,retest,The painting is BLANK Ali. Ali turns right. The painting is left of Ali.,egocentric_near,egocentric_near_context,bda90b60-3995-46b6-8be8-5c2fcc765df7,in front of,behind,1
AHDW0M4017Z8K,3,retest,The wine glass is on the table. Ali bumps the BLANK. The wine doesn't spill.,action_nonfollows,action_nonfollows_context,f90f4149-7255-448b-bd8d-a1a900581ee6,lamp,table,1
AHDW0M4017Z8K,3,retest,The wine glass is on the table. Ali bumps the BLANK. The wine doesn't spill.,action_nonfollows,action_nonfollows_context,f90f4149-7255-448b-bd8d-a1a900581ee6,lamp,table,1
AHDW0M4017Z8K,3,retest,The ball is at the bottom of the ramp. Ali pushes the ball. The ball is at the BLANK of the ramp.,action_nonfollows,action_nonfollows_target,e2381bf9-9c62-4821-9eef-f3d59b881fd5,bottom,top of,1
AHDW0M4017Z8K,3,retest,The ball is at the bottom of the ramp. Ali pushes the ball. The ball is at the BLANK of the ramp.,action_nonfollows,action_nonfollows_target,e2381bf9-9c62-4821-9eef-f3d59b881fd5,bottom,top of,1
AHDW0M4017Z8K,3,retest,Ali is in the wagon. Ali pulls on the wagon. The wagon BLANK.,action_nonfollows,action_nonfollows_target,c3057e2d-31be-47c0-bd12-9a1422d7f838,doesn't move,moves,1
AHDW0M4017Z8K,3,retest,Ali is in the wagon. Ali pulls on the wagon. The wagon BLANK.,action_nonfollows,action_nonfollows_target,c3057e2d-31be-47c0-bd12-9a1422d7f838,doesn't move,moves,1
AHDW0M4017Z8K,3,retest,Chicago is BLANK Ali. Ali turns left. Chicago is left of Ali.,egocentric_distant,egocentric_distant_context,b2947cb8-21ca-4d3e-9666-765c88ecadbd,behind,in front of,1
AHDW0M4017Z8K,3,retest,Chicago is BLANK Ali. Ali turns left. Chicago is left of Ali.,egocentric_distant,egocentric_distant_context,b2947cb8-21ca-4d3e-9666-765c88ecadbd,behind,in front of,1
AHDW0M4017Z8K,3,retest,Ali is in the wagon. Ali pushes on the wagon. The wagon BLANK.,action_nonfollows,action_nonfollows_target,d131310b-9566-4029-bfa8-6f106043b088,doesn't move,moves,1
AHDW0M4017Z8K,3,retest,Ali is in the wagon. Ali pushes on the wagon. The wagon BLANK.,action_nonfollows,action_nonfollows_target,d131310b-9566-4029-bfa8-6f106043b088,doesn't move,moves,1
AHDW0M4017Z8K,3,retest,Ali is BLANK the wagon. Ali pushes on the wagon. The wagon doesn't move.,action_nonfollows,action_nonfollows_context,f827d2d9-18d0-4d34-a155-7ec3d4f1b7ab,in,outside,1
AHDW0M4017Z8K,3,retest,Ali is BLANK the wagon. Ali pushes on the wagon. The wagon doesn't move.,action_nonfollows,action_nonfollows_context,f827d2d9-18d0-4d34-a155-7ec3d4f1b7ab,in,outside,1
AJKKN6QZB1V07,3,retest,The wine glass is on the table. Ali bumps the BLANK. The wine doesn't spill.,action_nonfollows,action_nonfollows_context,f90f4149-7255-448b-bd8d-a1a900581ee6,lamp,table,0
AJKKN6QZB1V07,3,retest,Chicago is BLANK Ali. Ali turns right. Chicago is right of Ali.,egocentric_distant,egocentric_distant_context,f7331836-b6ee-4bc7-b450-9586dd060445,behind,in front of,0
AJKKN6QZB1V07,3,retest,Chicago is BLANK Ali. Ali turns left. Chicago is left of Ali.,egocentric_distant,egocentric_distant_context,b2947cb8-21ca-4d3e-9666-765c88ecadbd,behind,in front of,1
AJKKN6QZB1V07,3,retest,The book is under the table. Ali moves the book. The table BLANK.,action_nonfollows,action_nonfollows_target,f5e611bf-a370-4ff7-91e4-b512b870c4b9,doesn't move,moves,1
AJKKN6QZB1V07,3,retest,The painting is in front of Ali. Ali turns right. The painting is BLANK Ali.,egocentric_near,egocentric_near_target,f0714c55-5e03-4f80-8171-fb4af78e1ad8,left of,right of,0
AJKKN6QZB1V07,3,retest,The glass and the cup are on the table. Ali pushes the cup off the table. The glass BLANK.,state_nonfollows,state_nonfollows_target,fac9293b-e5d3-48d0-9c01-8172f9647c13,doesn't break,breaks,0
AJKKN6QZB1V07,3,retest,Ali is BLANK. Ali turns around. Ali is behind the statue.,action_nonfollows,action_nonfollows_context,cc306a89-3dc5-4910-aa0b-f2bddee9154d,behind the statue,in front of the statue,0
AJKKN6QZB1V07,3,retest,Ali is facing BLANK Chicago. Ali turns right. Chicago is left of Ali.,egocentric_distant,egocentric_distant_context,d11f84d4-2104-4b0c-8891-39fe2409a5f7,towards,away from,1
AJKKN6QZB1V07,3,retest,The soup is on the table. Ali turns on the stove. The soup gets BLANK.,state_nonfollows,state_nonfollows_target,f48a91e2-22e0-4c2b-b42a-6ec8df05393f,colder,warmer,0
AJKKN6QZB1V07,3,retest,Ali is facing away from Milwaukee. Ali turns 180 degrees. Ali is facing BLANK Milwaukee.,egocentric_distant,egocentric_distant_target,d96621cb-4925-459d-b156-27a8a3456a19,towards,away from,1
AJKKN6QZB1V07,3,retest,The baseball is close to Ali. Ali throws the baseball. The baseball is BLANK Ali.,action_follows,action_follows_target,c7e13c41-dd1f-4bd0-8e6b-903801880815,far from,close to,1
AJKKN6QZB1V07,3,retest,The painting is right of Ali. Ali turns around. The painting is BLANK Ali.,egocentric_near,egocentric_near_target,b70fd0cd-135e-45b2-9cc2-f17a7dd652a8,left of,right of,1
AJKKN6QZB1V07,3,retest,The ball is BLANK the box. Ali moves the box. The ball doesn't move.,action_nonfollows,action_nonfollows_context,e31e6e5a-3ac6-4936-9ae5-7611f9233c51,far from,touching,0
AJKKN6QZB1V07,3,retest,Ali is in front of the statue. Ali turns around. Ali is BLANK.,action_nonfollows,action_nonfollows_target,fa00c2c2-ffdb-4b5a-9376-7bde7e7326dd,in front of the statue,behind the statue,0
AJKKN6QZB1V07,3,retest,The ball is at the bottom of the ramp. Ali pushes the ball. The ball is at the BLANK of the ramp.,action_nonfollows,action_nonfollows_target,e2381bf9-9c62-4821-9eef-f3d59b881fd5,bottom,top of,1
AJKKN6QZB1V07,3,retest,The painting is BLANK Ali. Ali turns right. The painting is left of Ali.,egocentric_near,egocentric_near_context,bda90b60-3995-46b6-8be8-5c2fcc765df7,in front of,behind,0
AJKKN6QZB1V07,3,retest,The empty glass is on the table. Ali fills the BLANK halfway. The glass is dry.,state_nonfollows,state_nonfollows_context,e65ff7c3-4d74-494c-974e-af6694c8dbac,sink,glass,1
AJKKN6QZB1V07,3,retest,The ball is BLANK the box. Ali pushes the box forward. The ball is inside the box.,action_nonfollows,action_nonfollows_context,d387b3c2-04e5-4c89-bff6-7469bbf38a5d,inside,outside,1
AJKKN6QZB1V07,3,retest,Chicago is right of Ali. Ali turns around. Chicago is BLANK Ali.,egocentric_distant,egocentric_distant_target,c942a4b4-8538-400d-8605-2a4f0bc000ef,left of,right of,1
AJKKN6QZB1V07,3,retest,The box is close to Ali. Ali throws the BLANK. The box is close to Ali.,action_nonfollows,action_nonfollows_context,cce2c8f9-2ca6-4851-93b5-e79efd0dfdae,ball,box,1
AJKKN6QZB1V07,3,retest,The book is BLANK the table. Ali moves the table. The book doesn't move.,action_nonfollows,action_nonfollows_context,c3e7a166-3f5b-47f1-b666-c3b03ceefd5c,under,on,0
AJKKN6QZB1V07,3,retest,The glass is on the table. Ali bumps the table. The glass BLANK.,state_follows,state_follows_target,ca2dc996-8318-492e-b057-cd6d42dc5072,breaks,doesn't break,0
AJKKN6QZB1V07,3,retest,The wall was painted BLANK ago. Ali touches the wall. Ali's hand is clean.,state_nonfollows,state_nonfollows_context,cb63063d-f349-44f8-a2b7-e1f7ad288aba,1 month,5 minutes,1
AJKKN6QZB1V07,3,retest,The painting is left of Ali. Ali turns around. The painting is BLANK Ali.,egocentric_near,egocentric_near_target,d7a5f10b-56f3-4321-a665-c2c94f57e605,right of,left of,1
AJKKN6QZB1V07,3,retest,The ball is BLANK the box. The ball moves right. The ball is higher than the box.,action_nonfollows,action_nonfollows_context,b57e5c96-351b-42e3-9537-dcbb9d829e85,above,under,1
AJKKN6QZB1V07,3,retest,The ball is resting on top of the box. Ali pushes the box forward. The ball is BLANK the box.,action_nonfollows,action_nonfollows_target,ceb88882-eb68-49e1-9b86-416b6f09e1a3,on top of,below,1
AJKKN6QZB1V07,3,retest,Ali is BLANK the wagon. Ali pushes on the wagon. The wagon doesn't move.,action_nonfollows,action_nonfollows_context,f827d2d9-18d0-4d34-a155-7ec3d4f1b7ab,in,outside,0
AJKKN6QZB1V07,3,retest,Chicago is BLANK Ali. Ali turns around. Chicago is right of Ali.,egocentric_distant,egocentric_distant_context,bd0f5cf2-1bf0-4afe-bd33-ce9732fbbc49,left of,right of,1
AJKKN6QZB1V07,3,retest,Ali is in the wagon. Ali pushes on the wagon. The wagon BLANK.,action_nonfollows,action_nonfollows_target,d131310b-9566-4029-bfa8-6f106043b088,doesn't move,moves,0
AJKKN6QZB1V07,3,retest,The ball is close to Ali. Ali throws the BLANK. The ball is close to Ali.,action_nonfollows,action_nonfollows_context,bcc54a8d-4b9f-4a07-a261-1d87bfdc9634,box,ball,1
AJKKN6QZB1V07,3,retest,Ali is facing BLANK Milwaukee. Ali turns 180 degrees. Ali is facing towards Milwaukee.,egocentric_distant,egocentric_distant_context,d18aa318-48f9-40be-b322-d4fcddd58fba,away from,towards,0
AJKKN6QZB1V07,3,retest,Ali is in the wagon. Ali pulls on the wagon. The wagon BLANK.,action_nonfollows,action_nonfollows_target,c3057e2d-31be-47c0-bd12-9a1422d7f838,doesn't move,moves,0
AJKKN6QZB1V07,3,retest,The wine glass is on the table. Ali bumps the BLANK. The wine doesn't spill.,action_nonfollows,action_nonfollows_context,f90f4149-7255-448b-bd8d-a1a900581ee6,lamp,table,0
AJKKN6QZB1V07,3,retest,The wine glass is on the table. Ali bumps the BLANK. The wine doesn't spill.,action_nonfollows,action_nonfollows_context,f90f4149-7255-448b-bd8d-a1a900581ee6,lamp,table,0
AJKKN6QZB1V07,3,retest,Chicago is BLANK Ali. Ali turns right. Chicago is right of Ali.,egocentric_distant,egocentric_distant_context,f7331836-b6ee-4bc7-b450-9586dd060445,behind,in front of,0
AJKKN6QZB1V07,3,retest,Chicago is BLANK Ali. Ali turns right. Chicago is right of Ali.,egocentric_distant,egocentric_distant_context,f7331836-b6ee-4bc7-b450-9586dd060445,behind,in front of,0
AJKKN6QZB1V07,3,retest,The painting is in front of Ali. Ali turns right. The painting is BLANK Ali.,egocentric_near,egocentric_near_target,f0714c55-5e03-4f80-8171-fb4af78e1ad8,left of,right of,1
AJKKN6QZB1V07,3,retest,The painting is in front of Ali. Ali turns right. The painting is BLANK Ali.,egocentric_near,egocentric_near_target,f0714c55-5e03-4f80-8171-fb4af78e1ad8,left of,right of,1
AJKKN6QZB1V07,3,retest,The glass and the cup are on the table. Ali pushes the cup off the table. The glass BLANK.,state_nonfollows,state_nonfollows_target,fac9293b-e5d3-48d0-9c01-8172f9647c13,doesn't break,breaks,0
AJKKN6QZB1V07,3,retest,The glass and the cup are on the table. Ali pushes the cup off the table. The glass BLANK.,state_nonfollows,state_nonfollows_target,fac9293b-e5d3-48d0-9c01-8172f9647c13,doesn't break,breaks,0
AJKKN6QZB1V07,3,retest,Ali is BLANK. Ali turns around. Ali is behind the statue.,action_nonfollows,action_nonfollows_context,cc306a89-3dc5-4910-aa0b-f2bddee9154d,behind the statue,in front of the statue,0
AJKKN6QZB1V07,3,retest,Ali is BLANK. Ali turns around. Ali is behind the statue.,action_nonfollows,action_nonfollows_context,cc306a89-3dc5-4910-aa0b-f2bddee9154d,behind the statue,in front of the statue,0
AJKKN6QZB1V07,3,retest,The soup is on the table. Ali turns on the stove. The soup gets BLANK.,state_nonfollows,state_nonfollows_target,f48a91e2-22e0-4c2b-b42a-6ec8df05393f,colder,warmer,0
AJKKN6QZB1V07,3,retest,The soup is on the table. Ali turns on the stove. The soup gets BLANK.,state_nonfollows,state_nonfollows_target,f48a91e2-22e0-4c2b-b42a-6ec8df05393f,colder,warmer,0
AJKKN6QZB1V07,3,retest,The baseball is close to Ali. Ali throws the baseball. The baseball is BLANK Ali.,action_follows,action_follows_target,c7e13c41-dd1f-4bd0-8e6b-903801880815,far from,close to,1
AJKKN6QZB1V07,3,retest,The baseball is close to Ali. Ali throws the baseball. The baseball is BLANK Ali.,action_follows,action_follows_target,c7e13c41-dd1f-4bd0-8e6b-903801880815,far from,close to,1
AJKKN6QZB1V07,3,retest,The ball is BLANK the box. Ali moves the box. The ball doesn't move.,action_nonfollows,action_nonfollows_context,e31e6e5a-3ac6-4936-9ae5-7611f9233c51,far from,touching,0
AJKKN6QZB1V07,3,retest,The ball is BLANK the box. Ali moves the box. The ball doesn't move.,action_nonfollows,action_nonfollows_context,e31e6e5a-3ac6-4936-9ae5-7611f9233c51,far from,touching,0
AJKKN6QZB1V07,3,retest,Ali is in front of the statue. Ali turns around. Ali is BLANK.,action_nonfollows,action_nonfollows_target,fa00c2c2-ffdb-4b5a-9376-7bde7e7326dd,in front of the statue,behind the statue,0
AJKKN6QZB1V07,3,retest,Ali is in front of the statue. Ali turns around. Ali is BLANK.,action_nonfollows,action_nonfollows_target,fa00c2c2-ffdb-4b5a-9376-7bde7e7326dd,in front of the statue,behind the statue,0
AJKKN6QZB1V07,3,retest,The ball is at the bottom of the ramp. Ali pushes the ball. The ball is at the BLANK of the ramp.,action_nonfollows,action_nonfollows_target,e2381bf9-9c62-4821-9eef-f3d59b881fd5,bottom,top of,1
AJKKN6QZB1V07,3,retest,The ball is at the bottom of the ramp. Ali pushes the ball. The ball is at the BLANK of the ramp.,action_nonfollows,action_nonfollows_target,e2381bf9-9c62-4821-9eef-f3d59b881fd5,bottom,top of,1
AJKKN6QZB1V07,3,retest,The painting is BLANK Ali. Ali turns right. The painting is left of Ali.,egocentric_near,egocentric_near_context,bda90b60-3995-46b6-8be8-5c2fcc765df7,in front of,behind,0
AJKKN6QZB1V07,3,retest,The painting is BLANK Ali. Ali turns right. The painting is left of Ali.,egocentric_near,egocentric_near_context,bda90b60-3995-46b6-8be8-5c2fcc765df7,in front of,behind,0
AJKKN6QZB1V07,3,retest,The empty glass is on the table. Ali fills the BLANK halfway. The glass is dry.,state_nonfollows,state_nonfollows_context,e65ff7c3-4d74-494c-974e-af6694c8dbac,sink,glass,1
AJKKN6QZB1V07,3,retest,The empty glass is on the table. Ali fills the BLANK halfway. The glass is dry.,state_nonfollows,state_nonfollows_context,e65ff7c3-4d74-494c-974e-af6694c8dbac,sink,glass,1
AJKKN6QZB1V07,3,retest,Chicago is right of Ali. Ali turns around. Chicago is BLANK Ali.,egocentric_distant,egocentric_distant_target,c942a4b4-8538-400d-8605-2a4f0bc000ef,left of,right of,1
AJKKN6QZB1V07,3,retest,Chicago is right of Ali. Ali turns around. Chicago is BLANK Ali.,egocentric_distant,egocentric_distant_target,c942a4b4-8538-400d-8605-2a4f0bc000ef,left of,right of,1
AJKKN6QZB1V07,3,retest,The book is BLANK the table. Ali moves the table. The book doesn't move.,action_nonfollows,action_nonfollows_context,c3e7a166-3f5b-47f1-b666-c3b03ceefd5c,under,on,0
AJKKN6QZB1V07,3,retest,The book is BLANK the table. Ali moves the table. The book doesn't move.,action_nonfollows,action_nonfollows_context,c3e7a166-3f5b-47f1-b666-c3b03ceefd5c,under,on,0
AJKKN6QZB1V07,3,retest,The glass is on the table. Ali bumps the table. The glass BLANK.,state_follows,state_follows_target,ca2dc996-8318-492e-b057-cd6d42dc5072,breaks,doesn't break,0
AJKKN6QZB1V07,3,retest,The glass is on the table. Ali bumps the table. The glass BLANK.,state_follows,state_follows_target,ca2dc996-8318-492e-b057-cd6d42dc5072,breaks,doesn't break,0
AJKKN6QZB1V07,3,retest,Ali is BLANK the wagon. Ali pushes on the wagon. The wagon doesn't move.,action_nonfollows,action_nonfollows_context,f827d2d9-18d0-4d34-a155-7ec3d4f1b7ab,in,outside,1
AJKKN6QZB1V07,3,retest,Ali is BLANK the wagon. Ali pushes on the wagon. The wagon doesn't move.,action_nonfollows,action_nonfollows_context,f827d2d9-18d0-4d34-a155-7ec3d4f1b7ab,in,outside,1
AJKKN6QZB1V07,3,retest,Ali is in the wagon. Ali pushes on the wagon. The wagon BLANK.,action_nonfollows,action_nonfollows_target,d131310b-9566-4029-bfa8-6f106043b088,doesn't move,moves,1
AJKKN6QZB1V07,3,retest,Ali is in the wagon. Ali pushes on the wagon. The wagon BLANK.,action_nonfollows,action_nonfollows_target,d131310b-9566-4029-bfa8-6f106043b088,doesn't move,moves,1
AJKKN6QZB1V07,3,retest,Ali is facing BLANK Milwaukee. Ali turns 180 degrees. Ali is facing towards Milwaukee.,egocentric_distant,egocentric_distant_context,d18aa318-48f9-40be-b322-d4fcddd58fba,away from,towards,1
AJKKN6QZB1V07,3,retest,Ali is facing BLANK Milwaukee. Ali turns 180 degrees. Ali is facing towards Milwaukee.,egocentric_distant,egocentric_distant_context,d18aa318-48f9-40be-b322-d4fcddd58fba,away from,towards,1
AJKKN6QZB1V07,3,retest,Ali is in the wagon. Ali pulls on the wagon. The wagon BLANK.,action_nonfollows,action_nonfollows_target,c3057e2d-31be-47c0-bd12-9a1422d7f838,doesn't move,moves,1
AJKKN6QZB1V07,3,retest,Ali is in the wagon. Ali pulls on the wagon. The wagon BLANK.,action_nonfollows,action_nonfollows_target,c3057e2d-31be-47c0-bd12-9a1422d7f838,doesn't move,moves,1
AJTPK3OZ2E815,5,retest,Milwaukee is BLANK Ali. Ali turns around. Milwaukee is West of Ali.,geocentric_distant,geocentric_distant_context,c5d2016b-d26b-44b9-90f5-184b6445bd3a,West of,East of,1
AJTPK3OZ2E815,5,retest,The box is BLANK Ali. Ali turns around. The box is West of Ali.,geocentric_near,geocentric_near_context,c77f4233-c964-4f83-8ac6-95f75eae89bf,West of,East of,1
AJTPK3OZ2E815,5,retest,Milwaukee is BLANK Ali. Ali turns left. Milwaukee is South of Ali.,geocentric_distant,geocentric_distant_context,e801aa45-2a31-477e-8726-58aeb4978f44,South of,East of,0
AJTPK3OZ2E815,5,retest,The statue is North of Ali. Ali walks West. The statue is BLANK of Ali.,geocentric_near,geocentric_near_target,cd6c5c62-7e69-4c2f-abed-f16de0c2cc46,North of,East of,1
AJTPK3OZ2E815,5,retest,The box is BLANK Ali. Ali turns around. The box is North of Ali.,geocentric_near,geocentric_near_context,cc0f8483-f6de-46de-8138-cd9f9e354061,North of,South of,1
AJTPK3OZ2E815,5,retest,Milwaukee is BLANK Ali. Ali turns right. Milwaukee is East of Ali.,geocentric_distant,geocentric_distant_context,f5e6b60f-829f-4ded-b496-1853dcc2d3ab,East of,South of,0
AJTPK3OZ2E815,5,retest,Ali is South of Milwaukee. Ali walks North. Ali is getting BLANK Milwaukee.,geocentric_distant,geocentric_distant_target,ce32dac1-fbf6-4834-9716-7a2194b5b314,closer to,further from,1
AJTPK3OZ2E815,5,retest,The painting is East of Ali. Ali turns left. The painting is BLANK Ali.,geocentric_near,geocentric_near_target,fdf94dc5-2cb7-4323-b672-3b0a32f5f7b9,East of,North of,0
AJTPK3OZ2E815,5,retest,Milwaukee is North of Ali. Ali turns around. Milwaukee is BLANK Ali.,geocentric_distant,geocentric_distant_target,fa50948a-b463-4701-8704-800588c7931b,North of,South of,1
AJTPK3OZ2E815,5,retest,The painting is West of Ali. Ali turns right. The painting is BLANK Ali.,geocentric_near,geocentric_near_target,7fb75cc7-af4d-4698-9d29-a9b064fdde65,West of,North of,0
AJTPK3OZ2E815,5,retest,Milwaukee is BLANK Ali. Ali turns left. Milwaukee is North of Ali.,geocentric_distant,geocentric_distant_context,cc3c9137-122e-4dd0-85f2-e816de95a28f,North of,West of,0
AJTPK3OZ2E815,5,retest,The statue is North of Ali. Ali walks East. The statue is BLANK of Ali.,geocentric_near,geocentric_near_target,97a7f128-d80a-434a-923a-5b23093392d4,North of,West of,1
AJTPK3OZ2E815,5,retest,Ali is BLANK of Milwaukee. Ali walks North. Ali is getting closer to Milwaukee.,geocentric_distant,geocentric_distant_context,9dca2d9b-abbf-4a6e-b9ca-e05ba8ab913e,South,North,1
AJTPK3OZ2E815,5,retest,The statue is BLANK Ali. Ali walks East. The statue is South of Ali.,geocentric_near,geocentric_near_context,dda332bc-7e07-43d3-9b4e-320f1d426b3a,South of,West of,1
AJTPK3OZ2E815,5,retest,The painting is South of Ali. Ali turns right. The painting is BLANK Ali.,geocentric_near,geocentric_near_target,d2717556-613e-4cc6-8a14-bc04bbd1740c,South of,West of,0
AJTPK3OZ2E815,5,retest,Milwaukee is East of Ali. Ali turns right. Milwaukee is BLANK Ali.,geocentric_distant,geocentric_distant_target,d348dbb0-d78c-457c-af70-1bbeb5842ea7,East of,South of,0
AJTPK3OZ2E815,5,retest,Milwaukee is North of Ali. Ali turns left. Milwaukee is BLANK Ali.,geocentric_distant,geocentric_distant_target,c21b22b3-1dc6-4e7e-945c-d6dbc3235254,North of,West of,1
AJTPK3OZ2E815,5,retest,The painting is West of Ali. Ali turns around. The painting is BLANK Ali.,geocentric_near,geocentric_near_target,90c1e22f-06ef-4e79-bebf-1f933f4395e6,West of,East of,1
AJTPK3OZ2E815,5,retest,Milwaukee is BLANK Ali. Ali turns right. Milwaukee is West of Ali.,geocentric_distant,geocentric_distant_context,80095f76-f1b0-4965-b854-61fab928d906,West of,North of,1
AJTPK3OZ2E815,5,retest,Ali is East of Milwaukee. Ali walks East. Ali is getting BLANK Milwaukee.,geocentric_distant,geocentric_distant_target,b89afe78-3f1f-4856-97cc-382a35eb4abc,further from,closer to,1
AJTPK3OZ2E815,5,retest,The painting is BLANK Ali. Ali turns left. The painting is East of Ali.,geocentric_near,geocentric_near_context,9d8ecfc4-35b9-4001-9529-6b0c8a91e01a,East of,North of,1
AJTPK3OZ2E815,5,retest,The statue is East of Ali. Ali walks North. The statue is BLANK of Ali.,geocentric_near,geocentric_near_target,bed5c852-6e27-4cca-be42-7d3a0632c454,East of,South of,1
AJTPK3OZ2E815,5,retest,The painting is BLANK Ali. Ali turns left. The painting is North of Ali.,geocentric_near,geocentric_near_context,ff265d4c-2988-4db0-8cd1-c8613db5c189,North of,West of,1
AJTPK3OZ2E815,5,retest,Ali is BLANK of Milwaukee. Ali walks West. Ali is getting closer to Milwaukee.,geocentric_distant,geocentric_distant_context,a049e969-bc7f-4cf3-837b-136cd4fedea7,East,West,0
AJTPK3OZ2E815,5,retest,The painting is South of Ali. Ali turns around. The painting is BLANK Ali.,geocentric_near,geocentric_near_target,8367bb5a-4d50-4466-b766-1c9cfe03964b,South of,North of,1
AJTPK3OZ2E815,5,retest,Milwaukee is West of Ali. Ali turns right. Milwaukee is BLANK Ali.,geocentric_distant,geocentric_distant_target,fe55d52f-2cbe-4ed6-99c7-3621f42b708e,West of,North of,1
AJTPK3OZ2E815,5,retest,The statue is West of Ali. Ali walks South. The statue is BLANK of Ali.,geocentric_near,geocentric_near_target,947caead-a96c-4aae-bb19-33860a26d48c,West of,North of,1
AJTPK3OZ2E815,5,retest,The box is North of Ali. Ali turns around. The box is BLANK Ali.,geocentric_near,geocentric_near_target,817b1f6d-ff16-476d-8da8-4a5a189ff6fc,North of,South of,1
AJTPK3OZ2E815,5,retest,The statue is BLANK Ali. Ali walks South. The statue is West of Ali.,geocentric_near,geocentric_near_context,da2835cc-e084-4f03-9452-35e32d6584d5,West of,North of,1
AJTPK3OZ2E815,5,retest,The painting is BLANK Ali. Ali turns left. The painting is South of Ali.,geocentric_near,geocentric_near_context,9e3abe2a-1e64-497a-ad89-98c2e646676e,South of,East of,1
AJTPK3OZ2E815,5,retest,Mark is facing North. Mark turns 90 degrees to his right. Mark is facing BLANK.,geocentric_near,geocentric_near_target,a525a72c-72cd-4fa4-8728-d405b2df6c2d,East,West,1
AJTPK3OZ2E815,5,retest,Ali is BLANK of Milwaukee. Ali walks South. Ali is getting further from Milwaukee.,geocentric_distant,geocentric_distant_context,da9ce4e1-d6fd-430c-ab2a-8e4cfb1e1400,South,North,1
AJTPK3OZ2E815,5,retest,The painting is BLANK Ali. Ali turns right. The painting is West of Ali.,geocentric_near,geocentric_near_context,b4a4599e-5c35-4017-bddf-d8cd9906ad1a,West of,North of,1
AJTPK3OZ2E815,5,retest,The box is BLANK Ali. Ali turns around. The box is South of Ali.,geocentric_near,geocentric_near_context,e586c6ab-2759-4cf9-a481-e86e8d272815,South of,North of,1
AJTPK3OZ2E815,5,retest,The painting is North of Ali. Ali turns left. The painting is BLANK Ali.,geocentric_near,geocentric_near_target,fc7cdc2e-21c4-449d-8e3b-d09643846cbf,North of,West of,1
AJTPK3OZ2E815,5,retest,The painting is BLANK Ali. Ali turns around. The painting is South of Ali.,geocentric_near,geocentric_near_context,af058740-4880-41ea-93b6-e1468cd69ac2,South of,North of,1
AJTPK3OZ2E815,5,retest,The statue is BLANK Ali. Ali walks North. The statue is East of Ali.,geocentric_near,geocentric_near_context,900df025-c5e8-4874-a648-b98abcac3bec,East of,South of,1
AJTPK3OZ2E815,5,retest,Mark is facing East. Mark turns 90 degrees to his right. Mark is facing BLANK.,geocentric_near,geocentric_near_target,ef8f3d6c-fc26-496d-a9e0-433ea2eb5454,South,North,1
AJTPK3OZ2E815,5,retest,Milwaukee is BLANK Ali. Ali turns left. Milwaukee is West of Ali.,geocentric_distant,geocentric_distant_context,fee9924b-cb25-446b-af44-b62170c8290e,West of,South of,1
AJTPK3OZ2E815,5,retest,Ali is BLANK of Milwaukee. Ali walks East. Ali is getting further from Milwaukee.,geocentric_distant,geocentric_distant_context,bed73e8c-2190-4ce1-b61e-150f5ed1c776,East,West,0
AJTPK3OZ2E815,5,retest,The painting is BLANK of Ali. Ali turns around. The painting is West of Ali.,geocentric_near,geocentric_near_context,f1bed182-4854-4817-be9b-bbd83f82b6b3,West of,East of,1
AJTPK3OZ2E815,5,retest,Milwaukee is BLANK Ali. Ali turns around. Milwaukee is West of Ali.,geocentric_distant,geocentric_distant_context,c5d2016b-d26b-44b9-90f5-184b6445bd3a,West of,East of,1
AJTPK3OZ2E815,5,retest,Milwaukee is BLANK Ali. Ali turns around. Milwaukee is West of Ali.,geocentric_distant,geocentric_distant_context,c5d2016b-d26b-44b9-90f5-184b6445bd3a,West of,East of,1
AJTPK3OZ2E815,5,retest,The box is BLANK Ali. Ali turns around. The box is West of Ali.,geocentric_near,geocentric_near_context,c77f4233-c964-4f83-8ac6-95f75eae89bf,West of,East of,1
AJTPK3OZ2E815,5,retest,The box is BLANK Ali. Ali turns around. The box is West of Ali.,geocentric_near,geocentric_near_context,c77f4233-c964-4f83-8ac6-95f75eae89bf,West of,East of,1
AJTPK3OZ2E815,5,retest,Milwaukee is BLANK Ali. Ali turns left. Milwaukee is South of Ali.,geocentric_distant,geocentric_distant_context,e801aa45-2a31-477e-8726-58aeb4978f44,South of,East of,1
AJTPK3OZ2E815,5,retest,Milwaukee is BLANK Ali. Ali turns left. Milwaukee is South of Ali.,geocentric_distant,geocentric_distant_context,e801aa45-2a31-477e-8726-58aeb4978f44,South of,East of,1
AJTPK3OZ2E815,5,retest,Milwaukee is BLANK Ali. Ali turns right. Milwaukee is East of Ali.,geocentric_distant,geocentric_distant_context,f5e6b60f-829f-4ded-b496-1853dcc2d3ab,East of,South of,1
AJTPK3OZ2E815,5,retest,Milwaukee is BLANK Ali. Ali turns right. Milwaukee is East of Ali.,geocentric_distant,geocentric_distant_context,f5e6b60f-829f-4ded-b496-1853dcc2d3ab,East of,South of,1
AJTPK3OZ2E815,5,retest,The painting is East of Ali. Ali turns left. The painting is BLANK Ali.,geocentric_near,geocentric_near_target,fdf94dc5-2cb7-4323-b672-3b0a32f5f7b9,East of,North of,1
AJTPK3OZ2E815,5,retest,The painting is East of Ali. Ali turns left. The painting is BLANK Ali.,geocentric_near,geocentric_near_target,fdf94dc5-2cb7-4323-b672-3b0a32f5f7b9,East of,North of,1
AJTPK3OZ2E815,5,retest,Milwaukee is North of Ali. Ali turns around. Milwaukee is BLANK Ali.,geocentric_distant,geocentric_distant_target,fa50948a-b463-4701-8704-800588c7931b,North of,South of,1
AJTPK3OZ2E815,5,retest,Milwaukee is North of Ali. Ali turns around. Milwaukee is BLANK Ali.,geocentric_distant,geocentric_distant_target,fa50948a-b463-4701-8704-800588c7931b,North of,South of,1
AJTPK3OZ2E815,5,retest,The painting is West of Ali. Ali turns right. The painting is BLANK Ali.,geocentric_near,geocentric_near_target,7fb75cc7-af4d-4698-9d29-a9b064fdde65,West of,North of,1
AJTPK3OZ2E815,5,retest,The painting is West of Ali. Ali turns right. The painting is BLANK Ali.,geocentric_near,geocentric_near_target,7fb75cc7-af4d-4698-9d29-a9b064fdde65,West of,North of,1
AJTPK3OZ2E815,5,retest,Milwaukee is BLANK Ali. Ali turns left. Milwaukee is North of Ali.,geocentric_distant,geocentric_distant_context,cc3c9137-122e-4dd0-85f2-e816de95a28f,North of,West of,1
AJTPK3OZ2E815,5,retest,Milwaukee is BLANK Ali. Ali turns left. Milwaukee is North of Ali.,geocentric_distant,geocentric_distant_context,cc3c9137-122e-4dd0-85f2-e816de95a28f,North of,West of,1
AJTPK3OZ2E815,5,retest,The painting is South of Ali. Ali turns right. The painting is BLANK Ali.,geocentric_near,geocentric_near_target,d2717556-613e-4cc6-8a14-bc04bbd1740c,South of,West of,1
AJTPK3OZ2E815,5,retest,The painting is South of Ali. Ali turns right. The painting is BLANK Ali.,geocentric_near,geocentric_near_target,d2717556-613e-4cc6-8a14-bc04bbd1740c,South of,West of,1
AJTPK3OZ2E815,5,retest,Milwaukee is East of Ali. Ali turns right. Milwaukee is BLANK Ali.,geocentric_distant,geocentric_distant_target,d348dbb0-d78c-457c-af70-1bbeb5842ea7,East of,South of,1
AJTPK3OZ2E815,5,retest,Milwaukee is East of Ali. Ali turns right. Milwaukee is BLANK Ali.,geocentric_distant,geocentric_distant_target,d348dbb0-d78c-457c-af70-1bbeb5842ea7,East of,South of,1
AJTPK3OZ2E815,5,retest,The statue is East of Ali. Ali walks North. The statue is BLANK of Ali.,geocentric_near,geocentric_near_target,bed5c852-6e27-4cca-be42-7d3a0632c454,East of,South of,1
AJTPK3OZ2E815,5,retest,The statue is East of Ali. Ali walks North. The statue is BLANK of Ali.,geocentric_near,geocentric_near_target,bed5c852-6e27-4cca-be42-7d3a0632c454,East of,South of,1
AJTPK3OZ2E815,5,retest,The painting is BLANK Ali. Ali turns left. The painting is North of Ali.,geocentric_near,geocentric_near_context,ff265d4c-2988-4db0-8cd1-c8613db5c189,North of,West of,1
AJTPK3OZ2E815,5,retest,The painting is BLANK Ali. Ali turns left. The painting is North of Ali.,geocentric_near,geocentric_near_context,ff265d4c-2988-4db0-8cd1-c8613db5c189,North of,West of,1
AJTPK3OZ2E815,5,retest,Ali is BLANK of Milwaukee. Ali walks West. Ali is getting closer to Milwaukee.,geocentric_distant,geocentric_distant_context,a049e969-bc7f-4cf3-837b-136cd4fedea7,East,West,1
AJTPK3OZ2E815,5,retest,Ali is BLANK of Milwaukee. Ali walks West. Ali is getting closer to Milwaukee.,geocentric_distant,geocentric_distant_context,a049e969-bc7f-4cf3-837b-136cd4fedea7,East,West,1
AJTPK3OZ2E815,5,retest,Milwaukee is West of Ali. Ali turns right. Milwaukee is BLANK Ali.,geocentric_distant,geocentric_distant_target,fe55d52f-2cbe-4ed6-99c7-3621f42b708e,West of,North of,1
AJTPK3OZ2E815,5,retest,Milwaukee is West of Ali. Ali turns right. Milwaukee is BLANK Ali.,geocentric_distant,geocentric_distant_target,fe55d52f-2cbe-4ed6-99c7-3621f42b708e,West of,North of,1
AJTPK3OZ2E815,5,retest,The box is North of Ali. Ali turns around. The box is BLANK Ali.,geocentric_near,geocentric_near_target,817b1f6d-ff16-476d-8da8-4a5a189ff6fc,North of,South of,1
AJTPK3OZ2E815,5,retest,The box is North of Ali. Ali turns around. The box is BLANK Ali.,geocentric_near,geocentric_near_target,817b1f6d-ff16-476d-8da8-4a5a189ff6fc,North of,South of,1
AJTPK3OZ2E815,5,retest,The painting is BLANK Ali. Ali turns left. The painting is South of Ali.,geocentric_near,geocentric_near_context,9e3abe2a-1e64-497a-ad89-98c2e646676e,South of,East of,1
AJTPK3OZ2E815,5,retest,The painting is BLANK Ali. Ali turns left. The painting is South of Ali.,geocentric_near,geocentric_near_context,9e3abe2a-1e64-497a-ad89-98c2e646676e,South of,East of,1
AJTPK3OZ2E815,5,retest,The painting is North of Ali. Ali turns left. The painting is BLANK Ali.,geocentric_near,geocentric_near_target,fc7cdc2e-21c4-449d-8e3b-d09643846cbf,North of,West of,1
AJTPK3OZ2E815,5,retest,The painting is North of Ali. Ali turns left. The painting is BLANK Ali.,geocentric_near,geocentric_near_target,fc7cdc2e-21c4-449d-8e3b-d09643846cbf,North of,West of,1
AJTPK3OZ2E815,5,retest,The statue is BLANK Ali. Ali walks North. The statue is East of Ali.,geocentric_near,geocentric_near_context,900df025-c5e8-4874-a648-b98abcac3bec,East of,South of,1
AJTPK3OZ2E815,5,retest,The statue is BLANK Ali. Ali walks North. The statue is East of Ali.,geocentric_near,geocentric_near_context,900df025-c5e8-4874-a648-b98abcac3bec,East of,South of,1
AJTPK3OZ2E815,5,retest,Milwaukee is BLANK Ali. Ali turns left. Milwaukee is West of Ali.,geocentric_distant,geocentric_distant_context,fee9924b-cb25-446b-af44-b62170c8290e,West of,South of,1
AJTPK3OZ2E815,5,retest,Milwaukee is BLANK Ali. Ali turns left. Milwaukee is West of Ali.,geocentric_distant,geocentric_distant_context,fee9924b-cb25-446b-af44-b62170c8290e,West of,South of,1
AJTPK3OZ2E815,5,retest,Ali is BLANK of Milwaukee. Ali walks East. Ali is getting further from Milwaukee.,geocentric_distant,geocentric_distant_context,bed73e8c-2190-4ce1-b61e-150f5ed1c776,East,West,1
AJTPK3OZ2E815,5,retest,Ali is BLANK of Milwaukee. Ali walks East. Ali is getting further from Milwaukee.,geocentric_distant,geocentric_distant_context,bed73e8c-2190-4ce1-b61e-150f5ed1c776,East,West,1
AJTPK3OZ2E815,5,retest,The painting is BLANK of Ali. Ali turns around. The painting is West of Ali.,geocentric_near,geocentric_near_context,f1bed182-4854-4817-be9b-bbd83f82b6b3,West of,East of,1
AJTPK3OZ2E815,5,retest,The painting is BLANK of Ali. Ali turns around. The painting is West of Ali.,geocentric_near,geocentric_near_context,f1bed182-4854-4817-be9b-bbd83f82b6b3,West of,East of,1
AQKC1VIZAZ6VI,3,retest,The ball is close to Ali. Ali throws the BLANK. The ball is close to Ali.,action_nonfollows,action_nonfollows_context,bcc54a8d-4b9f-4a07-a261-1d87bfdc9634,box,ball,0
AQKC1VIZAZ6VI,3,retest,Ali is facing away from Milwaukee. Ali turns 180 degrees. Ali is facing BLANK Milwaukee.,egocentric_distant,egocentric_distant_target,d96621cb-4925-459d-b156-27a8a3456a19,towards,away from,1
AQKC1VIZAZ6VI,3,retest,The ball is BLANK the box. Ali pushes the box forward. The ball is inside the box.,action_nonfollows,action_nonfollows_context,d387b3c2-04e5-4c89-bff6-7469bbf38a5d,inside,outside,1
AQKC1VIZAZ6VI,3,retest,Ali is in front of the statue. Ali turns around. Ali is BLANK.,action_nonfollows,action_nonfollows_target,fa00c2c2-ffdb-4b5a-9376-7bde7e7326dd,in front of the statue,behind the statue,1
AQKC1VIZAZ6VI,3,retest,The painting is right of Ali. Ali turns around. The painting is BLANK Ali.,egocentric_near,egocentric_near_target,b70fd0cd-135e-45b2-9cc2-f17a7dd652a8,left of,right of,0
AQKC1VIZAZ6VI,3,retest,Ali is in the wagon. Ali pushes on the wagon. The wagon BLANK.,action_nonfollows,action_nonfollows_target,d131310b-9566-4029-bfa8-6f106043b088,doesn't move,moves,1
AQKC1VIZAZ6VI,3,retest,Ali is facing BLANK Chicago. Ali turns right. Chicago is left of Ali.,egocentric_distant,egocentric_distant_context,d11f84d4-2104-4b0c-8891-39fe2409a5f7,towards,away from,0
AQKC1VIZAZ6VI,3,retest,The ball is BLANK the box. The ball moves right. The ball is higher than the box.,action_nonfollows,action_nonfollows_context,b57e5c96-351b-42e3-9537-dcbb9d829e85,above,under,1
AQKC1VIZAZ6VI,3,retest,Chicago is BLANK Ali. Ali turns right. Chicago is right of Ali.,egocentric_distant,egocentric_distant_context,f7331836-b6ee-4bc7-b450-9586dd060445,behind,in front of,0
AQKC1VIZAZ6VI,3,retest,Ali is BLANK. Ali turns around. Ali is behind the statue.,action_nonfollows,action_nonfollows_context,cc306a89-3dc5-4910-aa0b-f2bddee9154d,behind the statue,in front of the statue,1
AQKC1VIZAZ6VI,3,retest,The book is BLANK the table. Ali moves the table. The book doesn't move.,action_nonfollows,action_nonfollows_context,c3e7a166-3f5b-47f1-b666-c3b03ceefd5c,under,on,1
AQKC1VIZAZ6VI,3,retest,The painting is in front of Ali. Ali turns right. The painting is BLANK Ali.,egocentric_near,egocentric_near_target,f0714c55-5e03-4f80-8171-fb4af78e1ad8,left of,right of,0
AQKC1VIZAZ6VI,3,retest,Chicago is right of Ali. Ali turns around. Chicago is BLANK Ali.,egocentric_distant,egocentric_distant_target,c942a4b4-8538-400d-8605-2a4f0bc000ef,left of,right of,0
AQKC1VIZAZ6VI,3,retest,The glass and the cup are on the table. Ali pushes the cup off the table. The glass BLANK.,state_nonfollows,state_nonfollows_target,fac9293b-e5d3-48d0-9c01-8172f9647c13,doesn't break,breaks,1
AQKC1VIZAZ6VI,3,retest,The ball is BLANK the box. Ali moves the box. The ball doesn't move.,action_nonfollows,action_nonfollows_context,e31e6e5a-3ac6-4936-9ae5-7611f9233c51,far from,touching,1
AQKC1VIZAZ6VI,3,retest,The baseball is close to Ali. Ali throws the baseball. The baseball is BLANK Ali.,action_follows,action_follows_target,c7e13c41-dd1f-4bd0-8e6b-903801880815,far from,close to,1
AQKC1VIZAZ6VI,3,retest,The glass is on the table. Ali bumps the table. The glass BLANK.,state_follows,state_follows_target,ca2dc996-8318-492e-b057-cd6d42dc5072,breaks,doesn't break,1
AQKC1VIZAZ6VI,3,retest,Chicago is BLANK Ali. Ali turns left. Chicago is left of Ali.,egocentric_distant,egocentric_distant_context,b2947cb8-21ca-4d3e-9666-765c88ecadbd,behind,in front of,0
AQKC1VIZAZ6VI,3,retest,Ali is BLANK the wagon. Ali pushes on the wagon. The wagon doesn't move.,action_nonfollows,action_nonfollows_context,f827d2d9-18d0-4d34-a155-7ec3d4f1b7ab,in,outside,1
AQKC1VIZAZ6VI,3,retest,The wine glass is on the table. Ali bumps the BLANK. The wine doesn't spill.,action_nonfollows,action_nonfollows_context,f90f4149-7255-448b-bd8d-a1a900581ee6,lamp,table,1
AQKC1VIZAZ6VI,3,retest,The soup is on the table. Ali turns on the stove. The soup gets BLANK.,state_nonfollows,state_nonfollows_target,f48a91e2-22e0-4c2b-b42a-6ec8df05393f,colder,warmer,1
AQKC1VIZAZ6VI,3,retest,Chicago is BLANK Ali. Ali turns around. Chicago is right of Ali.,egocentric_distant,egocentric_distant_context,bd0f5cf2-1bf0-4afe-bd33-ce9732fbbc49,left of,right of,1
AQKC1VIZAZ6VI,3,retest,The box is close to Ali. Ali throws the BLANK. The box is close to Ali.,action_nonfollows,action_nonfollows_context,cce2c8f9-2ca6-4851-93b5-e79efd0dfdae,ball,box,1
AQKC1VIZAZ6VI,3,retest,The empty glass is on the table. Ali fills the BLANK halfway. The glass is dry.,state_nonfollows,state_nonfollows_context,e65ff7c3-4d74-494c-974e-af6694c8dbac,sink,glass,1
AQKC1VIZAZ6VI,3,retest,Ali is in the wagon. Ali pulls on the wagon. The wagon BLANK.,action_nonfollows,action_nonfollows_target,c3057e2d-31be-47c0-bd12-9a1422d7f838,doesn't move,moves,1
AQKC1VIZAZ6VI,3,retest,The ball is at the bottom of the ramp. Ali pushes the ball. The ball is at the BLANK of the ramp.,action_nonfollows,action_nonfollows_target,e2381bf9-9c62-4821-9eef-f3d59b881fd5,bottom,top of,0
AQKC1VIZAZ6VI,3,retest,The wall was painted BLANK ago. Ali touches the wall. Ali's hand is clean.,state_nonfollows,state_nonfollows_context,cb63063d-f349-44f8-a2b7-e1f7ad288aba,1 month,5 minutes,1
AQKC1VIZAZ6VI,3,retest,The painting is BLANK Ali. Ali turns right. The painting is left of Ali.,egocentric_near,egocentric_near_context,bda90b60-3995-46b6-8be8-5c2fcc765df7,in front of,behind,1
AQKC1VIZAZ6VI,3,retest,The book is under the table. Ali moves the book. The table BLANK.,action_nonfollows,action_nonfollows_target,f5e611bf-a370-4ff7-91e4-b512b870c4b9,doesn't move,moves,1
AQKC1VIZAZ6VI,3,retest,The ball is resting on top of the box. Ali pushes the box forward. The ball is BLANK the box.,action_nonfollows,action_nonfollows_target,ceb88882-eb68-49e1-9b86-416b6f09e1a3,on top of,below,1
AQKC1VIZAZ6VI,3,retest,The painting is left of Ali. Ali turns around. The painting is BLANK Ali.,egocentric_near,egocentric_near_target,d7a5f10b-56f3-4321-a665-c2c94f57e605,right of,left of,0
AQKC1VIZAZ6VI,3,retest,Ali is facing BLANK Milwaukee. Ali turns 180 degrees. Ali is facing towards Milwaukee.,egocentric_distant,egocentric_distant_context,d18aa318-48f9-40be-b322-d4fcddd58fba,away from,towards,1
AQKC1VIZAZ6VI,3,retest,The ball is close to Ali. Ali throws the BLANK. The ball is close to Ali.,action_nonfollows,action_nonfollows_context,bcc54a8d-4b9f-4a07-a261-1d87bfdc9634,box,ball,1
AQKC1VIZAZ6VI,3,retest,The ball is close to Ali. Ali throws the BLANK. The ball is close to Ali.,action_nonfollows,action_nonfollows_context,bcc54a8d-4b9f-4a07-a261-1d87bfdc9634,box,ball,1
AQKC1VIZAZ6VI,3,retest,Ali is facing away from Milwaukee. Ali turns 180 degrees. Ali is facing BLANK Milwaukee.,egocentric_distant,egocentric_distant_target,d96621cb-4925-459d-b156-27a8a3456a19,towards,away from,1
AQKC1VIZAZ6VI,3,retest,Ali is facing away from Milwaukee. Ali turns 180 degrees. Ali is facing BLANK Milwaukee.,egocentric_distant,egocentric_distant_target,d96621cb-4925-459d-b156-27a8a3456a19,towards,away from,1
AQKC1VIZAZ6VI,3,retest,The ball is BLANK the box. Ali pushes the box forward. The ball is inside the box.,action_nonfollows,action_nonfollows_context,d387b3c2-04e5-4c89-bff6-7469bbf38a5d,inside,outside,1
AQKC1VIZAZ6VI,3,retest,The ball is BLANK the box. Ali pushes the box forward. The ball is inside the box.,action_nonfollows,action_nonfollows_context,d387b3c2-04e5-4c89-bff6-7469bbf38a5d,inside,outside,1
AQKC1VIZAZ6VI,3,retest,Ali is in front of the statue. Ali turns around. Ali is BLANK.,action_nonfollows,action_nonfollows_target,fa00c2c2-ffdb-4b5a-9376-7bde7e7326dd,in front of the statue,behind the statue,1
AQKC1VIZAZ6VI,3,retest,Ali is in front of the statue. Ali turns around. Ali is BLANK.,action_nonfollows,action_nonfollows_target,fa00c2c2-ffdb-4b5a-9376-7bde7e7326dd,in front of the statue,behind the statue,1
AQKC1VIZAZ6VI,3,retest,The painting is right of Ali. Ali turns around. The painting is BLANK Ali.,egocentric_near,egocentric_near_target,b70fd0cd-135e-45b2-9cc2-f17a7dd652a8,left of,right of,1
AQKC1VIZAZ6VI,3,retest,The painting is right of Ali. Ali turns around. The painting is BLANK Ali.,egocentric_near,egocentric_near_target,b70fd0cd-135e-45b2-9cc2-f17a7dd652a8,left of,right of,1
AQKC1VIZAZ6VI,3,retest,Ali is in the wagon. Ali pushes on the wagon. The wagon BLANK.,action_nonfollows,action_nonfollows_target,d131310b-9566-4029-bfa8-6f106043b088,doesn't move,moves,1
AQKC1VIZAZ6VI,3,retest,Ali is in the wagon. Ali pushes on the wagon. The wagon BLANK.,action_nonfollows,action_nonfollows_target,d131310b-9566-4029-bfa8-6f106043b088,doesn't move,moves,1
AQKC1VIZAZ6VI,3,retest,Ali is facing BLANK Chicago. Ali turns right. Chicago is left of Ali.,egocentric_distant,egocentric_distant_context,d11f84d4-2104-4b0c-8891-39fe2409a5f7,towards,away from,1
AQKC1VIZAZ6VI,3,retest,Ali is facing BLANK Chicago. Ali turns right. Chicago is left of Ali.,egocentric_distant,egocentric_distant_context,d11f84d4-2104-4b0c-8891-39fe2409a5f7,towards,away from,1
AQKC1VIZAZ6VI,3,retest,The ball is BLANK the box. The ball moves right. The ball is higher than the box.,action_nonfollows,action_nonfollows_context,b57e5c96-351b-42e3-9537-dcbb9d829e85,above,under,1
AQKC1VIZAZ6VI,3,retest,The ball is BLANK the box. The ball moves right. The ball is higher than the box.,action_nonfollows,action_nonfollows_context,b57e5c96-351b-42e3-9537-dcbb9d829e85,above,under,1
AQKC1VIZAZ6VI,3,retest,Chicago is BLANK Ali. Ali turns right. Chicago is right of Ali.,egocentric_distant,egocentric_distant_context,f7331836-b6ee-4bc7-b450-9586dd060445,behind,in front of,1
AQKC1VIZAZ6VI,3,retest,Chicago is BLANK Ali. Ali turns right. Chicago is right of Ali.,egocentric_distant,egocentric_distant_context,f7331836-b6ee-4bc7-b450-9586dd060445,behind,in front of,1
AQKC1VIZAZ6VI,3,retest,Ali is BLANK. Ali turns around. Ali is behind the statue.,action_nonfollows,action_nonfollows_context,cc306a89-3dc5-4910-aa0b-f2bddee9154d,behind the statue,in front of the statue,1
AQKC1VIZAZ6VI,3,retest,Ali is BLANK. Ali turns around. Ali is behind the statue.,action_nonfollows,action_nonfollows_context,cc306a89-3dc5-4910-aa0b-f2bddee9154d,behind the statue,in front of the statue,1
AQKC1VIZAZ6VI,3,retest,The painting is in front of Ali. Ali turns right. The painting is BLANK Ali.,egocentric_near,egocentric_near_target,f0714c55-5e03-4f80-8171-fb4af78e1ad8,left of,right of,1
AQKC1VIZAZ6VI,3,retest,The painting is in front of Ali. Ali turns right. The painting is BLANK Ali.,egocentric_near,egocentric_near_target,f0714c55-5e03-4f80-8171-fb4af78e1ad8,left of,right of,1
AQKC1VIZAZ6VI,3,retest,Chicago is right of Ali. Ali turns around. Chicago is BLANK Ali.,egocentric_distant,egocentric_distant_target,c942a4b4-8538-400d-8605-2a4f0bc000ef,left of,right of,1
AQKC1VIZAZ6VI,3,retest,Chicago is right of Ali. Ali turns around. Chicago is BLANK Ali.,egocentric_distant,egocentric_distant_target,c942a4b4-8538-400d-8605-2a4f0bc000ef,left of,right of,1
AQKC1VIZAZ6VI,3,retest,The ball is BLANK the box. Ali moves the box. The ball doesn't move.,action_nonfollows,action_nonfollows_context,e31e6e5a-3ac6-4936-9ae5-7611f9233c51,far from,touching,1
AQKC1VIZAZ6VI,3,retest,The ball is BLANK the box. Ali moves the box. The ball doesn't move.,action_nonfollows,action_nonfollows_context,e31e6e5a-3ac6-4936-9ae5-7611f9233c51,far from,touching,1
AQKC1VIZAZ6VI,3,retest,Chicago is BLANK Ali. Ali turns left. Chicago is left of Ali.,egocentric_distant,egocentric_distant_context,b2947cb8-21ca-4d3e-9666-765c88ecadbd,behind,in front of,1
AQKC1VIZAZ6VI,3,retest,Chicago is BLANK Ali. Ali turns left. Chicago is left of Ali.,egocentric_distant,egocentric_distant_context,b2947cb8-21ca-4d3e-9666-765c88ecadbd,behind,in front of,1
AQKC1VIZAZ6VI,3,retest,The ball is at the bottom of the ramp. Ali pushes the ball. The ball is at the BLANK of the ramp.,action_nonfollows,action_nonfollows_target,e2381bf9-9c62-4821-9eef-f3d59b881fd5,bottom,top of,0
AQKC1VIZAZ6VI,3,retest,The ball is at the bottom of the ramp. Ali pushes the ball. The ball is at the BLANK of the ramp.,action_nonfollows,action_nonfollows_target,e2381bf9-9c62-4821-9eef-f3d59b881fd5,bottom,top of,0
AQKC1VIZAZ6VI,3,retest,The wall was painted BLANK ago. Ali touches the wall. Ali's hand is clean.,state_nonfollows,state_nonfollows_context,cb63063d-f349-44f8-a2b7-e1f7ad288aba,1 month,5 minutes,1
AQKC1VIZAZ6VI,3,retest,The wall was painted BLANK ago. Ali touches the wall. Ali's hand is clean.,state_nonfollows,state_nonfollows_context,cb63063d-f349-44f8-a2b7-e1f7ad288aba,1 month,5 minutes,1
AQKC1VIZAZ6VI,3,retest,The book is under the table. Ali moves the book. The table BLANK.,action_nonfollows,action_nonfollows_target,f5e611bf-a370-4ff7-91e4-b512b870c4b9,doesn't move,moves,1
AQKC1VIZAZ6VI,3,retest,The book is under the table. Ali moves the book. The table BLANK.,action_nonfollows,action_nonfollows_target,f5e611bf-a370-4ff7-91e4-b512b870c4b9,doesn't move,moves,1
AQKC1VIZAZ6VI,3,retest,The painting is left of Ali. Ali turns around. The painting is BLANK Ali.,egocentric_near,egocentric_near_target,d7a5f10b-56f3-4321-a665-c2c94f57e605,right of,left of,1
AQKC1VIZAZ6VI,3,retest,The painting is left of Ali. Ali turns around. The painting is BLANK Ali.,egocentric_near,egocentric_near_target,d7a5f10b-56f3-4321-a665-c2c94f57e605,right of,left of,1
ATRRVQWZZ87QA,2,retest,The book is under the table. Ali moves the table. The book BLANK.,action_nonfollows,action_nonfollows_target,9f6321ad-9c8a-483d-b2df-d6faa3403521,doesn't move,moves,1
ATRRVQWZZ87QA,2,retest,Ali is right of the painting. Ali turns around. Ali is BLANK the painting.,egocentric_near,egocentric_near_target,7ae6543e-9e1e-4975-9d68-ad7d04fd1e4e,right of,left of,1
ATRRVQWZZ87QA,2,retest,The painting is to Ali's BLANK. The painting is moved left. The painting is to Ali's right.,egocentric_near,egocentric_near_context,78f191e9-62c1-4214-a2e5-e56be737b5da,left,right,0
ATRRVQWZZ87QA,2,retest,Ali is facing BLANK Milwaukee. Ali turns around. Ali is facing towards Milwaukee.,egocentric_distant,egocentric_distant_context,a142d675-e72e-4665-8813-7155bd331eb1,away from,towards,0
ATRRVQWZZ87QA,2,retest,Chicago is BLANK Ali. Ali turns left. Chicago is right of Ali.,egocentric_distant,egocentric_distant_context,a0ad98be-c0ed-44cc-9e98-e8be414bdce1,in front of,behind,1
ATRRVQWZZ87QA,2,retest,Ali is BLANK the painting. Ali turns around. Ali is right of the painting.,egocentric_near,egocentric_near_context,7824379a-18fd-4387-bae9-d9add803a5e1,right of,left of,1
ATRRVQWZZ87QA,2,retest,The empty glass is on the table. Ali knocks the glass over. The table is BLANK.,state_nonfollows,state_nonfollows_target,acf5fc4f-47f1-4641-bd99-567028820394,dry,wet,0
ATRRVQWZZ87QA,2,retest,Ali is facing away from Chicago. Ali turns right. Chicago is BLANK Ali.,egocentric_distant,egocentric_distant_target,b11ffacc-e96b-4806-84c4-6252d4c8bf41,right of,left of,0
ATRRVQWZZ87QA,2,retest,The wine glass is on the BLANK. Ali bumps the wine glass. The wine spills on the floor.,action_follows,action_follows_context,a2dd4fac-96de-4e38-bb75-e36db0393e98,floor,table,1
ATRRVQWZZ87QA,2,retest,The window is BLANK Ali. Ali throws the baseball forward. The window doesn't break.,state_nonfollows,state_nonfollows_context,a802c7e4-f643-4de9-9712-a3d0af75b310,behind,in front of,0
ATRRVQWZZ87QA,2,retest,The wall was painted BLANK ago. Ali touches the wall. Ali's hand is painted.,state_follows,state_follows_context,9e760262-6760-4910-ae27-d5f31cb04573,5 minutes,1 month,0
ATRRVQWZZ87QA,2,retest,The painting is to Ali's BLANK. The painting is moved right. The painting is to Ali's right.,egocentric_near,egocentric_near_context,832bad6a-4819-44a8-879c-ba123d4eff25,right,left,0
ATRRVQWZZ87QA,2,retest,The wine glass is on the table. Ali bumps the lamp. The wine BLANK.,action_nonfollows,action_nonfollows_target,97dd01de-586e-4782-902f-a496e522e421,doesn't spill,spills,0
ATRRVQWZZ87QA,2,retest,Ali is facing BLANK Chicago. Ali turns left. Chicago is left of Ali.,egocentric_distant,egocentric_distant_context,7f8567b3-1cc8-47a4-bcc3-b6b72b2f4e63,away from,towards,1
ATRRVQWZZ87QA,2,retest,The glass is on the floor. Ali bumps the BLANK. The glass doesn't break.,state_nonfollows,state_nonfollows_context,b055fb0f-1958-45fd-870a-d54814aefbee,table,glass,0
ATRRVQWZZ87QA,2,retest,Ali is facing Chicago. Ali turns right. Chicago is BLANK Ali.,egocentric_distant,egocentric_distant_target,b054c9a8-8ae5-42ae-8771-d39aa8c11479,left of,right of,0
ATRRVQWZZ87QA,2,retest,The painting is right of Ali. Ali turns left. The painting is BLANK Ali.,egocentric_near,egocentric_near_target,9464cf69-94a8-47e0-bf12-b333afeb5059,behind,in front of,0
ATRRVQWZZ87QA,2,retest,Ali is BLANK the wagon. Ali pulls on the wagon. The wagon moves.,action_follows,action_follows_context,9d2b43af-ba61-47f3-993c-7e93b7ced28a,in front of,behind,1
ATRRVQWZZ87QA,2,retest,The ball is close to Ali. Ali throws the box. The ball is BLANK Ali.,action_nonfollows,action_nonfollows_target,76ce548a-e17e-4a57-aaf9-cf3fa2a6c9d3,close to,far from,1
ATRRVQWZZ87QA,2,retest,The bowling ball is close to Ali. Ali throws the bowling ball. The bowling ball is BLANK Ali.,action_nonfollows,action_nonfollows_target,af4eb18f-79bd-44aa-8a21-3919f5448071,close to,far from,1
ATRRVQWZZ87QA,2,retest,The cup is empty. Ali pours BLANK in the cup. The cup is dry.,state_nonfollows,state_nonfollows_context,6a785729-cfcd-45a6-9087-df181fe49c39,sand,water,0
ATRRVQWZZ87QA,2,retest,The brick is on the table. Ali bumps the brick off the table. The brick BLANK.,state_nonfollows,state_nonfollows_target,af3c88ce-961a-4a4d-8258-314a8b8513fd,doesn't break,breaks,1
ATRRVQWZZ87QA,2,retest,Milwaukee is to Ali's BLANK. Ali turns left. Ali is facing away from Milwaukee.,egocentric_distant,egocentric_distant_context,8109d3a1-786d-4676-9015-297215cfc561,right,left,0
ATRRVQWZZ87QA,2,retest,The painting is right of Ali. Ali turns right. The painting is BLANK Ali.,egocentric_near,egocentric_near_target,86c1f116-7a99-4a81-a85b-d2789deb5909,in front of,behind,1
ATRRVQWZZ87QA,2,retest,The painting is BLANK of Ali. Ali turns right. The painting is in front of Ali.,egocentric_near,egocentric_near_context,7ebd0a27-2e35-44b7-a1db-283784b79989,right,left,0
ATRRVQWZZ87QA,2,retest,Ali is facing Chicago. Ali turns left. Chicago is BLANK Ali.,egocentric_distant,egocentric_distant_target,a3bdec9e-f0a7-48ea-b522-a1648fc244b2,right of,left of,0
ATRRVQWZZ87QA,2,retest,The wine glass is on the table. The wine glass falls over. The wine spills on the BLANK.,action_follows,action_follows_target,8f2f6473-016c-480b-a77b-a4bfd6af9f64,table,floor,0
ATRRVQWZZ87QA,2,retest,The window is behind Ali and the wall is in front of Ali. Ali throws the baseball at the wall. The window BLANK.,state_nonfollows,state_nonfollows_target,88712078-fc2f-436a-8a04-1757993c015e,doesn't break,breaks,0
ATRRVQWZZ87QA,2,retest,Chicago is in front of Ali. Ali turns right. Chicago is BLANK Ali.,egocentric_distant,egocentric_distant_target,a39d0d62-588e-4557-81a0-2e1e671c0e17,left of,right of,0
ATRRVQWZZ87QA,2,retest,Chicago is left of Ali. Ali turns around. Chicago is BLANK Ali.,egocentric_distant,egocentric_distant_target,a0b7ee21-5714-4ea4-8f1d-33e7388d17e9,right of,left of,0
ATRRVQWZZ87QA,2,retest,The painting is BLANK of Ali. Ali turns right. The painting is behind Ali.,egocentric_near,egocentric_near_context,83a89d7b-3897-4b03-bb7e-3917130f7a2a,left,right,0
ATRRVQWZZ87QA,2,retest,Chicago is BLANK Ali. Ali turns around. Chicago is left of Ali.,egocentric_distant,egocentric_distant_context,a786ec6e-e388-459a-b336-ef496fc4d326,right of,left of,0
ATRRVQWZZ87QA,2,retest,The glass is on the table and the cup is on the floor. Ali picks up the glass. The cup BLANK.,action_nonfollows,action_nonfollows_target,930e06dd-d207-446c-96b7-a9faf92483d5,moves,doesn't move,0
ATRRVQWZZ87QA,2,retest,The window is behind Ali. Ali throws the baseball forward. The window BLANK.,state_nonfollows,state_nonfollows_target,71cbbb37-63ba-4e5b-a641-28bac214cb01,doesn't break,breaks,0
ATRRVQWZZ87QA,2,retest,The painting is to Ali's BLANK. The painting is moved left. The painting is to Ali's right.,egocentric_near,egocentric_near_context,78f191e9-62c1-4214-a2e5-e56be737b5da,left,right,0
ATRRVQWZZ87QA,2,retest,The painting is to Ali's BLANK. The painting is moved left. The painting is to Ali's right.,egocentric_near,egocentric_near_context,78f191e9-62c1-4214-a2e5-e56be737b5da,left,right,0
ATRRVQWZZ87QA,2,retest,Ali is facing BLANK Milwaukee. Ali turns around. Ali is facing towards Milwaukee.,egocentric_distant,egocentric_distant_context,a142d675-e72e-4665-8813-7155bd331eb1,away from,towards,0
ATRRVQWZZ87QA,2,retest,Ali is facing BLANK Milwaukee. Ali turns around. Ali is facing towards Milwaukee.,egocentric_distant,egocentric_distant_context,a142d675-e72e-4665-8813-7155bd331eb1,away from,towards,0
ATRRVQWZZ87QA,2,retest,Ali is BLANK the painting. Ali turns around. Ali is right of the painting.,egocentric_near,egocentric_near_context,7824379a-18fd-4387-bae9-d9add803a5e1,right of,left of,1
ATRRVQWZZ87QA,2,retest,Ali is BLANK the painting. Ali turns around. Ali is right of the painting.,egocentric_near,egocentric_near_context,7824379a-18fd-4387-bae9-d9add803a5e1,right of,left of,1
ATRRVQWZZ87QA,2,retest,The empty glass is on the table. Ali knocks the glass over. The table is BLANK.,state_nonfollows,state_nonfollows_target,acf5fc4f-47f1-4641-bd99-567028820394,dry,wet,1
ATRRVQWZZ87QA,2,retest,The empty glass is on the table. Ali knocks the glass over. The table is BLANK.,state_nonfollows,state_nonfollows_target,acf5fc4f-47f1-4641-bd99-567028820394,dry,wet,1
ATRRVQWZZ87QA,2,retest,Ali is facing away from Chicago. Ali turns right. Chicago is BLANK Ali.,egocentric_distant,egocentric_distant_target,b11ffacc-e96b-4806-84c4-6252d4c8bf41,right of,left of,0
ATRRVQWZZ87QA,2,retest,Ali is facing away from Chicago. Ali turns right. Chicago is BLANK Ali.,egocentric_distant,egocentric_distant_target,b11ffacc-e96b-4806-84c4-6252d4c8bf41,right of,left of,0
ATRRVQWZZ87QA,2,retest,The window is BLANK Ali. Ali throws the baseball forward. The window doesn't break.,state_nonfollows,state_nonfollows_context,a802c7e4-f643-4de9-9712-a3d0af75b310,behind,in front of,0
ATRRVQWZZ87QA,2,retest,The window is BLANK Ali. Ali throws the baseball forward. The window doesn't break.,state_nonfollows,state_nonfollows_context,a802c7e4-f643-4de9-9712-a3d0af75b310,behind,in front of,0
ATRRVQWZZ87QA,2,retest,The wall was painted BLANK ago. Ali touches the wall. Ali's hand is painted.,state_follows,state_follows_context,9e760262-6760-4910-ae27-d5f31cb04573,5 minutes,1 month,0
ATRRVQWZZ87QA,2,retest,The wall was painted BLANK ago. Ali touches the wall. Ali's hand is painted.,state_follows,state_follows_context,9e760262-6760-4910-ae27-d5f31cb04573,5 minutes,1 month,0
ATRRVQWZZ87QA,2,retest,The painting is to Ali's BLANK. The painting is moved right. The painting is to Ali's right.,egocentric_near,egocentric_near_context,832bad6a-4819-44a8-879c-ba123d4eff25,right,left,0
ATRRVQWZZ87QA,2,retest,The painting is to Ali's BLANK. The painting is moved right. The painting is to Ali's right.,egocentric_near,egocentric_near_context,832bad6a-4819-44a8-879c-ba123d4eff25,right,left,0
ATRRVQWZZ87QA,2,retest,The wine glass is on the table. Ali bumps the lamp. The wine BLANK.,action_nonfollows,action_nonfollows_target,97dd01de-586e-4782-902f-a496e522e421,doesn't spill,spills,0
ATRRVQWZZ87QA,2,retest,The wine glass is on the table. Ali bumps the lamp. The wine BLANK.,action_nonfollows,action_nonfollows_target,97dd01de-586e-4782-902f-a496e522e421,doesn't spill,spills,0
ATRRVQWZZ87QA,2,retest,The glass is on the floor. Ali bumps the BLANK. The glass doesn't break.,state_nonfollows,state_nonfollows_context,b055fb0f-1958-45fd-870a-d54814aefbee,table,glass,1
ATRRVQWZZ87QA,2,retest,The glass is on the floor. Ali bumps the BLANK. The glass doesn't break.,state_nonfollows,state_nonfollows_context,b055fb0f-1958-45fd-870a-d54814aefbee,table,glass,1
ATRRVQWZZ87QA,2,retest,Ali is facing Chicago. Ali turns right. Chicago is BLANK Ali.,egocentric_distant,egocentric_distant_target,b054c9a8-8ae5-42ae-8771-d39aa8c11479,left of,right of,1
ATRRVQWZZ87QA,2,retest,Ali is facing Chicago. Ali turns right. Chicago is BLANK Ali.,egocentric_distant,egocentric_distant_target,b054c9a8-8ae5-42ae-8771-d39aa8c11479,left of,right of,1
ATRRVQWZZ87QA,2,retest,The painting is right of Ali. Ali turns left. The painting is BLANK Ali.,egocentric_near,egocentric_near_target,9464cf69-94a8-47e0-bf12-b333afeb5059,behind,in front of,1
ATRRVQWZZ87QA,2,retest,The painting is right of Ali. Ali turns left. The painting is BLANK Ali.,egocentric_near,egocentric_near_target,9464cf69-94a8-47e0-bf12-b333afeb5059,behind,in front of,1
ATRRVQWZZ87QA,2,retest,Ali is BLANK the wagon. Ali pulls on the wagon. The wagon moves.,action_follows,action_follows_context,9d2b43af-ba61-47f3-993c-7e93b7ced28a,in front of,behind,1
ATRRVQWZZ87QA,2,retest,Ali is BLANK the wagon. Ali pulls on the wagon. The wagon moves.,action_follows,action_follows_context,9d2b43af-ba61-47f3-993c-7e93b7ced28a,in front of,behind,1
ATRRVQWZZ87QA,2,retest,The ball is close to Ali. Ali throws the box. The ball is BLANK Ali.,action_nonfollows,action_nonfollows_target,76ce548a-e17e-4a57-aaf9-cf3fa2a6c9d3,close to,far from,1
ATRRVQWZZ87QA,2,retest,The ball is close to Ali. Ali throws the box. The ball is BLANK Ali.,action_nonfollows,action_nonfollows_target,76ce548a-e17e-4a57-aaf9-cf3fa2a6c9d3,close to,far from,1
ATRRVQWZZ87QA,2,retest,The cup is empty. Ali pours BLANK in the cup. The cup is dry.,state_nonfollows,state_nonfollows_context,6a785729-cfcd-45a6-9087-df181fe49c39,sand,water,0
ATRRVQWZZ87QA,2,retest,The cup is empty. Ali pours BLANK in the cup. The cup is dry.,state_nonfollows,state_nonfollows_context,6a785729-cfcd-45a6-9087-df181fe49c39,sand,water,0
ATRRVQWZZ87QA,2,retest,The brick is on the table. Ali bumps the brick off the table. The brick BLANK.,state_nonfollows,state_nonfollows_target,af3c88ce-961a-4a4d-8258-314a8b8513fd,doesn't break,breaks,1
ATRRVQWZZ87QA,2,retest,The brick is on the table. Ali bumps the brick off the table. The brick BLANK.,state_nonfollows,state_nonfollows_target,af3c88ce-961a-4a4d-8258-314a8b8513fd,doesn't break,breaks,1
ATRRVQWZZ87QA,2,retest,Milwaukee is to Ali's BLANK. Ali turns left. Ali is facing away from Milwaukee.,egocentric_distant,egocentric_distant_context,8109d3a1-786d-4676-9015-297215cfc561,right,left,0
ATRRVQWZZ87QA,2,retest,Milwaukee is to Ali's BLANK. Ali turns left. Ali is facing away from Milwaukee.,egocentric_distant,egocentric_distant_context,8109d3a1-786d-4676-9015-297215cfc561,right,left,0
ATRRVQWZZ87QA,2,retest,The painting is right of Ali. Ali turns right. The painting is BLANK Ali.,egocentric_near,egocentric_near_target,86c1f116-7a99-4a81-a85b-d2789deb5909,in front of,behind,0
ATRRVQWZZ87QA,2,retest,The painting is right of Ali. Ali turns right. The painting is BLANK Ali.,egocentric_near,egocentric_near_target,86c1f116-7a99-4a81-a85b-d2789deb5909,in front of,behind,0
ATRRVQWZZ87QA,2,retest,The painting is BLANK of Ali. Ali turns right. The painting is in front of Ali.,egocentric_near,egocentric_near_context,7ebd0a27-2e35-44b7-a1db-283784b79989,right,left,0
ATRRVQWZZ87QA,2,retest,The painting is BLANK of Ali. Ali turns right. The painting is in front of Ali.,egocentric_near,egocentric_near_context,7ebd0a27-2e35-44b7-a1db-283784b79989,right,left,0
ATRRVQWZZ87QA,2,retest,Ali is facing Chicago. Ali turns left. Chicago is BLANK Ali.,egocentric_distant,egocentric_distant_target,a3bdec9e-f0a7-48ea-b522-a1648fc244b2,right of,left of,1
ATRRVQWZZ87QA,2,retest,Ali is facing Chicago. Ali turns left. Chicago is BLANK Ali.,egocentric_distant,egocentric_distant_target,a3bdec9e-f0a7-48ea-b522-a1648fc244b2,right of,left of,1
ATRRVQWZZ87QA,2,retest,The wine glass is on the table. The wine glass falls over. The wine spills on the BLANK.,action_follows,action_follows_target,8f2f6473-016c-480b-a77b-a4bfd6af9f64,table,floor,1
ATRRVQWZZ87QA,2,retest,The wine glass is on the table. The wine glass falls over. The wine spills on the BLANK.,action_follows,action_follows_target,8f2f6473-016c-480b-a77b-a4bfd6af9f64,table,floor,1
ATRRVQWZZ87QA,2,retest,The window is behind Ali and the wall is in front of Ali. Ali throws the baseball at the wall. The window BLANK.,state_nonfollows,state_nonfollows_target,88712078-fc2f-436a-8a04-1757993c015e,doesn't break,breaks,1
ATRRVQWZZ87QA,2,retest,The window is behind Ali and the wall is in front of Ali. Ali throws the baseball at the wall. The window BLANK.,state_nonfollows,state_nonfollows_target,88712078-fc2f-436a-8a04-1757993c015e,doesn't break,breaks,1
ATRRVQWZZ87QA,2,retest,Chicago is in front of Ali. Ali turns right. Chicago is BLANK Ali.,egocentric_distant,egocentric_distant_target,a39d0d62-588e-4557-81a0-2e1e671c0e17,left of,right of,1
ATRRVQWZZ87QA,2,retest,Chicago is in front of Ali. Ali turns right. Chicago is BLANK Ali.,egocentric_distant,egocentric_distant_target,a39d0d62-588e-4557-81a0-2e1e671c0e17,left of,right of,1
ATRRVQWZZ87QA,2,retest,Chicago is left of Ali. Ali turns around. Chicago is BLANK Ali.,egocentric_distant,egocentric_distant_target,a0b7ee21-5714-4ea4-8f1d-33e7388d17e9,right of,left of,1
ATRRVQWZZ87QA,2,retest,Chicago is left of Ali. Ali turns around. Chicago is BLANK Ali.,egocentric_distant,egocentric_distant_target,a0b7ee21-5714-4ea4-8f1d-33e7388d17e9,right of,left of,1
ATRRVQWZZ87QA,2,retest,The painting is BLANK of Ali. Ali turns right. The painting is behind Ali.,egocentric_near,egocentric_near_context,83a89d7b-3897-4b03-bb7e-3917130f7a2a,left,right,1
ATRRVQWZZ87QA,2,retest,The painting is BLANK of Ali. Ali turns right. The painting is behind Ali.,egocentric_near,egocentric_near_context,83a89d7b-3897-4b03-bb7e-3917130f7a2a,left,right,1
ATRRVQWZZ87QA,2,retest,Chicago is BLANK Ali. Ali turns around. Chicago is left of Ali.,egocentric_distant,egocentric_distant_context,a786ec6e-e388-459a-b336-ef496fc4d326,right of,left of,1
ATRRVQWZZ87QA,2,retest,Chicago is BLANK Ali. Ali turns around. Chicago is left of Ali.,egocentric_distant,egocentric_distant_context,a786ec6e-e388-459a-b336-ef496fc4d326,right of,left of,1
ATRRVQWZZ87QA,2,retest,The glass is on the table and the cup is on the floor. Ali picks up the glass. The cup BLANK.,action_nonfollows,action_nonfollows_target,930e06dd-d207-446c-96b7-a9faf92483d5,moves,doesn't move,0
ATRRVQWZZ87QA,2,retest,The glass is on the table and the cup is on the floor. Ali picks up the glass. The cup BLANK.,action_nonfollows,action_nonfollows_target,930e06dd-d207-446c-96b7-a9faf92483d5,moves,doesn't move,0
ATRRVQWZZ87QA,2,retest,The window is behind Ali. Ali throws the baseball forward. The window BLANK.,state_nonfollows,state_nonfollows_target,71cbbb37-63ba-4e5b-a641-28bac214cb01,doesn't break,breaks,1
ATRRVQWZZ87QA,2,retest,The window is behind Ali. Ali throws the baseball forward. The window BLANK.,state_nonfollows,state_nonfollows_target,71cbbb37-63ba-4e5b-a641-28bac214cb01,doesn't break,breaks,1
AW0MG225VXWCN,1,retest,Chicago is BLANK Ali. Ali turns right. Chicago is left of Ali.,egocentric_distant,egocentric_distant_context,247fc701-a50f-47a4-b9ce-26e0e37764e8,in front of,behind,0
AW0MG225VXWCN,1,retest,Chicago is behind Ali. Ali turns right. Chicago is BLANK Ali.,egocentric_distant,egocentric_distant_target,208eaa12-f841-4068-b70e-a7c8edee31db,right of,left of,1
AW0MG225VXWCN,1,retest,The painting is BLANK of Ali. Ali turns left. The painting is right of Ali.,egocentric_near,egocentric_near_context,16e1a569-1ad9-4b0c-92b0-feb6df7b5b27,in front of,behind,1
AW0MG225VXWCN,1,retest,Ali is BLANK. Ali turns around. Ali is in front of the statue.,action_nonfollows,action_nonfollows_context,0e147806-b88f-428d-a3c1-7bfa2651c6ad,in front of the statue,behind the statue,1
AW0MG225VXWCN,1,retest,Chicago is to Ali's BLANK. Ali turns left. Ali is facing towards Chicago.,egocentric_distant,egocentric_distant_context,0750fd63-cf47-440e-b7a4-8a5f610d3264,left,right,1
AW0MG225VXWCN,1,retest,The painting is behind Ali. Ali turns left. The painting is BLANK Ali.,egocentric_near,egocentric_near_target,59fc66d4-3afa-42da-a45d-f73f7a531076,left of,right of,0
AW0MG225VXWCN,1,retest,The wagon is on the BLANK of the hill. Ali pushes the wagon. The wagon rolls.,action_follows,action_follows_context,17ed0db8-8e47-4da7-90ae-84dfc07af787,top,bottom,1
AW0MG225VXWCN,1,retest,The painting is BLANK Ali. Ali turns right. The painting is right of Ali.,egocentric_near,egocentric_near_context,42d93d82-da95-4c5e-96d3-8d266440c4ec,behind,in front of,1
AW0MG225VXWCN,1,retest,The ball is five feet from the box. Ali moves the box. The ball BLANK.,action_nonfollows,action_nonfollows_target,1fe70ed2-c4f2-46e8-a4ee-b795969fe940,doesn't move,moves,1
AW0MG225VXWCN,1,retest,Ali is BLANK painting. Ali turns around. Ali is behind the painting.,egocentric_near,egocentric_near_context,609267cd-7803-4f08-abfe-40ef7cec461e,behind,in front of,1
AW0MG225VXWCN,1,retest,The book is on the table. Ali moves the table. The book BLANK.,action_follows,action_follows_target,0c7ff743-0286-4cb6-9639-4edb16b4b26d,moves,doesn't move,1
AW0MG225VXWCN,1,retest,The box is close to Ali. Ali throws the ball. The box is BLANK Ali.,action_nonfollows,action_nonfollows_target,0ebece86-74c2-44ea-9ef0-8d75a45ba56b,close to,far from,1
AW0MG225VXWCN,1,retest,Ali is facing away from Chicago. Ali turns left. Chicago is BLANK Ali.,egocentric_distant,egocentric_distant_target,3324abf7-6438-42bf-b7c2-6d54a58c5647,left of,right of,1
AW0MG225VXWCN,1,retest,The glass and the cup are on the table. Ali pushes the BLANK off the table. The glass doesn't break.,state_nonfollows,state_nonfollows_context,327243ab-ecb2-459c-a9bf-867dfb152071,cup,glass,0
AW0MG225VXWCN,1,retest,The painting is to Ali's right. The painting is moved right. The painting is to Ali's BLANK.,egocentric_near,egocentric_near_target,4e1e4c8f-de93-44b5-a196-29575450bd42,right,left,1
AW0MG225VXWCN,1,retest,The ice cube and the banana are in the fridge. Ali takes the BLANK out of the fridge. The ice cube doesn't melt.,state_nonfollows,state_nonfollows_context,0ce85161-2bb7-40b9-a0d6-bca40c92c702,banana,ice cube,0
AW0MG225VXWCN,1,retest,The painting is BLANK Ali. Ali turns left. The painting is left of Ali.,egocentric_near,egocentric_near_context,6889b667-4845-4fa2-9b38-2000f907b9e2,behind,in front of,1
AW0MG225VXWCN,1,retest,The box is floating in the water. Ali puts a tennis ball in the box. The box BLANK.,action_nonfollows,action_nonfollows_target,5edcc89e-d5f6-4ac5-9f05-376d77f2b2d4,floats,sinks,1
AW0MG225VXWCN,1,retest,Ali is facing away from Chicago. Ali turns around. Chicago is BLANK Ali.,egocentric_distant,egocentric_distant_target,49a33aab-df02-4990-beab-2a4f987d1064,in front of,behind,1
AW0MG225VXWCN,1,retest,The painting is BLANK Ali. Ali turns around. The painting is left of Ali.,egocentric_near,egocentric_near_context,6074e27e-d929-4b07-bc4d-252c7bcb463e,right of,left of,1
AW0MG225VXWCN,1,retest,The glass is on the table. Ali fills the glass halfway. The table is BLANK.,state_nonfollows,state_nonfollows_target,0ab9f4a8-59f3-4c71-975a-36627213f744,dry,wet,1
AW0MG225VXWCN,1,retest,Ali is behind the statue. Ali turns around. Ali is BLANK.,action_nonfollows,action_nonfollows_target,609276f4-276d-4b83-a87e-279b606bcaec,behind the statue,in front of the statue,1
AW0MG225VXWCN,1,retest,Ali is BLANK the wagon. Ali pulls on the wagon. The wagon doesn't move.,action_nonfollows,action_nonfollows_context,55764064-722f-49d8-98a5-2e2d84e42d64,in,outside,1
AW0MG225VXWCN,1,retest,Ali is behind the painting. Ali turns around. Ali is BLANK the painting.,egocentric_near,egocentric_near_target,07167d4f-80b9-4acc-9071-2c51b88df677,behind,in front of,1
AW0MG225VXWCN,1,retest,Ali is BLANK the wagon. Ali pushes on the wagon. The wagon moves.,action_follows,action_follows_context,1f747dd7-a364-472a-9024-76517340aef3,behind,in front of,1
AW0MG225VXWCN,1,retest,The glass is on the floor. Ali bumps the table. The glass BLANK.,state_nonfollows,state_nonfollows_target,3482eb06-22b4-455d-819d-a4e799a6647f,doesn't break,breaks,1
AW0MG225VXWCN,1,retest,The seesaw is balanced. Ali tilts the BLANK side of the seesaw. The left side goes up.,action_follows,action_follows_context,3853bb96-81c1-470b-b9d5-b17b811bf101,right,left,1
AW0MG225VXWCN,1,retest,The ball is BLANK the box. Ali pushes the ball forward. The ball is under the box.,action_nonfollows,action_nonfollows_context,2fcd18a5-4fe9-43af-be73-b08c8a69be3e,under,above,1
AW0MG225VXWCN,1,retest,The box is in the bin. Ali moves the box. The bin BLANK.,action_nonfollows,action_nonfollows_target,1637e508-3609-4421-8dd2-303fb71ebad9,doesn't move,moves,0
AW0MG225VXWCN,1,retest,The ball is BLANK the box. The ball moves right. The ball is lower than the box.,action_nonfollows,action_nonfollows_context,4db85fa9-8307-4315-983c-1da01ebcfdf3,under,above,1
AW0MG225VXWCN,1,retest,The painting is to Ali's left. The painting is moved left. The painting is to Ali's BLANK.,egocentric_near,egocentric_near_target,33d5f7dc-85a0-4c33-ad94-ea5d1e85864b,right,left,0
AW0MG225VXWCN,1,retest,Ali is facing BLANK Chicago. Ali turns left. Chicago is right of Ali.,egocentric_distant,egocentric_distant_context,431ac862-808b-48ca-8cc9-9227e24661e4,towards,away from,0
AW0MG225VXWCN,1,retest,Chicago is BLANK Ali. Ali turns right. Chicago is left of Ali.,egocentric_distant,egocentric_distant_context,247fc701-a50f-47a4-b9ce-26e0e37764e8,in front of,behind,1
AW0MG225VXWCN,1,retest,Chicago is BLANK Ali. Ali turns right. Chicago is left of Ali.,egocentric_distant,egocentric_distant_context,247fc701-a50f-47a4-b9ce-26e0e37764e8,in front of,behind,1
AW0MG225VXWCN,1,retest,Chicago is to Ali's BLANK. Ali turns left. Ali is facing towards Chicago.,egocentric_distant,egocentric_distant_context,0750fd63-cf47-440e-b7a4-8a5f610d3264,left,right,1
AW0MG225VXWCN,1,retest,Chicago is to Ali's BLANK. Ali turns left. Ali is facing towards Chicago.,egocentric_distant,egocentric_distant_context,0750fd63-cf47-440e-b7a4-8a5f610d3264,left,right,1
AW0MG225VXWCN,1,retest,The painting is behind Ali. Ali turns left. The painting is BLANK Ali.,egocentric_near,egocentric_near_target,59fc66d4-3afa-42da-a45d-f73f7a531076,left of,right of,1
AW0MG225VXWCN,1,retest,The painting is behind Ali. Ali turns left. The painting is BLANK Ali.,egocentric_near,egocentric_near_target,59fc66d4-3afa-42da-a45d-f73f7a531076,left of,right of,1
AW0MG225VXWCN,1,retest,The wagon is on the BLANK of the hill. Ali pushes the wagon. The wagon rolls.,action_follows,action_follows_context,17ed0db8-8e47-4da7-90ae-84dfc07af787,top,bottom,1
AW0MG225VXWCN,1,retest,The wagon is on the BLANK of the hill. Ali pushes the wagon. The wagon rolls.,action_follows,action_follows_context,17ed0db8-8e47-4da7-90ae-84dfc07af787,top,bottom,1
AW0MG225VXWCN,1,retest,The painting is BLANK Ali. Ali turns right. The painting is right of Ali.,egocentric_near,egocentric_near_context,42d93d82-da95-4c5e-96d3-8d266440c4ec,behind,in front of,1
AW0MG225VXWCN,1,retest,The painting is BLANK Ali. Ali turns right. The painting is right of Ali.,egocentric_near,egocentric_near_context,42d93d82-da95-4c5e-96d3-8d266440c4ec,behind,in front of,1
AW0MG225VXWCN,1,retest,The box is close to Ali. Ali throws the ball. The box is BLANK Ali.,action_nonfollows,action_nonfollows_target,0ebece86-74c2-44ea-9ef0-8d75a45ba56b,close to,far from,1
AW0MG225VXWCN,1,retest,The box is close to Ali. Ali throws the ball. The box is BLANK Ali.,action_nonfollows,action_nonfollows_target,0ebece86-74c2-44ea-9ef0-8d75a45ba56b,close to,far from,1
AW0MG225VXWCN,1,retest,The glass and the cup are on the table. Ali pushes the BLANK off the table. The glass doesn't break.,state_nonfollows,state_nonfollows_context,327243ab-ecb2-459c-a9bf-867dfb152071,cup,glass,0
AW0MG225VXWCN,1,retest,The glass and the cup are on the table. Ali pushes the BLANK off the table. The glass doesn't break.,state_nonfollows,state_nonfollows_context,327243ab-ecb2-459c-a9bf-867dfb152071,cup,glass,0
AW0MG225VXWCN,1,retest,The ice cube and the banana are in the fridge. Ali takes the BLANK out of the fridge. The ice cube doesn't melt.,state_nonfollows,state_nonfollows_context,0ce85161-2bb7-40b9-a0d6-bca40c92c702,banana,ice cube,0
AW0MG225VXWCN,1,retest,The ice cube and the banana are in the fridge. Ali takes the BLANK out of the fridge. The ice cube doesn't melt.,state_nonfollows,state_nonfollows_context,0ce85161-2bb7-40b9-a0d6-bca40c92c702,banana,ice cube,0
AW0MG225VXWCN,1,retest,The box is floating in the water. Ali puts a tennis ball in the box. The box BLANK.,action_nonfollows,action_nonfollows_target,5edcc89e-d5f6-4ac5-9f05-376d77f2b2d4,floats,sinks,1
AW0MG225VXWCN,1,retest,The box is floating in the water. Ali puts a tennis ball in the box. The box BLANK.,action_nonfollows,action_nonfollows_target,5edcc89e-d5f6-4ac5-9f05-376d77f2b2d4,floats,sinks,1
AW0MG225VXWCN,1,retest,The painting is BLANK Ali. Ali turns around. The painting is left of Ali.,egocentric_near,egocentric_near_context,6074e27e-d929-4b07-bc4d-252c7bcb463e,right of,left of,1
AW0MG225VXWCN,1,retest,The painting is BLANK Ali. Ali turns around. The painting is left of Ali.,egocentric_near,egocentric_near_context,6074e27e-d929-4b07-bc4d-252c7bcb463e,right of,left of,1
AW0MG225VXWCN,1,retest,Ali is behind the statue. Ali turns around. Ali is BLANK.,action_nonfollows,action_nonfollows_target,609276f4-276d-4b83-a87e-279b606bcaec,behind the statue,in front of the statue,1
AW0MG225VXWCN,1,retest,Ali is behind the statue. Ali turns around. Ali is BLANK.,action_nonfollows,action_nonfollows_target,609276f4-276d-4b83-a87e-279b606bcaec,behind the statue,in front of the statue,1
AW0MG225VXWCN,1,retest,The glass is on the floor. Ali bumps the table. The glass BLANK.,state_nonfollows,state_nonfollows_target,3482eb06-22b4-455d-819d-a4e799a6647f,doesn't break,breaks,1
AW0MG225VXWCN,1,retest,The glass is on the floor. Ali bumps the table. The glass BLANK.,state_nonfollows,state_nonfollows_target,3482eb06-22b4-455d-819d-a4e799a6647f,doesn't break,breaks,1
AW0MG225VXWCN,1,retest,The ball is BLANK the box. Ali pushes the ball forward. The ball is under the box.,action_nonfollows,action_nonfollows_context,2fcd18a5-4fe9-43af-be73-b08c8a69be3e,under,above,1
AW0MG225VXWCN,1,retest,The ball is BLANK the box. Ali pushes the ball forward. The ball is under the box.,action_nonfollows,action_nonfollows_context,2fcd18a5-4fe9-43af-be73-b08c8a69be3e,under,above,1
AW0MG225VXWCN,1,retest,The box is in the bin. Ali moves the box. The bin BLANK.,action_nonfollows,action_nonfollows_target,1637e508-3609-4421-8dd2-303fb71ebad9,doesn't move,moves,1
AW0MG225VXWCN,1,retest,The box is in the bin. Ali moves the box. The bin BLANK.,action_nonfollows,action_nonfollows_target,1637e508-3609-4421-8dd2-303fb71ebad9,doesn't move,moves,1
AW0MG225VXWCN,1,retest,The painting is to Ali's left. The painting is moved left. The painting is to Ali's BLANK.,egocentric_near,egocentric_near_target,33d5f7dc-85a0-4c33-ad94-ea5d1e85864b,right,left,0
AW0MG225VXWCN,1,retest,The painting is to Ali's left. The painting is moved left. The painting is to Ali's BLANK.,egocentric_near,egocentric_near_target,33d5f7dc-85a0-4c33-ad94-ea5d1e85864b,right,left,0
A14G89KUET2UJT,1,retest,The painting is BLANK Ali. Ali turns around. The painting is left of Ali.,egocentric_near,egocentric_near_context,6074e27e-d929-4b07-bc4d-252c7bcb463e,right of,left of,1
A14G89KUET2UJT,1,retest,Ali is facing away from Chicago. Ali turns left. Chicago is BLANK Ali.,egocentric_distant,egocentric_distant_target,3324abf7-6438-42bf-b7c2-6d54a58c5647,left of,right of,0
A14G89KUET2UJT,1,retest,Ali is BLANK the wagon. Ali pulls on the wagon. The wagon doesn't move.,action_nonfollows,action_nonfollows_context,55764064-722f-49d8-98a5-2e2d84e42d64,in,outside,1
A14G89KUET2UJT,1,retest,The glass and the cup are on the table. Ali pushes the BLANK off the table. The glass doesn't break.,state_nonfollows,state_nonfollows_context,327243ab-ecb2-459c-a9bf-867dfb152071,cup,glass,1
A14G89KUET2UJT,1,retest,Ali is BLANK the wagon. Ali pushes on the wagon. The wagon moves.,action_follows,action_follows_context,1f747dd7-a364-472a-9024-76517340aef3,behind,in front of,1
A14G89KUET2UJT,1,retest,Ali is facing away from Chicago. Ali turns around. Chicago is BLANK Ali.,egocentric_distant,egocentric_distant_target,49a33aab-df02-4990-beab-2a4f987d1064,in front of,behind,1
A14G89KUET2UJT,1,retest,The seesaw is balanced. Ali tilts the BLANK side of the seesaw. The left side goes up.,action_follows,action_follows_context,3853bb96-81c1-470b-b9d5-b17b811bf101,right,left,1
A14G89KUET2UJT,1,retest,The painting is behind Ali. Ali turns left. The painting is BLANK Ali.,egocentric_near,egocentric_near_target,59fc66d4-3afa-42da-a45d-f73f7a531076,left of,right of,0
A14G89KUET2UJT,1,retest,The glass is on the table. Ali fills the glass halfway. The table is BLANK.,state_nonfollows,state_nonfollows_target,0ab9f4a8-59f3-4c71-975a-36627213f744,dry,wet,1
A14G89KUET2UJT,1,retest,The ball is BLANK the box. The ball moves right. The ball is lower than the box.,action_nonfollows,action_nonfollows_context,4db85fa9-8307-4315-983c-1da01ebcfdf3,under,above,0
A14G89KUET2UJT,1,retest,The box is floating in the water. Ali puts a tennis ball in the box. The box BLANK.,action_nonfollows,action_nonfollows_target,5edcc89e-d5f6-4ac5-9f05-376d77f2b2d4,floats,sinks,1
A14G89KUET2UJT,1,retest,The glass is on the floor. Ali bumps the table. The glass BLANK.,state_nonfollows,state_nonfollows_target,3482eb06-22b4-455d-819d-a4e799a6647f,doesn't break,breaks,1
A14G89KUET2UJT,1,retest,The box is close to Ali. Ali throws the ball. The box is BLANK Ali.,action_nonfollows,action_nonfollows_target,0ebece86-74c2-44ea-9ef0-8d75a45ba56b,close to,far from,1
A14G89KUET2UJT,1,retest,Ali is facing BLANK Chicago. Ali turns left. Chicago is right of Ali.,egocentric_distant,egocentric_distant_context,431ac862-808b-48ca-8cc9-9227e24661e4,towards,away from,1
A14G89KUET2UJT,1,retest,Ali is behind the statue. Ali turns around. Ali is BLANK.,action_nonfollows,action_nonfollows_target,609276f4-276d-4b83-a87e-279b606bcaec,behind the statue,in front of the statue,0
A14G89KUET2UJT,1,retest,The painting is to Ali's left. The painting is moved left. The painting is to Ali's BLANK.,egocentric_near,egocentric_near_target,33d5f7dc-85a0-4c33-ad94-ea5d1e85864b,right,left,1
A14G89KUET2UJT,1,retest,Ali is BLANK painting. Ali turns around. Ali is behind the painting.,egocentric_near,egocentric_near_context,609267cd-7803-4f08-abfe-40ef7cec461e,behind,in front of,1
A14G89KUET2UJT,1,retest,Chicago is to Ali's BLANK. Ali turns left. Ali is facing towards Chicago.,egocentric_distant,egocentric_distant_context,0750fd63-cf47-440e-b7a4-8a5f610d3264,left,right,1
A14G89KUET2UJT,1,retest,The wagon is on the BLANK of the hill. Ali pushes the wagon. The wagon rolls.,action_follows,action_follows_context,17ed0db8-8e47-4da7-90ae-84dfc07af787,top,bottom,1
A14G89KUET2UJT,1,retest,Chicago is behind Ali. Ali turns right. Chicago is BLANK Ali.,egocentric_distant,egocentric_distant_target,208eaa12-f841-4068-b70e-a7c8edee31db,right of,left of,0
A14G89KUET2UJT,1,retest,The painting is to Ali's right. The painting is moved right. The painting is to Ali's BLANK.,egocentric_near,egocentric_near_target,4e1e4c8f-de93-44b5-a196-29575450bd42,right,left,0
A14G89KUET2UJT,1,retest,The painting is BLANK Ali. Ali turns left. The painting is left of Ali.,egocentric_near,egocentric_near_context,6889b667-4845-4fa2-9b38-2000f907b9e2,behind,in front of,1
A14G89KUET2UJT,1,retest,Chicago is BLANK Ali. Ali turns right. Chicago is left of Ali.,egocentric_distant,egocentric_distant_context,247fc701-a50f-47a4-b9ce-26e0e37764e8,in front of,behind,1
A14G89KUET2UJT,1,retest,The painting is BLANK Ali. Ali turns right. The painting is right of Ali.,egocentric_near,egocentric_near_context,42d93d82-da95-4c5e-96d3-8d266440c4ec,behind,in front of,0
A14G89KUET2UJT,1,retest,The book is on the table. Ali moves the table. The book BLANK.,action_follows,action_follows_target,0c7ff743-0286-4cb6-9639-4edb16b4b26d,moves,doesn't move,0
A14G89KUET2UJT,1,retest,The ball is BLANK the box. Ali pushes the ball forward. The ball is under the box.,action_nonfollows,action_nonfollows_context,2fcd18a5-4fe9-43af-be73-b08c8a69be3e,under,above,1
A14G89KUET2UJT,1,retest,Ali is BLANK. Ali turns around. Ali is in front of the statue.,action_nonfollows,action_nonfollows_context,0e147806-b88f-428d-a3c1-7bfa2651c6ad,in front of the statue,behind the statue,0
A14G89KUET2UJT,1,retest,The box is in the bin. Ali moves the box. The bin BLANK.,action_nonfollows,action_nonfollows_target,1637e508-3609-4421-8dd2-303fb71ebad9,doesn't move,moves,0
A14G89KUET2UJT,1,retest,The ice cube and the banana are in the fridge. Ali takes the BLANK out of the fridge. The ice cube doesn't melt.,state_nonfollows,state_nonfollows_context,0ce85161-2bb7-40b9-a0d6-bca40c92c702,banana,ice cube,1
A14G89KUET2UJT,1,retest,Ali is behind the painting. Ali turns around. Ali is BLANK the painting.,egocentric_near,egocentric_near_target,07167d4f-80b9-4acc-9071-2c51b88df677,behind,in front of,1
A14G89KUET2UJT,1,retest,The painting is BLANK of Ali. Ali turns left. The painting is right of Ali.,egocentric_near,egocentric_near_context,16e1a569-1ad9-4b0c-92b0-feb6df7b5b27,in front of,behind,0
A14G89KUET2UJT,1,retest,The ball is five feet from the box. Ali moves the box. The ball BLANK.,action_nonfollows,action_nonfollows_target,1fe70ed2-c4f2-46e8-a4ee-b795969fe940,doesn't move,moves,0
A14G89KUET2UJT,1,retest,The painting is BLANK Ali. Ali turns around. The painting is left of Ali.,egocentric_near,egocentric_near_context,6074e27e-d929-4b07-bc4d-252c7bcb463e,right of,left of,0
A14G89KUET2UJT,1,retest,The painting is BLANK Ali. Ali turns around. The painting is left of Ali.,egocentric_near,egocentric_near_context,6074e27e-d929-4b07-bc4d-252c7bcb463e,right of,left of,0
A14G89KUET2UJT,1,retest,Ali is facing away from Chicago. Ali turns left. Chicago is BLANK Ali.,egocentric_distant,egocentric_distant_target,3324abf7-6438-42bf-b7c2-6d54a58c5647,left of,right of,0
A14G89KUET2UJT,1,retest,Ali is facing away from Chicago. Ali turns left. Chicago is BLANK Ali.,egocentric_distant,egocentric_distant_target,3324abf7-6438-42bf-b7c2-6d54a58c5647,left of,right of,0
A14G89KUET2UJT,1,retest,The glass and the cup are on the table. Ali pushes the BLANK off the table. The glass doesn't break.,state_nonfollows,state_nonfollows_context,327243ab-ecb2-459c-a9bf-867dfb152071,cup,glass,0
A14G89KUET2UJT,1,retest,The glass and the cup are on the table. Ali pushes the BLANK off the table. The glass doesn't break.,state_nonfollows,state_nonfollows_context,327243ab-ecb2-459c-a9bf-867dfb152071,cup,glass,0
A14G89KUET2UJT,1,retest,Ali is BLANK the wagon. Ali pushes on the wagon. The wagon moves.,action_follows,action_follows_context,1f747dd7-a364-472a-9024-76517340aef3,behind,in front of,1
A14G89KUET2UJT,1,retest,Ali is BLANK the wagon. Ali pushes on the wagon. The wagon moves.,action_follows,action_follows_context,1f747dd7-a364-472a-9024-76517340aef3,behind,in front of,1
A14G89KUET2UJT,1,retest,The painting is behind Ali. Ali turns left. The painting is BLANK Ali.,egocentric_near,egocentric_near_target,59fc66d4-3afa-42da-a45d-f73f7a531076,left of,right of,1
A14G89KUET2UJT,1,retest,The painting is behind Ali. Ali turns left. The painting is BLANK Ali.,egocentric_near,egocentric_near_target,59fc66d4-3afa-42da-a45d-f73f7a531076,left of,right of,1
A14G89KUET2UJT,1,retest,The glass is on the table. Ali fills the glass halfway. The table is BLANK.,state_nonfollows,state_nonfollows_target,0ab9f4a8-59f3-4c71-975a-36627213f744,dry,wet,1
A14G89KUET2UJT,1,retest,The glass is on the table. Ali fills the glass halfway. The table is BLANK.,state_nonfollows,state_nonfollows_target,0ab9f4a8-59f3-4c71-975a-36627213f744,dry,wet,1
A14G89KUET2UJT,1,retest,The ball is BLANK the box. The ball moves right. The ball is lower than the box.,action_nonfollows,action_nonfollows_context,4db85fa9-8307-4315-983c-1da01ebcfdf3,under,above,1
A14G89KUET2UJT,1,retest,The ball is BLANK the box. The ball moves right. The ball is lower than the box.,action_nonfollows,action_nonfollows_context,4db85fa9-8307-4315-983c-1da01ebcfdf3,under,above,1
A14G89KUET2UJT,1,retest,The box is floating in the water. Ali puts a tennis ball in the box. The box BLANK.,action_nonfollows,action_nonfollows_target,5edcc89e-d5f6-4ac5-9f05-376d77f2b2d4,floats,sinks,0
A14G89KUET2UJT,1,retest,The box is floating in the water. Ali puts a tennis ball in the box. The box BLANK.,action_nonfollows,action_nonfollows_target,5edcc89e-d5f6-4ac5-9f05-376d77f2b2d4,floats,sinks,0
A14G89KUET2UJT,1,retest,The box is close to Ali. Ali throws the ball. The box is BLANK Ali.,action_nonfollows,action_nonfollows_target,0ebece86-74c2-44ea-9ef0-8d75a45ba56b,close to,far from,1
A14G89KUET2UJT,1,retest,The box is close to Ali. Ali throws the ball. The box is BLANK Ali.,action_nonfollows,action_nonfollows_target,0ebece86-74c2-44ea-9ef0-8d75a45ba56b,close to,far from,1
A14G89KUET2UJT,1,retest,Ali is behind the statue. Ali turns around. Ali is BLANK.,action_nonfollows,action_nonfollows_target,609276f4-276d-4b83-a87e-279b606bcaec,behind the statue,in front of the statue,0
A14G89KUET2UJT,1,retest,Ali is behind the statue. Ali turns around. Ali is BLANK.,action_nonfollows,action_nonfollows_target,609276f4-276d-4b83-a87e-279b606bcaec,behind the statue,in front of the statue,0
A14G89KUET2UJT,1,retest,Chicago is behind Ali. Ali turns right. Chicago is BLANK Ali.,egocentric_distant,egocentric_distant_target,208eaa12-f841-4068-b70e-a7c8edee31db,right of,left of,1
A14G89KUET2UJT,1,retest,Chicago is behind Ali. Ali turns right. Chicago is BLANK Ali.,egocentric_distant,egocentric_distant_target,208eaa12-f841-4068-b70e-a7c8edee31db,right of,left of,1
A14G89KUET2UJT,1,retest,The painting is to Ali's right. The painting is moved right. The painting is to Ali's BLANK.,egocentric_near,egocentric_near_target,4e1e4c8f-de93-44b5-a196-29575450bd42,right,left,1
A14G89KUET2UJT,1,retest,The painting is to Ali's right. The painting is moved right. The painting is to Ali's BLANK.,egocentric_near,egocentric_near_target,4e1e4c8f-de93-44b5-a196-29575450bd42,right,left,1
A14G89KUET2UJT,1,retest,The painting is BLANK Ali. Ali turns left. The painting is left of Ali.,egocentric_near,egocentric_near_context,6889b667-4845-4fa2-9b38-2000f907b9e2,behind,in front of,0
A14G89KUET2UJT,1,retest,The painting is BLANK Ali. Ali turns left. The painting is left of Ali.,egocentric_near,egocentric_near_context,6889b667-4845-4fa2-9b38-2000f907b9e2,behind,in front of,0
A14G89KUET2UJT,1,retest,The painting is BLANK Ali. Ali turns right. The painting is right of Ali.,egocentric_near,egocentric_near_context,42d93d82-da95-4c5e-96d3-8d266440c4ec,behind,in front of,1
A14G89KUET2UJT,1,retest,The painting is BLANK Ali. Ali turns right. The painting is right of Ali.,egocentric_near,egocentric_near_context,42d93d82-da95-4c5e-96d3-8d266440c4ec,behind,in front of,1
A14G89KUET2UJT,1,retest,The book is on the table. Ali moves the table. The book BLANK.,action_follows,action_follows_target,0c7ff743-0286-4cb6-9639-4edb16b4b26d,moves,doesn't move,1
A14G89KUET2UJT,1,retest,The book is on the table. Ali moves the table. The book BLANK.,action_follows,action_follows_target,0c7ff743-0286-4cb6-9639-4edb16b4b26d,moves,doesn't move,1
A14G89KUET2UJT,1,retest,Ali is BLANK. Ali turns around. Ali is in front of the statue.,action_nonfollows,action_nonfollows_context,0e147806-b88f-428d-a3c1-7bfa2651c6ad,in front of the statue,behind the statue,0
A14G89KUET2UJT,1,retest,Ali is BLANK. Ali turns around. Ali is in front of the statue.,action_nonfollows,action_nonfollows_context,0e147806-b88f-428d-a3c1-7bfa2651c6ad,in front of the statue,behind the statue,0
A14G89KUET2UJT,1,retest,The box is in the bin. Ali moves the box. The bin BLANK.,action_nonfollows,action_nonfollows_target,1637e508-3609-4421-8dd2-303fb71ebad9,doesn't move,moves,1
A14G89KUET2UJT,1,retest,The box is in the bin. Ali moves the box. The bin BLANK.,action_nonfollows,action_nonfollows_target,1637e508-3609-4421-8dd2-303fb71ebad9,doesn't move,moves,1
A14G89KUET2UJT,1,retest,The painting is BLANK of Ali. Ali turns left. The painting is right of Ali.,egocentric_near,egocentric_near_context,16e1a569-1ad9-4b0c-92b0-feb6df7b5b27,in front of,behind,0
A14G89KUET2UJT,1,retest,The painting is BLANK of Ali. Ali turns left. The painting is right of Ali.,egocentric_near,egocentric_near_context,16e1a569-1ad9-4b0c-92b0-feb6df7b5b27,in front of,behind,0
A14G89KUET2UJT,1,retest,The ball is five feet from the box. Ali moves the box. The ball BLANK.,action_nonfollows,action_nonfollows_target,1fe70ed2-c4f2-46e8-a4ee-b795969fe940,doesn't move,moves,1
A14G89KUET2UJT,1,retest,The ball is five feet from the box. Ali moves the box. The ball BLANK.,action_nonfollows,action_nonfollows_target,1fe70ed2-c4f2-46e8-a4ee-b795969fe940,doesn't move,moves,1
A197MUL3JD1NII,7,retest,Mark is behind Ali. Mark walks fowards. Mark is getting BLANK Ali.,two_refs_egocentric,two_refs_egocentric_target,6598bcd0-f33f-4f87-b010-7257d9037f54,closer to,further from,1
A197MUL3JD1NII,7,retest,Ali is holding the tennis ball and the ping pong ball is on the floor. Ali picks up the ping pong ball. The ping pong ball is BLANK the tennis ball.,relative_pos,relative_pos_target,693ba7bc-dad1-44c7-830a-1f3ffd184136,closer to,further from,1
A197MUL3JD1NII,7,retest,Mark is BLANK Ali. Mark walks backwards. Mark is getting further from Ali.,two_refs_egocentric,two_refs_egocentric_context,c2ee74e5-16de-4279-a23a-acbd7ca7713a,behind,in front of,0
A197MUL3JD1NII,7,retest,Ali is holding the tennis ball and the ping pong ball is on the floor. Ali BLANK the ping pong ball. The ping pong ball is closer to the tennis ball.,relative_pos,relative_pos_context,815efc19-8692-423b-86dd-902699bb7d2b,drops,picks up,0
A197MUL3JD1NII,7,retest,The box is next to the ball. Ali puts the BLANK. the ball is larger than the box.,relative_pos,relative_pos_context,db44d1c2-8255-4f3c-a854-369f71e3d5bb,box inside the ball,ball inside the box,1
A197MUL3JD1NII,7,retest,Mark is to the left of Ali. Mark looks to his left and Ali looks to his right. Ali is facing BLANK Mark.,two_refs_egocentric,two_refs_egocentric_target,e12cb996-7c2b-43c4-b4cb-e05c3fcf653d,away from,towards,1
A197MUL3JD1NII,7,retest,Mark and Ali are both facing left. Ali turns to his right. Ali is facing BLANK Mark.,two_refs_egocentric,two_refs_egocentric_target,0efcb0c1-350a-4c40-bf4c-954939371c8e,away from,towards,0
A197MUL3JD1NII,7,retest,Mark is to the BLANK Ali. Mark looks to his left and Ali looks to his left. Ali is facing towards Mark.,two_refs_egocentric,two_refs_egocentric_context,23a035cf-76fc-4e1e-bdfa-2a603d6012d5,left of,right of,0
A197MUL3JD1NII,7,retest,The box is next to the ball. Ali puts the box inside the ball. the ball is BLANK the box.,relative_pos,relative_pos_target,315733c9-f004-4fcf-a0fa-23ed7cf84a05,larger than,smaller than,1
A197MUL3JD1NII,7,retest,Mark and Ali are facing BLANK eachother. Mark turns around. Ali is facing away from Mark.,two_refs_egocentric,two_refs_egocentric_context,9f2a971f-7891-4d55-82e4-80ab3569a28c,away from,towards,0
A197MUL3JD1NII,7,retest,Mark is facing away from Ali. Ali turns around. Mark is facing BLANK Ali.,two_refs_egocentric,two_refs_egocentric_target,cbb6e2d4-1f3b-4790-adce-17e1a11978f5,away,towards,0
A197MUL3JD1NII,7,retest,Mark is facing right and Ali is facing left. Mark turns to his left. Mark is facing BLANK Ali.,two_refs_egocentric,two_refs_egocentric_target,71bbc61c-e146-4a9e-8769-32ceff15bba6,towards,away from,1
A197MUL3JD1NII,7,retest,Mark is facing BLANK Ali. Ali turns around. Mark is facing away Ali.,two_refs_egocentric,two_refs_egocentric_context,1f5ef932-b502-43fb-a96c-df6a6bdb3d77,away from,towards,0
A197MUL3JD1NII,7,retest,Mark is facing BLANK and Ali is facing left. Mark turns to his left. Mark is facing towards Ali.,two_refs_egocentric,two_refs_egocentric_context,1eead36c-5b61-4688-b511-77cd096d296f,right,left,1
A197MUL3JD1NII,7,retest,Mark is BLANK Ali. Mark walks forwards. Mark is getting closer to Ali.,two_refs_egocentric,two_refs_egocentric_context,174f837e-4f6c-4643-9ae0-906ecb12361f,behind,in front of,1
A197MUL3JD1NII,7,retest,Mark is in front of Ali. Mark walks forwards. Mark is getting BLANK Ali.,two_refs_egocentric,two_refs_egocentric_target,bc484807-e0f6-481e-bf94-847a69b5f59b,further from,closer to,1
A197MUL3JD1NII,7,retest,Mark and Ali are facing away from eachother. Mark turns around. Ali is facing BLANK Mark.,two_refs_egocentric,two_refs_egocentric_target,2deab35e-de13-4997-800d-a76f6de872b5,away from,towards,0
A197MUL3JD1NII,7,retest,The tennis ball is BLANK the bowling ball. Ali rolls the bowling ball. The bowling ball is further from the tennis ball.,relative_pos,relative_pos_context,d9f18d62-68d4-4db8-a4b5-847c5ff40a19,touching,far from,0
A197MUL3JD1NII,7,retest,Mark and Ali are both facing BLANK. Ali turns to his left. Ali is facing away from Mark.,two_refs_egocentric,two_refs_egocentric_context,0af1119d-9652-4176-bee8-91eb6bacad4d,right,left,1
A197MUL3JD1NII,7,retest,Mark and Ali are both facing BLANK. Ali turns to his right. Ali is facing away from Mark.,two_refs_egocentric,two_refs_egocentric_context,7df32e98-c6ec-4362-9615-aed868e66f99,left,right,0
A197MUL3JD1NII,7,retest,Ali is to Mark's BLANK. Ali turns around. Ali is to Mark's right.,two_refs_egocentric,two_refs_egocentric_context,5d6081c0-2b00-4c26-9edb-7aab052a472a,right,left,0
A197MUL3JD1NII,7,retest,Ali is holding the tennis ball and the ping pong ball. Ali BLANK the ping pong ball. The ping pong ball is further from the tennis ball.,relative_pos,relative_pos_context,c885cf08-3122-4f1c-bff8-ad3b84e36695,drops,picks up,1
A197MUL3JD1NII,7,retest,Ali is to the BLANK Mark. Mark looks to his right. Mark see Ali.,two_refs_egocentric,two_refs_egocentric_context,8f7779d1-883f-4bd5-951d-7634f15a3147,right of,left of,0
A197MUL3JD1NII,7,retest,Ali is facing towards Mark. Ali turns around. Ali is facing BLANK Mark.,two_refs_egocentric,two_refs_egocentric_target,15f7aaca-0828-405a-ae37-1c872c41f911,away,towards,1
A197MUL3JD1NII,7,retest,The box is next to the desk. Ali stacks the BLANK. The box is below the desk.,relative_pos,relative_pos_context,efb787d1-515a-449c-b016-7968a6a36a0f,desk on the box,box on the desk,1
A197MUL3JD1NII,7,retest,Mark and Ali are both facing right. Ali turns to his left. Ali is facing BLANK Mark.,two_refs_egocentric,two_refs_egocentric_target,47c656dc-8025-40bc-a1fe-3bb9814b4cbb,away from,towards,0
A197MUL3JD1NII,7,retest,Mark is to the left of Ali. Mark looks to his left and Ali looks to his left. Ali is facing BLANK Mark.,two_refs_egocentric,two_refs_egocentric_target,0a4dca2e-6b5e-4343-b5e3-080b1644618a,towards,away from,0
A197MUL3JD1NII,7,retest,The ball and the box are on top of the ramp. The ball rolls down the ramp. The ball is BLANK the box.,relative_pos,relative_pos_target,e29fe444-020a-4ed2-9b9b-87fcf3d911c8,lower than,higher than,1
A197MUL3JD1NII,7,retest,Ali is to the BLANK Mark. Mark looks to his left and Ali looks to his right. Ali is facing away from Mark.,two_refs_egocentric,two_refs_egocentric_context,d455789e-7214-4ba1-ad38-64565dccbf77,right of,left of,0
A197MUL3JD1NII,7,retest,Ali is to Mark's BLANK. Mark turns around. Ali is to Mark's left.,two_refs_egocentric,two_refs_egocentric_context,10d4a6f7-87fe-46ba-84b1-ea6e6adf357f,right,left,1
A197MUL3JD1NII,7,retest,Ali and Mark are facing eachother. BLANK turns around. Ali is facing towards Mark.,two_refs_egocentric,two_refs_egocentric_context,aaf79034-1765-467d-965f-7b2d0159db68,Mark,Ali,1
A197MUL3JD1NII,7,retest,Ali is to Mark's right. Ali turns around. Ali is to Mark's BLANK.,two_refs_egocentric,two_refs_egocentric_target,4b5ca386-a350-417d-859e-3d21020bc450,right,left,0
A197MUL3JD1NII,7,retest,Mark is behind Ali. Mark walks backwards. Mark is getting BLANK Ali.,two_refs_egocentric,two_refs_egocentric_target,6ff6db1e-6e7d-45bd-88fa-ed04746596c0,further from,closer to,1
A197MUL3JD1NII,7,retest,The box is next to the desk. Ali stacks the desk on the box. The box is BLANK the desk.,relative_pos,relative_pos_target,ce26d593-6e54-4ce5-b2ee-b510804b99cd,below,above,1
A197MUL3JD1NII,7,retest,Ali and Mark are facing eachother. Mark turns around. Ali is facing BLANK Mark.,two_refs_egocentric,two_refs_egocentric_target,49d0b194-7f0c-40e6-87dc-7e67c46a418e,towards,away from,0
A197MUL3JD1NII,7,retest,The ball is inside the box. Ali picks up the ball. The ball is BLANK the box.,relative_pos,relative_pos_target,28d85ad9-fe5a-44b8-aebb-06f0f7a635e7,not touching,touching,1
A197MUL3JD1NII,7,retest,Ali is to the right of Mark. Mark looks to his left and Ali looks to his right. Ali is facing BLANK Mark.,two_refs_egocentric,two_refs_egocentric_target,767e980c-4e89-4d82-b116-6e854125bf34,away from,towards,0
A197MUL3JD1NII,7,retest,Ali is facing BLANK Mark. Ali turns around. Ali is facing towards Mark.,two_refs_egocentric,two_refs_egocentric_context,5bbd51b4-7358-40dc-a42e-da4783b55c33,away from,towards,1
A197MUL3JD1NII,7,retest,The ball and the box are on the table. Ali picks up the ball. The ball is BLANK the box.,relative_pos,relative_pos_target,5d8c3a6d-0cc2-458b-99a8-aa6888a79292,higher than,lower than,1
A197MUL3JD1NII,7,retest,Ali is to the right of Mark. Mark looks to his left. Mark BLANK Ali.,two_refs_egocentric,two_refs_egocentric_target,5325997f-dd4a-4adb-8a34-ad602a759efe,can't see,sees,1
A197MUL3JD1NII,7,retest,Mark is BLANK Ali. Mark walks forwards. Mark is getting further from Ali.,two_refs_egocentric,two_refs_egocentric_context,f7d845e3-bf92-43ca-8274-b0da84be24af,in front of,behind,1
A197MUL3JD1NII,7,retest,The box is next to the ball. Ali puts the ball inside the box. The ball is BLANK the box.,relative_pos,relative_pos_target,257746e7-67e6-4ce8-adfc-8823a50bfec5,touching,not touching,1
A197MUL3JD1NII,7,retest,Ali is facing BLANK Mark. Ali turns around. Ali is facing away from Mark.,two_refs_egocentric,two_refs_egocentric_context,0e1987d0-56ac-4faf-bf4c-00e9eca4c1aa,towards,away from,1
A197MUL3JD1NII,7,retest,Ali is to Mark's right. Mark turns around. Ali is to Mark's BLANK.,two_refs_egocentric,two_refs_egocentric_target,f0b9b141-ad3a-4341-a0d9-a7bbe00bba06,left,right,1
A197MUL3JD1NII,7,retest,Mark is BLANK Ali. Mark walks backwards. Mark is getting further from Ali.,two_refs_egocentric,two_refs_egocentric_context,c2ee74e5-16de-4279-a23a-acbd7ca7713a,behind,in front of,0
A197MUL3JD1NII,7,retest,Mark is BLANK Ali. Mark walks backwards. Mark is getting further from Ali.,two_refs_egocentric,two_refs_egocentric_context,c2ee74e5-16de-4279-a23a-acbd7ca7713a,behind,in front of,0
A197MUL3JD1NII,7,retest,Ali is holding the tennis ball and the ping pong ball is on the floor. Ali BLANK the ping pong ball. The ping pong ball is closer to the tennis ball.,relative_pos,relative_pos_context,815efc19-8692-423b-86dd-902699bb7d2b,drops,picks up,0
A197MUL3JD1NII,7,retest,Ali is holding the tennis ball and the ping pong ball is on the floor. Ali BLANK the ping pong ball. The ping pong ball is closer to the tennis ball.,relative_pos,relative_pos_context,815efc19-8692-423b-86dd-902699bb7d2b,drops,picks up,0
A197MUL3JD1NII,7,retest,The box is next to the ball. Ali puts the BLANK. the ball is larger than the box.,relative_pos,relative_pos_context,db44d1c2-8255-4f3c-a854-369f71e3d5bb,box inside the ball,ball inside the box,1
A197MUL3JD1NII,7,retest,The box is next to the ball. Ali puts the BLANK. the ball is larger than the box.,relative_pos,relative_pos_context,db44d1c2-8255-4f3c-a854-369f71e3d5bb,box inside the ball,ball inside the box,1
A197MUL3JD1NII,7,retest,Mark is to the left of Ali. Mark looks to his left and Ali looks to his right. Ali is facing BLANK Mark.,two_refs_egocentric,two_refs_egocentric_target,e12cb996-7c2b-43c4-b4cb-e05c3fcf653d,away from,towards,0
A197MUL3JD1NII,7,retest,Mark is to the left of Ali. Mark looks to his left and Ali looks to his right. Ali is facing BLANK Mark.,two_refs_egocentric,two_refs_egocentric_target,e12cb996-7c2b-43c4-b4cb-e05c3fcf653d,away from,towards,0
A197MUL3JD1NII,7,retest,Mark and Ali are both facing left. Ali turns to his right. Ali is facing BLANK Mark.,two_refs_egocentric,two_refs_egocentric_target,0efcb0c1-350a-4c40-bf4c-954939371c8e,away from,towards,0
A197MUL3JD1NII,7,retest,Mark and Ali are both facing left. Ali turns to his right. Ali is facing BLANK Mark.,two_refs_egocentric,two_refs_egocentric_target,0efcb0c1-350a-4c40-bf4c-954939371c8e,away from,towards,0
A197MUL3JD1NII,7,retest,Mark is to the BLANK Ali. Mark looks to his left and Ali looks to his left. Ali is facing towards Mark.,two_refs_egocentric,two_refs_egocentric_context,23a035cf-76fc-4e1e-bdfa-2a603d6012d5,left of,right of,0
A197MUL3JD1NII,7,retest,Mark is to the BLANK Ali. Mark looks to his left and Ali looks to his left. Ali is facing towards Mark.,two_refs_egocentric,two_refs_egocentric_context,23a035cf-76fc-4e1e-bdfa-2a603d6012d5,left of,right of,0
A197MUL3JD1NII,7,retest,The box is next to the ball. Ali puts the box inside the ball. the ball is BLANK the box.,relative_pos,relative_pos_target,315733c9-f004-4fcf-a0fa-23ed7cf84a05,larger than,smaller than,1
A197MUL3JD1NII,7,retest,The box is next to the ball. Ali puts the box inside the ball. the ball is BLANK the box.,relative_pos,relative_pos_target,315733c9-f004-4fcf-a0fa-23ed7cf84a05,larger than,smaller than,1
A197MUL3JD1NII,7,retest,Mark and Ali are facing BLANK eachother. Mark turns around. Ali is facing away from Mark.,two_refs_egocentric,two_refs_egocentric_context,9f2a971f-7891-4d55-82e4-80ab3569a28c,away from,towards,0
A197MUL3JD1NII,7,retest,Mark and Ali are facing BLANK eachother. Mark turns around. Ali is facing away from Mark.,two_refs_egocentric,two_refs_egocentric_context,9f2a971f-7891-4d55-82e4-80ab3569a28c,away from,towards,0
A197MUL3JD1NII,7,retest,Mark is facing away from Ali. Ali turns around. Mark is facing BLANK Ali.,two_refs_egocentric,two_refs_egocentric_target,cbb6e2d4-1f3b-4790-adce-17e1a11978f5,away,towards,1
A197MUL3JD1NII,7,retest,Mark is facing away from Ali. Ali turns around. Mark is facing BLANK Ali.,two_refs_egocentric,two_refs_egocentric_target,cbb6e2d4-1f3b-4790-adce-17e1a11978f5,away,towards,1
A197MUL3JD1NII,7,retest,Mark is facing right and Ali is facing left. Mark turns to his left. Mark is facing BLANK Ali.,two_refs_egocentric,two_refs_egocentric_target,71bbc61c-e146-4a9e-8769-32ceff15bba6,towards,away from,1
A197MUL3JD1NII,7,retest,Mark is facing right and Ali is facing left. Mark turns to his left. Mark is facing BLANK Ali.,two_refs_egocentric,two_refs_egocentric_target,71bbc61c-e146-4a9e-8769-32ceff15bba6,towards,away from,1
A197MUL3JD1NII,7,retest,Mark is facing BLANK Ali. Ali turns around. Mark is facing away Ali.,two_refs_egocentric,two_refs_egocentric_context,1f5ef932-b502-43fb-a96c-df6a6bdb3d77,away from,towards,0
A197MUL3JD1NII,7,retest,Mark is facing BLANK Ali. Ali turns around. Mark is facing away Ali.,two_refs_egocentric,two_refs_egocentric_context,1f5ef932-b502-43fb-a96c-df6a6bdb3d77,away from,towards,0
A197MUL3JD1NII,7,retest,Mark and Ali are facing away from eachother. Mark turns around. Ali is facing BLANK Mark.,two_refs_egocentric,two_refs_egocentric_target,2deab35e-de13-4997-800d-a76f6de872b5,away from,towards,0
A197MUL3JD1NII,7,retest,Mark and Ali are facing away from eachother. Mark turns around. Ali is facing BLANK Mark.,two_refs_egocentric,two_refs_egocentric_target,2deab35e-de13-4997-800d-a76f6de872b5,away from,towards,0
A197MUL3JD1NII,7,retest,The tennis ball is BLANK the bowling ball. Ali rolls the bowling ball. The bowling ball is further from the tennis ball.,relative_pos,relative_pos_context,d9f18d62-68d4-4db8-a4b5-847c5ff40a19,touching,far from,0
A197MUL3JD1NII,7,retest,The tennis ball is BLANK the bowling ball. Ali rolls the bowling ball. The bowling ball is further from the tennis ball.,relative_pos,relative_pos_context,d9f18d62-68d4-4db8-a4b5-847c5ff40a19,touching,far from,0
A197MUL3JD1NII,7,retest,Mark and Ali are both facing BLANK. Ali turns to his right. Ali is facing away from Mark.,two_refs_egocentric,two_refs_egocentric_context,7df32e98-c6ec-4362-9615-aed868e66f99,left,right,0
A197MUL3JD1NII,7,retest,Mark and Ali are both facing BLANK. Ali turns to his right. Ali is facing away from Mark.,two_refs_egocentric,two_refs_egocentric_context,7df32e98-c6ec-4362-9615-aed868e66f99,left,right,0
A197MUL3JD1NII,7,retest,Ali is to Mark's BLANK. Ali turns around. Ali is to Mark's right.,two_refs_egocentric,two_refs_egocentric_context,5d6081c0-2b00-4c26-9edb-7aab052a472a,right,left,0
A197MUL3JD1NII,7,retest,Ali is to Mark's BLANK. Ali turns around. Ali is to Mark's right.,two_refs_egocentric,two_refs_egocentric_context,5d6081c0-2b00-4c26-9edb-7aab052a472a,right,left,0
A197MUL3JD1NII,7,retest,Ali is to the BLANK Mark. Mark looks to his right. Mark see Ali.,two_refs_egocentric,two_refs_egocentric_context,8f7779d1-883f-4bd5-951d-7634f15a3147,right of,left of,0
A197MUL3JD1NII,7,retest,Ali is to the BLANK Mark. Mark looks to his right. Mark see Ali.,two_refs_egocentric,two_refs_egocentric_context,8f7779d1-883f-4bd5-951d-7634f15a3147,right of,left of,0
A197MUL3JD1NII,7,retest,Mark and Ali are both facing right. Ali turns to his left. Ali is facing BLANK Mark.,two_refs_egocentric,two_refs_egocentric_target,47c656dc-8025-40bc-a1fe-3bb9814b4cbb,away from,towards,0
A197MUL3JD1NII,7,retest,Mark and Ali are both facing right. Ali turns to his left. Ali is facing BLANK Mark.,two_refs_egocentric,two_refs_egocentric_target,47c656dc-8025-40bc-a1fe-3bb9814b4cbb,away from,towards,0
A197MUL3JD1NII,7,retest,Mark is to the left of Ali. Mark looks to his left and Ali looks to his left. Ali is facing BLANK Mark.,two_refs_egocentric,two_refs_egocentric_target,0a4dca2e-6b5e-4343-b5e3-080b1644618a,towards,away from,0
A197MUL3JD1NII,7,retest,Mark is to the left of Ali. Mark looks to his left and Ali looks to his left. Ali is facing BLANK Mark.,two_refs_egocentric,two_refs_egocentric_target,0a4dca2e-6b5e-4343-b5e3-080b1644618a,towards,away from,0
A197MUL3JD1NII,7,retest,The ball and the box are on top of the ramp. The ball rolls down the ramp. The ball is BLANK the box.,relative_pos,relative_pos_target,e29fe444-020a-4ed2-9b9b-87fcf3d911c8,lower than,higher than,1
A197MUL3JD1NII,7,retest,The ball and the box are on top of the ramp. The ball rolls down the ramp. The ball is BLANK the box.,relative_pos,relative_pos_target,e29fe444-020a-4ed2-9b9b-87fcf3d911c8,lower than,higher than,1
A197MUL3JD1NII,7,retest,Ali is to the BLANK Mark. Mark looks to his left and Ali looks to his right. Ali is facing away from Mark.,two_refs_egocentric,two_refs_egocentric_context,d455789e-7214-4ba1-ad38-64565dccbf77,right of,left of,1
A197MUL3JD1NII,7,retest,Ali is to the BLANK Mark. Mark looks to his left and Ali looks to his right. Ali is facing away from Mark.,two_refs_egocentric,two_refs_egocentric_context,d455789e-7214-4ba1-ad38-64565dccbf77,right of,left of,1
A197MUL3JD1NII,7,retest,Ali is to Mark's right. Ali turns around. Ali is to Mark's BLANK.,two_refs_egocentric,two_refs_egocentric_target,4b5ca386-a350-417d-859e-3d21020bc450,right,left,0
A197MUL3JD1NII,7,retest,Ali is to Mark's right. Ali turns around. Ali is to Mark's BLANK.,two_refs_egocentric,two_refs_egocentric_target,4b5ca386-a350-417d-859e-3d21020bc450,right,left,0
A197MUL3JD1NII,7,retest,Ali and Mark are facing eachother. Mark turns around. Ali is facing BLANK Mark.,two_refs_egocentric,two_refs_egocentric_target,49d0b194-7f0c-40e6-87dc-7e67c46a418e,towards,away from,0
A197MUL3JD1NII,7,retest,Ali and Mark are facing eachother. Mark turns around. Ali is facing BLANK Mark.,two_refs_egocentric,two_refs_egocentric_target,49d0b194-7f0c-40e6-87dc-7e67c46a418e,towards,away from,0
A197MUL3JD1NII,7,retest,Ali is to the right of Mark. Mark looks to his left and Ali looks to his right. Ali is facing BLANK Mark.,two_refs_egocentric,two_refs_egocentric_target,767e980c-4e89-4d82-b116-6e854125bf34,away from,towards,1
A197MUL3JD1NII,7,retest,Ali is to the right of Mark. Mark looks to his left and Ali looks to his right. Ali is facing BLANK Mark.,two_refs_egocentric,two_refs_egocentric_target,767e980c-4e89-4d82-b116-6e854125bf34,away from,towards,1
A197MUL3JD1NII,7,retest,Ali is facing BLANK Mark. Ali turns around. Ali is facing towards Mark.,two_refs_egocentric,two_refs_egocentric_context,5bbd51b4-7358-40dc-a42e-da4783b55c33,away from,towards,1
A197MUL3JD1NII,7,retest,Ali is facing BLANK Mark. Ali turns around. Ali is facing towards Mark.,two_refs_egocentric,two_refs_egocentric_context,5bbd51b4-7358-40dc-a42e-da4783b55c33,away from,towards,1
A197MUL3JD1NII,7,retest,Ali is to the right of Mark. Mark looks to his left. Mark BLANK Ali.,two_refs_egocentric,two_refs_egocentric_target,5325997f-dd4a-4adb-8a34-ad602a759efe,can't see,sees,1
A197MUL3JD1NII,7,retest,Ali is to the right of Mark. Mark looks to his left. Mark BLANK Ali.,two_refs_egocentric,two_refs_egocentric_target,5325997f-dd4a-4adb-8a34-ad602a759efe,can't see,sees,1
A197MUL3JD1NII,7,retest,Mark is BLANK Ali. Mark walks forwards. Mark is getting further from Ali.,two_refs_egocentric,two_refs_egocentric_context,f7d845e3-bf92-43ca-8274-b0da84be24af,in front of,behind,0
A197MUL3JD1NII,7,retest,Mark is BLANK Ali. Mark walks forwards. Mark is getting further from Ali.,two_refs_egocentric,two_refs_egocentric_context,f7d845e3-bf92-43ca-8274-b0da84be24af,in front of,behind,0
A1F8MH33EFT5VQ,5,retest,Ali is BLANK of Milwaukee. Ali walks West. Ali is getting closer to Milwaukee.,geocentric_distant,geocentric_distant_context,a049e969-bc7f-4cf3-837b-136cd4fedea7,East,West,0
A1F8MH33EFT5VQ,5,retest,The painting is BLANK Ali. Ali turns right. The painting is West of Ali.,geocentric_near,geocentric_near_context,b4a4599e-5c35-4017-bddf-d8cd9906ad1a,West of,North of,0
A1F8MH33EFT5VQ,5,retest,The painting is BLANK Ali. Ali turns left. The painting is East of Ali.,geocentric_near,geocentric_near_context,9d8ecfc4-35b9-4001-9529-6b0c8a91e01a,East of,North of,0
A1F8MH33EFT5VQ,5,retest,The box is BLANK Ali. Ali turns around. The box is South of Ali.,geocentric_near,geocentric_near_context,e586c6ab-2759-4cf9-a481-e86e8d272815,South of,North of,1
A1F8MH33EFT5VQ,5,retest,The statue is East of Ali. Ali walks North. The statue is BLANK of Ali.,geocentric_near,geocentric_near_target,bed5c852-6e27-4cca-be42-7d3a0632c454,East of,South of,1
A1F8MH33EFT5VQ,5,retest,The painting is West of Ali. Ali turns right. The painting is BLANK Ali.,geocentric_near,geocentric_near_target,7fb75cc7-af4d-4698-9d29-a9b064fdde65,West of,North of,1
A1F8MH33EFT5VQ,5,retest,The painting is West of Ali. Ali turns around. The painting is BLANK Ali.,geocentric_near,geocentric_near_target,90c1e22f-06ef-4e79-bebf-1f933f4395e6,West of,East of,1
A1F8MH33EFT5VQ,5,retest,Ali is South of Milwaukee. Ali walks North. Ali is getting BLANK Milwaukee.,geocentric_distant,geocentric_distant_target,ce32dac1-fbf6-4834-9716-7a2194b5b314,closer to,further from,1
A1F8MH33EFT5VQ,5,retest,Mark is facing East. Mark turns 90 degrees to his right. Mark is facing BLANK.,geocentric_near,geocentric_near_target,ef8f3d6c-fc26-496d-a9e0-433ea2eb5454,South,North,0
A1F8MH33EFT5VQ,5,retest,Milwaukee is BLANK Ali. Ali turns left. Milwaukee is West of Ali.,geocentric_distant,geocentric_distant_context,fee9924b-cb25-446b-af44-b62170c8290e,West of,South of,0
A1F8MH33EFT5VQ,5,retest,The painting is South of Ali. Ali turns right. The painting is BLANK Ali.,geocentric_near,geocentric_near_target,d2717556-613e-4cc6-8a14-bc04bbd1740c,South of,West of,1
A1F8MH33EFT5VQ,5,retest,Ali is East of Milwaukee. Ali walks East. Ali is getting BLANK Milwaukee.,geocentric_distant,geocentric_distant_target,b89afe78-3f1f-4856-97cc-382a35eb4abc,further from,closer to,1
A1F8MH33EFT5VQ,5,retest,Milwaukee is BLANK Ali. Ali turns left. Milwaukee is North of Ali.,geocentric_distant,geocentric_distant_context,cc3c9137-122e-4dd0-85f2-e816de95a28f,North of,West of,1
A1F8MH33EFT5VQ,5,retest,Ali is BLANK of Milwaukee. Ali walks North. Ali is getting closer to Milwaukee.,geocentric_distant,geocentric_distant_context,9dca2d9b-abbf-4a6e-b9ca-e05ba8ab913e,South,North,1
A1F8MH33EFT5VQ,5,retest,The box is BLANK Ali. Ali turns around. The box is North of Ali.,geocentric_near,geocentric_near_context,cc0f8483-f6de-46de-8138-cd9f9e354061,North of,South of,1
A1F8MH33EFT5VQ,5,retest,The painting is BLANK Ali. Ali turns around. The painting is South of Ali.,geocentric_near,geocentric_near_context,af058740-4880-41ea-93b6-e1468cd69ac2,South of,North of,1
A1F8MH33EFT5VQ,5,retest,Milwaukee is North of Ali. Ali turns left. Milwaukee is BLANK Ali.,geocentric_distant,geocentric_distant_target,c21b22b3-1dc6-4e7e-945c-d6dbc3235254,North of,West of,1
A1F8MH33EFT5VQ,5,retest,Ali is BLANK of Milwaukee. Ali walks South. Ali is getting further from Milwaukee.,geocentric_distant,geocentric_distant_context,da9ce4e1-d6fd-430c-ab2a-8e4cfb1e1400,South,North,0
A1F8MH33EFT5VQ,5,retest,Milwaukee is BLANK Ali. Ali turns left. Milwaukee is South of Ali.,geocentric_distant,geocentric_distant_context,e801aa45-2a31-477e-8726-58aeb4978f44,South of,East of,1
A1F8MH33EFT5VQ,5,retest,Milwaukee is BLANK Ali. Ali turns right. Milwaukee is West of Ali.,geocentric_distant,geocentric_distant_context,80095f76-f1b0-4965-b854-61fab928d906,West of,North of,1
A1F8MH33EFT5VQ,5,retest,The statue is West of Ali. Ali walks South. The statue is BLANK of Ali.,geocentric_near,geocentric_near_target,947caead-a96c-4aae-bb19-33860a26d48c,West of,North of,1
A1F8MH33EFT5VQ,5,retest,The statue is BLANK Ali. Ali walks South. The statue is West of Ali.,geocentric_near,geocentric_near_context,da2835cc-e084-4f03-9452-35e32d6584d5,West of,North of,1
A1F8MH33EFT5VQ,5,retest,The painting is BLANK Ali. Ali turns left. The painting is South of Ali.,geocentric_near,geocentric_near_context,9e3abe2a-1e64-497a-ad89-98c2e646676e,South of,East of,1
A1F8MH33EFT5VQ,5,retest,The painting is East of Ali. Ali turns left. The painting is BLANK Ali.,geocentric_near,geocentric_near_target,fdf94dc5-2cb7-4323-b672-3b0a32f5f7b9,East of,North of,0
A1F8MH33EFT5VQ,5,retest,Ali is BLANK of Milwaukee. Ali walks East. Ali is getting further from Milwaukee.,geocentric_distant,geocentric_distant_context,bed73e8c-2190-4ce1-b61e-150f5ed1c776,East,West,1
A1F8MH33EFT5VQ,5,retest,The painting is BLANK Ali. Ali turns left. The painting is North of Ali.,geocentric_near,geocentric_near_context,ff265d4c-2988-4db0-8cd1-c8613db5c189,North of,West of,1
A1F8MH33EFT5VQ,5,retest,The statue is North of Ali. Ali walks East. The statue is BLANK of Ali.,geocentric_near,geocentric_near_target,97a7f128-d80a-434a-923a-5b23093392d4,North of,West of,1
A1F8MH33EFT5VQ,5,retest,Milwaukee is North of Ali. Ali turns around. Milwaukee is BLANK Ali.,geocentric_distant,geocentric_distant_target,fa50948a-b463-4701-8704-800588c7931b,North of,South of,1
A1F8MH33EFT5VQ,5,retest,The painting is South of Ali. Ali turns around. The painting is BLANK Ali.,geocentric_near,geocentric_near_target,8367bb5a-4d50-4466-b766-1c9cfe03964b,South of,North of,1
A1F8MH33EFT5VQ,5,retest,Milwaukee is West of Ali. Ali turns right. Milwaukee is BLANK Ali.,geocentric_distant,geocentric_distant_target,fe55d52f-2cbe-4ed6-99c7-3621f42b708e,West of,North of,1
A1F8MH33EFT5VQ,5,retest,The painting is BLANK of Ali. Ali turns around. The painting is West of Ali.,geocentric_near,geocentric_near_context,f1bed182-4854-4817-be9b-bbd83f82b6b3,West of,East of,0
A1F8MH33EFT5VQ,5,retest,The box is North of Ali. Ali turns around. The box is BLANK Ali.,geocentric_near,geocentric_near_target,817b1f6d-ff16-476d-8da8-4a5a189ff6fc,North of,South of,1
A1F8MH33EFT5VQ,5,retest,Milwaukee is BLANK Ali. Ali turns right. Milwaukee is East of Ali.,geocentric_distant,geocentric_distant_context,f5e6b60f-829f-4ded-b496-1853dcc2d3ab,East of,South of,0
A1F8MH33EFT5VQ,5,retest,The statue is BLANK Ali. Ali walks East. The statue is South of Ali.,geocentric_near,geocentric_near_context,dda332bc-7e07-43d3-9b4e-320f1d426b3a,South of,West of,0
A1F8MH33EFT5VQ,5,retest,The statue is North of Ali. Ali walks West. The statue is BLANK of Ali.,geocentric_near,geocentric_near_target,cd6c5c62-7e69-4c2f-abed-f16de0c2cc46,North of,East of,1
A1F8MH33EFT5VQ,5,retest,Milwaukee is BLANK Ali. Ali turns around. Milwaukee is West of Ali.,geocentric_distant,geocentric_distant_context,c5d2016b-d26b-44b9-90f5-184b6445bd3a,West of,East of,0
A1F8MH33EFT5VQ,5,retest,The painting is North of Ali. Ali turns left. The painting is BLANK Ali.,geocentric_near,geocentric_near_target,fc7cdc2e-21c4-449d-8e3b-d09643846cbf,North of,West of,1
A1F8MH33EFT5VQ,5,retest,Mark is facing North. Mark turns 90 degrees to his right. Mark is facing BLANK.,geocentric_near,geocentric_near_target,a525a72c-72cd-4fa4-8728-d405b2df6c2d,East,West,0
A1F8MH33EFT5VQ,5,retest,Milwaukee is East of Ali. Ali turns right. Milwaukee is BLANK Ali.,geocentric_distant,geocentric_distant_target,d348dbb0-d78c-457c-af70-1bbeb5842ea7,East of,South of,1
A1F8MH33EFT5VQ,5,retest,The statue is BLANK Ali. Ali walks North. The statue is East of Ali.,geocentric_near,geocentric_near_context,900df025-c5e8-4874-a648-b98abcac3bec,East of,South of,1
A1F8MH33EFT5VQ,5,retest,The box is BLANK Ali. Ali turns around. The box is West of Ali.,geocentric_near,geocentric_near_context,c77f4233-c964-4f83-8ac6-95f75eae89bf,West of,East of,1
A1F8MH33EFT5VQ,5,retest,Ali is BLANK of Milwaukee. Ali walks West. Ali is getting closer to Milwaukee.,geocentric_distant,geocentric_distant_context,a049e969-bc7f-4cf3-837b-136cd4fedea7,East,West,0
A1F8MH33EFT5VQ,5,retest,Ali is BLANK of Milwaukee. Ali walks West. Ali is getting closer to Milwaukee.,geocentric_distant,geocentric_distant_context,a049e969-bc7f-4cf3-837b-136cd4fedea7,East,West,0
A1F8MH33EFT5VQ,5,retest,The painting is BLANK Ali. Ali turns right. The painting is West of Ali.,geocentric_near,geocentric_near_context,b4a4599e-5c35-4017-bddf-d8cd9906ad1a,West of,North of,1
A1F8MH33EFT5VQ,5,retest,The painting is BLANK Ali. Ali turns right. The painting is West of Ali.,geocentric_near,geocentric_near_context,b4a4599e-5c35-4017-bddf-d8cd9906ad1a,West of,North of,1
A1F8MH33EFT5VQ,5,retest,The painting is BLANK Ali. Ali turns left. The painting is East of Ali.,geocentric_near,geocentric_near_context,9d8ecfc4-35b9-4001-9529-6b0c8a91e01a,East of,North of,0
A1F8MH33EFT5VQ,5,retest,The painting is BLANK Ali. Ali turns left. The painting is East of Ali.,geocentric_near,geocentric_near_context,9d8ecfc4-35b9-4001-9529-6b0c8a91e01a,East of,North of,0
A1F8MH33EFT5VQ,5,retest,The box is BLANK Ali. Ali turns around. The box is South of Ali.,geocentric_near,geocentric_near_context,e586c6ab-2759-4cf9-a481-e86e8d272815,South of,North of,1
A1F8MH33EFT5VQ,5,retest,The box is BLANK Ali. Ali turns around. The box is South of Ali.,geocentric_near,geocentric_near_context,e586c6ab-2759-4cf9-a481-e86e8d272815,South of,North of,1
A1F8MH33EFT5VQ,5,retest,The painting is West of Ali. Ali turns right. The painting is BLANK Ali.,geocentric_near,geocentric_near_target,7fb75cc7-af4d-4698-9d29-a9b064fdde65,West of,North of,1
A1F8MH33EFT5VQ,5,retest,The painting is West of Ali. Ali turns right. The painting is BLANK Ali.,geocentric_near,geocentric_near_target,7fb75cc7-af4d-4698-9d29-a9b064fdde65,West of,North of,1
A1F8MH33EFT5VQ,5,retest,Ali is South of Milwaukee. Ali walks North. Ali is getting BLANK Milwaukee.,geocentric_distant,geocentric_distant_target,ce32dac1-fbf6-4834-9716-7a2194b5b314,closer to,further from,1
A1F8MH33EFT5VQ,5,retest,Ali is South of Milwaukee. Ali walks North. Ali is getting BLANK Milwaukee.,geocentric_distant,geocentric_distant_target,ce32dac1-fbf6-4834-9716-7a2194b5b314,closer to,further from,1
A1F8MH33EFT5VQ,5,retest,Mark is facing East. Mark turns 90 degrees to his right. Mark is facing BLANK.,geocentric_near,geocentric_near_target,ef8f3d6c-fc26-496d-a9e0-433ea2eb5454,South,North,0
A1F8MH33EFT5VQ,5,retest,Mark is facing East. Mark turns 90 degrees to his right. Mark is facing BLANK.,geocentric_near,geocentric_near_target,ef8f3d6c-fc26-496d-a9e0-433ea2eb5454,South,North,0
A1F8MH33EFT5VQ,5,retest,Milwaukee is BLANK Ali. Ali turns left. Milwaukee is West of Ali.,geocentric_distant,geocentric_distant_context,fee9924b-cb25-446b-af44-b62170c8290e,West of,South of,1
A1F8MH33EFT5VQ,5,retest,Milwaukee is BLANK Ali. Ali turns left. Milwaukee is West of Ali.,geocentric_distant,geocentric_distant_context,fee9924b-cb25-446b-af44-b62170c8290e,West of,South of,1
A1F8MH33EFT5VQ,5,retest,Milwaukee is BLANK Ali. Ali turns left. Milwaukee is North of Ali.,geocentric_distant,geocentric_distant_context,cc3c9137-122e-4dd0-85f2-e816de95a28f,North of,West of,1
A1F8MH33EFT5VQ,5,retest,Milwaukee is BLANK Ali. Ali turns left. Milwaukee is North of Ali.,geocentric_distant,geocentric_distant_context,cc3c9137-122e-4dd0-85f2-e816de95a28f,North of,West of,1
A1F8MH33EFT5VQ,5,retest,The box is BLANK Ali. Ali turns around. The box is North of Ali.,geocentric_near,geocentric_near_context,cc0f8483-f6de-46de-8138-cd9f9e354061,North of,South of,1
A1F8MH33EFT5VQ,5,retest,The box is BLANK Ali. Ali turns around. The box is North of Ali.,geocentric_near,geocentric_near_context,cc0f8483-f6de-46de-8138-cd9f9e354061,North of,South of,1
A1F8MH33EFT5VQ,5,retest,Milwaukee is North of Ali. Ali turns left. Milwaukee is BLANK Ali.,geocentric_distant,geocentric_distant_target,c21b22b3-1dc6-4e7e-945c-d6dbc3235254,North of,West of,1
A1F8MH33EFT5VQ,5,retest,Milwaukee is North of Ali. Ali turns left. Milwaukee is BLANK Ali.,geocentric_distant,geocentric_distant_target,c21b22b3-1dc6-4e7e-945c-d6dbc3235254,North of,West of,1
A1F8MH33EFT5VQ,5,retest,Ali is BLANK of Milwaukee. Ali walks South. Ali is getting further from Milwaukee.,geocentric_distant,geocentric_distant_context,da9ce4e1-d6fd-430c-ab2a-8e4cfb1e1400,South,North,1
A1F8MH33EFT5VQ,5,retest,Ali is BLANK of Milwaukee. Ali walks South. Ali is getting further from Milwaukee.,geocentric_distant,geocentric_distant_context,da9ce4e1-d6fd-430c-ab2a-8e4cfb1e1400,South,North,1
A1F8MH33EFT5VQ,5,retest,The statue is West of Ali. Ali walks South. The statue is BLANK of Ali.,geocentric_near,geocentric_near_target,947caead-a96c-4aae-bb19-33860a26d48c,West of,North of,0
A1F8MH33EFT5VQ,5,retest,The statue is West of Ali. Ali walks South. The statue is BLANK of Ali.,geocentric_near,geocentric_near_target,947caead-a96c-4aae-bb19-33860a26d48c,West of,North of,0
A1F8MH33EFT5VQ,5,retest,The painting is East of Ali. Ali turns left. The painting is BLANK Ali.,geocentric_near,geocentric_near_target,fdf94dc5-2cb7-4323-b672-3b0a32f5f7b9,East of,North of,0
A1F8MH33EFT5VQ,5,retest,The painting is East of Ali. Ali turns left. The painting is BLANK Ali.,geocentric_near,geocentric_near_target,fdf94dc5-2cb7-4323-b672-3b0a32f5f7b9,East of,North of,0
A1F8MH33EFT5VQ,5,retest,Ali is BLANK of Milwaukee. Ali walks East. Ali is getting further from Milwaukee.,geocentric_distant,geocentric_distant_context,bed73e8c-2190-4ce1-b61e-150f5ed1c776,East,West,1
A1F8MH33EFT5VQ,5,retest,Ali is BLANK of Milwaukee. Ali walks East. Ali is getting further from Milwaukee.,geocentric_distant,geocentric_distant_context,bed73e8c-2190-4ce1-b61e-150f5ed1c776,East,West,1
A1F8MH33EFT5VQ,5,retest,The painting is South of Ali. Ali turns around. The painting is BLANK Ali.,geocentric_near,geocentric_near_target,8367bb5a-4d50-4466-b766-1c9cfe03964b,South of,North of,1
A1F8MH33EFT5VQ,5,retest,The painting is South of Ali. Ali turns around. The painting is BLANK Ali.,geocentric_near,geocentric_near_target,8367bb5a-4d50-4466-b766-1c9cfe03964b,South of,North of,1
A1F8MH33EFT5VQ,5,retest,The painting is BLANK of Ali. Ali turns around. The painting is West of Ali.,geocentric_near,geocentric_near_context,f1bed182-4854-4817-be9b-bbd83f82b6b3,West of,East of,1
A1F8MH33EFT5VQ,5,retest,The painting is BLANK of Ali. Ali turns around. The painting is West of Ali.,geocentric_near,geocentric_near_context,f1bed182-4854-4817-be9b-bbd83f82b6b3,West of,East of,1
A1F8MH33EFT5VQ,5,retest,The box is North of Ali. Ali turns around. The box is BLANK Ali.,geocentric_near,geocentric_near_target,817b1f6d-ff16-476d-8da8-4a5a189ff6fc,North of,South of,1
A1F8MH33EFT5VQ,5,retest,The box is North of Ali. Ali turns around. The box is BLANK Ali.,geocentric_near,geocentric_near_target,817b1f6d-ff16-476d-8da8-4a5a189ff6fc,North of,South of,1
A1F8MH33EFT5VQ,5,retest,Milwaukee is BLANK Ali. Ali turns right. Milwaukee is East of Ali.,geocentric_distant,geocentric_distant_context,f5e6b60f-829f-4ded-b496-1853dcc2d3ab,East of,South of,1
A1F8MH33EFT5VQ,5,retest,Milwaukee is BLANK Ali. Ali turns right. Milwaukee is East of Ali.,geocentric_distant,geocentric_distant_context,f5e6b60f-829f-4ded-b496-1853dcc2d3ab,East of,South of,1
A1F8MH33EFT5VQ,5,retest,The statue is BLANK Ali. Ali walks East. The statue is South of Ali.,geocentric_near,geocentric_near_context,dda332bc-7e07-43d3-9b4e-320f1d426b3a,South of,West of,1
A1F8MH33EFT5VQ,5,retest,The statue is BLANK Ali. Ali walks East. The statue is South of Ali.,geocentric_near,geocentric_near_context,dda332bc-7e07-43d3-9b4e-320f1d426b3a,South of,West of,1
A1F8MH33EFT5VQ,5,retest,Milwaukee is BLANK Ali. Ali turns around. Milwaukee is West of Ali.,geocentric_distant,geocentric_distant_context,c5d2016b-d26b-44b9-90f5-184b6445bd3a,West of,East of,0
A1F8MH33EFT5VQ,5,retest,Milwaukee is BLANK Ali. Ali turns around. Milwaukee is West of Ali.,geocentric_distant,geocentric_distant_context,c5d2016b-d26b-44b9-90f5-184b6445bd3a,West of,East of,0
A1F8MH33EFT5VQ,5,retest,The painting is North of Ali. Ali turns left. The painting is BLANK Ali.,geocentric_near,geocentric_near_target,fc7cdc2e-21c4-449d-8e3b-d09643846cbf,North of,West of,1
A1F8MH33EFT5VQ,5,retest,The painting is North of Ali. Ali turns left. The painting is BLANK Ali.,geocentric_near,geocentric_near_target,fc7cdc2e-21c4-449d-8e3b-d09643846cbf,North of,West of,1
A1F8MH33EFT5VQ,5,retest,Mark is facing North. Mark turns 90 degrees to his right. Mark is facing BLANK.,geocentric_near,geocentric_near_target,a525a72c-72cd-4fa4-8728-d405b2df6c2d,East,West,0
A1F8MH33EFT5VQ,5,retest,Mark is facing North. Mark turns 90 degrees to his right. Mark is facing BLANK.,geocentric_near,geocentric_near_target,a525a72c-72cd-4fa4-8728-d405b2df6c2d,East,West,0
A1F8MH33EFT5VQ,5,retest,The statue is BLANK Ali. Ali walks North. The statue is East of Ali.,geocentric_near,geocentric_near_context,900df025-c5e8-4874-a648-b98abcac3bec,East of,South of,1
A1F8MH33EFT5VQ,5,retest,The statue is BLANK Ali. Ali walks North. The statue is East of Ali.,geocentric_near,geocentric_near_context,900df025-c5e8-4874-a648-b98abcac3bec,East of,South of,1
A1YW7H9U84E80N,4,retest,The painting is BLANK Ali. Ali turns right. The painting is North of Ali.,geocentric_near,geocentric_near_context,3eedd983-6f21-45cb-8008-1014712a7b7b,North of,East of,0
A1YW7H9U84E80N,4,retest,Mark is facing South. Mark turns 90 degrees to his right. Mark is facing BLANK.,geocentric_near,geocentric_near_target,1911dc4d-f888-4f10-847b-e9940e7aa3cc,West,East,1
A1YW7H9U84E80N,4,retest,Milwaukee is BLANK Ali. Ali turns around. Milwaukee is South of Ali.,geocentric_distant,geocentric_distant_context,71d90361-bbec-4143-a556-ce4b5bdc12ef,South of,North of,0
A1YW7H9U84E80N,4,retest,Milwaukee is East of Ali. Ali turns around. Milwaukee is BLANK Ali.,geocentric_distant,geocentric_distant_target,2d04b915-2739-4516-9aa3-4b513d3292f8,East of,West of,0
A1YW7H9U84E80N,4,retest,The statue is South of Ali. Ali walks East. The statue is BLANK of Ali.,geocentric_near,geocentric_near_target,74f043f5-acec-4feb-86b0-8ef876aecd9e,South of,West of,1
A1YW7H9U84E80N,4,retest,Milwaukee is South of Ali. Ali turns around. Milwaukee is BLANK Ali.,geocentric_distant,geocentric_distant_target,1df25621-f5fc-45c4-b67e-908755a4b805,South of,North of,0
A1YW7H9U84E80N,4,retest,The painting is BLANK of Ali. Ali turns around. The painting is East of Ali.,geocentric_near,geocentric_near_context,10a923c5-3759-4bf7-9d6a-d986ed2fd2be,East of,West of,0
A1YW7H9U84E80N,4,retest,Milwaukee is North of Ali. Ali turns right. Milwaukee is BLANK Ali.,geocentric_distant,geocentric_distant_target,3e898758-3fe2-437c-ae53-dac3e31b103d,North of,East of,1
A1YW7H9U84E80N,4,retest,The statue is BLANK Ali. Ali walks West. The statue is North of Ali.,geocentric_near,geocentric_near_context,2394a22c-ce98-4455-8af8-9365567f5512,North of,East of,1
A1YW7H9U84E80N,4,retest,The painting is West of Ali. Ali turns left. The painting is BLANK Ali.,geocentric_near,geocentric_near_target,755f2c4d-3da2-4db8-bedd-f1a04cb521da,West of,South of,1
A1YW7H9U84E80N,4,retest,Milwaukee is BLANK Ali. Ali turns around. Milwaukee is North of Ali.,geocentric_distant,geocentric_distant_context,14f6052a-0630-41e5-8e32-49b50329bc7c,North of,South of,0
A1YW7H9U84E80N,4,retest,The statue is BLANK Ali. Ali walks East. The statue is North of Ali.,geocentric_near,geocentric_near_context,65877b0d-ab1c-4076-9083-baee15b3f77c,North of,West of,1
A1YW7H9U84E80N,4,retest,The statue is BLANK Ali. Ali walks North. The statue is West of Ali.,geocentric_near,geocentric_near_context,1548d982-1dd9-4987-a32f-e7901bf4ae19,West of,South of,1
A1YW7H9U84E80N,4,retest,Milwaukee is West of Ali. Ali turns left. Milwaukee is BLANK Ali.,geocentric_distant,geocentric_distant_target,4a5694f4-513a-4932-b03f-7e15b79f4152,West of,South of,1
A1YW7H9U84E80N,4,retest,The painting is BLANK Ali. Ali turns right. The painting is South of Ali.,geocentric_near,geocentric_near_context,53e65902-e67a-4c24-b2ad-c73e60322ad7,South of,West of,1
A1YW7H9U84E80N,4,retest,Milwaukee is South of Ali. Ali turns left. Milwaukee is BLANK Ali.,geocentric_distant,geocentric_distant_target,4ebfa491-4cac-42c5-989f-28d141866d2d,South,East of,1
A1YW7H9U84E80N,4,retest,The painting is BLANK Ali. Ali turns around. The painting is North of Ali.,geocentric_near,geocentric_near_context,0f6d0640-aa19-4331-b909-2d4ce3819888,North of,South of,0
A1YW7H9U84E80N,4,retest,The statue is BLANK Ali. Ali walks South. The statue is East of Ali.,geocentric_near,geocentric_near_context,1d96d949-42bd-435b-b94b-18a7daf5eda7,East of,North of,1
A1YW7H9U84E80N,4,retest,Milwaukee is BLANK Ali. Ali turns around. Milwaukee is East of Ali.,geocentric_distant,geocentric_distant_context,77c0d17a-6bd6-4db4-bc73-14f3e7d2b394,East of,West of,0
A1YW7H9U84E80N,4,retest,The box is BLANK Ali. Ali turns around. The box is East of Ali.,geocentric_near,geocentric_near_context,32cf82f2-f1d9-47f7-a424-179811371198,East of,West of,1
A1YW7H9U84E80N,4,retest,Milwaukee is BLANK Ali. Ali turns right. Milwaukee is South of Ali.,geocentric_distant,geocentric_distant_context,3f98a0d2-e39a-44fe-8829-f36a67060ce0,South of,West of,1
A1YW7H9U84E80N,4,retest,The statue is West of Ali. Ali walks North. The statue is BLANK of Ali.,geocentric_near,geocentric_near_target,02001830-4e69-4fbb-bf98-17c2b84f5101,West of,South of,1
A1YW7H9U84E80N,4,retest,Milwaukee is BLANK of Ali. Ali walks West. Ali is getting closer to Milwaukee.,geocentric_distant,geocentric_distant_context,39f1ec10-1ca4-4e11-8934-4468bf7bdf07,West,East,1
A1YW7H9U84E80N,4,retest,The painting is BLANK Ali. Ali turns right. The painting is East of Ali.,geocentric_near,geocentric_near_context,75584ccb-cf13-4dad-a836-d1718688dd78,East of,South of,0
A1YW7H9U84E80N,4,retest,The box is West of Ali. Ali turns around. The box is BLANK Ali.,geocentric_near,geocentric_near_target,4707b854-94c1-4bdf-bbbe-523dcbcffb17,West of,East of,0
A1YW7H9U84E80N,4,retest,The painting is South of Ali. Ali turns left. The painting is BLANK Ali.,geocentric_near,geocentric_near_target,388f87fc-7d6f-42d9-baa2-180cee60026e,South of,East of,1
A1YW7H9U84E80N,4,retest,The box is South of Ali. Ali turns around. The box is BLANK Ali.,geocentric_near,geocentric_near_target,53d5158f-a2f6-4185-8c98-08da3e6ec92c,South of,North of,0
A1YW7H9U84E80N,4,retest,The painting is North of Ali. Ali turns around. The painting is BLANK Ali.,geocentric_near,geocentric_near_target,259d98cc-7d54-4369-9cee-c39d9df87771,North of,South of,0
A1YW7H9U84E80N,4,retest,Milwaukee is BLANK Ali. Ali turns right. Milwaukee is North of Ali.,geocentric_distant,geocentric_distant_context,7206047f-87f8-4d57-a741-e044eeb302c2,North of,East of,1
A1YW7H9U84E80N,4,retest,The box is East of Ali. Ali turns around. The box is BLANK Ali.,geocentric_near,geocentric_near_target,1db16913-f23f-4f1e-92ed-27302deba9fc,East of,West of,1
A1YW7H9U84E80N,4,retest,Milwaukee is BLANK Ali. Ali turns left. Milwaukee is East of Ali.,geocentric_distant,geocentric_distant_context,3db7d6ed-6556-41e8-84c7-4842a7f10aaf,East of,North of,0
A1YW7H9U84E80N,4,retest,The painting is East of Ali. Ali turns right. The painting is BLANK Ali.,geocentric_near,geocentric_near_target,5f2ceea9-dc97-4a8e-b41e-8340d27dcae0,East of,South of,0
A1YW7H9U84E80N,4,retest,The painting is North of Ali. Ali turns right. The painting is BLANK Ali.,geocentric_near,geocentric_near_target,56e0ef8c-a438-4942-90a4-b8ed0b45e5a9,North of,East of,0
A1YW7H9U84E80N,4,retest,Ali is East of Milwaukee. Ali walks West. Ali is getting BLANK Milwaukee.,geocentric_distant,geocentric_distant_target,67b9b39e-21bf-4eae-bc30-d2bbccfd7b46,closer to,further from,1
A1YW7H9U84E80N,4,retest,Ali is directly BLANK of Milwaukee. Ali walks West. Ali is Southwest of Milwaukee.,geocentric_distant,geocentric_distant_context,300eca91-7f1c-427a-94bf-0ba740b8f6ac,South,North,0
A1YW7H9U84E80N,4,retest,Mark is facing BLANK. Mark turns 90 degrees to his right. Mark is facing West.,geocentric_near,geocentric_near_context,158db60e-90ac-4371-8e54-92fec86e2514,South,North,1
A1YW7H9U84E80N,4,retest,The painting is East of Ali. Ali turns around. The painting is BLANK Ali.,geocentric_near,geocentric_near_target,14321555-7ea9-4679-b51e-ac67fb252f49,East of,West of,0
A1YW7H9U84E80N,4,retest,The statue is East of Ali. Ali walks South. The statue is BLANK of Ali.,geocentric_near,geocentric_near_target,7132ca09-59fa-476f-9222-57847641467d,East of,North of,1
A1YW7H9U84E80N,4,retest,The painting is BLANK Ali. Ali turns left. The painting is West of Ali.,geocentric_near,geocentric_near_context,371933d5-09a6-4be0-ab6a-736ebc7c885d,West of,South of,1
A1YW7H9U84E80N,4,retest,Milwaukee is West of Ali. Ali turns around. Milwaukee is BLANK Ali.,geocentric_distant,geocentric_distant_target,5a23ac72-538b-4ce0-9c8d-3fcbaf720c14,West of,East of,0
A1YW7H9U84E80N,4,retest,Ali is directly North of Milwaukee. Ali walks East. Ali is BLANK Milwaukee.,geocentric_distant,geocentric_distant_target,72cd0076-2e45-4c94-b071-27ad4067b3ba,Northeast,Southwest,1
A1YW7H9U84E80N,4,retest,Mark is facing BLANK. Mark turns 90 degrees to his right. Mark is facing North.,geocentric_near,geocentric_near_context,6aeba3f8-1b5a-41e2-8a91-d8af80926c51,West,East,0
A1YW7H9U84E80N,4,retest,The painting is BLANK Ali. Ali turns right. The painting is North of Ali.,geocentric_near,geocentric_near_context,3eedd983-6f21-45cb-8008-1014712a7b7b,North of,East of,1
A1YW7H9U84E80N,4,retest,The painting is BLANK Ali. Ali turns right. The painting is North of Ali.,geocentric_near,geocentric_near_context,3eedd983-6f21-45cb-8008-1014712a7b7b,North of,East of,1
A1YW7H9U84E80N,4,retest,Mark is facing South. Mark turns 90 degrees to his right. Mark is facing BLANK.,geocentric_near,geocentric_near_target,1911dc4d-f888-4f10-847b-e9940e7aa3cc,West,East,1
A1YW7H9U84E80N,4,retest,Mark is facing South. Mark turns 90 degrees to his right. Mark is facing BLANK.,geocentric_near,geocentric_near_target,1911dc4d-f888-4f10-847b-e9940e7aa3cc,West,East,1
A1YW7H9U84E80N,4,retest,Milwaukee is BLANK Ali. Ali turns around. Milwaukee is South of Ali.,geocentric_distant,geocentric_distant_context,71d90361-bbec-4143-a556-ce4b5bdc12ef,South of,North of,0
A1YW7H9U84E80N,4,retest,Milwaukee is BLANK Ali. Ali turns around. Milwaukee is South of Ali.,geocentric_distant,geocentric_distant_context,71d90361-bbec-4143-a556-ce4b5bdc12ef,South of,North of,0
A1YW7H9U84E80N,4,retest,Milwaukee is East of Ali. Ali turns around. Milwaukee is BLANK Ali.,geocentric_distant,geocentric_distant_target,2d04b915-2739-4516-9aa3-4b513d3292f8,East of,West of,0
A1YW7H9U84E80N,4,retest,Milwaukee is East of Ali. Ali turns around. Milwaukee is BLANK Ali.,geocentric_distant,geocentric_distant_target,2d04b915-2739-4516-9aa3-4b513d3292f8,East of,West of,0
A1YW7H9U84E80N,4,retest,Milwaukee is South of Ali. Ali turns around. Milwaukee is BLANK Ali.,geocentric_distant,geocentric_distant_target,1df25621-f5fc-45c4-b67e-908755a4b805,South of,North of,0
A1YW7H9U84E80N,4,retest,Milwaukee is South of Ali. Ali turns around. Milwaukee is BLANK Ali.,geocentric_distant,geocentric_distant_target,1df25621-f5fc-45c4-b67e-908755a4b805,South of,North of,0
A1YW7H9U84E80N,4,retest,The painting is BLANK of Ali. Ali turns around. The painting is East of Ali.,geocentric_near,geocentric_near_context,10a923c5-3759-4bf7-9d6a-d986ed2fd2be,East of,West of,1
A1YW7H9U84E80N,4,retest,The painting is BLANK of Ali. Ali turns around. The painting is East of Ali.,geocentric_near,geocentric_near_context,10a923c5-3759-4bf7-9d6a-d986ed2fd2be,East of,West of,1
A1YW7H9U84E80N,4,retest,The statue is BLANK Ali. Ali walks West. The statue is North of Ali.,geocentric_near,geocentric_near_context,2394a22c-ce98-4455-8af8-9365567f5512,North of,East of,1
A1YW7H9U84E80N,4,retest,The statue is BLANK Ali. Ali walks West. The statue is North of Ali.,geocentric_near,geocentric_near_context,2394a22c-ce98-4455-8af8-9365567f5512,North of,East of,1
A1YW7H9U84E80N,4,retest,Milwaukee is BLANK Ali. Ali turns around. Milwaukee is North of Ali.,geocentric_distant,geocentric_distant_context,14f6052a-0630-41e5-8e32-49b50329bc7c,North of,South of,0
A1YW7H9U84E80N,4,retest,Milwaukee is BLANK Ali. Ali turns around. Milwaukee is North of Ali.,geocentric_distant,geocentric_distant_context,14f6052a-0630-41e5-8e32-49b50329bc7c,North of,South of,0
A1YW7H9U84E80N,4,retest,The statue is BLANK Ali. Ali walks East. The statue is North of Ali.,geocentric_near,geocentric_near_context,65877b0d-ab1c-4076-9083-baee15b3f77c,North of,West of,1
A1YW7H9U84E80N,4,retest,The statue is BLANK Ali. Ali walks East. The statue is North of Ali.,geocentric_near,geocentric_near_context,65877b0d-ab1c-4076-9083-baee15b3f77c,North of,West of,1
A1YW7H9U84E80N,4,retest,Milwaukee is West of Ali. Ali turns left. Milwaukee is BLANK Ali.,geocentric_distant,geocentric_distant_target,4a5694f4-513a-4932-b03f-7e15b79f4152,West of,South of,1
A1YW7H9U84E80N,4,retest,Milwaukee is West of Ali. Ali turns left. Milwaukee is BLANK Ali.,geocentric_distant,geocentric_distant_target,4a5694f4-513a-4932-b03f-7e15b79f4152,West of,South of,1
A1YW7H9U84E80N,4,retest,The painting is BLANK Ali. Ali turns around. The painting is North of Ali.,geocentric_near,geocentric_near_context,0f6d0640-aa19-4331-b909-2d4ce3819888,North of,South of,1
A1YW7H9U84E80N,4,retest,The painting is BLANK Ali. Ali turns around. The painting is North of Ali.,geocentric_near,geocentric_near_context,0f6d0640-aa19-4331-b909-2d4ce3819888,North of,South of,1
A1YW7H9U84E80N,4,retest,Milwaukee is BLANK Ali. Ali turns around. Milwaukee is East of Ali.,geocentric_distant,geocentric_distant_context,77c0d17a-6bd6-4db4-bc73-14f3e7d2b394,East of,West of,1
A1YW7H9U84E80N,4,retest,Milwaukee is BLANK Ali. Ali turns around. Milwaukee is East of Ali.,geocentric_distant,geocentric_distant_context,77c0d17a-6bd6-4db4-bc73-14f3e7d2b394,East of,West of,1
A1YW7H9U84E80N,4,retest,The box is BLANK Ali. Ali turns around. The box is East of Ali.,geocentric_near,geocentric_near_context,32cf82f2-f1d9-47f7-a424-179811371198,East of,West of,1
A1YW7H9U84E80N,4,retest,The box is BLANK Ali. Ali turns around. The box is East of Ali.,geocentric_near,geocentric_near_context,32cf82f2-f1d9-47f7-a424-179811371198,East of,West of,1
A1YW7H9U84E80N,4,retest,Milwaukee is BLANK Ali. Ali turns right. Milwaukee is South of Ali.,geocentric_distant,geocentric_distant_context,3f98a0d2-e39a-44fe-8829-f36a67060ce0,South of,West of,1
A1YW7H9U84E80N,4,retest,Milwaukee is BLANK Ali. Ali turns right. Milwaukee is South of Ali.,geocentric_distant,geocentric_distant_context,3f98a0d2-e39a-44fe-8829-f36a67060ce0,South of,West of,1
A1YW7H9U84E80N,4,retest,The statue is West of Ali. Ali walks North. The statue is BLANK of Ali.,geocentric_near,geocentric_near_target,02001830-4e69-4fbb-bf98-17c2b84f5101,West of,South of,1
A1YW7H9U84E80N,4,retest,The statue is West of Ali. Ali walks North. The statue is BLANK of Ali.,geocentric_near,geocentric_near_target,02001830-4e69-4fbb-bf98-17c2b84f5101,West of,South of,1
A1YW7H9U84E80N,4,retest,Milwaukee is BLANK of Ali. Ali walks West. Ali is getting closer to Milwaukee.,geocentric_distant,geocentric_distant_context,39f1ec10-1ca4-4e11-8934-4468bf7bdf07,West,East,1
A1YW7H9U84E80N,4,retest,Milwaukee is BLANK of Ali. Ali walks West. Ali is getting closer to Milwaukee.,geocentric_distant,geocentric_distant_context,39f1ec10-1ca4-4e11-8934-4468bf7bdf07,West,East,1
A1YW7H9U84E80N,4,retest,The painting is BLANK Ali. Ali turns right. The painting is East of Ali.,geocentric_near,geocentric_near_context,75584ccb-cf13-4dad-a836-d1718688dd78,East of,South of,1
A1YW7H9U84E80N,4,retest,The painting is BLANK Ali. Ali turns right. The painting is East of Ali.,geocentric_near,geocentric_near_context,75584ccb-cf13-4dad-a836-d1718688dd78,East of,South of,1
A1YW7H9U84E80N,4,retest,The box is West of Ali. Ali turns around. The box is BLANK Ali.,geocentric_near,geocentric_near_target,4707b854-94c1-4bdf-bbbe-523dcbcffb17,West of,East of,1
A1YW7H9U84E80N,4,retest,The box is West of Ali. Ali turns around. The box is BLANK Ali.,geocentric_near,geocentric_near_target,4707b854-94c1-4bdf-bbbe-523dcbcffb17,West of,East of,1
A1YW7H9U84E80N,4,retest,The box is South of Ali. Ali turns around. The box is BLANK Ali.,geocentric_near,geocentric_near_target,53d5158f-a2f6-4185-8c98-08da3e6ec92c,South of,North of,1
A1YW7H9U84E80N,4,retest,The box is South of Ali. Ali turns around. The box is BLANK Ali.,geocentric_near,geocentric_near_target,53d5158f-a2f6-4185-8c98-08da3e6ec92c,South of,North of,1
A1YW7H9U84E80N,4,retest,The painting is North of Ali. Ali turns around. The painting is BLANK Ali.,geocentric_near,geocentric_near_target,259d98cc-7d54-4369-9cee-c39d9df87771,North of,South of,1
A1YW7H9U84E80N,4,retest,The painting is North of Ali. Ali turns around. The painting is BLANK Ali.,geocentric_near,geocentric_near_target,259d98cc-7d54-4369-9cee-c39d9df87771,North of,South of,1
A1YW7H9U84E80N,4,retest,Milwaukee is BLANK Ali. Ali turns left. Milwaukee is East of Ali.,geocentric_distant,geocentric_distant_context,3db7d6ed-6556-41e8-84c7-4842a7f10aaf,East of,North of,1
A1YW7H9U84E80N,4,retest,Milwaukee is BLANK Ali. Ali turns left. Milwaukee is East of Ali.,geocentric_distant,geocentric_distant_context,3db7d6ed-6556-41e8-84c7-4842a7f10aaf,East of,North of,1
A1YW7H9U84E80N,4,retest,The painting is East of Ali. Ali turns right. The painting is BLANK Ali.,geocentric_near,geocentric_near_target,5f2ceea9-dc97-4a8e-b41e-8340d27dcae0,East of,South of,1
A1YW7H9U84E80N,4,retest,The painting is East of Ali. Ali turns right. The painting is BLANK Ali.,geocentric_near,geocentric_near_target,5f2ceea9-dc97-4a8e-b41e-8340d27dcae0,East of,South of,1
A1YW7H9U84E80N,4,retest,The painting is North of Ali. Ali turns right. The painting is BLANK Ali.,geocentric_near,geocentric_near_target,56e0ef8c-a438-4942-90a4-b8ed0b45e5a9,North of,East of,1
A1YW7H9U84E80N,4,retest,The painting is North of Ali. Ali turns right. The painting is BLANK Ali.,geocentric_near,geocentric_near_target,56e0ef8c-a438-4942-90a4-b8ed0b45e5a9,North of,East of,1
A1YW7H9U84E80N,4,retest,Ali is East of Milwaukee. Ali walks West. Ali is getting BLANK Milwaukee.,geocentric_distant,geocentric_distant_target,67b9b39e-21bf-4eae-bc30-d2bbccfd7b46,closer to,further from,0
A1YW7H9U84E80N,4,retest,Ali is East of Milwaukee. Ali walks West. Ali is getting BLANK Milwaukee.,geocentric_distant,geocentric_distant_target,67b9b39e-21bf-4eae-bc30-d2bbccfd7b46,closer to,further from,0
A1YW7H9U84E80N,4,retest,Ali is directly BLANK of Milwaukee. Ali walks West. Ali is Southwest of Milwaukee.,geocentric_distant,geocentric_distant_context,300eca91-7f1c-427a-94bf-0ba740b8f6ac,South,North,1
A1YW7H9U84E80N,4,retest,Ali is directly BLANK of Milwaukee. Ali walks West. Ali is Southwest of Milwaukee.,geocentric_distant,geocentric_distant_context,300eca91-7f1c-427a-94bf-0ba740b8f6ac,South,North,1
A1YW7H9U84E80N,4,retest,The painting is East of Ali. Ali turns around. The painting is BLANK Ali.,geocentric_near,geocentric_near_target,14321555-7ea9-4679-b51e-ac67fb252f49,East of,West of,1
A1YW7H9U84E80N,4,retest,The painting is East of Ali. Ali turns around. The painting is BLANK Ali.,geocentric_near,geocentric_near_target,14321555-7ea9-4679-b51e-ac67fb252f49,East of,West of,1
A1YW7H9U84E80N,4,retest,Milwaukee is West of Ali. Ali turns around. Milwaukee is BLANK Ali.,geocentric_distant,geocentric_distant_target,5a23ac72-538b-4ce0-9c8d-3fcbaf720c14,West of,East of,1
A1YW7H9U84E80N,4,retest,Milwaukee is West of Ali. Ali turns around. Milwaukee is BLANK Ali.,geocentric_distant,geocentric_distant_target,5a23ac72-538b-4ce0-9c8d-3fcbaf720c14,West of,East of,1
A1YW7H9U84E80N,4,retest,Mark is facing BLANK. Mark turns 90 degrees to his right. Mark is facing North.,geocentric_near,geocentric_near_context,6aeba3f8-1b5a-41e2-8a91-d8af80926c51,West,East,1
A1YW7H9U84E80N,4,retest,Mark is facing BLANK. Mark turns 90 degrees to his right. Mark is facing North.,geocentric_near,geocentric_near_context,6aeba3f8-1b5a-41e2-8a91-d8af80926c51,West,East,1
A2A07J1P6YEW6Z,3,retest,Chicago is BLANK Ali. Ali turns around. Chicago is right of Ali.,egocentric_distant,egocentric_distant_context,bd0f5cf2-1bf0-4afe-bd33-ce9732fbbc49,left of,right of,1
A2A07J1P6YEW6Z,3,retest,Ali is facing BLANK Chicago. Ali turns right. Chicago is left of Ali.,egocentric_distant,egocentric_distant_context,d11f84d4-2104-4b0c-8891-39fe2409a5f7,towards,away from,0
A2A07J1P6YEW6Z,3,retest,Ali is in the wagon. Ali pushes on the wagon. The wagon BLANK.,action_nonfollows,action_nonfollows_target,d131310b-9566-4029-bfa8-6f106043b088,doesn't move,moves,0
A2A07J1P6YEW6Z,3,retest,Ali is BLANK the wagon. Ali pushes on the wagon. The wagon doesn't move.,action_nonfollows,action_nonfollows_context,f827d2d9-18d0-4d34-a155-7ec3d4f1b7ab,in,outside,1
A2A07J1P6YEW6Z,3,retest,The box is close to Ali. Ali throws the BLANK. The box is close to Ali.,action_nonfollows,action_nonfollows_context,cce2c8f9-2ca6-4851-93b5-e79efd0dfdae,ball,box,0
A2A07J1P6YEW6Z,3,retest,The book is under the table. Ali moves the book. The table BLANK.,action_nonfollows,action_nonfollows_target,f5e611bf-a370-4ff7-91e4-b512b870c4b9,doesn't move,moves,1
A2A07J1P6YEW6Z,3,retest,Chicago is right of Ali. Ali turns around. Chicago is BLANK Ali.,egocentric_distant,egocentric_distant_target,c942a4b4-8538-400d-8605-2a4f0bc000ef,left of,right of,1
A2A07J1P6YEW6Z,3,retest,The glass is on the table. Ali bumps the table. The glass BLANK.,state_follows,state_follows_target,ca2dc996-8318-492e-b057-cd6d42dc5072,breaks,doesn't break,1
A2A07J1P6YEW6Z,3,retest,The painting is left of Ali. Ali turns around. The painting is BLANK Ali.,egocentric_near,egocentric_near_target,d7a5f10b-56f3-4321-a665-c2c94f57e605,right of,left of,1
A2A07J1P6YEW6Z,3,retest,Ali is facing BLANK Milwaukee. Ali turns 180 degrees. Ali is facing towards Milwaukee.,egocentric_distant,egocentric_distant_context,d18aa318-48f9-40be-b322-d4fcddd58fba,away from,towards,1
A2A07J1P6YEW6Z,3,retest,The ball is BLANK the box. Ali pushes the box forward. The ball is inside the box.,action_nonfollows,action_nonfollows_context,d387b3c2-04e5-4c89-bff6-7469bbf38a5d,inside,outside,1
A2A07J1P6YEW6Z,3,retest,The painting is BLANK Ali. Ali turns right. The painting is left of Ali.,egocentric_near,egocentric_near_context,bda90b60-3995-46b6-8be8-5c2fcc765df7,in front of,behind,1
A2A07J1P6YEW6Z,3,retest,Ali is BLANK. Ali turns around. Ali is behind the statue.,action_nonfollows,action_nonfollows_context,cc306a89-3dc5-4910-aa0b-f2bddee9154d,behind the statue,in front of the statue,1
A2A07J1P6YEW6Z,3,retest,The book is BLANK the table. Ali moves the table. The book doesn't move.,action_nonfollows,action_nonfollows_context,c3e7a166-3f5b-47f1-b666-c3b03ceefd5c,under,on,1
A2A07J1P6YEW6Z,3,retest,The ball is BLANK the box. Ali moves the box. The ball doesn't move.,action_nonfollows,action_nonfollows_context,e31e6e5a-3ac6-4936-9ae5-7611f9233c51,far from,touching,1
A2A07J1P6YEW6Z,3,retest,The empty glass is on the table. Ali fills the BLANK halfway. The glass is dry.,state_nonfollows,state_nonfollows_context,e65ff7c3-4d74-494c-974e-af6694c8dbac,sink,glass,1
A2A07J1P6YEW6Z,3,retest,Ali is in front of the statue. Ali turns around. Ali is BLANK.,action_nonfollows,action_nonfollows_target,fa00c2c2-ffdb-4b5a-9376-7bde7e7326dd,in front of the statue,behind the statue,1
A2A07J1P6YEW6Z,3,retest,The glass and the cup are on the table. Ali pushes the cup off the table. The glass BLANK.,state_nonfollows,state_nonfollows_target,fac9293b-e5d3-48d0-9c01-8172f9647c13,doesn't break,breaks,0
A2A07J1P6YEW6Z,3,retest,The ball is at the bottom of the ramp. Ali pushes the ball. The ball is at the BLANK of the ramp.,action_nonfollows,action_nonfollows_target,e2381bf9-9c62-4821-9eef-f3d59b881fd5,bottom,top of,0
A2A07J1P6YEW6Z,3,retest,Chicago is BLANK Ali. Ali turns right. Chicago is right of Ali.,egocentric_distant,egocentric_distant_context,f7331836-b6ee-4bc7-b450-9586dd060445,behind,in front of,0
A2A07J1P6YEW6Z,3,retest,Ali is in the wagon. Ali pulls on the wagon. The wagon BLANK.,action_nonfollows,action_nonfollows_target,c3057e2d-31be-47c0-bd12-9a1422d7f838,doesn't move,moves,0
A2A07J1P6YEW6Z,3,retest,The painting is right of Ali. Ali turns around. The painting is BLANK Ali.,egocentric_near,egocentric_near_target,b70fd0cd-135e-45b2-9cc2-f17a7dd652a8,left of,right of,1
A2A07J1P6YEW6Z,3,retest,The ball is close to Ali. Ali throws the BLANK. The ball is close to Ali.,action_nonfollows,action_nonfollows_context,bcc54a8d-4b9f-4a07-a261-1d87bfdc9634,box,ball,0
A2A07J1P6YEW6Z,3,retest,The baseball is close to Ali. Ali throws the baseball. The baseball is BLANK Ali.,action_follows,action_follows_target,c7e13c41-dd1f-4bd0-8e6b-903801880815,far from,close to,1
A2A07J1P6YEW6Z,3,retest,Ali is facing away from Milwaukee. Ali turns 180 degrees. Ali is facing BLANK Milwaukee.,egocentric_distant,egocentric_distant_target,d96621cb-4925-459d-b156-27a8a3456a19,towards,away from,1
A2A07J1P6YEW6Z,3,retest,Chicago is BLANK Ali. Ali turns left. Chicago is left of Ali.,egocentric_distant,egocentric_distant_context,b2947cb8-21ca-4d3e-9666-765c88ecadbd,behind,in front of,0
A2A07J1P6YEW6Z,3,retest,The ball is resting on top of the box. Ali pushes the box forward. The ball is BLANK the box.,action_nonfollows,action_nonfollows_target,ceb88882-eb68-49e1-9b86-416b6f09e1a3,on top of,below,1
A2A07J1P6YEW6Z,3,retest,The wine glass is on the table. Ali bumps the BLANK. The wine doesn't spill.,action_nonfollows,action_nonfollows_context,f90f4149-7255-448b-bd8d-a1a900581ee6,lamp,table,1
A2A07J1P6YEW6Z,3,retest,The ball is BLANK the box. The ball moves right. The ball is higher than the box.,action_nonfollows,action_nonfollows_context,b57e5c96-351b-42e3-9537-dcbb9d829e85,above,under,1
A2A07J1P6YEW6Z,3,retest,The soup is on the table. Ali turns on the stove. The soup gets BLANK.,state_nonfollows,state_nonfollows_target,f48a91e2-22e0-4c2b-b42a-6ec8df05393f,colder,warmer,0
A2A07J1P6YEW6Z,3,retest,The wall was painted BLANK ago. Ali touches the wall. Ali's hand is clean.,state_nonfollows,state_nonfollows_context,cb63063d-f349-44f8-a2b7-e1f7ad288aba,1 month,5 minutes,1
A2A07J1P6YEW6Z,3,retest,The painting is in front of Ali. Ali turns right. The painting is BLANK Ali.,egocentric_near,egocentric_near_target,f0714c55-5e03-4f80-8171-fb4af78e1ad8,left of,right of,1
A2A07J1P6YEW6Z,3,retest,Ali is facing BLANK Chicago. Ali turns right. Chicago is left of Ali.,egocentric_distant,egocentric_distant_context,d11f84d4-2104-4b0c-8891-39fe2409a5f7,towards,away from,1
A2A07J1P6YEW6Z,3,retest,Ali is facing BLANK Chicago. Ali turns right. Chicago is left of Ali.,egocentric_distant,egocentric_distant_context,d11f84d4-2104-4b0c-8891-39fe2409a5f7,towards,away from,1
A2A07J1P6YEW6Z,3,retest,Ali is in the wagon. Ali pushes on the wagon. The wagon BLANK.,action_nonfollows,action_nonfollows_target,d131310b-9566-4029-bfa8-6f106043b088,doesn't move,moves,1
A2A07J1P6YEW6Z,3,retest,Ali is in the wagon. Ali pushes on the wagon. The wagon BLANK.,action_nonfollows,action_nonfollows_target,d131310b-9566-4029-bfa8-6f106043b088,doesn't move,moves,1
A2A07J1P6YEW6Z,3,retest,The box is close to Ali. Ali throws the BLANK. The box is close to Ali.,action_nonfollows,action_nonfollows_context,cce2c8f9-2ca6-4851-93b5-e79efd0dfdae,ball,box,0
A2A07J1P6YEW6Z,3,retest,The box is close to Ali. Ali throws the BLANK. The box is close to Ali.,action_nonfollows,action_nonfollows_context,cce2c8f9-2ca6-4851-93b5-e79efd0dfdae,ball,box,0
A2A07J1P6YEW6Z,3,retest,The book is under the table. Ali moves the book. The table BLANK.,action_nonfollows,action_nonfollows_target,f5e611bf-a370-4ff7-91e4-b512b870c4b9,doesn't move,moves,1
A2A07J1P6YEW6Z,3,retest,The book is under the table. Ali moves the book. The table BLANK.,action_nonfollows,action_nonfollows_target,f5e611bf-a370-4ff7-91e4-b512b870c4b9,doesn't move,moves,1
A2A07J1P6YEW6Z,3,retest,The ball is BLANK the box. Ali pushes the box forward. The ball is inside the box.,action_nonfollows,action_nonfollows_context,d387b3c2-04e5-4c89-bff6-7469bbf38a5d,inside,outside,1
A2A07J1P6YEW6Z,3,retest,The ball is BLANK the box. Ali pushes the box forward. The ball is inside the box.,action_nonfollows,action_nonfollows_context,d387b3c2-04e5-4c89-bff6-7469bbf38a5d,inside,outside,1
A2A07J1P6YEW6Z,3,retest,Ali is BLANK. Ali turns around. Ali is behind the statue.,action_nonfollows,action_nonfollows_context,cc306a89-3dc5-4910-aa0b-f2bddee9154d,behind the statue,in front of the statue,1
A2A07J1P6YEW6Z,3,retest,Ali is BLANK. Ali turns around. Ali is behind the statue.,action_nonfollows,action_nonfollows_context,cc306a89-3dc5-4910-aa0b-f2bddee9154d,behind the statue,in front of the statue,1
A2A07J1P6YEW6Z,3,retest,The book is BLANK the table. Ali moves the table. The book doesn't move.,action_nonfollows,action_nonfollows_context,c3e7a166-3f5b-47f1-b666-c3b03ceefd5c,under,on,1
A2A07J1P6YEW6Z,3,retest,The book is BLANK the table. Ali moves the table. The book doesn't move.,action_nonfollows,action_nonfollows_context,c3e7a166-3f5b-47f1-b666-c3b03ceefd5c,under,on,1
A2A07J1P6YEW6Z,3,retest,The empty glass is on the table. Ali fills the BLANK halfway. The glass is dry.,state_nonfollows,state_nonfollows_context,e65ff7c3-4d74-494c-974e-af6694c8dbac,sink,glass,1
A2A07J1P6YEW6Z,3,retest,The empty glass is on the table. Ali fills the BLANK halfway. The glass is dry.,state_nonfollows,state_nonfollows_context,e65ff7c3-4d74-494c-974e-af6694c8dbac,sink,glass,1
A2A07J1P6YEW6Z,3,retest,The glass and the cup are on the table. Ali pushes the cup off the table. The glass BLANK.,state_nonfollows,state_nonfollows_target,fac9293b-e5d3-48d0-9c01-8172f9647c13,doesn't break,breaks,0
A2A07J1P6YEW6Z,3,retest,The glass and the cup are on the table. Ali pushes the cup off the table. The glass BLANK.,state_nonfollows,state_nonfollows_target,fac9293b-e5d3-48d0-9c01-8172f9647c13,doesn't break,breaks,0
A2A07J1P6YEW6Z,3,retest,The ball is at the bottom of the ramp. Ali pushes the ball. The ball is at the BLANK of the ramp.,action_nonfollows,action_nonfollows_target,e2381bf9-9c62-4821-9eef-f3d59b881fd5,bottom,top of,0
A2A07J1P6YEW6Z,3,retest,The ball is at the bottom of the ramp. Ali pushes the ball. The ball is at the BLANK of the ramp.,action_nonfollows,action_nonfollows_target,e2381bf9-9c62-4821-9eef-f3d59b881fd5,bottom,top of,0
A2A07J1P6YEW6Z,3,retest,Chicago is BLANK Ali. Ali turns right. Chicago is right of Ali.,egocentric_distant,egocentric_distant_context,f7331836-b6ee-4bc7-b450-9586dd060445,behind,in front of,1
A2A07J1P6YEW6Z,3,retest,Chicago is BLANK Ali. Ali turns right. Chicago is right of Ali.,egocentric_distant,egocentric_distant_context,f7331836-b6ee-4bc7-b450-9586dd060445,behind,in front of,1
A2A07J1P6YEW6Z,3,retest,Ali is in the wagon. Ali pulls on the wagon. The wagon BLANK.,action_nonfollows,action_nonfollows_target,c3057e2d-31be-47c0-bd12-9a1422d7f838,doesn't move,moves,1
A2A07J1P6YEW6Z,3,retest,Ali is in the wagon. Ali pulls on the wagon. The wagon BLANK.,action_nonfollows,action_nonfollows_target,c3057e2d-31be-47c0-bd12-9a1422d7f838,doesn't move,moves,1
A2A07J1P6YEW6Z,3,retest,The ball is close to Ali. Ali throws the BLANK. The ball is close to Ali.,action_nonfollows,action_nonfollows_context,bcc54a8d-4b9f-4a07-a261-1d87bfdc9634,box,ball,1
A2A07J1P6YEW6Z,3,retest,The ball is close to Ali. Ali throws the BLANK. The ball is close to Ali.,action_nonfollows,action_nonfollows_context,bcc54a8d-4b9f-4a07-a261-1d87bfdc9634,box,ball,1
A2A07J1P6YEW6Z,3,retest,Ali is facing away from Milwaukee. Ali turns 180 degrees. Ali is facing BLANK Milwaukee.,egocentric_distant,egocentric_distant_target,d96621cb-4925-459d-b156-27a8a3456a19,towards,away from,1
A2A07J1P6YEW6Z,3,retest,Ali is facing away from Milwaukee. Ali turns 180 degrees. Ali is facing BLANK Milwaukee.,egocentric_distant,egocentric_distant_target,d96621cb-4925-459d-b156-27a8a3456a19,towards,away from,1
A2A07J1P6YEW6Z,3,retest,Chicago is BLANK Ali. Ali turns left. Chicago is left of Ali.,egocentric_distant,egocentric_distant_context,b2947cb8-21ca-4d3e-9666-765c88ecadbd,behind,in front of,1
A2A07J1P6YEW6Z,3,retest,Chicago is BLANK Ali. Ali turns left. Chicago is left of Ali.,egocentric_distant,egocentric_distant_context,b2947cb8-21ca-4d3e-9666-765c88ecadbd,behind,in front of,1
A2A07J1P6YEW6Z,3,retest,The ball is resting on top of the box. Ali pushes the box forward. The ball is BLANK the box.,action_nonfollows,action_nonfollows_target,ceb88882-eb68-49e1-9b86-416b6f09e1a3,on top of,below,1
A2A07J1P6YEW6Z,3,retest,The ball is resting on top of the box. Ali pushes the box forward. The ball is BLANK the box.,action_nonfollows,action_nonfollows_target,ceb88882-eb68-49e1-9b86-416b6f09e1a3,on top of,below,1
A2A07J1P6YEW6Z,3,retest,The wine glass is on the table. Ali bumps the BLANK. The wine doesn't spill.,action_nonfollows,action_nonfollows_context,f90f4149-7255-448b-bd8d-a1a900581ee6,lamp,table,1
A2A07J1P6YEW6Z,3,retest,The wine glass is on the table. Ali bumps the BLANK. The wine doesn't spill.,action_nonfollows,action_nonfollows_context,f90f4149-7255-448b-bd8d-a1a900581ee6,lamp,table,1
A2A07J1P6YEW6Z,3,retest,The ball is BLANK the box. The ball moves right. The ball is higher than the box.,action_nonfollows,action_nonfollows_context,b57e5c96-351b-42e3-9537-dcbb9d829e85,above,under,1
A2A07J1P6YEW6Z,3,retest,The ball is BLANK the box. The ball moves right. The ball is higher than the box.,action_nonfollows,action_nonfollows_context,b57e5c96-351b-42e3-9537-dcbb9d829e85,above,under,1
A2A07J1P6YEW6Z,3,retest,The soup is on the table. Ali turns on the stove. The soup gets BLANK.,state_nonfollows,state_nonfollows_target,f48a91e2-22e0-4c2b-b42a-6ec8df05393f,colder,warmer,1
A2A07J1P6YEW6Z,3,retest,The soup is on the table. Ali turns on the stove. The soup gets BLANK.,state_nonfollows,state_nonfollows_target,f48a91e2-22e0-4c2b-b42a-6ec8df05393f,colder,warmer,1
A2A07J1P6YEW6Z,3,retest,The wall was painted BLANK ago. Ali touches the wall. Ali's hand is clean.,state_nonfollows,state_nonfollows_context,cb63063d-f349-44f8-a2b7-e1f7ad288aba,1 month,5 minutes,1
A2A07J1P6YEW6Z,3,retest,The wall was painted BLANK ago. Ali touches the wall. Ali's hand is clean.,state_nonfollows,state_nonfollows_context,cb63063d-f349-44f8-a2b7-e1f7ad288aba,1 month,5 minutes,1
A2HYIKTX401EJV,7,retest,Mark is BLANK Ali. Mark walks forwards. Mark is getting closer to Ali.,two_refs_egocentric,two_refs_egocentric_context,174f837e-4f6c-4643-9ae0-906ecb12361f,behind,in front of,1
A2HYIKTX401EJV,7,retest,Ali is to Mark's right. Mark turns around. Ali is to Mark's BLANK.,two_refs_egocentric,two_refs_egocentric_target,f0b9b141-ad3a-4341-a0d9-a7bbe00bba06,left,right,1
A2HYIKTX401EJV,7,retest,The ball and the box are on top of the ramp. The ball rolls down the ramp. The ball is BLANK the box.,relative_pos,relative_pos_target,e29fe444-020a-4ed2-9b9b-87fcf3d911c8,lower than,higher than,1
A2HYIKTX401EJV,7,retest,Ali is to Mark's BLANK. Mark turns around. Ali is to Mark's left.,two_refs_egocentric,two_refs_egocentric_context,10d4a6f7-87fe-46ba-84b1-ea6e6adf357f,right,left,1
A2HYIKTX401EJV,7,retest,Ali is facing BLANK Mark. Ali turns around. Ali is facing towards Mark.,two_refs_egocentric,two_refs_egocentric_context,5bbd51b4-7358-40dc-a42e-da4783b55c33,away from,towards,1
A2HYIKTX401EJV,7,retest,Ali is to the right of Mark. Mark looks to his left and Ali looks to his right. Ali is facing BLANK Mark.,two_refs_egocentric,two_refs_egocentric_target,767e980c-4e89-4d82-b116-6e854125bf34,away from,towards,0
A2HYIKTX401EJV,7,retest,Ali is holding the tennis ball and the ping pong ball. Ali BLANK the ping pong ball. The ping pong ball is further from the tennis ball.,relative_pos,relative_pos_context,c885cf08-3122-4f1c-bff8-ad3b84e36695,drops,picks up,1
A2HYIKTX401EJV,7,retest,Mark and Ali are both facing BLANK. Ali turns to his left. Ali is facing away from Mark.,two_refs_egocentric,two_refs_egocentric_context,0af1119d-9652-4176-bee8-91eb6bacad4d,right,left,1
A2HYIKTX401EJV,7,retest,Mark is facing BLANK and Ali is facing left. Mark turns to his left. Mark is facing towards Ali.,two_refs_egocentric,two_refs_egocentric_context,1eead36c-5b61-4688-b511-77cd096d296f,right,left,1
A2HYIKTX401EJV,7,retest,Mark is behind Ali. Mark walks fowards. Mark is getting BLANK Ali.,two_refs_egocentric,two_refs_egocentric_target,6598bcd0-f33f-4f87-b010-7257d9037f54,closer to,further from,1
A2HYIKTX401EJV,7,retest,Ali is to the BLANK Mark. Mark looks to his left and Ali looks to his right. Ali is facing away from Mark.,two_refs_egocentric,two_refs_egocentric_context,d455789e-7214-4ba1-ad38-64565dccbf77,right of,left of,1
A2HYIKTX401EJV,7,retest,Mark is facing right and Ali is facing left. Mark turns to his left. Mark is facing BLANK Ali.,two_refs_egocentric,two_refs_egocentric_target,71bbc61c-e146-4a9e-8769-32ceff15bba6,towards,away from,1
A2HYIKTX401EJV,7,retest,The ball is inside the box. Ali picks up the ball. The ball is BLANK the box.,relative_pos,relative_pos_target,28d85ad9-fe5a-44b8-aebb-06f0f7a635e7,not touching,touching,1
A2HYIKTX401EJV,7,retest,The box is next to the ball. Ali puts the ball inside the box. The ball is BLANK the box.,relative_pos,relative_pos_target,257746e7-67e6-4ce8-adfc-8823a50bfec5,touching,not touching,1
A2HYIKTX401EJV,7,retest,Mark is in front of Ali. Mark walks forwards. Mark is getting BLANK Ali.,two_refs_egocentric,two_refs_egocentric_target,bc484807-e0f6-481e-bf94-847a69b5f59b,further from,closer to,1
A2HYIKTX401EJV,7,retest,Ali is holding the tennis ball and the ping pong ball is on the floor. Ali BLANK the ping pong ball. The ping pong ball is closer to the tennis ball.,relative_pos,relative_pos_context,815efc19-8692-423b-86dd-902699bb7d2b,drops,picks up,0
A2HYIKTX401EJV,7,retest,Ali is facing towards Mark. Ali turns around. Ali is facing BLANK Mark.,two_refs_egocentric,two_refs_egocentric_target,15f7aaca-0828-405a-ae37-1c872c41f911,away,towards,1
A2HYIKTX401EJV,7,retest,Mark and Ali are facing away from eachother. Mark turns around. Ali is facing BLANK Mark.,two_refs_egocentric,two_refs_egocentric_target,2deab35e-de13-4997-800d-a76f6de872b5,away from,towards,0
A2HYIKTX401EJV,7,retest,Mark is BLANK Ali. Mark walks backwards. Mark is getting further from Ali.,two_refs_egocentric,two_refs_egocentric_context,c2ee74e5-16de-4279-a23a-acbd7ca7713a,behind,in front of,0
A2HYIKTX401EJV,7,retest,Mark and Ali are facing BLANK eachother. Mark turns around. Ali is facing away from Mark.,two_refs_egocentric,two_refs_egocentric_context,9f2a971f-7891-4d55-82e4-80ab3569a28c,away from,towards,0
A2HYIKTX401EJV,7,retest,Ali is to the right of Mark. Mark looks to his left. Mark BLANK Ali.,two_refs_egocentric,two_refs_egocentric_target,5325997f-dd4a-4adb-8a34-ad602a759efe,can't see,sees,1
A2HYIKTX401EJV,7,retest,Mark is to the left of Ali. Mark looks to his left and Ali looks to his right. Ali is facing BLANK Mark.,two_refs_egocentric,two_refs_egocentric_target,e12cb996-7c2b-43c4-b4cb-e05c3fcf653d,away from,towards,1
A2HYIKTX401EJV,7,retest,Mark is behind Ali. Mark walks backwards. Mark is getting BLANK Ali.,two_refs_egocentric,two_refs_egocentric_target,6ff6db1e-6e7d-45bd-88fa-ed04746596c0,further from,closer to,1
A2HYIKTX401EJV,7,retest,The tennis ball is BLANK the bowling ball. Ali rolls the bowling ball. The bowling ball is further from the tennis ball.,relative_pos,relative_pos_context,d9f18d62-68d4-4db8-a4b5-847c5ff40a19,touching,far from,0
A2HYIKTX401EJV,7,retest,The box is next to the desk. Ali stacks the desk on the box. The box is BLANK the desk.,relative_pos,relative_pos_target,ce26d593-6e54-4ce5-b2ee-b510804b99cd,below,above,1
A2HYIKTX401EJV,7,retest,Ali is facing BLANK Mark. Ali turns around. Ali is facing away from Mark.,two_refs_egocentric,two_refs_egocentric_context,0e1987d0-56ac-4faf-bf4c-00e9eca4c1aa,towards,away from,1
A2HYIKTX401EJV,7,retest,Ali is holding the tennis ball and the ping pong ball is on the floor. Ali picks up the ping pong ball. The ping pong ball is BLANK the tennis ball.,relative_pos,relative_pos_target,693ba7bc-dad1-44c7-830a-1f3ffd184136,closer to,further from,1
A2HYIKTX401EJV,7,retest,Mark and Ali are both facing right. Ali turns to his left. Ali is facing BLANK Mark.,two_refs_egocentric,two_refs_egocentric_target,47c656dc-8025-40bc-a1fe-3bb9814b4cbb,away from,towards,1
A2HYIKTX401EJV,7,retest,Mark and Ali are both facing left. Ali turns to his right. Ali is facing BLANK Mark.,two_refs_egocentric,two_refs_egocentric_target,0efcb0c1-350a-4c40-bf4c-954939371c8e,away from,towards,0
A2HYIKTX401EJV,7,retest,Mark is to the left of Ali. Mark looks to his left and Ali looks to his left. Ali is facing BLANK Mark.,two_refs_egocentric,two_refs_egocentric_target,0a4dca2e-6b5e-4343-b5e3-080b1644618a,towards,away from,0
A2HYIKTX401EJV,7,retest,Mark is to the BLANK Ali. Mark looks to his left and Ali looks to his left. Ali is facing towards Mark.,two_refs_egocentric,two_refs_egocentric_context,23a035cf-76fc-4e1e-bdfa-2a603d6012d5,left of,right of,0
A2HYIKTX401EJV,7,retest,Mark and Ali are both facing BLANK. Ali turns to his right. Ali is facing away from Mark.,two_refs_egocentric,two_refs_egocentric_context,7df32e98-c6ec-4362-9615-aed868e66f99,left,right,1
A2HYIKTX401EJV,7,retest,Ali and Mark are facing eachother. Mark turns around. Ali is facing BLANK Mark.,two_refs_egocentric,two_refs_egocentric_target,49d0b194-7f0c-40e6-87dc-7e67c46a418e,towards,away from,0
A2HYIKTX401EJV,7,retest,Ali and Mark are facing eachother. BLANK turns around. Ali is facing towards Mark.,two_refs_egocentric,two_refs_egocentric_context,aaf79034-1765-467d-965f-7b2d0159db68,Mark,Ali,1
A2HYIKTX401EJV,7,retest,The box is next to the ball. Ali puts the BLANK. the ball is larger than the box.,relative_pos,relative_pos_context,db44d1c2-8255-4f3c-a854-369f71e3d5bb,box inside the ball,ball inside the box,1
A2HYIKTX401EJV,7,retest,Mark is facing BLANK Ali. Ali turns around. Mark is facing away Ali.,two_refs_egocentric,two_refs_egocentric_context,1f5ef932-b502-43fb-a96c-df6a6bdb3d77,away from,towards,0
A2HYIKTX401EJV,7,retest,Ali is to Mark's BLANK. Ali turns around. Ali is to Mark's right.,two_refs_egocentric,two_refs_egocentric_context,5d6081c0-2b00-4c26-9edb-7aab052a472a,right,left,0
A2HYIKTX401EJV,7,retest,Ali is to Mark's right. Ali turns around. Ali is to Mark's BLANK.,two_refs_egocentric,two_refs_egocentric_target,4b5ca386-a350-417d-859e-3d21020bc450,right,left,0
A2HYIKTX401EJV,7,retest,Ali is to the BLANK Mark. Mark looks to his right. Mark see Ali.,two_refs_egocentric,two_refs_egocentric_context,8f7779d1-883f-4bd5-951d-7634f15a3147,right of,left of,1
A2HYIKTX401EJV,7,retest,Mark is BLANK Ali. Mark walks forwards. Mark is getting further from Ali.,two_refs_egocentric,two_refs_egocentric_context,f7d845e3-bf92-43ca-8274-b0da84be24af,in front of,behind,0
A2HYIKTX401EJV,7,retest,The box is next to the desk. Ali stacks the BLANK. The box is below the desk.,relative_pos,relative_pos_context,efb787d1-515a-449c-b016-7968a6a36a0f,desk on the box,box on the desk,1
A2HYIKTX401EJV,7,retest,Mark is facing away from Ali. Ali turns around. Mark is facing BLANK Ali.,two_refs_egocentric,two_refs_egocentric_target,cbb6e2d4-1f3b-4790-adce-17e1a11978f5,away,towards,0
A2HYIKTX401EJV,7,retest,The box is next to the ball. Ali puts the box inside the ball. the ball is BLANK the box.,relative_pos,relative_pos_target,315733c9-f004-4fcf-a0fa-23ed7cf84a05,larger than,smaller than,1
A2HYIKTX401EJV,7,retest,The ball and the box are on the table. Ali picks up the ball. The ball is BLANK the box.,relative_pos,relative_pos_target,5d8c3a6d-0cc2-458b-99a8-aa6888a79292,higher than,lower than,1
A2HYIKTX401EJV,7,retest,The ball and the box are on top of the ramp. The ball rolls down the ramp. The ball is BLANK the box.,relative_pos,relative_pos_target,e29fe444-020a-4ed2-9b9b-87fcf3d911c8,lower than,higher than,1
A2HYIKTX401EJV,7,retest,The ball and the box are on top of the ramp. The ball rolls down the ramp. The ball is BLANK the box.,relative_pos,relative_pos_target,e29fe444-020a-4ed2-9b9b-87fcf3d911c8,lower than,higher than,1
A2HYIKTX401EJV,7,retest,Ali is facing BLANK Mark. Ali turns around. Ali is facing towards Mark.,two_refs_egocentric,two_refs_egocentric_context,5bbd51b4-7358-40dc-a42e-da4783b55c33,away from,towards,1
A2HYIKTX401EJV,7,retest,Ali is facing BLANK Mark. Ali turns around. Ali is facing towards Mark.,two_refs_egocentric,two_refs_egocentric_context,5bbd51b4-7358-40dc-a42e-da4783b55c33,away from,towards,1
A2HYIKTX401EJV,7,retest,Ali is to the right of Mark. Mark looks to his left and Ali looks to his right. Ali is facing BLANK Mark.,two_refs_egocentric,two_refs_egocentric_target,767e980c-4e89-4d82-b116-6e854125bf34,away from,towards,0
A2HYIKTX401EJV,7,retest,Ali is to the right of Mark. Mark looks to his left and Ali looks to his right. Ali is facing BLANK Mark.,two_refs_egocentric,two_refs_egocentric_target,767e980c-4e89-4d82-b116-6e854125bf34,away from,towards,0
A2HYIKTX401EJV,7,retest,Ali is holding the tennis ball and the ping pong ball. Ali BLANK the ping pong ball. The ping pong ball is further from the tennis ball.,relative_pos,relative_pos_context,c885cf08-3122-4f1c-bff8-ad3b84e36695,drops,picks up,1
A2HYIKTX401EJV,7,retest,Ali is holding the tennis ball and the ping pong ball. Ali BLANK the ping pong ball. The ping pong ball is further from the tennis ball.,relative_pos,relative_pos_context,c885cf08-3122-4f1c-bff8-ad3b84e36695,drops,picks up,1
A2HYIKTX401EJV,7,retest,Mark is behind Ali. Mark walks fowards. Mark is getting BLANK Ali.,two_refs_egocentric,two_refs_egocentric_target,6598bcd0-f33f-4f87-b010-7257d9037f54,closer to,further from,1
A2HYIKTX401EJV,7,retest,Mark is behind Ali. Mark walks fowards. Mark is getting BLANK Ali.,two_refs_egocentric,two_refs_egocentric_target,6598bcd0-f33f-4f87-b010-7257d9037f54,closer to,further from,1
A2HYIKTX401EJV,7,retest,Ali is to the BLANK Mark. Mark looks to his left and Ali looks to his right. Ali is facing away from Mark.,two_refs_egocentric,two_refs_egocentric_context,d455789e-7214-4ba1-ad38-64565dccbf77,right of,left of,1
A2HYIKTX401EJV,7,retest,Ali is to the BLANK Mark. Mark looks to his left and Ali looks to his right. Ali is facing away from Mark.,two_refs_egocentric,two_refs_egocentric_context,d455789e-7214-4ba1-ad38-64565dccbf77,right of,left of,1
A2HYIKTX401EJV,7,retest,The box is next to the ball. Ali puts the ball inside the box. The ball is BLANK the box.,relative_pos,relative_pos_target,257746e7-67e6-4ce8-adfc-8823a50bfec5,touching,not touching,1
A2HYIKTX401EJV,7,retest,The box is next to the ball. Ali puts the ball inside the box. The ball is BLANK the box.,relative_pos,relative_pos_target,257746e7-67e6-4ce8-adfc-8823a50bfec5,touching,not touching,1
A2HYIKTX401EJV,7,retest,Mark is in front of Ali. Mark walks forwards. Mark is getting BLANK Ali.,two_refs_egocentric,two_refs_egocentric_target,bc484807-e0f6-481e-bf94-847a69b5f59b,further from,closer to,1
A2HYIKTX401EJV,7,retest,Mark is in front of Ali. Mark walks forwards. Mark is getting BLANK Ali.,two_refs_egocentric,two_refs_egocentric_target,bc484807-e0f6-481e-bf94-847a69b5f59b,further from,closer to,1
A2HYIKTX401EJV,7,retest,Ali is holding the tennis ball and the ping pong ball is on the floor. Ali BLANK the ping pong ball. The ping pong ball is closer to the tennis ball.,relative_pos,relative_pos_context,815efc19-8692-423b-86dd-902699bb7d2b,drops,picks up,0
A2HYIKTX401EJV,7,retest,Ali is holding the tennis ball and the ping pong ball is on the floor. Ali BLANK the ping pong ball. The ping pong ball is closer to the tennis ball.,relative_pos,relative_pos_context,815efc19-8692-423b-86dd-902699bb7d2b,drops,picks up,0
A2HYIKTX401EJV,7,retest,Mark and Ali are facing away from eachother. Mark turns around. Ali is facing BLANK Mark.,two_refs_egocentric,two_refs_egocentric_target,2deab35e-de13-4997-800d-a76f6de872b5,away from,towards,0
A2HYIKTX401EJV,7,retest,Mark and Ali are facing away from eachother. Mark turns around. Ali is facing BLANK Mark.,two_refs_egocentric,two_refs_egocentric_target,2deab35e-de13-4997-800d-a76f6de872b5,away from,towards,0
A2HYIKTX401EJV,7,retest,Mark is BLANK Ali. Mark walks backwards. Mark is getting further from Ali.,two_refs_egocentric,two_refs_egocentric_context,c2ee74e5-16de-4279-a23a-acbd7ca7713a,behind,in front of,0
A2HYIKTX401EJV,7,retest,Mark is BLANK Ali. Mark walks backwards. Mark is getting further from Ali.,two_refs_egocentric,two_refs_egocentric_context,c2ee74e5-16de-4279-a23a-acbd7ca7713a,behind,in front of,0
A2HYIKTX401EJV,7,retest,Mark and Ali are facing BLANK eachother. Mark turns around. Ali is facing away from Mark.,two_refs_egocentric,two_refs_egocentric_context,9f2a971f-7891-4d55-82e4-80ab3569a28c,away from,towards,0
A2HYIKTX401EJV,7,retest,Mark and Ali are facing BLANK eachother. Mark turns around. Ali is facing away from Mark.,two_refs_egocentric,two_refs_egocentric_context,9f2a971f-7891-4d55-82e4-80ab3569a28c,away from,towards,0
A2HYIKTX401EJV,7,retest,The tennis ball is BLANK the bowling ball. Ali rolls the bowling ball. The bowling ball is further from the tennis ball.,relative_pos,relative_pos_context,d9f18d62-68d4-4db8-a4b5-847c5ff40a19,touching,far from,0
A2HYIKTX401EJV,7,retest,The tennis ball is BLANK the bowling ball. Ali rolls the bowling ball. The bowling ball is further from the tennis ball.,relative_pos,relative_pos_context,d9f18d62-68d4-4db8-a4b5-847c5ff40a19,touching,far from,0
A2HYIKTX401EJV,7,retest,The box is next to the desk. Ali stacks the desk on the box. The box is BLANK the desk.,relative_pos,relative_pos_target,ce26d593-6e54-4ce5-b2ee-b510804b99cd,below,above,1
A2HYIKTX401EJV,7,retest,The box is next to the desk. Ali stacks the desk on the box. The box is BLANK the desk.,relative_pos,relative_pos_target,ce26d593-6e54-4ce5-b2ee-b510804b99cd,below,above,1
A2HYIKTX401EJV,7,retest,Mark and Ali are both facing left. Ali turns to his right. Ali is facing BLANK Mark.,two_refs_egocentric,two_refs_egocentric_target,0efcb0c1-350a-4c40-bf4c-954939371c8e,away from,towards,1
A2HYIKTX401EJV,7,retest,Mark and Ali are both facing left. Ali turns to his right. Ali is facing BLANK Mark.,two_refs_egocentric,two_refs_egocentric_target,0efcb0c1-350a-4c40-bf4c-954939371c8e,away from,towards,1
A2HYIKTX401EJV,7,retest,Mark is to the left of Ali. Mark looks to his left and Ali looks to his left. Ali is facing BLANK Mark.,two_refs_egocentric,two_refs_egocentric_target,0a4dca2e-6b5e-4343-b5e3-080b1644618a,towards,away from,0
A2HYIKTX401EJV,7,retest,Mark is to the left of Ali. Mark looks to his left and Ali looks to his left. Ali is facing BLANK Mark.,two_refs_egocentric,two_refs_egocentric_target,0a4dca2e-6b5e-4343-b5e3-080b1644618a,towards,away from,0
A2HYIKTX401EJV,7,retest,Mark is to the BLANK Ali. Mark looks to his left and Ali looks to his left. Ali is facing towards Mark.,two_refs_egocentric,two_refs_egocentric_context,23a035cf-76fc-4e1e-bdfa-2a603d6012d5,left of,right of,0
A2HYIKTX401EJV,7,retest,Mark is to the BLANK Ali. Mark looks to his left and Ali looks to his left. Ali is facing towards Mark.,two_refs_egocentric,two_refs_egocentric_context,23a035cf-76fc-4e1e-bdfa-2a603d6012d5,left of,right of,0
A2HYIKTX401EJV,7,retest,Mark and Ali are both facing BLANK. Ali turns to his right. Ali is facing away from Mark.,two_refs_egocentric,two_refs_egocentric_context,7df32e98-c6ec-4362-9615-aed868e66f99,left,right,1
A2HYIKTX401EJV,7,retest,Mark and Ali are both facing BLANK. Ali turns to his right. Ali is facing away from Mark.,two_refs_egocentric,two_refs_egocentric_context,7df32e98-c6ec-4362-9615-aed868e66f99,left,right,1
A2HYIKTX401EJV,7,retest,Ali and Mark are facing eachother. Mark turns around. Ali is facing BLANK Mark.,two_refs_egocentric,two_refs_egocentric_target,49d0b194-7f0c-40e6-87dc-7e67c46a418e,towards,away from,0
A2HYIKTX401EJV,7,retest,Ali and Mark are facing eachother. Mark turns around. Ali is facing BLANK Mark.,two_refs_egocentric,two_refs_egocentric_target,49d0b194-7f0c-40e6-87dc-7e67c46a418e,towards,away from,0
A2HYIKTX401EJV,7,retest,Mark is facing BLANK Ali. Ali turns around. Mark is facing away Ali.,two_refs_egocentric,two_refs_egocentric_context,1f5ef932-b502-43fb-a96c-df6a6bdb3d77,away from,towards,0
A2HYIKTX401EJV,7,retest,Mark is facing BLANK Ali. Ali turns around. Mark is facing away Ali.,two_refs_egocentric,two_refs_egocentric_context,1f5ef932-b502-43fb-a96c-df6a6bdb3d77,away from,towards,0
A2HYIKTX401EJV,7,retest,Ali is to Mark's BLANK. Ali turns around. Ali is to Mark's right.,two_refs_egocentric,two_refs_egocentric_context,5d6081c0-2b00-4c26-9edb-7aab052a472a,right,left,0
A2HYIKTX401EJV,7,retest,Ali is to Mark's BLANK. Ali turns around. Ali is to Mark's right.,two_refs_egocentric,two_refs_egocentric_context,5d6081c0-2b00-4c26-9edb-7aab052a472a,right,left,0
A2HYIKTX401EJV,7,retest,Ali is to Mark's right. Ali turns around. Ali is to Mark's BLANK.,two_refs_egocentric,two_refs_egocentric_target,4b5ca386-a350-417d-859e-3d21020bc450,right,left,0
A2HYIKTX401EJV,7,retest,Ali is to Mark's right. Ali turns around. Ali is to Mark's BLANK.,two_refs_egocentric,two_refs_egocentric_target,4b5ca386-a350-417d-859e-3d21020bc450,right,left,0
A2HYIKTX401EJV,7,retest,Mark is BLANK Ali. Mark walks forwards. Mark is getting further from Ali.,two_refs_egocentric,two_refs_egocentric_context,f7d845e3-bf92-43ca-8274-b0da84be24af,in front of,behind,1
A2HYIKTX401EJV,7,retest,Mark is BLANK Ali. Mark walks forwards. Mark is getting further from Ali.,two_refs_egocentric,two_refs_egocentric_context,f7d845e3-bf92-43ca-8274-b0da84be24af,in front of,behind,1
A2HYIKTX401EJV,7,retest,Mark is facing away from Ali. Ali turns around. Mark is facing BLANK Ali.,two_refs_egocentric,two_refs_egocentric_target,cbb6e2d4-1f3b-4790-adce-17e1a11978f5,away,towards,0
A2HYIKTX401EJV,7,retest,Mark is facing away from Ali. Ali turns around. Mark is facing BLANK Ali.,two_refs_egocentric,two_refs_egocentric_target,cbb6e2d4-1f3b-4790-adce-17e1a11978f5,away,towards,0
A2HYIKTX401EJV,7,retest,The box is next to the ball. Ali puts the box inside the ball. the ball is BLANK the box.,relative_pos,relative_pos_target,315733c9-f004-4fcf-a0fa-23ed7cf84a05,larger than,smaller than,1
A2HYIKTX401EJV,7,retest,The box is next to the ball. Ali puts the box inside the ball. the ball is BLANK the box.,relative_pos,relative_pos_target,315733c9-f004-4fcf-a0fa-23ed7cf84a05,larger than,smaller than,1
A2KTQS8KIG5GIU,6,retest,Mark is facing East and Ali is facing BLANK. Mark turns 180 degrees. Mark and Ali are facing the same direction.,two_refs_geocentric,two_refs_geocentric_context,29ce0e92-abdd-461b-8acf-acfbadf91fd4,West,East,0
A2KTQS8KIG5GIU,6,retest,Mark is BLANK of Ali facing East. Ali is East of Mark facing West. Mark is facing towards Ali.,two_refs_geocentric,two_refs_geocentric_context,301d488b-e549-4394-b878-c0450833fda8,West,East,0
A2KTQS8KIG5GIU,6,retest,Mark and Ali are both directly West of Budapest. Mark walks South. Ali is BLANK of Mark.,two_refs_geocentric,two_refs_geocentric_target,47f03e7f-1dc6-4da8-b460-eea5439b1842,North,South,1
A2KTQS8KIG5GIU,6,retest,Mark is East of Ali facing East. Ali is West of Mark facing West. Mark is facing BLANK Ali.,two_refs_geocentric,two_refs_geocentric_target,c4300110-c14f-4a8d-94b9-a56fbaf8aaa2,away from,towards,1
A2KTQS8KIG5GIU,6,retest,Milwaukee is South of Mark. Mark goes BLANK. Milwaukee is Southeast of Mark.,two_refs_geocentric,two_refs_geocentric_context,8a66063c-6c36-42cc-83d1-c2a017d1a2f8,West,East,1
A2KTQS8KIG5GIU,6,retest,Milwaukee is North of Mark. Mark goes BLANK. Milwaukee is Northwest of Mark.,two_refs_geocentric,two_refs_geocentric_context,6736be32-2bb0-4769-b8bb-7efa38642c5e,East,West,0
A2KTQS8KIG5GIU,6,retest,Mark is East of Budapest and Ali is West of Budapest. Ali walks directly towards Mark. Ali is heading BLANK.,two_refs_geocentric,two_refs_geocentric_target,8b88918b-f1dd-4784-8035-580b89674670,East,West,1
A2KTQS8KIG5GIU,6,retest,Mark is facing BLANK and Ali is facing West. Mark turns around. Mark is facing West.,two_refs_geocentric,two_refs_geocentric_context,db51d454-79bf-4010-91a9-b3adc51e10e9,East,West,1
A2KTQS8KIG5GIU,6,retest,Mark is facing South and Ali is facing BLANK. Mark turns 90 degrees to his right. Mark and Ali are facing different directions.,two_refs_geocentric,two_refs_geocentric_context,a3bae960-5d51-4b49-9778-990829a6dc83,East,West,1
A2KTQS8KIG5GIU,6,retest,Mark is BLANK of Ali. Mark turns right. Mark is East of Ali.,two_refs_geocentric,two_refs_geocentric_context,73fe68a5-7c2c-4504-9528-298de59f844e,East,West,0
A2KTQS8KIG5GIU,6,retest,Mark is East of Budapest and Ali is West of Budapest. Mark walks directly BLANK Ali. Mark is heading West.,two_refs_geocentric,two_refs_geocentric_context,ba0500a3-3783-4596-a2f8-fd3ca1e76486,towards,away from,1
A2KTQS8KIG5GIU,6,retest,Mark is BLANK of Ali facing East. Ali is West of Mark facing West. Mark is facing away from Ali.,two_refs_geocentric,two_refs_geocentric_context,672521bd-9b42-4dd1-881e-61a57b15e1e2,East,West,0
A2KTQS8KIG5GIU,6,retest,Mark is facing South and Ali is facing East. Mark turns 90 degrees to his right. Mark and Ali are facing BLANK.,two_refs_geocentric,two_refs_geocentric_target,1ce1f6fb-222f-4510-a6a8-dae9b9df2e6a,the same direction,different directions,1
A2KTQS8KIG5GIU,6,retest,Mark is facing North and Ali is facing BLANK. Mark turns 90 degrees to his right. Mark and Ali are facing the same direction.,two_refs_geocentric,two_refs_geocentric_context,4fce09f2-3af1-404f-967a-7a97cdd13388,East,West,1
A2KTQS8KIG5GIU,6,retest,Mark is North of Budapest and Ali is South of Budapest. Ali walks directly away from Mark. Ali is walking BLANK.,two_refs_geocentric,two_refs_geocentric_target,30c2fa5a-da23-4e62-b66c-01c6cc4ebf9d,South,North,1
A2KTQS8KIG5GIU,6,retest,Milwaukee is South of Mark. Mark goes BLANK. Mark is Northeast of Milwaukee.,two_refs_geocentric,two_refs_geocentric_context,f640e853-3898-4c59-968f-d791a63880e1,West,East,0
A2KTQS8KIG5GIU,6,retest,Mark is West of Ali facing East. Ali is East of Mark facing West. Mark is facing BLANK Ali.,two_refs_geocentric,two_refs_geocentric_target,7f836912-7107-4c82-a22b-c68b2acc46f0,towards,away from,1
A2KTQS8KIG5GIU,6,retest,Milwaukee is North of Mark. Mark goes East. Milwaukee is BLANK of Mark.,two_refs_geocentric,two_refs_geocentric_target,e0efa77a-4b07-4f93-b85d-92a2d81cd463,Northwest,Southeast,1
A2KTQS8KIG5GIU,6,retest,Mark and Ali are both directly East of Budapest. Mark walks North. Ali is BLANK of Mark.,two_refs_geocentric,two_refs_geocentric_target,32732c3a-dde6-4520-9e9f-43b586e802bc,South,North,0
A2KTQS8KIG5GIU,6,retest,Mark is North of Budapest and Ali is South of Budapest. Ali walks directly BLANK Mark. Ali is walking South.,two_refs_geocentric,two_refs_geocentric_context,78cfaa82-d792-4a47-9003-e289b66847f7,away from,towards,1
A2KTQS8KIG5GIU,6,retest,Mark is facing North and Ali is facing East. Mark turns 90 degrees to his right. Mark and Ali are facing BLANK.,two_refs_geocentric,two_refs_geocentric_target,3e51fc15-6ee7-4bd4-b7c2-9313c2b75afa,the same direction,different directions,1
A2KTQS8KIG5GIU,6,retest,Milwaukee is South of Mark. Mark goes West. Mark is BLANK of Milwaukee.,two_refs_geocentric,two_refs_geocentric_target,c325b8e3-d3ea-4643-8b50-364a6128aa4f,Northest,Southeast,0
A2KTQS8KIG5GIU,6,retest,Mark is facing East and Ali is facing BLANK. Mark turns 180 degrees. Mark and Ali are facing the same direction.,two_refs_geocentric,two_refs_geocentric_context,29ce0e92-abdd-461b-8acf-acfbadf91fd4,West,East,1
A2KTQS8KIG5GIU,6,retest,Mark is facing East and Ali is facing BLANK. Mark turns 180 degrees. Mark and Ali are facing the same direction.,two_refs_geocentric,two_refs_geocentric_context,29ce0e92-abdd-461b-8acf-acfbadf91fd4,West,East,1
A2KTQS8KIG5GIU,6,retest,Mark is BLANK of Ali facing East. Ali is East of Mark facing West. Mark is facing towards Ali.,two_refs_geocentric,two_refs_geocentric_context,301d488b-e549-4394-b878-c0450833fda8,West,East,1
A2KTQS8KIG5GIU,6,retest,Mark is BLANK of Ali facing East. Ali is East of Mark facing West. Mark is facing towards Ali.,two_refs_geocentric,two_refs_geocentric_context,301d488b-e549-4394-b878-c0450833fda8,West,East,1
A2KTQS8KIG5GIU,6,retest,Mark and Ali are both directly West of Budapest. Mark walks South. Ali is BLANK of Mark.,two_refs_geocentric,two_refs_geocentric_target,47f03e7f-1dc6-4da8-b460-eea5439b1842,North,South,0
A2KTQS8KIG5GIU,6,retest,Mark and Ali are both directly West of Budapest. Mark walks South. Ali is BLANK of Mark.,two_refs_geocentric,two_refs_geocentric_target,47f03e7f-1dc6-4da8-b460-eea5439b1842,North,South,0
A2KTQS8KIG5GIU,6,retest,Mark is East of Ali facing East. Ali is West of Mark facing West. Mark is facing BLANK Ali.,two_refs_geocentric,two_refs_geocentric_target,c4300110-c14f-4a8d-94b9-a56fbaf8aaa2,away from,towards,0
A2KTQS8KIG5GIU,6,retest,Mark is East of Ali facing East. Ali is West of Mark facing West. Mark is facing BLANK Ali.,two_refs_geocentric,two_refs_geocentric_target,c4300110-c14f-4a8d-94b9-a56fbaf8aaa2,away from,towards,0
A2KTQS8KIG5GIU,6,retest,Milwaukee is North of Mark. Mark goes BLANK. Milwaukee is Northwest of Mark.,two_refs_geocentric,two_refs_geocentric_context,6736be32-2bb0-4769-b8bb-7efa38642c5e,East,West,0
A2KTQS8KIG5GIU,6,retest,Milwaukee is North of Mark. Mark goes BLANK. Milwaukee is Northwest of Mark.,two_refs_geocentric,two_refs_geocentric_context,6736be32-2bb0-4769-b8bb-7efa38642c5e,East,West,0
A2KTQS8KIG5GIU,6,retest,Mark is East of Budapest and Ali is West of Budapest. Ali walks directly towards Mark. Ali is heading BLANK.,two_refs_geocentric,two_refs_geocentric_target,8b88918b-f1dd-4784-8035-580b89674670,East,West,1
A2KTQS8KIG5GIU,6,retest,Mark is East of Budapest and Ali is West of Budapest. Ali walks directly towards Mark. Ali is heading BLANK.,two_refs_geocentric,two_refs_geocentric_target,8b88918b-f1dd-4784-8035-580b89674670,East,West,1
A2KTQS8KIG5GIU,6,retest,Mark is facing BLANK and Ali is facing West. Mark turns around. Mark is facing West.,two_refs_geocentric,two_refs_geocentric_context,db51d454-79bf-4010-91a9-b3adc51e10e9,East,West,1
A2KTQS8KIG5GIU,6,retest,Mark is facing BLANK and Ali is facing West. Mark turns around. Mark is facing West.,two_refs_geocentric,two_refs_geocentric_context,db51d454-79bf-4010-91a9-b3adc51e10e9,East,West,1
A2KTQS8KIG5GIU,6,retest,Mark is BLANK of Ali. Mark turns right. Mark is East of Ali.,two_refs_geocentric,two_refs_geocentric_context,73fe68a5-7c2c-4504-9528-298de59f844e,East,West,0
A2KTQS8KIG5GIU,6,retest,Mark is BLANK of Ali. Mark turns right. Mark is East of Ali.,two_refs_geocentric,two_refs_geocentric_context,73fe68a5-7c2c-4504-9528-298de59f844e,East,West,0
A2KTQS8KIG5GIU,6,retest,Mark is BLANK of Ali facing East. Ali is West of Mark facing West. Mark is facing away from Ali.,two_refs_geocentric,two_refs_geocentric_context,672521bd-9b42-4dd1-881e-61a57b15e1e2,East,West,0
A2KTQS8KIG5GIU,6,retest,Mark is BLANK of Ali facing East. Ali is West of Mark facing West. Mark is facing away from Ali.,two_refs_geocentric,two_refs_geocentric_context,672521bd-9b42-4dd1-881e-61a57b15e1e2,East,West,0
A2KTQS8KIG5GIU,6,retest,Milwaukee is South of Mark. Mark goes BLANK. Mark is Northeast of Milwaukee.,two_refs_geocentric,two_refs_geocentric_context,f640e853-3898-4c59-968f-d791a63880e1,West,East,0
A2KTQS8KIG5GIU,6,retest,Milwaukee is South of Mark. Mark goes BLANK. Mark is Northeast of Milwaukee.,two_refs_geocentric,two_refs_geocentric_context,f640e853-3898-4c59-968f-d791a63880e1,West,East,0
A2KTQS8KIG5GIU,6,retest,Mark is West of Ali facing East. Ali is East of Mark facing West. Mark is facing BLANK Ali.,two_refs_geocentric,two_refs_geocentric_target,7f836912-7107-4c82-a22b-c68b2acc46f0,towards,away from,0
A2KTQS8KIG5GIU,6,retest,Mark is West of Ali facing East. Ali is East of Mark facing West. Mark is facing BLANK Ali.,two_refs_geocentric,two_refs_geocentric_target,7f836912-7107-4c82-a22b-c68b2acc46f0,towards,away from,0
A2KTQS8KIG5GIU,6,retest,Mark and Ali are both directly East of Budapest. Mark walks North. Ali is BLANK of Mark.,two_refs_geocentric,two_refs_geocentric_target,32732c3a-dde6-4520-9e9f-43b586e802bc,South,North,0
A2KTQS8KIG5GIU,6,retest,Mark and Ali are both directly East of Budapest. Mark walks North. Ali is BLANK of Mark.,two_refs_geocentric,two_refs_geocentric_target,32732c3a-dde6-4520-9e9f-43b586e802bc,South,North,0
A2KTQS8KIG5GIU,6,retest,Milwaukee is South of Mark. Mark goes West. Mark is BLANK of Milwaukee.,two_refs_geocentric,two_refs_geocentric_target,c325b8e3-d3ea-4643-8b50-364a6128aa4f,Northest,Southeast,0
A2KTQS8KIG5GIU,6,retest,Milwaukee is South of Mark. Mark goes West. Mark is BLANK of Milwaukee.,two_refs_geocentric,two_refs_geocentric_target,c325b8e3-d3ea-4643-8b50-364a6128aa4f,Northest,Southeast,0
A2V2FWJO9PMPK3,7,retest,Mark is behind Ali. Mark walks backwards. Mark is getting BLANK Ali.,two_refs_egocentric,two_refs_egocentric_target,6ff6db1e-6e7d-45bd-88fa-ed04746596c0,further from,closer to,1
A2V2FWJO9PMPK3,7,retest,Mark is facing BLANK Ali. Ali turns around. Mark is facing away Ali.,two_refs_egocentric,two_refs_egocentric_context,1f5ef932-b502-43fb-a96c-df6a6bdb3d77,away from,towards,1
A2V2FWJO9PMPK3,7,retest,Mark is in front of Ali. Mark walks forwards. Mark is getting BLANK Ali.,two_refs_egocentric,two_refs_egocentric_target,bc484807-e0f6-481e-bf94-847a69b5f59b,further from,closer to,1
A2V2FWJO9PMPK3,7,retest,Mark and Ali are both facing BLANK. Ali turns to his left. Ali is facing away from Mark.,two_refs_egocentric,two_refs_egocentric_context,0af1119d-9652-4176-bee8-91eb6bacad4d,right,left,1
A2V2FWJO9PMPK3,7,retest,Mark is BLANK Ali. Mark walks forwards. Mark is getting further from Ali.,two_refs_egocentric,two_refs_egocentric_context,f7d845e3-bf92-43ca-8274-b0da84be24af,in front of,behind,0
A2V2FWJO9PMPK3,7,retest,Mark and Ali are both facing right. Ali turns to his left. Ali is facing BLANK Mark.,two_refs_egocentric,two_refs_egocentric_target,47c656dc-8025-40bc-a1fe-3bb9814b4cbb,away from,towards,0
A2V2FWJO9PMPK3,7,retest,The tennis ball is BLANK the bowling ball. Ali rolls the bowling ball. The bowling ball is further from the tennis ball.,relative_pos,relative_pos_context,d9f18d62-68d4-4db8-a4b5-847c5ff40a19,touching,far from,0
A2V2FWJO9PMPK3,7,retest,Mark is facing BLANK and Ali is facing left. Mark turns to his left. Mark is facing towards Ali.,two_refs_egocentric,two_refs_egocentric_context,1eead36c-5b61-4688-b511-77cd096d296f,right,left,1
A2V2FWJO9PMPK3,7,retest,The box is next to the ball. Ali puts the BLANK. the ball is larger than the box.,relative_pos,relative_pos_context,db44d1c2-8255-4f3c-a854-369f71e3d5bb,box inside the ball,ball inside the box,0
A2V2FWJO9PMPK3,7,retest,The box is next to the desk. Ali stacks the desk on the box. The box is BLANK the desk.,relative_pos,relative_pos_target,ce26d593-6e54-4ce5-b2ee-b510804b99cd,below,above,1
A2V2FWJO9PMPK3,7,retest,Ali is facing towards Mark. Ali turns around. Ali is facing BLANK Mark.,two_refs_egocentric,two_refs_egocentric_target,15f7aaca-0828-405a-ae37-1c872c41f911,away,towards,1
A2V2FWJO9PMPK3,7,retest,The ball is inside the box. Ali picks up the ball. The ball is BLANK the box.,relative_pos,relative_pos_target,28d85ad9-fe5a-44b8-aebb-06f0f7a635e7,not touching,touching,1
A2V2FWJO9PMPK3,7,retest,Mark is facing right and Ali is facing left. Mark turns to his left. Mark is facing BLANK Ali.,two_refs_egocentric,two_refs_egocentric_target,71bbc61c-e146-4a9e-8769-32ceff15bba6,towards,away from,1
A2V2FWJO9PMPK3,7,retest,Mark is BLANK Ali. Mark walks forwards. Mark is getting closer to Ali.,two_refs_egocentric,two_refs_egocentric_context,174f837e-4f6c-4643-9ae0-906ecb12361f,behind,in front of,1
A2V2FWJO9PMPK3,7,retest,Ali is to the BLANK Mark. Mark looks to his left and Ali looks to his right. Ali is facing away from Mark.,two_refs_egocentric,two_refs_egocentric_context,d455789e-7214-4ba1-ad38-64565dccbf77,right of,left of,1
A2V2FWJO9PMPK3,7,retest,Ali is holding the tennis ball and the ping pong ball is on the floor. Ali BLANK the ping pong ball. The ping pong ball is closer to the tennis ball.,relative_pos,relative_pos_context,815efc19-8692-423b-86dd-902699bb7d2b,drops,picks up,1
A2V2FWJO9PMPK3,7,retest,Mark and Ali are both facing BLANK. Ali turns to his right. Ali is facing away from Mark.,two_refs_egocentric,two_refs_egocentric_context,7df32e98-c6ec-4362-9615-aed868e66f99,left,right,1
A2V2FWJO9PMPK3,7,retest,The ball and the box are on the table. Ali picks up the ball. The ball is BLANK the box.,relative_pos,relative_pos_target,5d8c3a6d-0cc2-458b-99a8-aa6888a79292,higher than,lower than,1
A2V2FWJO9PMPK3,7,retest,The box is next to the desk. Ali stacks the BLANK. The box is below the desk.,relative_pos,relative_pos_context,efb787d1-515a-449c-b016-7968a6a36a0f,desk on the box,box on the desk,0
A2V2FWJO9PMPK3,7,retest,Ali is to Mark's right. Ali turns around. Ali is to Mark's BLANK.,two_refs_egocentric,two_refs_egocentric_target,4b5ca386-a350-417d-859e-3d21020bc450,right,left,0
A2V2FWJO9PMPK3,7,retest,Mark is BLANK Ali. Mark walks backwards. Mark is getting further from Ali.,two_refs_egocentric,two_refs_egocentric_context,c2ee74e5-16de-4279-a23a-acbd7ca7713a,behind,in front of,0
A2V2FWJO9PMPK3,7,retest,Ali is to the right of Mark. Mark looks to his left and Ali looks to his right. Ali is facing BLANK Mark.,two_refs_egocentric,two_refs_egocentric_target,767e980c-4e89-4d82-b116-6e854125bf34,away from,towards,1
A2V2FWJO9PMPK3,7,retest,Mark is to the BLANK Ali. Mark looks to his left and Ali looks to his left. Ali is facing towards Mark.,two_refs_egocentric,two_refs_egocentric_context,23a035cf-76fc-4e1e-bdfa-2a603d6012d5,left of,right of,0
A2V2FWJO9PMPK3,7,retest,The ball and the box are on top of the ramp. The ball rolls down the ramp. The ball is BLANK the box.,relative_pos,relative_pos_target,e29fe444-020a-4ed2-9b9b-87fcf3d911c8,lower than,higher than,1
A2V2FWJO9PMPK3,7,retest,Ali and Mark are facing eachother. Mark turns around. Ali is facing BLANK Mark.,two_refs_egocentric,two_refs_egocentric_target,49d0b194-7f0c-40e6-87dc-7e67c46a418e,towards,away from,0
A2V2FWJO9PMPK3,7,retest,Ali is to Mark's BLANK. Ali turns around. Ali is to Mark's right.,two_refs_egocentric,two_refs_egocentric_context,5d6081c0-2b00-4c26-9edb-7aab052a472a,right,left,0
A2V2FWJO9PMPK3,7,retest,Ali is to Mark's BLANK. Mark turns around. Ali is to Mark's left.,two_refs_egocentric,two_refs_egocentric_context,10d4a6f7-87fe-46ba-84b1-ea6e6adf357f,right,left,1
A2V2FWJO9PMPK3,7,retest,Mark is to the left of Ali. Mark looks to his left and Ali looks to his right. Ali is facing BLANK Mark.,two_refs_egocentric,two_refs_egocentric_target,e12cb996-7c2b-43c4-b4cb-e05c3fcf653d,away from,towards,0
A2V2FWJO9PMPK3,7,retest,The box is next to the ball. Ali puts the ball inside the box. The ball is BLANK the box.,relative_pos,relative_pos_target,257746e7-67e6-4ce8-adfc-8823a50bfec5,touching,not touching,1
A2V2FWJO9PMPK3,7,retest,Ali is facing BLANK Mark. Ali turns around. Ali is facing towards Mark.,two_refs_egocentric,two_refs_egocentric_context,5bbd51b4-7358-40dc-a42e-da4783b55c33,away from,towards,1
A2V2FWJO9PMPK3,7,retest,Ali and Mark are facing eachother. BLANK turns around. Ali is facing towards Mark.,two_refs_egocentric,two_refs_egocentric_context,aaf79034-1765-467d-965f-7b2d0159db68,Mark,Ali,1
A2V2FWJO9PMPK3,7,retest,Ali is to Mark's right. Mark turns around. Ali is to Mark's BLANK.,two_refs_egocentric,two_refs_egocentric_target,f0b9b141-ad3a-4341-a0d9-a7bbe00bba06,left,right,1
A2V2FWJO9PMPK3,7,retest,Ali is holding the tennis ball and the ping pong ball is on the floor. Ali picks up the ping pong ball. The ping pong ball is BLANK the tennis ball.,relative_pos,relative_pos_target,693ba7bc-dad1-44c7-830a-1f3ffd184136,closer to,further from,1
A2V2FWJO9PMPK3,7,retest,Ali is to the right of Mark. Mark looks to his left. Mark BLANK Ali.,two_refs_egocentric,two_refs_egocentric_target,5325997f-dd4a-4adb-8a34-ad602a759efe,can't see,sees,1
A2V2FWJO9PMPK3,7,retest,Mark is behind Ali. Mark walks fowards. Mark is getting BLANK Ali.,two_refs_egocentric,two_refs_egocentric_target,6598bcd0-f33f-4f87-b010-7257d9037f54,closer to,further from,1
A2V2FWJO9PMPK3,7,retest,Mark and Ali are facing BLANK eachother. Mark turns around. Ali is facing away from Mark.,two_refs_egocentric,two_refs_egocentric_context,9f2a971f-7891-4d55-82e4-80ab3569a28c,away from,towards,0
A2V2FWJO9PMPK3,7,retest,Ali is holding the tennis ball and the ping pong ball. Ali BLANK the ping pong ball. The ping pong ball is further from the tennis ball.,relative_pos,relative_pos_context,c885cf08-3122-4f1c-bff8-ad3b84e36695,drops,picks up,1
A2V2FWJO9PMPK3,7,retest,Ali is facing BLANK Mark. Ali turns around. Ali is facing away from Mark.,two_refs_egocentric,two_refs_egocentric_context,0e1987d0-56ac-4faf-bf4c-00e9eca4c1aa,towards,away from,1
A2V2FWJO9PMPK3,7,retest,The box is next to the ball. Ali puts the box inside the ball. the ball is BLANK the box.,relative_pos,relative_pos_target,315733c9-f004-4fcf-a0fa-23ed7cf84a05,larger than,smaller than,1
A2V2FWJO9PMPK3,7,retest,Ali is to the BLANK Mark. Mark looks to his right. Mark see Ali.,two_refs_egocentric,two_refs_egocentric_context,8f7779d1-883f-4bd5-951d-7634f15a3147,right of,left of,0
A2V2FWJO9PMPK3,7,retest,Mark and Ali are facing away from eachother. Mark turns around. Ali is facing BLANK Mark.,two_refs_egocentric,two_refs_egocentric_target,2deab35e-de13-4997-800d-a76f6de872b5,away from,towards,0
A2V2FWJO9PMPK3,7,retest,Mark is to the left of Ali. Mark looks to his left and Ali looks to his left. Ali is facing BLANK Mark.,two_refs_egocentric,two_refs_egocentric_target,0a4dca2e-6b5e-4343-b5e3-080b1644618a,towards,away from,0
A2V2FWJO9PMPK3,7,retest,Mark and Ali are both facing left. Ali turns to his right. Ali is facing BLANK Mark.,two_refs_egocentric,two_refs_egocentric_target,0efcb0c1-350a-4c40-bf4c-954939371c8e,away from,towards,0
A2V2FWJO9PMPK3,7,retest,Mark is facing away from Ali. Ali turns around. Mark is facing BLANK Ali.,two_refs_egocentric,two_refs_egocentric_target,cbb6e2d4-1f3b-4790-adce-17e1a11978f5,away,towards,0
A2V2FWJO9PMPK3,7,retest,Mark is facing BLANK Ali. Ali turns around. Mark is facing away Ali.,two_refs_egocentric,two_refs_egocentric_context,1f5ef932-b502-43fb-a96c-df6a6bdb3d77,away from,towards,0
A2V2FWJO9PMPK3,7,retest,Mark is facing BLANK Ali. Ali turns around. Mark is facing away Ali.,two_refs_egocentric,two_refs_egocentric_context,1f5ef932-b502-43fb-a96c-df6a6bdb3d77,away from,towards,0
A2V2FWJO9PMPK3,7,retest,Mark and Ali are both facing BLANK. Ali turns to his left. Ali is facing away from Mark.,two_refs_egocentric,two_refs_egocentric_context,0af1119d-9652-4176-bee8-91eb6bacad4d,right,left,0
A2V2FWJO9PMPK3,7,retest,Mark and Ali are both facing BLANK. Ali turns to his left. Ali is facing away from Mark.,two_refs_egocentric,two_refs_egocentric_context,0af1119d-9652-4176-bee8-91eb6bacad4d,right,left,0
A2V2FWJO9PMPK3,7,retest,Mark is BLANK Ali. Mark walks forwards. Mark is getting further from Ali.,two_refs_egocentric,two_refs_egocentric_context,f7d845e3-bf92-43ca-8274-b0da84be24af,in front of,behind,1
A2V2FWJO9PMPK3,7,retest,Mark is BLANK Ali. Mark walks forwards. Mark is getting further from Ali.,two_refs_egocentric,two_refs_egocentric_context,f7d845e3-bf92-43ca-8274-b0da84be24af,in front of,behind,1
A2V2FWJO9PMPK3,7,retest,Mark and Ali are both facing right. Ali turns to his left. Ali is facing BLANK Mark.,two_refs_egocentric,two_refs_egocentric_target,47c656dc-8025-40bc-a1fe-3bb9814b4cbb,away from,towards,1
A2V2FWJO9PMPK3,7,retest,Mark and Ali are both facing right. Ali turns to his left. Ali is facing BLANK Mark.,two_refs_egocentric,two_refs_egocentric_target,47c656dc-8025-40bc-a1fe-3bb9814b4cbb,away from,towards,1
A2V2FWJO9PMPK3,7,retest,The tennis ball is BLANK the bowling ball. Ali rolls the bowling ball. The bowling ball is further from the tennis ball.,relative_pos,relative_pos_context,d9f18d62-68d4-4db8-a4b5-847c5ff40a19,touching,far from,0
A2V2FWJO9PMPK3,7,retest,The tennis ball is BLANK the bowling ball. Ali rolls the bowling ball. The bowling ball is further from the tennis ball.,relative_pos,relative_pos_context,d9f18d62-68d4-4db8-a4b5-847c5ff40a19,touching,far from,0
A2V2FWJO9PMPK3,7,retest,The box is next to the ball. Ali puts the BLANK. the ball is larger than the box.,relative_pos,relative_pos_context,db44d1c2-8255-4f3c-a854-369f71e3d5bb,box inside the ball,ball inside the box,1
A2V2FWJO9PMPK3,7,retest,The box is next to the ball. Ali puts the BLANK. the ball is larger than the box.,relative_pos,relative_pos_context,db44d1c2-8255-4f3c-a854-369f71e3d5bb,box inside the ball,ball inside the box,1
A2V2FWJO9PMPK3,7,retest,The box is next to the desk. Ali stacks the desk on the box. The box is BLANK the desk.,relative_pos,relative_pos_target,ce26d593-6e54-4ce5-b2ee-b510804b99cd,below,above,1
A2V2FWJO9PMPK3,7,retest,The box is next to the desk. Ali stacks the desk on the box. The box is BLANK the desk.,relative_pos,relative_pos_target,ce26d593-6e54-4ce5-b2ee-b510804b99cd,below,above,1
A2V2FWJO9PMPK3,7,retest,Ali is facing towards Mark. Ali turns around. Ali is facing BLANK Mark.,two_refs_egocentric,two_refs_egocentric_target,15f7aaca-0828-405a-ae37-1c872c41f911,away,towards,1
A2V2FWJO9PMPK3,7,retest,Ali is facing towards Mark. Ali turns around. Ali is facing BLANK Mark.,two_refs_egocentric,two_refs_egocentric_target,15f7aaca-0828-405a-ae37-1c872c41f911,away,towards,1
A2V2FWJO9PMPK3,7,retest,The ball is inside the box. Ali picks up the ball. The ball is BLANK the box.,relative_pos,relative_pos_target,28d85ad9-fe5a-44b8-aebb-06f0f7a635e7,not touching,touching,1
A2V2FWJO9PMPK3,7,retest,The ball is inside the box. Ali picks up the ball. The ball is BLANK the box.,relative_pos,relative_pos_target,28d85ad9-fe5a-44b8-aebb-06f0f7a635e7,not touching,touching,1
A2V2FWJO9PMPK3,7,retest,Ali is holding the tennis ball and the ping pong ball is on the floor. Ali BLANK the ping pong ball. The ping pong ball is closer to the tennis ball.,relative_pos,relative_pos_context,815efc19-8692-423b-86dd-902699bb7d2b,drops,picks up,0
A2V2FWJO9PMPK3,7,retest,Ali is holding the tennis ball and the ping pong ball is on the floor. Ali BLANK the ping pong ball. The ping pong ball is closer to the tennis ball.,relative_pos,relative_pos_context,815efc19-8692-423b-86dd-902699bb7d2b,drops,picks up,0
A2V2FWJO9PMPK3,7,retest,The box is next to the desk. Ali stacks the BLANK. The box is below the desk.,relative_pos,relative_pos_context,efb787d1-515a-449c-b016-7968a6a36a0f,desk on the box,box on the desk,1
A2V2FWJO9PMPK3,7,retest,The box is next to the desk. Ali stacks the BLANK. The box is below the desk.,relative_pos,relative_pos_context,efb787d1-515a-449c-b016-7968a6a36a0f,desk on the box,box on the desk,1
A2V2FWJO9PMPK3,7,retest,Ali is to Mark's right. Ali turns around. Ali is to Mark's BLANK.,two_refs_egocentric,two_refs_egocentric_target,4b5ca386-a350-417d-859e-3d21020bc450,right,left,0
A2V2FWJO9PMPK3,7,retest,Ali is to Mark's right. Ali turns around. Ali is to Mark's BLANK.,two_refs_egocentric,two_refs_egocentric_target,4b5ca386-a350-417d-859e-3d21020bc450,right,left,0
A2V2FWJO9PMPK3,7,retest,Mark is BLANK Ali. Mark walks backwards. Mark is getting further from Ali.,two_refs_egocentric,two_refs_egocentric_context,c2ee74e5-16de-4279-a23a-acbd7ca7713a,behind,in front of,1
A2V2FWJO9PMPK3,7,retest,Mark is BLANK Ali. Mark walks backwards. Mark is getting further from Ali.,two_refs_egocentric,two_refs_egocentric_context,c2ee74e5-16de-4279-a23a-acbd7ca7713a,behind,in front of,1
A2V2FWJO9PMPK3,7,retest,Ali is to the right of Mark. Mark looks to his left and Ali looks to his right. Ali is facing BLANK Mark.,two_refs_egocentric,two_refs_egocentric_target,767e980c-4e89-4d82-b116-6e854125bf34,away from,towards,1
A2V2FWJO9PMPK3,7,retest,Ali is to the right of Mark. Mark looks to his left and Ali looks to his right. Ali is facing BLANK Mark.,two_refs_egocentric,two_refs_egocentric_target,767e980c-4e89-4d82-b116-6e854125bf34,away from,towards,1
A2V2FWJO9PMPK3,7,retest,Mark is to the BLANK Ali. Mark looks to his left and Ali looks to his left. Ali is facing towards Mark.,two_refs_egocentric,two_refs_egocentric_context,23a035cf-76fc-4e1e-bdfa-2a603d6012d5,left of,right of,0
A2V2FWJO9PMPK3,7,retest,Mark is to the BLANK Ali. Mark looks to his left and Ali looks to his left. Ali is facing towards Mark.,two_refs_egocentric,two_refs_egocentric_context,23a035cf-76fc-4e1e-bdfa-2a603d6012d5,left of,right of,0
A2V2FWJO9PMPK3,7,retest,The ball and the box are on top of the ramp. The ball rolls down the ramp. The ball is BLANK the box.,relative_pos,relative_pos_target,e29fe444-020a-4ed2-9b9b-87fcf3d911c8,lower than,higher than,1
A2V2FWJO9PMPK3,7,retest,The ball and the box are on top of the ramp. The ball rolls down the ramp. The ball is BLANK the box.,relative_pos,relative_pos_target,e29fe444-020a-4ed2-9b9b-87fcf3d911c8,lower than,higher than,1
A2V2FWJO9PMPK3,7,retest,Ali and Mark are facing eachother. Mark turns around. Ali is facing BLANK Mark.,two_refs_egocentric,two_refs_egocentric_target,49d0b194-7f0c-40e6-87dc-7e67c46a418e,towards,away from,0
A2V2FWJO9PMPK3,7,retest,Ali and Mark are facing eachother. Mark turns around. Ali is facing BLANK Mark.,two_refs_egocentric,two_refs_egocentric_target,49d0b194-7f0c-40e6-87dc-7e67c46a418e,towards,away from,0
A2V2FWJO9PMPK3,7,retest,Ali is to Mark's BLANK. Ali turns around. Ali is to Mark's right.,two_refs_egocentric,two_refs_egocentric_context,5d6081c0-2b00-4c26-9edb-7aab052a472a,right,left,0
A2V2FWJO9PMPK3,7,retest,Ali is to Mark's BLANK. Ali turns around. Ali is to Mark's right.,two_refs_egocentric,two_refs_egocentric_context,5d6081c0-2b00-4c26-9edb-7aab052a472a,right,left,0
A2V2FWJO9PMPK3,7,retest,Mark is to the left of Ali. Mark looks to his left and Ali looks to his right. Ali is facing BLANK Mark.,two_refs_egocentric,two_refs_egocentric_target,e12cb996-7c2b-43c4-b4cb-e05c3fcf653d,away from,towards,1
A2V2FWJO9PMPK3,7,retest,Mark is to the left of Ali. Mark looks to his left and Ali looks to his right. Ali is facing BLANK Mark.,two_refs_egocentric,two_refs_egocentric_target,e12cb996-7c2b-43c4-b4cb-e05c3fcf653d,away from,towards,1
A2V2FWJO9PMPK3,7,retest,Ali is to Mark's right. Mark turns around. Ali is to Mark's BLANK.,two_refs_egocentric,two_refs_egocentric_target,f0b9b141-ad3a-4341-a0d9-a7bbe00bba06,left,right,1
A2V2FWJO9PMPK3,7,retest,Ali is to Mark's right. Mark turns around. Ali is to Mark's BLANK.,two_refs_egocentric,two_refs_egocentric_target,f0b9b141-ad3a-4341-a0d9-a7bbe00bba06,left,right,1
A2V2FWJO9PMPK3,7,retest,Mark and Ali are facing BLANK eachother. Mark turns around. Ali is facing away from Mark.,two_refs_egocentric,two_refs_egocentric_context,9f2a971f-7891-4d55-82e4-80ab3569a28c,away from,towards,0
A2V2FWJO9PMPK3,7,retest,Mark and Ali are facing BLANK eachother. Mark turns around. Ali is facing away from Mark.,two_refs_egocentric,two_refs_egocentric_context,9f2a971f-7891-4d55-82e4-80ab3569a28c,away from,towards,0
A2V2FWJO9PMPK3,7,retest,Ali is to the BLANK Mark. Mark looks to his right. Mark see Ali.,two_refs_egocentric,two_refs_egocentric_context,8f7779d1-883f-4bd5-951d-7634f15a3147,right of,left of,0
A2V2FWJO9PMPK3,7,retest,Ali is to the BLANK Mark. Mark looks to his right. Mark see Ali.,two_refs_egocentric,two_refs_egocentric_context,8f7779d1-883f-4bd5-951d-7634f15a3147,right of,left of,0
A2V2FWJO9PMPK3,7,retest,Mark and Ali are facing away from eachother. Mark turns around. Ali is facing BLANK Mark.,two_refs_egocentric,two_refs_egocentric_target,2deab35e-de13-4997-800d-a76f6de872b5,away from,towards,0
A2V2FWJO9PMPK3,7,retest,Mark and Ali are facing away from eachother. Mark turns around. Ali is facing BLANK Mark.,two_refs_egocentric,two_refs_egocentric_target,2deab35e-de13-4997-800d-a76f6de872b5,away from,towards,0
A2V2FWJO9PMPK3,7,retest,Mark is to the left of Ali. Mark looks to his left and Ali looks to his left. Ali is facing BLANK Mark.,two_refs_egocentric,two_refs_egocentric_target,0a4dca2e-6b5e-4343-b5e3-080b1644618a,towards,away from,0
A2V2FWJO9PMPK3,7,retest,Mark is to the left of Ali. Mark looks to his left and Ali looks to his left. Ali is facing BLANK Mark.,two_refs_egocentric,two_refs_egocentric_target,0a4dca2e-6b5e-4343-b5e3-080b1644618a,towards,away from,0
A2V2FWJO9PMPK3,7,retest,Mark and Ali are both facing left. Ali turns to his right. Ali is facing BLANK Mark.,two_refs_egocentric,two_refs_egocentric_target,0efcb0c1-350a-4c40-bf4c-954939371c8e,away from,towards,0
A2V2FWJO9PMPK3,7,retest,Mark and Ali are both facing left. Ali turns to his right. Ali is facing BLANK Mark.,two_refs_egocentric,two_refs_egocentric_target,0efcb0c1-350a-4c40-bf4c-954939371c8e,away from,towards,0
A2V2FWJO9PMPK3,7,retest,Mark is facing away from Ali. Ali turns around. Mark is facing BLANK Ali.,two_refs_egocentric,two_refs_egocentric_target,cbb6e2d4-1f3b-4790-adce-17e1a11978f5,away,towards,0
A2V2FWJO9PMPK3,7,retest,Mark is facing away from Ali. Ali turns around. Mark is facing BLANK Ali.,two_refs_egocentric,two_refs_egocentric_target,cbb6e2d4-1f3b-4790-adce-17e1a11978f5,away,towards,0
A35QJA7XU61YLX,1,retest,The book is on the table. Ali moves the table. The book BLANK.,action_follows,action_follows_target,0c7ff743-0286-4cb6-9639-4edb16b4b26d,moves,doesn't move,1
A35QJA7XU61YLX,1,retest,The painting is BLANK Ali. Ali turns right. The painting is right of Ali.,egocentric_near,egocentric_near_context,42d93d82-da95-4c5e-96d3-8d266440c4ec,behind,in front of,0
A35QJA7XU61YLX,1,retest,The box is close to Ali. Ali throws the ball. The box is BLANK Ali.,action_nonfollows,action_nonfollows_target,0ebece86-74c2-44ea-9ef0-8d75a45ba56b,close to,far from,0
A35QJA7XU61YLX,1,retest,Ali is BLANK painting. Ali turns around. Ali is behind the painting.,egocentric_near,egocentric_near_context,609267cd-7803-4f08-abfe-40ef7cec461e,behind,in front of,0
A35QJA7XU61YLX,1,retest,The painting is BLANK Ali. Ali turns left. The painting is left of Ali.,egocentric_near,egocentric_near_context,6889b667-4845-4fa2-9b38-2000f907b9e2,behind,in front of,0
A35QJA7XU61YLX,1,retest,The painting is BLANK Ali. Ali turns around. The painting is left of Ali.,egocentric_near,egocentric_near_context,6074e27e-d929-4b07-bc4d-252c7bcb463e,right of,left of,1
A35QJA7XU61YLX,1,retest,Ali is facing BLANK Chicago. Ali turns left. Chicago is right of Ali.,egocentric_distant,egocentric_distant_context,431ac862-808b-48ca-8cc9-9227e24661e4,towards,away from,0
A35QJA7XU61YLX,1,retest,The ball is BLANK the box. Ali pushes the ball forward. The ball is under the box.,action_nonfollows,action_nonfollows_context,2fcd18a5-4fe9-43af-be73-b08c8a69be3e,under,above,1
A35QJA7XU61YLX,1,retest,The ball is five feet from the box. Ali moves the box. The ball BLANK.,action_nonfollows,action_nonfollows_target,1fe70ed2-c4f2-46e8-a4ee-b795969fe940,doesn't move,moves,1
A35QJA7XU61YLX,1,retest,Ali is behind the statue. Ali turns around. Ali is BLANK.,action_nonfollows,action_nonfollows_target,609276f4-276d-4b83-a87e-279b606bcaec,behind the statue,in front of the statue,0
A35QJA7XU61YLX,1,retest,Ali is facing away from Chicago. Ali turns around. Chicago is BLANK Ali.,egocentric_distant,egocentric_distant_target,49a33aab-df02-4990-beab-2a4f987d1064,in front of,behind,1
A35QJA7XU61YLX,1,retest,Ali is BLANK the wagon. Ali pushes on the wagon. The wagon moves.,action_follows,action_follows_context,1f747dd7-a364-472a-9024-76517340aef3,behind,in front of,1
A35QJA7XU61YLX,1,retest,The seesaw is balanced. Ali tilts the BLANK side of the seesaw. The left side goes up.,action_follows,action_follows_context,3853bb96-81c1-470b-b9d5-b17b811bf101,right,left,1
A35QJA7XU61YLX,1,retest,The ice cube and the banana are in the fridge. Ali takes the BLANK out of the fridge. The ice cube doesn't melt.,state_nonfollows,state_nonfollows_context,0ce85161-2bb7-40b9-a0d6-bca40c92c702,banana,ice cube,1
A35QJA7XU61YLX,1,retest,The painting is behind Ali. Ali turns left. The painting is BLANK Ali.,egocentric_near,egocentric_near_target,59fc66d4-3afa-42da-a45d-f73f7a531076,left of,right of,1
A35QJA7XU61YLX,1,retest,The painting is BLANK of Ali. Ali turns left. The painting is right of Ali.,egocentric_near,egocentric_near_context,16e1a569-1ad9-4b0c-92b0-feb6df7b5b27,in front of,behind,1
A35QJA7XU61YLX,1,retest,The glass is on the floor. Ali bumps the table. The glass BLANK.,state_nonfollows,state_nonfollows_target,3482eb06-22b4-455d-819d-a4e799a6647f,doesn't break,breaks,1
A35QJA7XU61YLX,1,retest,The wagon is on the BLANK of the hill. Ali pushes the wagon. The wagon rolls.,action_follows,action_follows_context,17ed0db8-8e47-4da7-90ae-84dfc07af787,top,bottom,1
A35QJA7XU61YLX,1,retest,Chicago is to Ali's BLANK. Ali turns left. Ali is facing towards Chicago.,egocentric_distant,egocentric_distant_context,0750fd63-cf47-440e-b7a4-8a5f610d3264,left,right,0
A35QJA7XU61YLX,1,retest,The glass is on the table. Ali fills the glass halfway. The table is BLANK.,state_nonfollows,state_nonfollows_target,0ab9f4a8-59f3-4c71-975a-36627213f744,dry,wet,0
A35QJA7XU61YLX,1,retest,The painting is to Ali's left. The painting is moved left. The painting is to Ali's BLANK.,egocentric_near,egocentric_near_target,33d5f7dc-85a0-4c33-ad94-ea5d1e85864b,right,left,0
A35QJA7XU61YLX,1,retest,Ali is facing away from Chicago. Ali turns left. Chicago is BLANK Ali.,egocentric_distant,egocentric_distant_target,3324abf7-6438-42bf-b7c2-6d54a58c5647,left of,right of,0
A35QJA7XU61YLX,1,retest,Ali is BLANK the wagon. Ali pulls on the wagon. The wagon doesn't move.,action_nonfollows,action_nonfollows_context,55764064-722f-49d8-98a5-2e2d84e42d64,in,outside,1
A35QJA7XU61YLX,1,retest,The glass and the cup are on the table. Ali pushes the BLANK off the table. The glass doesn't break.,state_nonfollows,state_nonfollows_context,327243ab-ecb2-459c-a9bf-867dfb152071,cup,glass,1
A35QJA7XU61YLX,1,retest,The painting is to Ali's right. The painting is moved right. The painting is to Ali's BLANK.,egocentric_near,egocentric_near_target,4e1e4c8f-de93-44b5-a196-29575450bd42,right,left,1
A35QJA7XU61YLX,1,retest,Ali is behind the painting. Ali turns around. Ali is BLANK the painting.,egocentric_near,egocentric_near_target,07167d4f-80b9-4acc-9071-2c51b88df677,behind,in front of,0
A35QJA7XU61YLX,1,retest,The box is in the bin. Ali moves the box. The bin BLANK.,action_nonfollows,action_nonfollows_target,1637e508-3609-4421-8dd2-303fb71ebad9,doesn't move,moves,1
A35QJA7XU61YLX,1,retest,Ali is BLANK. Ali turns around. Ali is in front of the statue.,action_nonfollows,action_nonfollows_context,0e147806-b88f-428d-a3c1-7bfa2651c6ad,in front of the statue,behind the statue,0
A35QJA7XU61YLX,1,retest,Chicago is behind Ali. Ali turns right. Chicago is BLANK Ali.,egocentric_distant,egocentric_distant_target,208eaa12-f841-4068-b70e-a7c8edee31db,right of,left of,1
A35QJA7XU61YLX,1,retest,The ball is BLANK the box. The ball moves right. The ball is lower than the box.,action_nonfollows,action_nonfollows_context,4db85fa9-8307-4315-983c-1da01ebcfdf3,under,above,0
A35QJA7XU61YLX,1,retest,Chicago is BLANK Ali. Ali turns right. Chicago is left of Ali.,egocentric_distant,egocentric_distant_context,247fc701-a50f-47a4-b9ce-26e0e37764e8,in front of,behind,0
A35QJA7XU61YLX,1,retest,The box is floating in the water. Ali puts a tennis ball in the box. The box BLANK.,action_nonfollows,action_nonfollows_target,5edcc89e-d5f6-4ac5-9f05-376d77f2b2d4,floats,sinks,1
A35QJA7XU61YLX,1,retest,The book is on the table. Ali moves the table. The book BLANK.,action_follows,action_follows_target,0c7ff743-0286-4cb6-9639-4edb16b4b26d,moves,doesn't move,1
A35QJA7XU61YLX,1,retest,The book is on the table. Ali moves the table. The book BLANK.,action_follows,action_follows_target,0c7ff743-0286-4cb6-9639-4edb16b4b26d,moves,doesn't move,1
A35QJA7XU61YLX,1,retest,The painting is BLANK Ali. Ali turns right. The painting is right of Ali.,egocentric_near,egocentric_near_context,42d93d82-da95-4c5e-96d3-8d266440c4ec,behind,in front of,1
A35QJA7XU61YLX,1,retest,The painting is BLANK Ali. Ali turns right. The painting is right of Ali.,egocentric_near,egocentric_near_context,42d93d82-da95-4c5e-96d3-8d266440c4ec,behind,in front of,1
A35QJA7XU61YLX,1,retest,The box is close to Ali. Ali throws the ball. The box is BLANK Ali.,action_nonfollows,action_nonfollows_target,0ebece86-74c2-44ea-9ef0-8d75a45ba56b,close to,far from,0
A35QJA7XU61YLX,1,retest,The box is close to Ali. Ali throws the ball. The box is BLANK Ali.,action_nonfollows,action_nonfollows_target,0ebece86-74c2-44ea-9ef0-8d75a45ba56b,close to,far from,0
A35QJA7XU61YLX,1,retest,Ali is BLANK painting. Ali turns around. Ali is behind the painting.,egocentric_near,egocentric_near_context,609267cd-7803-4f08-abfe-40ef7cec461e,behind,in front of,0
A35QJA7XU61YLX,1,retest,Ali is BLANK painting. Ali turns around. Ali is behind the painting.,egocentric_near,egocentric_near_context,609267cd-7803-4f08-abfe-40ef7cec461e,behind,in front of,0
A35QJA7XU61YLX,1,retest,The painting is BLANK Ali. Ali turns left. The painting is left of Ali.,egocentric_near,egocentric_near_context,6889b667-4845-4fa2-9b38-2000f907b9e2,behind,in front of,0
A35QJA7XU61YLX,1,retest,The painting is BLANK Ali. Ali turns left. The painting is left of Ali.,egocentric_near,egocentric_near_context,6889b667-4845-4fa2-9b38-2000f907b9e2,behind,in front of,0
A35QJA7XU61YLX,1,retest,Ali is facing BLANK Chicago. Ali turns left. Chicago is right of Ali.,egocentric_distant,egocentric_distant_context,431ac862-808b-48ca-8cc9-9227e24661e4,towards,away from,1
A35QJA7XU61YLX,1,retest,Ali is facing BLANK Chicago. Ali turns left. Chicago is right of Ali.,egocentric_distant,egocentric_distant_context,431ac862-808b-48ca-8cc9-9227e24661e4,towards,away from,1
A35QJA7XU61YLX,1,retest,Ali is behind the statue. Ali turns around. Ali is BLANK.,action_nonfollows,action_nonfollows_target,609276f4-276d-4b83-a87e-279b606bcaec,behind the statue,in front of the statue,0
A35QJA7XU61YLX,1,retest,Ali is behind the statue. Ali turns around. Ali is BLANK.,action_nonfollows,action_nonfollows_target,609276f4-276d-4b83-a87e-279b606bcaec,behind the statue,in front of the statue,0
A35QJA7XU61YLX,1,retest,The painting is BLANK of Ali. Ali turns left. The painting is right of Ali.,egocentric_near,egocentric_near_context,16e1a569-1ad9-4b0c-92b0-feb6df7b5b27,in front of,behind,1
A35QJA7XU61YLX,1,retest,The painting is BLANK of Ali. Ali turns left. The painting is right of Ali.,egocentric_near,egocentric_near_context,16e1a569-1ad9-4b0c-92b0-feb6df7b5b27,in front of,behind,1
A35QJA7XU61YLX,1,retest,The glass is on the floor. Ali bumps the table. The glass BLANK.,state_nonfollows,state_nonfollows_target,3482eb06-22b4-455d-819d-a4e799a6647f,doesn't break,breaks,0
A35QJA7XU61YLX,1,retest,The glass is on the floor. Ali bumps the table. The glass BLANK.,state_nonfollows,state_nonfollows_target,3482eb06-22b4-455d-819d-a4e799a6647f,doesn't break,breaks,0
A35QJA7XU61YLX,1,retest,The wagon is on the BLANK of the hill. Ali pushes the wagon. The wagon rolls.,action_follows,action_follows_context,17ed0db8-8e47-4da7-90ae-84dfc07af787,top,bottom,1
A35QJA7XU61YLX,1,retest,The wagon is on the BLANK of the hill. Ali pushes the wagon. The wagon rolls.,action_follows,action_follows_context,17ed0db8-8e47-4da7-90ae-84dfc07af787,top,bottom,1
A35QJA7XU61YLX,1,retest,Chicago is to Ali's BLANK. Ali turns left. Ali is facing towards Chicago.,egocentric_distant,egocentric_distant_context,0750fd63-cf47-440e-b7a4-8a5f610d3264,left,right,0
A35QJA7XU61YLX,1,retest,Chicago is to Ali's BLANK. Ali turns left. Ali is facing towards Chicago.,egocentric_distant,egocentric_distant_context,0750fd63-cf47-440e-b7a4-8a5f610d3264,left,right,0
A35QJA7XU61YLX,1,retest,The glass is on the table. Ali fills the glass halfway. The table is BLANK.,state_nonfollows,state_nonfollows_target,0ab9f4a8-59f3-4c71-975a-36627213f744,dry,wet,0
A35QJA7XU61YLX,1,retest,The glass is on the table. Ali fills the glass halfway. The table is BLANK.,state_nonfollows,state_nonfollows_target,0ab9f4a8-59f3-4c71-975a-36627213f744,dry,wet,0
A35QJA7XU61YLX,1,retest,The painting is to Ali's left. The painting is moved left. The painting is to Ali's BLANK.,egocentric_near,egocentric_near_target,33d5f7dc-85a0-4c33-ad94-ea5d1e85864b,right,left,0
A35QJA7XU61YLX,1,retest,The painting is to Ali's left. The painting is moved left. The painting is to Ali's BLANK.,egocentric_near,egocentric_near_target,33d5f7dc-85a0-4c33-ad94-ea5d1e85864b,right,left,0
A35QJA7XU61YLX,1,retest,Ali is facing away from Chicago. Ali turns left. Chicago is BLANK Ali.,egocentric_distant,egocentric_distant_target,3324abf7-6438-42bf-b7c2-6d54a58c5647,left of,right of,0
A35QJA7XU61YLX,1,retest,Ali is facing away from Chicago. Ali turns left. Chicago is BLANK Ali.,egocentric_distant,egocentric_distant_target,3324abf7-6438-42bf-b7c2-6d54a58c5647,left of,right of,0
A35QJA7XU61YLX,1,retest,The glass and the cup are on the table. Ali pushes the BLANK off the table. The glass doesn't break.,state_nonfollows,state_nonfollows_context,327243ab-ecb2-459c-a9bf-867dfb152071,cup,glass,1
A35QJA7XU61YLX,1,retest,The glass and the cup are on the table. Ali pushes the BLANK off the table. The glass doesn't break.,state_nonfollows,state_nonfollows_context,327243ab-ecb2-459c-a9bf-867dfb152071,cup,glass,1
A35QJA7XU61YLX,1,retest,Ali is behind the painting. Ali turns around. Ali is BLANK the painting.,egocentric_near,egocentric_near_target,07167d4f-80b9-4acc-9071-2c51b88df677,behind,in front of,0
A35QJA7XU61YLX,1,retest,Ali is behind the painting. Ali turns around. Ali is BLANK the painting.,egocentric_near,egocentric_near_target,07167d4f-80b9-4acc-9071-2c51b88df677,behind,in front of,0
A35QJA7XU61YLX,1,retest,Ali is BLANK. Ali turns around. Ali is in front of the statue.,action_nonfollows,action_nonfollows_context,0e147806-b88f-428d-a3c1-7bfa2651c6ad,in front of the statue,behind the statue,0
A35QJA7XU61YLX,1,retest,Ali is BLANK. Ali turns around. Ali is in front of the statue.,action_nonfollows,action_nonfollows_context,0e147806-b88f-428d-a3c1-7bfa2651c6ad,in front of the statue,behind the statue,0
A35QJA7XU61YLX,1,retest,Chicago is behind Ali. Ali turns right. Chicago is BLANK Ali.,egocentric_distant,egocentric_distant_target,208eaa12-f841-4068-b70e-a7c8edee31db,right of,left of,0
A35QJA7XU61YLX,1,retest,Chicago is behind Ali. Ali turns right. Chicago is BLANK Ali.,egocentric_distant,egocentric_distant_target,208eaa12-f841-4068-b70e-a7c8edee31db,right of,left of,0
A35QJA7XU61YLX,1,retest,The ball is BLANK the box. The ball moves right. The ball is lower than the box.,action_nonfollows,action_nonfollows_context,4db85fa9-8307-4315-983c-1da01ebcfdf3,under,above,1
A35QJA7XU61YLX,1,retest,The ball is BLANK the box. The ball moves right. The ball is lower than the box.,action_nonfollows,action_nonfollows_context,4db85fa9-8307-4315-983c-1da01ebcfdf3,under,above,1
A35QJA7XU61YLX,1,retest,Chicago is BLANK Ali. Ali turns right. Chicago is left of Ali.,egocentric_distant,egocentric_distant_context,247fc701-a50f-47a4-b9ce-26e0e37764e8,in front of,behind,1
A35QJA7XU61YLX,1,retest,Chicago is BLANK Ali. Ali turns right. Chicago is left of Ali.,egocentric_distant,egocentric_distant_context,247fc701-a50f-47a4-b9ce-26e0e37764e8,in front of,behind,1
A3BSK47WPPE876,2,retest,The painting is right of Ali. Ali turns right. The painting is BLANK Ali.,egocentric_near,egocentric_near_target,86c1f116-7a99-4a81-a85b-d2789deb5909,in front of,behind,1
A3BSK47WPPE876,2,retest,Chicago is left of Ali. Ali turns around. Chicago is BLANK Ali.,egocentric_distant,egocentric_distant_target,a0b7ee21-5714-4ea4-8f1d-33e7388d17e9,right of,left of,1
A3BSK47WPPE876,2,retest,Ali is facing Chicago. Ali turns left. Chicago is BLANK Ali.,egocentric_distant,egocentric_distant_target,a3bdec9e-f0a7-48ea-b522-a1648fc244b2,right of,left of,0
A3BSK47WPPE876,2,retest,Chicago is BLANK Ali. Ali turns around. Chicago is left of Ali.,egocentric_distant,egocentric_distant_context,a786ec6e-e388-459a-b336-ef496fc4d326,right of,left of,1
A3BSK47WPPE876,2,retest,The book is under the table. Ali moves the table. The book BLANK.,action_nonfollows,action_nonfollows_target,9f6321ad-9c8a-483d-b2df-d6faa3403521,doesn't move,moves,1
A3BSK47WPPE876,2,retest,Ali is right of the painting. Ali turns around. Ali is BLANK the painting.,egocentric_near,egocentric_near_target,7ae6543e-9e1e-4975-9d68-ad7d04fd1e4e,right of,left of,0
A3BSK47WPPE876,2,retest,The wall was painted BLANK ago. Ali touches the wall. Ali's hand is painted.,state_follows,state_follows_context,9e760262-6760-4910-ae27-d5f31cb04573,5 minutes,1 month,1
A3BSK47WPPE876,2,retest,The painting is BLANK of Ali. Ali turns right. The painting is behind Ali.,egocentric_near,egocentric_near_context,83a89d7b-3897-4b03-bb7e-3917130f7a2a,left,right,1
A3BSK47WPPE876,2,retest,Milwaukee is to Ali's BLANK. Ali turns left. Ali is facing away from Milwaukee.,egocentric_distant,egocentric_distant_context,8109d3a1-786d-4676-9015-297215cfc561,right,left,1
A3BSK47WPPE876,2,retest,The wine glass is on the table. The wine glass falls over. The wine spills on the BLANK.,action_follows,action_follows_target,8f2f6473-016c-480b-a77b-a4bfd6af9f64,table,floor,0
A3BSK47WPPE876,2,retest,The cup is empty. Ali pours BLANK in the cup. The cup is dry.,state_nonfollows,state_nonfollows_context,6a785729-cfcd-45a6-9087-df181fe49c39,sand,water,1
A3BSK47WPPE876,2,retest,The glass is on the table and the cup is on the floor. Ali picks up the glass. The cup BLANK.,action_nonfollows,action_nonfollows_target,930e06dd-d207-446c-96b7-a9faf92483d5,moves,doesn't move,0
A3BSK47WPPE876,2,retest,Ali is facing BLANK Milwaukee. Ali turns around. Ali is facing towards Milwaukee.,egocentric_distant,egocentric_distant_context,a142d675-e72e-4665-8813-7155bd331eb1,away from,towards,1
A3BSK47WPPE876,2,retest,The painting is right of Ali. Ali turns left. The painting is BLANK Ali.,egocentric_near,egocentric_near_target,9464cf69-94a8-47e0-bf12-b333afeb5059,behind,in front of,1
A3BSK47WPPE876,2,retest,Chicago is BLANK Ali. Ali turns left. Chicago is right of Ali.,egocentric_distant,egocentric_distant_context,a0ad98be-c0ed-44cc-9e98-e8be414bdce1,in front of,behind,0
A3BSK47WPPE876,2,retest,The painting is to Ali's BLANK. The painting is moved right. The painting is to Ali's right.,egocentric_near,egocentric_near_context,832bad6a-4819-44a8-879c-ba123d4eff25,right,left,0
A3BSK47WPPE876,2,retest,The window is behind Ali and the wall is in front of Ali. Ali throws the baseball at the wall. The window BLANK.,state_nonfollows,state_nonfollows_target,88712078-fc2f-436a-8a04-1757993c015e,doesn't break,breaks,1
A3BSK47WPPE876,2,retest,The ball is close to Ali. Ali throws the box. The ball is BLANK Ali.,action_nonfollows,action_nonfollows_target,76ce548a-e17e-4a57-aaf9-cf3fa2a6c9d3,close to,far from,1
A3BSK47WPPE876,2,retest,Ali is facing away from Chicago. Ali turns right. Chicago is BLANK Ali.,egocentric_distant,egocentric_distant_target,b11ffacc-e96b-4806-84c4-6252d4c8bf41,right of,left of,1
A3BSK47WPPE876,2,retest,The window is behind Ali. Ali throws the baseball forward. The window BLANK.,state_nonfollows,state_nonfollows_target,71cbbb37-63ba-4e5b-a641-28bac214cb01,doesn't break,breaks,1
A3BSK47WPPE876,2,retest,The wine glass is on the table. Ali bumps the lamp. The wine BLANK.,action_nonfollows,action_nonfollows_target,97dd01de-586e-4782-902f-a496e522e421,doesn't spill,spills,1
A3BSK47WPPE876,2,retest,The bowling ball is close to Ali. Ali throws the bowling ball. The bowling ball is BLANK Ali.,action_nonfollows,action_nonfollows_target,af4eb18f-79bd-44aa-8a21-3919f5448071,close to,far from,0
A3BSK47WPPE876,2,retest,The wine glass is on the BLANK. Ali bumps the wine glass. The wine spills on the floor.,action_follows,action_follows_context,a2dd4fac-96de-4e38-bb75-e36db0393e98,floor,table,1
A3BSK47WPPE876,2,retest,The brick is on the table. Ali bumps the brick off the table. The brick BLANK.,state_nonfollows,state_nonfollows_target,af3c88ce-961a-4a4d-8258-314a8b8513fd,doesn't break,breaks,1
A3BSK47WPPE876,2,retest,The glass is on the floor. Ali bumps the BLANK. The glass doesn't break.,state_nonfollows,state_nonfollows_context,b055fb0f-1958-45fd-870a-d54814aefbee,table,glass,1
A3BSK47WPPE876,2,retest,The window is BLANK Ali. Ali throws the baseball forward. The window doesn't break.,state_nonfollows,state_nonfollows_context,a802c7e4-f643-4de9-9712-a3d0af75b310,behind,in front of,1
A3BSK47WPPE876,2,retest,The painting is to Ali's BLANK. The painting is moved left. The painting is to Ali's right.,egocentric_near,egocentric_near_context,78f191e9-62c1-4214-a2e5-e56be737b5da,left,right,1
A3BSK47WPPE876,2,retest,The empty glass is on the table. Ali knocks the glass over. The table is BLANK.,state_nonfollows,state_nonfollows_target,acf5fc4f-47f1-4641-bd99-567028820394,dry,wet,1
A3BSK47WPPE876,2,retest,Ali is BLANK the painting. Ali turns around. Ali is right of the painting.,egocentric_near,egocentric_near_context,7824379a-18fd-4387-bae9-d9add803a5e1,right of,left of,0
A3BSK47WPPE876,2,retest,Ali is BLANK the wagon. Ali pulls on the wagon. The wagon moves.,action_follows,action_follows_context,9d2b43af-ba61-47f3-993c-7e93b7ced28a,in front of,behind,1
A3BSK47WPPE876,2,retest,The painting is BLANK of Ali. Ali turns right. The painting is in front of Ali.,egocentric_near,egocentric_near_context,7ebd0a27-2e35-44b7-a1db-283784b79989,right,left,1
A3BSK47WPPE876,2,retest,Ali is facing BLANK Chicago. Ali turns left. Chicago is left of Ali.,egocentric_distant,egocentric_distant_context,7f8567b3-1cc8-47a4-bcc3-b6b72b2f4e63,away from,towards,1
A3BSK47WPPE876,2,retest,Ali is facing Chicago. Ali turns right. Chicago is BLANK Ali.,egocentric_distant,egocentric_distant_target,b054c9a8-8ae5-42ae-8771-d39aa8c11479,left of,right of,1
A3BSK47WPPE876,2,retest,Chicago is in front of Ali. Ali turns right. Chicago is BLANK Ali.,egocentric_distant,egocentric_distant_target,a39d0d62-588e-4557-81a0-2e1e671c0e17,left of,right of,1
A3BSK47WPPE876,2,retest,Ali is facing Chicago. Ali turns left. Chicago is BLANK Ali.,egocentric_distant,egocentric_distant_target,a3bdec9e-f0a7-48ea-b522-a1648fc244b2,right of,left of,1
A3BSK47WPPE876,2,retest,Ali is facing Chicago. Ali turns left. Chicago is BLANK Ali.,egocentric_distant,egocentric_distant_target,a3bdec9e-f0a7-48ea-b522-a1648fc244b2,right of,left of,1
A3BSK47WPPE876,2,retest,Ali is right of the painting. Ali turns around. Ali is BLANK the painting.,egocentric_near,egocentric_near_target,7ae6543e-9e1e-4975-9d68-ad7d04fd1e4e,right of,left of,0
A3BSK47WPPE876,2,retest,Ali is right of the painting. Ali turns around. Ali is BLANK the painting.,egocentric_near,egocentric_near_target,7ae6543e-9e1e-4975-9d68-ad7d04fd1e4e,right of,left of,0
A3BSK47WPPE876,2,retest,Milwaukee is to Ali's BLANK. Ali turns left. Ali is facing away from Milwaukee.,egocentric_distant,egocentric_distant_context,8109d3a1-786d-4676-9015-297215cfc561,right,left,1
A3BSK47WPPE876,2,retest,Milwaukee is to Ali's BLANK. Ali turns left. Ali is facing away from Milwaukee.,egocentric_distant,egocentric_distant_context,8109d3a1-786d-4676-9015-297215cfc561,right,left,1
A3BSK47WPPE876,2,retest,The wine glass is on the table. The wine glass falls over. The wine spills on the BLANK.,action_follows,action_follows_target,8f2f6473-016c-480b-a77b-a4bfd6af9f64,table,floor,1
A3BSK47WPPE876,2,retest,The wine glass is on the table. The wine glass falls over. The wine spills on the BLANK.,action_follows,action_follows_target,8f2f6473-016c-480b-a77b-a4bfd6af9f64,table,floor,1
A3BSK47WPPE876,2,retest,The glass is on the table and the cup is on the floor. Ali picks up the glass. The cup BLANK.,action_nonfollows,action_nonfollows_target,930e06dd-d207-446c-96b7-a9faf92483d5,moves,doesn't move,0
A3BSK47WPPE876,2,retest,The glass is on the table and the cup is on the floor. Ali picks up the glass. The cup BLANK.,action_nonfollows,action_nonfollows_target,930e06dd-d207-446c-96b7-a9faf92483d5,moves,doesn't move,0
A3BSK47WPPE876,2,retest,Chicago is BLANK Ali. Ali turns left. Chicago is right of Ali.,egocentric_distant,egocentric_distant_context,a0ad98be-c0ed-44cc-9e98-e8be414bdce1,in front of,behind,1
A3BSK47WPPE876,2,retest,Chicago is BLANK Ali. Ali turns left. Chicago is right of Ali.,egocentric_distant,egocentric_distant_context,a0ad98be-c0ed-44cc-9e98-e8be414bdce1,in front of,behind,1
A3BSK47WPPE876,2,retest,The painting is to Ali's BLANK. The painting is moved right. The painting is to Ali's right.,egocentric_near,egocentric_near_context,832bad6a-4819-44a8-879c-ba123d4eff25,right,left,0
A3BSK47WPPE876,2,retest,The painting is to Ali's BLANK. The painting is moved right. The painting is to Ali's right.,egocentric_near,egocentric_near_context,832bad6a-4819-44a8-879c-ba123d4eff25,right,left,0
A3BSK47WPPE876,2,retest,The window is behind Ali and the wall is in front of Ali. Ali throws the baseball at the wall. The window BLANK.,state_nonfollows,state_nonfollows_target,88712078-fc2f-436a-8a04-1757993c015e,doesn't break,breaks,1
A3BSK47WPPE876,2,retest,The window is behind Ali and the wall is in front of Ali. Ali throws the baseball at the wall. The window BLANK.,state_nonfollows,state_nonfollows_target,88712078-fc2f-436a-8a04-1757993c015e,doesn't break,breaks,1
A3BSK47WPPE876,2,retest,The ball is close to Ali. Ali throws the box. The ball is BLANK Ali.,action_nonfollows,action_nonfollows_target,76ce548a-e17e-4a57-aaf9-cf3fa2a6c9d3,close to,far from,1
A3BSK47WPPE876,2,retest,The ball is close to Ali. Ali throws the box. The ball is BLANK Ali.,action_nonfollows,action_nonfollows_target,76ce548a-e17e-4a57-aaf9-cf3fa2a6c9d3,close to,far from,1
A3BSK47WPPE876,2,retest,Ali is facing away from Chicago. Ali turns right. Chicago is BLANK Ali.,egocentric_distant,egocentric_distant_target,b11ffacc-e96b-4806-84c4-6252d4c8bf41,right of,left of,1
A3BSK47WPPE876,2,retest,Ali is facing away from Chicago. Ali turns right. Chicago is BLANK Ali.,egocentric_distant,egocentric_distant_target,b11ffacc-e96b-4806-84c4-6252d4c8bf41,right of,left of,1
A3BSK47WPPE876,2,retest,The wine glass is on the table. Ali bumps the lamp. The wine BLANK.,action_nonfollows,action_nonfollows_target,97dd01de-586e-4782-902f-a496e522e421,doesn't spill,spills,1
A3BSK47WPPE876,2,retest,The wine glass is on the table. Ali bumps the lamp. The wine BLANK.,action_nonfollows,action_nonfollows_target,97dd01de-586e-4782-902f-a496e522e421,doesn't spill,spills,1
A3BSK47WPPE876,2,retest,The bowling ball is close to Ali. Ali throws the bowling ball. The bowling ball is BLANK Ali.,action_nonfollows,action_nonfollows_target,af4eb18f-79bd-44aa-8a21-3919f5448071,close to,far from,0
A3BSK47WPPE876,2,retest,The bowling ball is close to Ali. Ali throws the bowling ball. The bowling ball is BLANK Ali.,action_nonfollows,action_nonfollows_target,af4eb18f-79bd-44aa-8a21-3919f5448071,close to,far from,0
A3BSK47WPPE876,2,retest,The wine glass is on the BLANK. Ali bumps the wine glass. The wine spills on the floor.,action_follows,action_follows_context,a2dd4fac-96de-4e38-bb75-e36db0393e98,floor,table,1
A3BSK47WPPE876,2,retest,The wine glass is on the BLANK. Ali bumps the wine glass. The wine spills on the floor.,action_follows,action_follows_context,a2dd4fac-96de-4e38-bb75-e36db0393e98,floor,table,1
A3BSK47WPPE876,2,retest,The glass is on the floor. Ali bumps the BLANK. The glass doesn't break.,state_nonfollows,state_nonfollows_context,b055fb0f-1958-45fd-870a-d54814aefbee,table,glass,1
A3BSK47WPPE876,2,retest,The glass is on the floor. Ali bumps the BLANK. The glass doesn't break.,state_nonfollows,state_nonfollows_context,b055fb0f-1958-45fd-870a-d54814aefbee,table,glass,1
A3BSK47WPPE876,2,retest,The window is BLANK Ali. Ali throws the baseball forward. The window doesn't break.,state_nonfollows,state_nonfollows_context,a802c7e4-f643-4de9-9712-a3d0af75b310,behind,in front of,1
A3BSK47WPPE876,2,retest,The window is BLANK Ali. Ali throws the baseball forward. The window doesn't break.,state_nonfollows,state_nonfollows_context,a802c7e4-f643-4de9-9712-a3d0af75b310,behind,in front of,1
A3BSK47WPPE876,2,retest,Ali is BLANK the painting. Ali turns around. Ali is right of the painting.,egocentric_near,egocentric_near_context,7824379a-18fd-4387-bae9-d9add803a5e1,right of,left of,0
A3BSK47WPPE876,2,retest,Ali is BLANK the painting. Ali turns around. Ali is right of the painting.,egocentric_near,egocentric_near_context,7824379a-18fd-4387-bae9-d9add803a5e1,right of,left of,0
A3BSK47WPPE876,2,retest,Ali is BLANK the wagon. Ali pulls on the wagon. The wagon moves.,action_follows,action_follows_context,9d2b43af-ba61-47f3-993c-7e93b7ced28a,in front of,behind,1
A3BSK47WPPE876,2,retest,Ali is BLANK the wagon. Ali pulls on the wagon. The wagon moves.,action_follows,action_follows_context,9d2b43af-ba61-47f3-993c-7e93b7ced28a,in front of,behind,1
A3BSK47WPPE876,2,retest,Ali is facing Chicago. Ali turns right. Chicago is BLANK Ali.,egocentric_distant,egocentric_distant_target,b054c9a8-8ae5-42ae-8771-d39aa8c11479,left of,right of,1
A3BSK47WPPE876,2,retest,Ali is facing Chicago. Ali turns right. Chicago is BLANK Ali.,egocentric_distant,egocentric_distant_target,b054c9a8-8ae5-42ae-8771-d39aa8c11479,left of,right of,1
A3BSK47WPPE876,2,retest,Chicago is in front of Ali. Ali turns right. Chicago is BLANK Ali.,egocentric_distant,egocentric_distant_target,a39d0d62-588e-4557-81a0-2e1e671c0e17,left of,right of,1
A3BSK47WPPE876,2,retest,Chicago is in front of Ali. Ali turns right. Chicago is BLANK Ali.,egocentric_distant,egocentric_distant_target,a39d0d62-588e-4557-81a0-2e1e671c0e17,left of,right of,1
A3JGEQETU4C18Y,4,retest,The box is West of Ali. Ali turns around. The box is BLANK Ali.,geocentric_near,geocentric_near_target,4707b854-94c1-4bdf-bbbe-523dcbcffb17,West of,East of,0
A3JGEQETU4C18Y,4,retest,The painting is BLANK Ali. Ali turns right. The painting is North of Ali.,geocentric_near,geocentric_near_context,3eedd983-6f21-45cb-8008-1014712a7b7b,North of,East of,0
A3JGEQETU4C18Y,4,retest,Milwaukee is BLANK Ali. Ali turns around. Milwaukee is East of Ali.,geocentric_distant,geocentric_distant_context,77c0d17a-6bd6-4db4-bc73-14f3e7d2b394,East of,West of,1
A3JGEQETU4C18Y,4,retest,The painting is South of Ali. Ali turns left. The painting is BLANK Ali.,geocentric_near,geocentric_near_target,388f87fc-7d6f-42d9-baa2-180cee60026e,South of,East of,0
A3JGEQETU4C18Y,4,retest,The painting is East of Ali. Ali turns around. The painting is BLANK Ali.,geocentric_near,geocentric_near_target,14321555-7ea9-4679-b51e-ac67fb252f49,East of,West of,0
A3JGEQETU4C18Y,4,retest,The painting is BLANK Ali. Ali turns right. The painting is East of Ali.,geocentric_near,geocentric_near_context,75584ccb-cf13-4dad-a836-d1718688dd78,East of,South of,0
A3JGEQETU4C18Y,4,retest,Mark is facing BLANK. Mark turns 90 degrees to his right. Mark is facing West.,geocentric_near,geocentric_near_context,158db60e-90ac-4371-8e54-92fec86e2514,South,North,0
A3JGEQETU4C18Y,4,retest,Milwaukee is North of Ali. Ali turns right. Milwaukee is BLANK Ali.,geocentric_distant,geocentric_distant_target,3e898758-3fe2-437c-ae53-dac3e31b103d,North of,East of,0
A3JGEQETU4C18Y,4,retest,Milwaukee is West of Ali. Ali turns left. Milwaukee is BLANK Ali.,geocentric_distant,geocentric_distant_target,4a5694f4-513a-4932-b03f-7e15b79f4152,West of,South of,0
A3JGEQETU4C18Y,4,retest,The painting is North of Ali. Ali turns right. The painting is BLANK Ali.,geocentric_near,geocentric_near_target,56e0ef8c-a438-4942-90a4-b8ed0b45e5a9,North of,East of,0
A3JGEQETU4C18Y,4,retest,Milwaukee is BLANK of Ali. Ali walks West. Ali is getting closer to Milwaukee.,geocentric_distant,geocentric_distant_context,39f1ec10-1ca4-4e11-8934-4468bf7bdf07,West,East,0
A3JGEQETU4C18Y,4,retest,The statue is BLANK Ali. Ali walks West. The statue is North of Ali.,geocentric_near,geocentric_near_context,2394a22c-ce98-4455-8af8-9365567f5512,North of,East of,0
A3JGEQETU4C18Y,4,retest,The statue is West of Ali. Ali walks North. The statue is BLANK of Ali.,geocentric_near,geocentric_near_target,02001830-4e69-4fbb-bf98-17c2b84f5101,West of,South of,0
A3JGEQETU4C18Y,4,retest,The box is BLANK Ali. Ali turns around. The box is East of Ali.,geocentric_near,geocentric_near_context,32cf82f2-f1d9-47f7-a424-179811371198,East of,West of,0
A3JGEQETU4C18Y,4,retest,Ali is East of Milwaukee. Ali walks West. Ali is getting BLANK Milwaukee.,geocentric_distant,geocentric_distant_target,67b9b39e-21bf-4eae-bc30-d2bbccfd7b46,closer to,further from,1
A3JGEQETU4C18Y,4,retest,The painting is West of Ali. Ali turns left. The painting is BLANK Ali.,geocentric_near,geocentric_near_target,755f2c4d-3da2-4db8-bedd-f1a04cb521da,West of,South of,0
A3JGEQETU4C18Y,4,retest,Milwaukee is West of Ali. Ali turns around. Milwaukee is BLANK Ali.,geocentric_distant,geocentric_distant_target,5a23ac72-538b-4ce0-9c8d-3fcbaf720c14,West of,East of,0
A3JGEQETU4C18Y,4,retest,Ali is directly BLANK of Milwaukee. Ali walks West. Ali is Southwest of Milwaukee.,geocentric_distant,geocentric_distant_context,300eca91-7f1c-427a-94bf-0ba740b8f6ac,South,North,0
A3JGEQETU4C18Y,4,retest,Milwaukee is South of Ali. Ali turns around. Milwaukee is BLANK Ali.,geocentric_distant,geocentric_distant_target,1df25621-f5fc-45c4-b67e-908755a4b805,South of,North of,0
A3JGEQETU4C18Y,4,retest,The painting is North of Ali. Ali turns around. The painting is BLANK Ali.,geocentric_near,geocentric_near_target,259d98cc-7d54-4369-9cee-c39d9df87771,North of,South of,0
A3JGEQETU4C18Y,4,retest,The box is South of Ali. Ali turns around. The box is BLANK Ali.,geocentric_near,geocentric_near_target,53d5158f-a2f6-4185-8c98-08da3e6ec92c,South of,North of,0
A3JGEQETU4C18Y,4,retest,Milwaukee is BLANK Ali. Ali turns left. Milwaukee is East of Ali.,geocentric_distant,geocentric_distant_context,3db7d6ed-6556-41e8-84c7-4842a7f10aaf,East of,North of,0
A3JGEQETU4C18Y,4,retest,Milwaukee is BLANK Ali. Ali turns around. Milwaukee is North of Ali.,geocentric_distant,geocentric_distant_context,14f6052a-0630-41e5-8e32-49b50329bc7c,North of,South of,0
A3JGEQETU4C18Y,4,retest,The statue is BLANK Ali. Ali walks North. The statue is West of Ali.,geocentric_near,geocentric_near_context,1548d982-1dd9-4987-a32f-e7901bf4ae19,West of,South of,0
A3JGEQETU4C18Y,4,retest,Milwaukee is BLANK Ali. Ali turns right. Milwaukee is North of Ali.,geocentric_distant,geocentric_distant_context,7206047f-87f8-4d57-a741-e044eeb302c2,North of,East of,0
A3JGEQETU4C18Y,4,retest,The statue is BLANK Ali. Ali walks South. The statue is East of Ali.,geocentric_near,geocentric_near_context,1d96d949-42bd-435b-b94b-18a7daf5eda7,East of,North of,0
A3JGEQETU4C18Y,4,retest,Ali is directly North of Milwaukee. Ali walks East. Ali is BLANK Milwaukee.,geocentric_distant,geocentric_distant_target,72cd0076-2e45-4c94-b071-27ad4067b3ba,Northeast,Southwest,1
A3JGEQETU4C18Y,4,retest,Milwaukee is BLANK Ali. Ali turns right. Milwaukee is South of Ali.,geocentric_distant,geocentric_distant_context,3f98a0d2-e39a-44fe-8829-f36a67060ce0,South of,West of,0
A3JGEQETU4C18Y,4,retest,The statue is East of Ali. Ali walks South. The statue is BLANK of Ali.,geocentric_near,geocentric_near_target,7132ca09-59fa-476f-9222-57847641467d,East of,North of,0
A3JGEQETU4C18Y,4,retest,The statue is South of Ali. Ali walks East. The statue is BLANK of Ali.,geocentric_near,geocentric_near_target,74f043f5-acec-4feb-86b0-8ef876aecd9e,South of,West of,0
A3JGEQETU4C18Y,4,retest,The painting is East of Ali. Ali turns right. The painting is BLANK Ali.,geocentric_near,geocentric_near_target,5f2ceea9-dc97-4a8e-b41e-8340d27dcae0,East of,South of,0
A3JGEQETU4C18Y,4,retest,The painting is BLANK Ali. Ali turns right. The painting is South of Ali.,geocentric_near,geocentric_near_context,53e65902-e67a-4c24-b2ad-c73e60322ad7,South of,West of,0
A3JGEQETU4C18Y,4,retest,Mark is facing South. Mark turns 90 degrees to his right. Mark is facing BLANK.,geocentric_near,geocentric_near_target,1911dc4d-f888-4f10-847b-e9940e7aa3cc,West,East,0
A3JGEQETU4C18Y,4,retest,The painting is BLANK Ali. Ali turns left. The painting is West of Ali.,geocentric_near,geocentric_near_context,371933d5-09a6-4be0-ab6a-736ebc7c885d,West of,South of,0
A3JGEQETU4C18Y,4,retest,The painting is BLANK Ali. Ali turns around. The painting is North of Ali.,geocentric_near,geocentric_near_context,0f6d0640-aa19-4331-b909-2d4ce3819888,North of,South of,0
A3JGEQETU4C18Y,4,retest,The statue is BLANK Ali. Ali walks East. The statue is North of Ali.,geocentric_near,geocentric_near_context,65877b0d-ab1c-4076-9083-baee15b3f77c,North of,West of,0
A3JGEQETU4C18Y,4,retest,Milwaukee is East of Ali. Ali turns around. Milwaukee is BLANK Ali.,geocentric_distant,geocentric_distant_target,2d04b915-2739-4516-9aa3-4b513d3292f8,East of,West of,0
A3JGEQETU4C18Y,4,retest,Mark is facing BLANK. Mark turns 90 degrees to his right. Mark is facing North.,geocentric_near,geocentric_near_context,6aeba3f8-1b5a-41e2-8a91-d8af80926c51,West,East,1
A3JGEQETU4C18Y,4,retest,The painting is BLANK of Ali. Ali turns around. The painting is East of Ali.,geocentric_near,geocentric_near_context,10a923c5-3759-4bf7-9d6a-d986ed2fd2be,East of,West of,1
A3JGEQETU4C18Y,4,retest,The box is East of Ali. Ali turns around. The box is BLANK Ali.,geocentric_near,geocentric_near_target,1db16913-f23f-4f1e-92ed-27302deba9fc,East of,West of,0
A3JGEQETU4C18Y,4,retest,Milwaukee is BLANK Ali. Ali turns around. Milwaukee is South of Ali.,geocentric_distant,geocentric_distant_context,71d90361-bbec-4143-a556-ce4b5bdc12ef,South of,North of,0
A3JGEQETU4C18Y,4,retest,Milwaukee is South of Ali. Ali turns left. Milwaukee is BLANK Ali.,geocentric_distant,geocentric_distant_target,4ebfa491-4cac-42c5-989f-28d141866d2d,South,East of,0
A3JGEQETU4C18Y,4,retest,The box is West of Ali. Ali turns around. The box is BLANK Ali.,geocentric_near,geocentric_near_target,4707b854-94c1-4bdf-bbbe-523dcbcffb17,West of,East of,0
A3JGEQETU4C18Y,4,retest,The box is West of Ali. Ali turns around. The box is BLANK Ali.,geocentric_near,geocentric_near_target,4707b854-94c1-4bdf-bbbe-523dcbcffb17,West of,East of,0
A3JGEQETU4C18Y,4,retest,The painting is BLANK Ali. Ali turns right. The painting is North of Ali.,geocentric_near,geocentric_near_context,3eedd983-6f21-45cb-8008-1014712a7b7b,North of,East of,0
A3JGEQETU4C18Y,4,retest,The painting is BLANK Ali. Ali turns right. The painting is North of Ali.,geocentric_near,geocentric_near_context,3eedd983-6f21-45cb-8008-1014712a7b7b,North of,East of,0
A3JGEQETU4C18Y,4,retest,The painting is South of Ali. Ali turns left. The painting is BLANK Ali.,geocentric_near,geocentric_near_target,388f87fc-7d6f-42d9-baa2-180cee60026e,South of,East of,0
A3JGEQETU4C18Y,4,retest,The painting is South of Ali. Ali turns left. The painting is BLANK Ali.,geocentric_near,geocentric_near_target,388f87fc-7d6f-42d9-baa2-180cee60026e,South of,East of,0
A3JGEQETU4C18Y,4,retest,The painting is East of Ali. Ali turns around. The painting is BLANK Ali.,geocentric_near,geocentric_near_target,14321555-7ea9-4679-b51e-ac67fb252f49,East of,West of,0
A3JGEQETU4C18Y,4,retest,The painting is East of Ali. Ali turns around. The painting is BLANK Ali.,geocentric_near,geocentric_near_target,14321555-7ea9-4679-b51e-ac67fb252f49,East of,West of,0
A3JGEQETU4C18Y,4,retest,The painting is BLANK Ali. Ali turns right. The painting is East of Ali.,geocentric_near,geocentric_near_context,75584ccb-cf13-4dad-a836-d1718688dd78,East of,South of,0
A3JGEQETU4C18Y,4,retest,The painting is BLANK Ali. Ali turns right. The painting is East of Ali.,geocentric_near,geocentric_near_context,75584ccb-cf13-4dad-a836-d1718688dd78,East of,South of,0
A3JGEQETU4C18Y,4,retest,Mark is facing BLANK. Mark turns 90 degrees to his right. Mark is facing West.,geocentric_near,geocentric_near_context,158db60e-90ac-4371-8e54-92fec86e2514,South,North,0
A3JGEQETU4C18Y,4,retest,Mark is facing BLANK. Mark turns 90 degrees to his right. Mark is facing West.,geocentric_near,geocentric_near_context,158db60e-90ac-4371-8e54-92fec86e2514,South,North,0
A3JGEQETU4C18Y,4,retest,Milwaukee is North of Ali. Ali turns right. Milwaukee is BLANK Ali.,geocentric_distant,geocentric_distant_target,3e898758-3fe2-437c-ae53-dac3e31b103d,North of,East of,0
A3JGEQETU4C18Y,4,retest,Milwaukee is North of Ali. Ali turns right. Milwaukee is BLANK Ali.,geocentric_distant,geocentric_distant_target,3e898758-3fe2-437c-ae53-dac3e31b103d,North of,East of,0
A3JGEQETU4C18Y,4,retest,Milwaukee is West of Ali. Ali turns left. Milwaukee is BLANK Ali.,geocentric_distant,geocentric_distant_target,4a5694f4-513a-4932-b03f-7e15b79f4152,West of,South of,0
A3JGEQETU4C18Y,4,retest,Milwaukee is West of Ali. Ali turns left. Milwaukee is BLANK Ali.,geocentric_distant,geocentric_distant_target,4a5694f4-513a-4932-b03f-7e15b79f4152,West of,South of,0
A3JGEQETU4C18Y,4,retest,The painting is North of Ali. Ali turns right. The painting is BLANK Ali.,geocentric_near,geocentric_near_target,56e0ef8c-a438-4942-90a4-b8ed0b45e5a9,North of,East of,0
A3JGEQETU4C18Y,4,retest,The painting is North of Ali. Ali turns right. The painting is BLANK Ali.,geocentric_near,geocentric_near_target,56e0ef8c-a438-4942-90a4-b8ed0b45e5a9,North of,East of,0
A3JGEQETU4C18Y,4,retest,Milwaukee is BLANK of Ali. Ali walks West. Ali is getting closer to Milwaukee.,geocentric_distant,geocentric_distant_context,39f1ec10-1ca4-4e11-8934-4468bf7bdf07,West,East,0
A3JGEQETU4C18Y,4,retest,Milwaukee is BLANK of Ali. Ali walks West. Ali is getting closer to Milwaukee.,geocentric_distant,geocentric_distant_context,39f1ec10-1ca4-4e11-8934-4468bf7bdf07,West,East,0
A3JGEQETU4C18Y,4,retest,The statue is BLANK Ali. Ali walks West. The statue is North of Ali.,geocentric_near,geocentric_near_context,2394a22c-ce98-4455-8af8-9365567f5512,North of,East of,0
A3JGEQETU4C18Y,4,retest,The statue is BLANK Ali. Ali walks West. The statue is North of Ali.,geocentric_near,geocentric_near_context,2394a22c-ce98-4455-8af8-9365567f5512,North of,East of,0
A3JGEQETU4C18Y,4,retest,The statue is West of Ali. Ali walks North. The statue is BLANK of Ali.,geocentric_near,geocentric_near_target,02001830-4e69-4fbb-bf98-17c2b84f5101,West of,South of,0
A3JGEQETU4C18Y,4,retest,The statue is West of Ali. Ali walks North. The statue is BLANK of Ali.,geocentric_near,geocentric_near_target,02001830-4e69-4fbb-bf98-17c2b84f5101,West of,South of,0
A3JGEQETU4C18Y,4,retest,The box is BLANK Ali. Ali turns around. The box is East of Ali.,geocentric_near,geocentric_near_context,32cf82f2-f1d9-47f7-a424-179811371198,East of,West of,0
A3JGEQETU4C18Y,4,retest,The box is BLANK Ali. Ali turns around. The box is East of Ali.,geocentric_near,geocentric_near_context,32cf82f2-f1d9-47f7-a424-179811371198,East of,West of,0
A3JGEQETU4C18Y,4,retest,Ali is East of Milwaukee. Ali walks West. Ali is getting BLANK Milwaukee.,geocentric_distant,geocentric_distant_target,67b9b39e-21bf-4eae-bc30-d2bbccfd7b46,closer to,further from,0
A3JGEQETU4C18Y,4,retest,Ali is East of Milwaukee. Ali walks West. Ali is getting BLANK Milwaukee.,geocentric_distant,geocentric_distant_target,67b9b39e-21bf-4eae-bc30-d2bbccfd7b46,closer to,further from,0
A3JGEQETU4C18Y,4,retest,The painting is West of Ali. Ali turns left. The painting is BLANK Ali.,geocentric_near,geocentric_near_target,755f2c4d-3da2-4db8-bedd-f1a04cb521da,West of,South of,0
A3JGEQETU4C18Y,4,retest,The painting is West of Ali. Ali turns left. The painting is BLANK Ali.,geocentric_near,geocentric_near_target,755f2c4d-3da2-4db8-bedd-f1a04cb521da,West of,South of,0
A3JGEQETU4C18Y,4,retest,Milwaukee is West of Ali. Ali turns around. Milwaukee is BLANK Ali.,geocentric_distant,geocentric_distant_target,5a23ac72-538b-4ce0-9c8d-3fcbaf720c14,West of,East of,0
A3JGEQETU4C18Y,4,retest,Milwaukee is West of Ali. Ali turns around. Milwaukee is BLANK Ali.,geocentric_distant,geocentric_distant_target,5a23ac72-538b-4ce0-9c8d-3fcbaf720c14,West of,East of,0
A3JGEQETU4C18Y,4,retest,Ali is directly BLANK of Milwaukee. Ali walks West. Ali is Southwest of Milwaukee.,geocentric_distant,geocentric_distant_context,300eca91-7f1c-427a-94bf-0ba740b8f6ac,South,North,1
A3JGEQETU4C18Y,4,retest,Ali is directly BLANK of Milwaukee. Ali walks West. Ali is Southwest of Milwaukee.,geocentric_distant,geocentric_distant_context,300eca91-7f1c-427a-94bf-0ba740b8f6ac,South,North,1
A3JGEQETU4C18Y,4,retest,Milwaukee is South of Ali. Ali turns around. Milwaukee is BLANK Ali.,geocentric_distant,geocentric_distant_target,1df25621-f5fc-45c4-b67e-908755a4b805,South of,North of,0
A3JGEQETU4C18Y,4,retest,Milwaukee is South of Ali. Ali turns around. Milwaukee is BLANK Ali.,geocentric_distant,geocentric_distant_target,1df25621-f5fc-45c4-b67e-908755a4b805,South of,North of,0
A3JGEQETU4C18Y,4,retest,The painting is North of Ali. Ali turns around. The painting is BLANK Ali.,geocentric_near,geocentric_near_target,259d98cc-7d54-4369-9cee-c39d9df87771,North of,South of,0
A3JGEQETU4C18Y,4,retest,The painting is North of Ali. Ali turns around. The painting is BLANK Ali.,geocentric_near,geocentric_near_target,259d98cc-7d54-4369-9cee-c39d9df87771,North of,South of,0
A3JGEQETU4C18Y,4,retest,The box is South of Ali. Ali turns around. The box is BLANK Ali.,geocentric_near,geocentric_near_target,53d5158f-a2f6-4185-8c98-08da3e6ec92c,South of,North of,0
A3JGEQETU4C18Y,4,retest,The box is South of Ali. Ali turns around. The box is BLANK Ali.,geocentric_near,geocentric_near_target,53d5158f-a2f6-4185-8c98-08da3e6ec92c,South of,North of,0
A3JGEQETU4C18Y,4,retest,Milwaukee is BLANK Ali. Ali turns left. Milwaukee is East of Ali.,geocentric_distant,geocentric_distant_context,3db7d6ed-6556-41e8-84c7-4842a7f10aaf,East of,North of,0
A3JGEQETU4C18Y,4,retest,Milwaukee is BLANK Ali. Ali turns left. Milwaukee is East of Ali.,geocentric_distant,geocentric_distant_context,3db7d6ed-6556-41e8-84c7-4842a7f10aaf,East of,North of,0
A3JGEQETU4C18Y,4,retest,Milwaukee is BLANK Ali. Ali turns around. Milwaukee is North of Ali.,geocentric_distant,geocentric_distant_context,14f6052a-0630-41e5-8e32-49b50329bc7c,North of,South of,0
A3JGEQETU4C18Y,4,retest,Milwaukee is BLANK Ali. Ali turns around. Milwaukee is North of Ali.,geocentric_distant,geocentric_distant_context,14f6052a-0630-41e5-8e32-49b50329bc7c,North of,South of,0
A3JGEQETU4C18Y,4,retest,The statue is BLANK Ali. Ali walks North. The statue is West of Ali.,geocentric_near,geocentric_near_context,1548d982-1dd9-4987-a32f-e7901bf4ae19,West of,South of,0
A3JGEQETU4C18Y,4,retest,The statue is BLANK Ali. Ali walks North. The statue is West of Ali.,geocentric_near,geocentric_near_context,1548d982-1dd9-4987-a32f-e7901bf4ae19,West of,South of,0
A3JGEQETU4C18Y,4,retest,Milwaukee is BLANK Ali. Ali turns right. Milwaukee is North of Ali.,geocentric_distant,geocentric_distant_context,7206047f-87f8-4d57-a741-e044eeb302c2,North of,East of,0
A3JGEQETU4C18Y,4,retest,Milwaukee is BLANK Ali. Ali turns right. Milwaukee is North of Ali.,geocentric_distant,geocentric_distant_context,7206047f-87f8-4d57-a741-e044eeb302c2,North of,East of,0
A3JGEQETU4C18Y,4,retest,The statue is BLANK Ali. Ali walks South. The statue is East of Ali.,geocentric_near,geocentric_near_context,1d96d949-42bd-435b-b94b-18a7daf5eda7,East of,North of,0
A3JGEQETU4C18Y,4,retest,The statue is BLANK Ali. Ali walks South. The statue is East of Ali.,geocentric_near,geocentric_near_context,1d96d949-42bd-435b-b94b-18a7daf5eda7,East of,North of,0
A3JGEQETU4C18Y,4,retest,Ali is directly North of Milwaukee. Ali walks East. Ali is BLANK Milwaukee.,geocentric_distant,geocentric_distant_target,72cd0076-2e45-4c94-b071-27ad4067b3ba,Northeast,Southwest,1
A3JGEQETU4C18Y,4,retest,Ali is directly North of Milwaukee. Ali walks East. Ali is BLANK Milwaukee.,geocentric_distant,geocentric_distant_target,72cd0076-2e45-4c94-b071-27ad4067b3ba,Northeast,Southwest,1
A3JGEQETU4C18Y,4,retest,Milwaukee is BLANK Ali. Ali turns right. Milwaukee is South of Ali.,geocentric_distant,geocentric_distant_context,3f98a0d2-e39a-44fe-8829-f36a67060ce0,South of,West of,1
A3JGEQETU4C18Y,4,retest,Milwaukee is BLANK Ali. Ali turns right. Milwaukee is South of Ali.,geocentric_distant,geocentric_distant_context,3f98a0d2-e39a-44fe-8829-f36a67060ce0,South of,West of,1
A3JGEQETU4C18Y,4,retest,The statue is East of Ali. Ali walks South. The statue is BLANK of Ali.,geocentric_near,geocentric_near_target,7132ca09-59fa-476f-9222-57847641467d,East of,North of,0
A3JGEQETU4C18Y,4,retest,The statue is East of Ali. Ali walks South. The statue is BLANK of Ali.,geocentric_near,geocentric_near_target,7132ca09-59fa-476f-9222-57847641467d,East of,North of,0
A3JGEQETU4C18Y,4,retest,The statue is South of Ali. Ali walks East. The statue is BLANK of Ali.,geocentric_near,geocentric_near_target,74f043f5-acec-4feb-86b0-8ef876aecd9e,South of,West of,1
A3JGEQETU4C18Y,4,retest,The statue is South of Ali. Ali walks East. The statue is BLANK of Ali.,geocentric_near,geocentric_near_target,74f043f5-acec-4feb-86b0-8ef876aecd9e,South of,West of,1
A3JGEQETU4C18Y,4,retest,The painting is East of Ali. Ali turns right. The painting is BLANK Ali.,geocentric_near,geocentric_near_target,5f2ceea9-dc97-4a8e-b41e-8340d27dcae0,East of,South of,0
A3JGEQETU4C18Y,4,retest,The painting is East of Ali. Ali turns right. The painting is BLANK Ali.,geocentric_near,geocentric_near_target,5f2ceea9-dc97-4a8e-b41e-8340d27dcae0,East of,South of,0
A3JGEQETU4C18Y,4,retest,The painting is BLANK Ali. Ali turns right. The painting is South of Ali.,geocentric_near,geocentric_near_context,53e65902-e67a-4c24-b2ad-c73e60322ad7,South of,West of,0
A3JGEQETU4C18Y,4,retest,The painting is BLANK Ali. Ali turns right. The painting is South of Ali.,geocentric_near,geocentric_near_context,53e65902-e67a-4c24-b2ad-c73e60322ad7,South of,West of,0
A3JGEQETU4C18Y,4,retest,Mark is facing South. Mark turns 90 degrees to his right. Mark is facing BLANK.,geocentric_near,geocentric_near_target,1911dc4d-f888-4f10-847b-e9940e7aa3cc,West,East,1
A3JGEQETU4C18Y,4,retest,Mark is facing South. Mark turns 90 degrees to his right. Mark is facing BLANK.,geocentric_near,geocentric_near_target,1911dc4d-f888-4f10-847b-e9940e7aa3cc,West,East,1
A3JGEQETU4C18Y,4,retest,The painting is BLANK Ali. Ali turns left. The painting is West of Ali.,geocentric_near,geocentric_near_context,371933d5-09a6-4be0-ab6a-736ebc7c885d,West of,South of,0
A3JGEQETU4C18Y,4,retest,The painting is BLANK Ali. Ali turns left. The painting is West of Ali.,geocentric_near,geocentric_near_context,371933d5-09a6-4be0-ab6a-736ebc7c885d,West of,South of,0
A3JGEQETU4C18Y,4,retest,The painting is BLANK Ali. Ali turns around. The painting is North of Ali.,geocentric_near,geocentric_near_context,0f6d0640-aa19-4331-b909-2d4ce3819888,North of,South of,0
A3JGEQETU4C18Y,4,retest,The painting is BLANK Ali. Ali turns around. The painting is North of Ali.,geocentric_near,geocentric_near_context,0f6d0640-aa19-4331-b909-2d4ce3819888,North of,South of,0
A3JGEQETU4C18Y,4,retest,The statue is BLANK Ali. Ali walks East. The statue is North of Ali.,geocentric_near,geocentric_near_context,65877b0d-ab1c-4076-9083-baee15b3f77c,North of,West of,0
A3JGEQETU4C18Y,4,retest,The statue is BLANK Ali. Ali walks East. The statue is North of Ali.,geocentric_near,geocentric_near_context,65877b0d-ab1c-4076-9083-baee15b3f77c,North of,West of,0
A3JGEQETU4C18Y,4,retest,Milwaukee is East of Ali. Ali turns around. Milwaukee is BLANK Ali.,geocentric_distant,geocentric_distant_target,2d04b915-2739-4516-9aa3-4b513d3292f8,East of,West of,0
A3JGEQETU4C18Y,4,retest,Milwaukee is East of Ali. Ali turns around. Milwaukee is BLANK Ali.,geocentric_distant,geocentric_distant_target,2d04b915-2739-4516-9aa3-4b513d3292f8,East of,West of,0
A3JGEQETU4C18Y,4,retest,Mark is facing BLANK. Mark turns 90 degrees to his right. Mark is facing North.,geocentric_near,geocentric_near_context,6aeba3f8-1b5a-41e2-8a91-d8af80926c51,West,East,0
A3JGEQETU4C18Y,4,retest,Mark is facing BLANK. Mark turns 90 degrees to his right. Mark is facing North.,geocentric_near,geocentric_near_context,6aeba3f8-1b5a-41e2-8a91-d8af80926c51,West,East,0
A3JGEQETU4C18Y,4,retest,The box is East of Ali. Ali turns around. The box is BLANK Ali.,geocentric_near,geocentric_near_target,1db16913-f23f-4f1e-92ed-27302deba9fc,East of,West of,1
A3P9OTCAYB6E9V,1,retest,Ali is BLANK the wagon. Ali pushes on the wagon. The wagon moves.,action_follows,action_follows_context,1f747dd7-a364-472a-9024-76517340aef3,behind,in front of,1
A3P9OTCAYB6E9V,1,retest,Ali is behind the statue. Ali turns around. Ali is BLANK.,action_nonfollows,action_nonfollows_target,609276f4-276d-4b83-a87e-279b606bcaec,behind the statue,in front of the statue,0
A3P9OTCAYB6E9V,1,retest,The ball is five feet from the box. Ali moves the box. The ball BLANK.,action_nonfollows,action_nonfollows_target,1fe70ed2-c4f2-46e8-a4ee-b795969fe940,doesn't move,moves,1
A3P9OTCAYB6E9V,1,retest,Ali is BLANK the wagon. Ali pulls on the wagon. The wagon doesn't move.,action_nonfollows,action_nonfollows_context,55764064-722f-49d8-98a5-2e2d84e42d64,in,outside,1
A3P9OTCAYB6E9V,1,retest,The book is on the table. Ali moves the table. The book BLANK.,action_follows,action_follows_target,0c7ff743-0286-4cb6-9639-4edb16b4b26d,moves,doesn't move,1
A3P9OTCAYB6E9V,1,retest,Chicago is to Ali's BLANK. Ali turns left. Ali is facing towards Chicago.,egocentric_distant,egocentric_distant_context,0750fd63-cf47-440e-b7a4-8a5f610d3264,left,right,1
A3P9OTCAYB6E9V,1,retest,The ice cube and the banana are in the fridge. Ali takes the BLANK out of the fridge. The ice cube doesn't melt.,state_nonfollows,state_nonfollows_context,0ce85161-2bb7-40b9-a0d6-bca40c92c702,banana,ice cube,1
A3P9OTCAYB6E9V,1,retest,The box is close to Ali. Ali throws the ball. The box is BLANK Ali.,action_nonfollows,action_nonfollows_target,0ebece86-74c2-44ea-9ef0-8d75a45ba56b,close to,far from,1
A3P9OTCAYB6E9V,1,retest,The seesaw is balanced. Ali tilts the BLANK side of the seesaw. The left side goes up.,action_follows,action_follows_context,3853bb96-81c1-470b-b9d5-b17b811bf101,right,left,1
A3P9OTCAYB6E9V,1,retest,The wagon is on the BLANK of the hill. Ali pushes the wagon. The wagon rolls.,action_follows,action_follows_context,17ed0db8-8e47-4da7-90ae-84dfc07af787,top,bottom,1
A3P9OTCAYB6E9V,1,retest,The painting is BLANK of Ali. Ali turns left. The painting is right of Ali.,egocentric_near,egocentric_near_context,16e1a569-1ad9-4b0c-92b0-feb6df7b5b27,in front of,behind,0
A3P9OTCAYB6E9V,1,retest,The ball is BLANK the box. The ball moves right. The ball is lower than the box.,action_nonfollows,action_nonfollows_context,4db85fa9-8307-4315-983c-1da01ebcfdf3,under,above,1
A3P9OTCAYB6E9V,1,retest,Chicago is behind Ali. Ali turns right. Chicago is BLANK Ali.,egocentric_distant,egocentric_distant_target,208eaa12-f841-4068-b70e-a7c8edee31db,right of,left of,0
A3P9OTCAYB6E9V,1,retest,The painting is BLANK Ali. Ali turns right. The painting is right of Ali.,egocentric_near,egocentric_near_context,42d93d82-da95-4c5e-96d3-8d266440c4ec,behind,in front of,0
A3P9OTCAYB6E9V,1,retest,The painting is behind Ali. Ali turns left. The painting is BLANK Ali.,egocentric_near,egocentric_near_target,59fc66d4-3afa-42da-a45d-f73f7a531076,left of,right of,0
A3P9OTCAYB6E9V,1,retest,Ali is facing away from Chicago. Ali turns left. Chicago is BLANK Ali.,egocentric_distant,egocentric_distant_target,3324abf7-6438-42bf-b7c2-6d54a58c5647,left of,right of,0
A3P9OTCAYB6E9V,1,retest,Ali is behind the painting. Ali turns around. Ali is BLANK the painting.,egocentric_near,egocentric_near_target,07167d4f-80b9-4acc-9071-2c51b88df677,behind,in front of,0
A3P9OTCAYB6E9V,1,retest,The painting is BLANK Ali. Ali turns left. The painting is left of Ali.,egocentric_near,egocentric_near_context,6889b667-4845-4fa2-9b38-2000f907b9e2,behind,in front of,0
A3P9OTCAYB6E9V,1,retest,Ali is BLANK painting. Ali turns around. Ali is behind the painting.,egocentric_near,egocentric_near_context,609267cd-7803-4f08-abfe-40ef7cec461e,behind,in front of,0
A3P9OTCAYB6E9V,1,retest,The box is floating in the water. Ali puts a tennis ball in the box. The box BLANK.,action_nonfollows,action_nonfollows_target,5edcc89e-d5f6-4ac5-9f05-376d77f2b2d4,floats,sinks,1
A3P9OTCAYB6E9V,1,retest,The glass is on the floor. Ali bumps the table. The glass BLANK.,state_nonfollows,state_nonfollows_target,3482eb06-22b4-455d-819d-a4e799a6647f,doesn't break,breaks,1
A3P9OTCAYB6E9V,1,retest,The painting is to Ali's right. The painting is moved right. The painting is to Ali's BLANK.,egocentric_near,egocentric_near_target,4e1e4c8f-de93-44b5-a196-29575450bd42,right,left,1
A3P9OTCAYB6E9V,1,retest,Ali is facing away from Chicago. Ali turns around. Chicago is BLANK Ali.,egocentric_distant,egocentric_distant_target,49a33aab-df02-4990-beab-2a4f987d1064,in front of,behind,1
A3P9OTCAYB6E9V,1,retest,The glass is on the table. Ali fills the glass halfway. The table is BLANK.,state_nonfollows,state_nonfollows_target,0ab9f4a8-59f3-4c71-975a-36627213f744,dry,wet,1
A3P9OTCAYB6E9V,1,retest,Ali is facing BLANK Chicago. Ali turns left. Chicago is right of Ali.,egocentric_distant,egocentric_distant_context,431ac862-808b-48ca-8cc9-9227e24661e4,towards,away from,1
A3P9OTCAYB6E9V,1,retest,The glass and the cup are on the table. Ali pushes the BLANK off the table. The glass doesn't break.,state_nonfollows,state_nonfollows_context,327243ab-ecb2-459c-a9bf-867dfb152071,cup,glass,1
A3P9OTCAYB6E9V,1,retest,The painting is to Ali's left. The painting is moved left. The painting is to Ali's BLANK.,egocentric_near,egocentric_near_target,33d5f7dc-85a0-4c33-ad94-ea5d1e85864b,right,left,0
A3P9OTCAYB6E9V,1,retest,Ali is BLANK. Ali turns around. Ali is in front of the statue.,action_nonfollows,action_nonfollows_context,0e147806-b88f-428d-a3c1-7bfa2651c6ad,in front of the statue,behind the statue,0
A3P9OTCAYB6E9V,1,retest,Chicago is BLANK Ali. Ali turns right. Chicago is left of Ali.,egocentric_distant,egocentric_distant_context,247fc701-a50f-47a4-b9ce-26e0e37764e8,in front of,behind,0
A3P9OTCAYB6E9V,1,retest,The ball is BLANK the box. Ali pushes the ball forward. The ball is under the box.,action_nonfollows,action_nonfollows_context,2fcd18a5-4fe9-43af-be73-b08c8a69be3e,under,above,1
A3P9OTCAYB6E9V,1,retest,The painting is BLANK Ali. Ali turns around. The painting is left of Ali.,egocentric_near,egocentric_near_context,6074e27e-d929-4b07-bc4d-252c7bcb463e,right of,left of,1
A3P9OTCAYB6E9V,1,retest,The box is in the bin. Ali moves the box. The bin BLANK.,action_nonfollows,action_nonfollows_target,1637e508-3609-4421-8dd2-303fb71ebad9,doesn't move,moves,1
A3P9OTCAYB6E9V,1,retest,Ali is behind the statue. Ali turns around. Ali is BLANK.,action_nonfollows,action_nonfollows_target,609276f4-276d-4b83-a87e-279b606bcaec,behind the statue,in front of the statue,0
A3P9OTCAYB6E9V,1,retest,Ali is behind the statue. Ali turns around. Ali is BLANK.,action_nonfollows,action_nonfollows_target,609276f4-276d-4b83-a87e-279b606bcaec,behind the statue,in front of the statue,0
A3P9OTCAYB6E9V,1,retest,The ball is five feet from the box. Ali moves the box. The ball BLANK.,action_nonfollows,action_nonfollows_target,1fe70ed2-c4f2-46e8-a4ee-b795969fe940,doesn't move,moves,1
A3P9OTCAYB6E9V,1,retest,The ball is five feet from the box. Ali moves the box. The ball BLANK.,action_nonfollows,action_nonfollows_target,1fe70ed2-c4f2-46e8-a4ee-b795969fe940,doesn't move,moves,1
A3P9OTCAYB6E9V,1,retest,Chicago is to Ali's BLANK. Ali turns left. Ali is facing towards Chicago.,egocentric_distant,egocentric_distant_context,0750fd63-cf47-440e-b7a4-8a5f610d3264,left,right,0
A3P9OTCAYB6E9V,1,retest,Chicago is to Ali's BLANK. Ali turns left. Ali is facing towards Chicago.,egocentric_distant,egocentric_distant_context,0750fd63-cf47-440e-b7a4-8a5f610d3264,left,right,0
A3P9OTCAYB6E9V,1,retest,The ice cube and the banana are in the fridge. Ali takes the BLANK out of the fridge. The ice cube doesn't melt.,state_nonfollows,state_nonfollows_context,0ce85161-2bb7-40b9-a0d6-bca40c92c702,banana,ice cube,1
A3P9OTCAYB6E9V,1,retest,The ice cube and the banana are in the fridge. Ali takes the BLANK out of the fridge. The ice cube doesn't melt.,state_nonfollows,state_nonfollows_context,0ce85161-2bb7-40b9-a0d6-bca40c92c702,banana,ice cube,1
A3P9OTCAYB6E9V,1,retest,The wagon is on the BLANK of the hill. Ali pushes the wagon. The wagon rolls.,action_follows,action_follows_context,17ed0db8-8e47-4da7-90ae-84dfc07af787,top,bottom,1
A3P9OTCAYB6E9V,1,retest,The wagon is on the BLANK of the hill. Ali pushes the wagon. The wagon rolls.,action_follows,action_follows_context,17ed0db8-8e47-4da7-90ae-84dfc07af787,top,bottom,1
A3P9OTCAYB6E9V,1,retest,The painting is BLANK of Ali. Ali turns left. The painting is right of Ali.,egocentric_near,egocentric_near_context,16e1a569-1ad9-4b0c-92b0-feb6df7b5b27,in front of,behind,1
A3P9OTCAYB6E9V,1,retest,The painting is BLANK of Ali. Ali turns left. The painting is right of Ali.,egocentric_near,egocentric_near_context,16e1a569-1ad9-4b0c-92b0-feb6df7b5b27,in front of,behind,1
A3P9OTCAYB6E9V,1,retest,Chicago is behind Ali. Ali turns right. Chicago is BLANK Ali.,egocentric_distant,egocentric_distant_target,208eaa12-f841-4068-b70e-a7c8edee31db,right of,left of,1
A3P9OTCAYB6E9V,1,retest,Chicago is behind Ali. Ali turns right. Chicago is BLANK Ali.,egocentric_distant,egocentric_distant_target,208eaa12-f841-4068-b70e-a7c8edee31db,right of,left of,1
A3P9OTCAYB6E9V,1,retest,The painting is BLANK Ali. Ali turns right. The painting is right of Ali.,egocentric_near,egocentric_near_context,42d93d82-da95-4c5e-96d3-8d266440c4ec,behind,in front of,1
A3P9OTCAYB6E9V,1,retest,The painting is BLANK Ali. Ali turns right. The painting is right of Ali.,egocentric_near,egocentric_near_context,42d93d82-da95-4c5e-96d3-8d266440c4ec,behind,in front of,1
A3P9OTCAYB6E9V,1,retest,The painting is behind Ali. Ali turns left. The painting is BLANK Ali.,egocentric_near,egocentric_near_target,59fc66d4-3afa-42da-a45d-f73f7a531076,left of,right of,1
A3P9OTCAYB6E9V,1,retest,The painting is behind Ali. Ali turns left. The painting is BLANK Ali.,egocentric_near,egocentric_near_target,59fc66d4-3afa-42da-a45d-f73f7a531076,left of,right of,1
A3P9OTCAYB6E9V,1,retest,Ali is facing away from Chicago. Ali turns left. Chicago is BLANK Ali.,egocentric_distant,egocentric_distant_target,3324abf7-6438-42bf-b7c2-6d54a58c5647,left of,right of,1
A3P9OTCAYB6E9V,1,retest,Ali is facing away from Chicago. Ali turns left. Chicago is BLANK Ali.,egocentric_distant,egocentric_distant_target,3324abf7-6438-42bf-b7c2-6d54a58c5647,left of,right of,1
A3P9OTCAYB6E9V,1,retest,Ali is behind the painting. Ali turns around. Ali is BLANK the painting.,egocentric_near,egocentric_near_target,07167d4f-80b9-4acc-9071-2c51b88df677,behind,in front of,1
A3P9OTCAYB6E9V,1,retest,Ali is behind the painting. Ali turns around. Ali is BLANK the painting.,egocentric_near,egocentric_near_target,07167d4f-80b9-4acc-9071-2c51b88df677,behind,in front of,1
A3P9OTCAYB6E9V,1,retest,The painting is BLANK Ali. Ali turns left. The painting is left of Ali.,egocentric_near,egocentric_near_context,6889b667-4845-4fa2-9b38-2000f907b9e2,behind,in front of,1
A3P9OTCAYB6E9V,1,retest,The painting is BLANK Ali. Ali turns left. The painting is left of Ali.,egocentric_near,egocentric_near_context,6889b667-4845-4fa2-9b38-2000f907b9e2,behind,in front of,1
A3P9OTCAYB6E9V,1,retest,Ali is BLANK painting. Ali turns around. Ali is behind the painting.,egocentric_near,egocentric_near_context,609267cd-7803-4f08-abfe-40ef7cec461e,behind,in front of,1
A3P9OTCAYB6E9V,1,retest,Ali is BLANK painting. Ali turns around. Ali is behind the painting.,egocentric_near,egocentric_near_context,609267cd-7803-4f08-abfe-40ef7cec461e,behind,in front of,1
A3P9OTCAYB6E9V,1,retest,The box is floating in the water. Ali puts a tennis ball in the box. The box BLANK.,action_nonfollows,action_nonfollows_target,5edcc89e-d5f6-4ac5-9f05-376d77f2b2d4,floats,sinks,1
A3P9OTCAYB6E9V,1,retest,The box is floating in the water. Ali puts a tennis ball in the box. The box BLANK.,action_nonfollows,action_nonfollows_target,5edcc89e-d5f6-4ac5-9f05-376d77f2b2d4,floats,sinks,1
A3P9OTCAYB6E9V,1,retest,The painting is to Ali's right. The painting is moved right. The painting is to Ali's BLANK.,egocentric_near,egocentric_near_target,4e1e4c8f-de93-44b5-a196-29575450bd42,right,left,1
A3P9OTCAYB6E9V,1,retest,The painting is to Ali's right. The painting is moved right. The painting is to Ali's BLANK.,egocentric_near,egocentric_near_target,4e1e4c8f-de93-44b5-a196-29575450bd42,right,left,1
A3P9OTCAYB6E9V,1,retest,The glass is on the table. Ali fills the glass halfway. The table is BLANK.,state_nonfollows,state_nonfollows_target,0ab9f4a8-59f3-4c71-975a-36627213f744,dry,wet,1
A3P9OTCAYB6E9V,1,retest,The glass is on the table. Ali fills the glass halfway. The table is BLANK.,state_nonfollows,state_nonfollows_target,0ab9f4a8-59f3-4c71-975a-36627213f744,dry,wet,1
A3P9OTCAYB6E9V,1,retest,The painting is to Ali's left. The painting is moved left. The painting is to Ali's BLANK.,egocentric_near,egocentric_near_target,33d5f7dc-85a0-4c33-ad94-ea5d1e85864b,right,left,0
A3P9OTCAYB6E9V,1,retest,The painting is to Ali's left. The painting is moved left. The painting is to Ali's BLANK.,egocentric_near,egocentric_near_target,33d5f7dc-85a0-4c33-ad94-ea5d1e85864b,right,left,0
A3P9OTCAYB6E9V,1,retest,Ali is BLANK. Ali turns around. Ali is in front of the statue.,action_nonfollows,action_nonfollows_context,0e147806-b88f-428d-a3c1-7bfa2651c6ad,in front of the statue,behind the statue,1
A3P9OTCAYB6E9V,1,retest,Ali is BLANK. Ali turns around. Ali is in front of the statue.,action_nonfollows,action_nonfollows_context,0e147806-b88f-428d-a3c1-7bfa2651c6ad,in front of the statue,behind the statue,1
A3P9OTCAYB6E9V,1,retest,Chicago is BLANK Ali. Ali turns right. Chicago is left of Ali.,egocentric_distant,egocentric_distant_context,247fc701-a50f-47a4-b9ce-26e0e37764e8,in front of,behind,0
A3P9OTCAYB6E9V,1,retest,Chicago is BLANK Ali. Ali turns right. Chicago is left of Ali.,egocentric_distant,egocentric_distant_context,247fc701-a50f-47a4-b9ce-26e0e37764e8,in front of,behind,0
A3P9OTCAYB6E9V,1,retest,The ball is BLANK the box. Ali pushes the ball forward. The ball is under the box.,action_nonfollows,action_nonfollows_context,2fcd18a5-4fe9-43af-be73-b08c8a69be3e,under,above,1
A3P9OTCAYB6E9V,1,retest,The ball is BLANK the box. Ali pushes the ball forward. The ball is under the box.,action_nonfollows,action_nonfollows_context,2fcd18a5-4fe9-43af-be73-b08c8a69be3e,under,above,1
A3P9OTCAYB6E9V,1,retest,The painting is BLANK Ali. Ali turns around. The painting is left of Ali.,egocentric_near,egocentric_near_context,6074e27e-d929-4b07-bc4d-252c7bcb463e,right of,left of,1
A3P9OTCAYB6E9V,1,retest,The painting is BLANK Ali. Ali turns around. The painting is left of Ali.,egocentric_near,egocentric_near_context,6074e27e-d929-4b07-bc4d-252c7bcb463e,right of,left of,1
ADMTBAW0O1I30,5,retest,The painting is BLANK of Ali. Ali turns around. The painting is West of Ali.,geocentric_near,geocentric_near_context,f1bed182-4854-4817-be9b-bbd83f82b6b3,West of,East of,0
ADMTBAW0O1I30,5,retest,Ali is South of Milwaukee. Ali walks North. Ali is getting BLANK Milwaukee.,geocentric_distant,geocentric_distant_target,ce32dac1-fbf6-4834-9716-7a2194b5b314,closer to,further from,0
ADMTBAW0O1I30,5,retest,The painting is South of Ali. Ali turns right. The painting is BLANK Ali.,geocentric_near,geocentric_near_target,d2717556-613e-4cc6-8a14-bc04bbd1740c,South of,West of,0
ADMTBAW0O1I30,5,retest,The statue is North of Ali. Ali walks West. The statue is BLANK of Ali.,geocentric_near,geocentric_near_target,cd6c5c62-7e69-4c2f-abed-f16de0c2cc46,North of,East of,0
ADMTBAW0O1I30,5,retest,The statue is BLANK Ali. Ali walks South. The statue is West of Ali.,geocentric_near,geocentric_near_context,da2835cc-e084-4f03-9452-35e32d6584d5,West of,North of,1
ADMTBAW0O1I30,5,retest,Milwaukee is BLANK Ali. Ali turns right. Milwaukee is East of Ali.,geocentric_distant,geocentric_distant_context,f5e6b60f-829f-4ded-b496-1853dcc2d3ab,East of,South of,0
ADMTBAW0O1I30,5,retest,Milwaukee is North of Ali. Ali turns left. Milwaukee is BLANK Ali.,geocentric_distant,geocentric_distant_target,c21b22b3-1dc6-4e7e-945c-d6dbc3235254,North of,West of,1
ADMTBAW0O1I30,5,retest,The box is BLANK Ali. Ali turns around. The box is North of Ali.,geocentric_near,geocentric_near_context,cc0f8483-f6de-46de-8138-cd9f9e354061,North of,South of,0
ADMTBAW0O1I30,5,retest,The box is BLANK Ali. Ali turns around. The box is South of Ali.,geocentric_near,geocentric_near_context,e586c6ab-2759-4cf9-a481-e86e8d272815,South of,North of,1
ADMTBAW0O1I30,5,retest,Milwaukee is BLANK Ali. Ali turns left. Milwaukee is West of Ali.,geocentric_distant,geocentric_distant_context,fee9924b-cb25-446b-af44-b62170c8290e,West of,South of,1
ADMTBAW0O1I30,5,retest,Ali is BLANK of Milwaukee. Ali walks South. Ali is getting further from Milwaukee.,geocentric_distant,geocentric_distant_context,da9ce4e1-d6fd-430c-ab2a-8e4cfb1e1400,South,North,1
ADMTBAW0O1I30,5,retest,The statue is BLANK Ali. Ali walks North. The statue is East of Ali.,geocentric_near,geocentric_near_context,900df025-c5e8-4874-a648-b98abcac3bec,East of,South of,0
ADMTBAW0O1I30,5,retest,The statue is West of Ali. Ali walks South. The statue is BLANK of Ali.,geocentric_near,geocentric_near_target,947caead-a96c-4aae-bb19-33860a26d48c,West of,North of,0
ADMTBAW0O1I30,5,retest,Ali is East of Milwaukee. Ali walks East. Ali is getting BLANK Milwaukee.,geocentric_distant,geocentric_distant_target,b89afe78-3f1f-4856-97cc-382a35eb4abc,further from,closer to,0
ADMTBAW0O1I30,5,retest,Milwaukee is BLANK Ali. Ali turns around. Milwaukee is West of Ali.,geocentric_distant,geocentric_distant_context,c5d2016b-d26b-44b9-90f5-184b6445bd3a,West of,East of,1
ADMTBAW0O1I30,5,retest,The painting is BLANK Ali. Ali turns left. The painting is North of Ali.,geocentric_near,geocentric_near_context,ff265d4c-2988-4db0-8cd1-c8613db5c189,North of,West of,0
ADMTBAW0O1I30,5,retest,The painting is North of Ali. Ali turns left. The painting is BLANK Ali.,geocentric_near,geocentric_near_target,fc7cdc2e-21c4-449d-8e3b-d09643846cbf,North of,West of,0
ADMTBAW0O1I30,5,retest,Milwaukee is BLANK Ali. Ali turns left. Milwaukee is North of Ali.,geocentric_distant,geocentric_distant_context,cc3c9137-122e-4dd0-85f2-e816de95a28f,North of,West of,1
ADMTBAW0O1I30,5,retest,The statue is North of Ali. Ali walks East. The statue is BLANK of Ali.,geocentric_near,geocentric_near_target,97a7f128-d80a-434a-923a-5b23093392d4,North of,West of,1
ADMTBAW0O1I30,5,retest,The painting is West of Ali. Ali turns right. The painting is BLANK Ali.,geocentric_near,geocentric_near_target,7fb75cc7-af4d-4698-9d29-a9b064fdde65,West of,North of,1
ADMTBAW0O1I30,5,retest,The painting is East of Ali. Ali turns left. The painting is BLANK Ali.,geocentric_near,geocentric_near_target,fdf94dc5-2cb7-4323-b672-3b0a32f5f7b9,East of,North of,0
ADMTBAW0O1I30,5,retest,Ali is BLANK of Milwaukee. Ali walks North. Ali is getting closer to Milwaukee.,geocentric_distant,geocentric_distant_context,9dca2d9b-abbf-4a6e-b9ca-e05ba8ab913e,South,North,0
ADMTBAW0O1I30,5,retest,The painting is BLANK Ali. Ali turns right. The painting is West of Ali.,geocentric_near,geocentric_near_context,b4a4599e-5c35-4017-bddf-d8cd9906ad1a,West of,North of,0
ADMTBAW0O1I30,5,retest,Milwaukee is East of Ali. Ali turns right. Milwaukee is BLANK Ali.,geocentric_distant,geocentric_distant_target,d348dbb0-d78c-457c-af70-1bbeb5842ea7,East of,South of,0
ADMTBAW0O1I30,5,retest,The painting is West of Ali. Ali turns around. The painting is BLANK Ali.,geocentric_near,geocentric_near_target,90c1e22f-06ef-4e79-bebf-1f933f4395e6,West of,East of,1
ADMTBAW0O1I30,5,retest,The statue is East of Ali. Ali walks North. The statue is BLANK of Ali.,geocentric_near,geocentric_near_target,bed5c852-6e27-4cca-be42-7d3a0632c454,East of,South of,1
ADMTBAW0O1I30,5,retest,The box is BLANK Ali. Ali turns around. The box is West of Ali.,geocentric_near,geocentric_near_context,c77f4233-c964-4f83-8ac6-95f75eae89bf,West of,East of,0
ADMTBAW0O1I30,5,retest,Milwaukee is BLANK Ali. Ali turns left. Milwaukee is South of Ali.,geocentric_distant,geocentric_distant_context,e801aa45-2a31-477e-8726-58aeb4978f44,South of,East of,0
ADMTBAW0O1I30,5,retest,Mark is facing East. Mark turns 90 degrees to his right. Mark is facing BLANK.,geocentric_near,geocentric_near_target,ef8f3d6c-fc26-496d-a9e0-433ea2eb5454,South,North,0
ADMTBAW0O1I30,5,retest,Milwaukee is North of Ali. Ali turns around. Milwaukee is BLANK Ali.,geocentric_distant,geocentric_distant_target,fa50948a-b463-4701-8704-800588c7931b,North of,South of,1
ADMTBAW0O1I30,5,retest,The painting is BLANK Ali. Ali turns around. The painting is South of Ali.,geocentric_near,geocentric_near_context,af058740-4880-41ea-93b6-e1468cd69ac2,South of,North of,1
ADMTBAW0O1I30,5,retest,Mark is facing North. Mark turns 90 degrees to his right. Mark is facing BLANK.,geocentric_near,geocentric_near_target,a525a72c-72cd-4fa4-8728-d405b2df6c2d,East,West,0
ADMTBAW0O1I30,5,retest,Milwaukee is West of Ali. Ali turns right. Milwaukee is BLANK Ali.,geocentric_distant,geocentric_distant_target,fe55d52f-2cbe-4ed6-99c7-3621f42b708e,West of,North of,1
ADMTBAW0O1I30,5,retest,Milwaukee is BLANK Ali. Ali turns right. Milwaukee is West of Ali.,geocentric_distant,geocentric_distant_context,80095f76-f1b0-4965-b854-61fab928d906,West of,North of,0
ADMTBAW0O1I30,5,retest,The painting is BLANK Ali. Ali turns left. The painting is South of Ali.,geocentric_near,geocentric_near_context,9e3abe2a-1e64-497a-ad89-98c2e646676e,South of,East of,0
ADMTBAW0O1I30,5,retest,The painting is South of Ali. Ali turns around. The painting is BLANK Ali.,geocentric_near,geocentric_near_target,8367bb5a-4d50-4466-b766-1c9cfe03964b,South of,North of,0
ADMTBAW0O1I30,5,retest,The painting is BLANK Ali. Ali turns left. The painting is East of Ali.,geocentric_near,geocentric_near_context,9d8ecfc4-35b9-4001-9529-6b0c8a91e01a,East of,North of,0
ADMTBAW0O1I30,5,retest,The box is North of Ali. Ali turns around. The box is BLANK Ali.,geocentric_near,geocentric_near_target,817b1f6d-ff16-476d-8da8-4a5a189ff6fc,North of,South of,0
ADMTBAW0O1I30,5,retest,Ali is BLANK of Milwaukee. Ali walks West. Ali is getting closer to Milwaukee.,geocentric_distant,geocentric_distant_context,a049e969-bc7f-4cf3-837b-136cd4fedea7,East,West,1
ADMTBAW0O1I30,5,retest,The statue is BLANK Ali. Ali walks East. The statue is South of Ali.,geocentric_near,geocentric_near_context,dda332bc-7e07-43d3-9b4e-320f1d426b3a,South of,West of,0
ADMTBAW0O1I30,5,retest,Ali is BLANK of Milwaukee. Ali walks East. Ali is getting further from Milwaukee.,geocentric_distant,geocentric_distant_context,bed73e8c-2190-4ce1-b61e-150f5ed1c776,East,West,1
ADMTBAW0O1I30,5,retest,The painting is BLANK of Ali. Ali turns around. The painting is West of Ali.,geocentric_near,geocentric_near_context,f1bed182-4854-4817-be9b-bbd83f82b6b3,West of,East of,1
ADMTBAW0O1I30,5,retest,The painting is BLANK of Ali. Ali turns around. The painting is West of Ali.,geocentric_near,geocentric_near_context,f1bed182-4854-4817-be9b-bbd83f82b6b3,West of,East of,1
ADMTBAW0O1I30,5,retest,Ali is South of Milwaukee. Ali walks North. Ali is getting BLANK Milwaukee.,geocentric_distant,geocentric_distant_target,ce32dac1-fbf6-4834-9716-7a2194b5b314,closer to,further from,0
ADMTBAW0O1I30,5,retest,Ali is South of Milwaukee. Ali walks North. Ali is getting BLANK Milwaukee.,geocentric_distant,geocentric_distant_target,ce32dac1-fbf6-4834-9716-7a2194b5b314,closer to,further from,0
ADMTBAW0O1I30,5,retest,The painting is South of Ali. Ali turns right. The painting is BLANK Ali.,geocentric_near,geocentric_near_target,d2717556-613e-4cc6-8a14-bc04bbd1740c,South of,West of,0
ADMTBAW0O1I30,5,retest,The painting is South of Ali. Ali turns right. The painting is BLANK Ali.,geocentric_near,geocentric_near_target,d2717556-613e-4cc6-8a14-bc04bbd1740c,South of,West of,0
ADMTBAW0O1I30,5,retest,The statue is North of Ali. Ali walks West. The statue is BLANK of Ali.,geocentric_near,geocentric_near_target,cd6c5c62-7e69-4c2f-abed-f16de0c2cc46,North of,East of,0
ADMTBAW0O1I30,5,retest,The statue is North of Ali. Ali walks West. The statue is BLANK of Ali.,geocentric_near,geocentric_near_target,cd6c5c62-7e69-4c2f-abed-f16de0c2cc46,North of,East of,0
ADMTBAW0O1I30,5,retest,Milwaukee is BLANK Ali. Ali turns right. Milwaukee is East of Ali.,geocentric_distant,geocentric_distant_context,f5e6b60f-829f-4ded-b496-1853dcc2d3ab,East of,South of,0
ADMTBAW0O1I30,5,retest,Milwaukee is BLANK Ali. Ali turns right. Milwaukee is East of Ali.,geocentric_distant,geocentric_distant_context,f5e6b60f-829f-4ded-b496-1853dcc2d3ab,East of,South of,0
ADMTBAW0O1I30,5,retest,The box is BLANK Ali. Ali turns around. The box is North of Ali.,geocentric_near,geocentric_near_context,cc0f8483-f6de-46de-8138-cd9f9e354061,North of,South of,0
ADMTBAW0O1I30,5,retest,The box is BLANK Ali. Ali turns around. The box is North of Ali.,geocentric_near,geocentric_near_context,cc0f8483-f6de-46de-8138-cd9f9e354061,North of,South of,0
ADMTBAW0O1I30,5,retest,The statue is BLANK Ali. Ali walks North. The statue is East of Ali.,geocentric_near,geocentric_near_context,900df025-c5e8-4874-a648-b98abcac3bec,East of,South of,0
ADMTBAW0O1I30,5,retest,The statue is BLANK Ali. Ali walks North. The statue is East of Ali.,geocentric_near,geocentric_near_context,900df025-c5e8-4874-a648-b98abcac3bec,East of,South of,0
ADMTBAW0O1I30,5,retest,The statue is West of Ali. Ali walks South. The statue is BLANK of Ali.,geocentric_near,geocentric_near_target,947caead-a96c-4aae-bb19-33860a26d48c,West of,North of,0
ADMTBAW0O1I30,5,retest,The statue is West of Ali. Ali walks South. The statue is BLANK of Ali.,geocentric_near,geocentric_near_target,947caead-a96c-4aae-bb19-33860a26d48c,West of,North of,0
ADMTBAW0O1I30,5,retest,Ali is East of Milwaukee. Ali walks East. Ali is getting BLANK Milwaukee.,geocentric_distant,geocentric_distant_target,b89afe78-3f1f-4856-97cc-382a35eb4abc,further from,closer to,0
ADMTBAW0O1I30,5,retest,Ali is East of Milwaukee. Ali walks East. Ali is getting BLANK Milwaukee.,geocentric_distant,geocentric_distant_target,b89afe78-3f1f-4856-97cc-382a35eb4abc,further from,closer to,0
ADMTBAW0O1I30,5,retest,The painting is BLANK Ali. Ali turns left. The painting is North of Ali.,geocentric_near,geocentric_near_context,ff265d4c-2988-4db0-8cd1-c8613db5c189,North of,West of,0
ADMTBAW0O1I30,5,retest,The painting is BLANK Ali. Ali turns left. The painting is North of Ali.,geocentric_near,geocentric_near_context,ff265d4c-2988-4db0-8cd1-c8613db5c189,North of,West of,0
ADMTBAW0O1I30,5,retest,The painting is North of Ali. Ali turns left. The painting is BLANK Ali.,geocentric_near,geocentric_near_target,fc7cdc2e-21c4-449d-8e3b-d09643846cbf,North of,West of,1
ADMTBAW0O1I30,5,retest,The painting is North of Ali. Ali turns left. The painting is BLANK Ali.,geocentric_near,geocentric_near_target,fc7cdc2e-21c4-449d-8e3b-d09643846cbf,North of,West of,1
ADMTBAW0O1I30,5,retest,Milwaukee is BLANK Ali. Ali turns left. Milwaukee is North of Ali.,geocentric_distant,geocentric_distant_context,cc3c9137-122e-4dd0-85f2-e816de95a28f,North of,West of,0
ADMTBAW0O1I30,5,retest,Milwaukee is BLANK Ali. Ali turns left. Milwaukee is North of Ali.,geocentric_distant,geocentric_distant_context,cc3c9137-122e-4dd0-85f2-e816de95a28f,North of,West of,0
ADMTBAW0O1I30,5,retest,The statue is North of Ali. Ali walks East. The statue is BLANK of Ali.,geocentric_near,geocentric_near_target,97a7f128-d80a-434a-923a-5b23093392d4,North of,West of,1
ADMTBAW0O1I30,5,retest,The statue is North of Ali. Ali walks East. The statue is BLANK of Ali.,geocentric_near,geocentric_near_target,97a7f128-d80a-434a-923a-5b23093392d4,North of,West of,1
ADMTBAW0O1I30,5,retest,The painting is East of Ali. Ali turns left. The painting is BLANK Ali.,geocentric_near,geocentric_near_target,fdf94dc5-2cb7-4323-b672-3b0a32f5f7b9,East of,North of,1
ADMTBAW0O1I30,5,retest,The painting is East of Ali. Ali turns left. The painting is BLANK Ali.,geocentric_near,geocentric_near_target,fdf94dc5-2cb7-4323-b672-3b0a32f5f7b9,East of,North of,1
ADMTBAW0O1I30,5,retest,Ali is BLANK of Milwaukee. Ali walks North. Ali is getting closer to Milwaukee.,geocentric_distant,geocentric_distant_context,9dca2d9b-abbf-4a6e-b9ca-e05ba8ab913e,South,North,0
ADMTBAW0O1I30,5,retest,Ali is BLANK of Milwaukee. Ali walks North. Ali is getting closer to Milwaukee.,geocentric_distant,geocentric_distant_context,9dca2d9b-abbf-4a6e-b9ca-e05ba8ab913e,South,North,0
ADMTBAW0O1I30,5,retest,The painting is BLANK Ali. Ali turns right. The painting is West of Ali.,geocentric_near,geocentric_near_context,b4a4599e-5c35-4017-bddf-d8cd9906ad1a,West of,North of,0
ADMTBAW0O1I30,5,retest,The painting is BLANK Ali. Ali turns right. The painting is West of Ali.,geocentric_near,geocentric_near_context,b4a4599e-5c35-4017-bddf-d8cd9906ad1a,West of,North of,0
ADMTBAW0O1I30,5,retest,Milwaukee is East of Ali. Ali turns right. Milwaukee is BLANK Ali.,geocentric_distant,geocentric_distant_target,d348dbb0-d78c-457c-af70-1bbeb5842ea7,East of,South of,1
ADMTBAW0O1I30,5,retest,Milwaukee is East of Ali. Ali turns right. Milwaukee is BLANK Ali.,geocentric_distant,geocentric_distant_target,d348dbb0-d78c-457c-af70-1bbeb5842ea7,East of,South of,1
ADMTBAW0O1I30,5,retest,The box is BLANK Ali. Ali turns around. The box is West of Ali.,geocentric_near,geocentric_near_context,c77f4233-c964-4f83-8ac6-95f75eae89bf,West of,East of,0
ADMTBAW0O1I30,5,retest,The box is BLANK Ali. Ali turns around. The box is West of Ali.,geocentric_near,geocentric_near_context,c77f4233-c964-4f83-8ac6-95f75eae89bf,West of,East of,0
ADMTBAW0O1I30,5,retest,Milwaukee is BLANK Ali. Ali turns left. Milwaukee is South of Ali.,geocentric_distant,geocentric_distant_context,e801aa45-2a31-477e-8726-58aeb4978f44,South of,East of,1
ADMTBAW0O1I30,5,retest,Milwaukee is BLANK Ali. Ali turns left. Milwaukee is South of Ali.,geocentric_distant,geocentric_distant_context,e801aa45-2a31-477e-8726-58aeb4978f44,South of,East of,1
ALCVGNUURF8LQ,6,retest,Mark is West of Ali facing East. Ali is East of Mark facing West. Mark is facing BLANK Ali.,two_refs_geocentric,two_refs_geocentric_target,7f836912-7107-4c82-a22b-c68b2acc46f0,towards,away from,1
ALCVGNUURF8LQ,6,retest,Mark is East of Budapest and Ali is West of Budapest. Mark walks directly BLANK Ali. Mark is heading West.,two_refs_geocentric,two_refs_geocentric_context,ba0500a3-3783-4596-a2f8-fd3ca1e76486,towards,away from,0
ALCVGNUURF8LQ,6,retest,Mark is North of Budapest and Ali is South of Budapest. Ali walks directly away from Mark. Ali is walking BLANK.,two_refs_geocentric,two_refs_geocentric_target,30c2fa5a-da23-4e62-b66c-01c6cc4ebf9d,South,North,1
ALCVGNUURF8LQ,6,retest,Mark is BLANK of Ali facing East. Ali is East of Mark facing West. Mark is facing towards Ali.,two_refs_geocentric,two_refs_geocentric_context,301d488b-e549-4394-b878-c0450833fda8,West,East,1
ALCVGNUURF8LQ,6,retest,Mark is North of Budapest and Ali is South of Budapest. Ali walks directly BLANK Mark. Ali is walking South.,two_refs_geocentric,two_refs_geocentric_context,78cfaa82-d792-4a47-9003-e289b66847f7,away from,towards,1
ALCVGNUURF8LQ,6,retest,Mark and Ali are both directly West of Budapest. Mark walks South. Ali is BLANK of Mark.,two_refs_geocentric,two_refs_geocentric_target,47f03e7f-1dc6-4da8-b460-eea5439b1842,North,South,0
ALCVGNUURF8LQ,6,retest,Milwaukee is North of Mark. Mark goes BLANK. Milwaukee is Northwest of Mark.,two_refs_geocentric,two_refs_geocentric_context,6736be32-2bb0-4769-b8bb-7efa38642c5e,East,West,1
ALCVGNUURF8LQ,6,retest,Mark is East of Ali facing East. Ali is West of Mark facing West. Mark is facing BLANK Ali.,two_refs_geocentric,two_refs_geocentric_target,c4300110-c14f-4a8d-94b9-a56fbaf8aaa2,away from,towards,0
ALCVGNUURF8LQ,6,retest,Milwaukee is North of Mark. Mark goes East. Milwaukee is BLANK of Mark.,two_refs_geocentric,two_refs_geocentric_target,e0efa77a-4b07-4f93-b85d-92a2d81cd463,Northwest,Southeast,0
ALCVGNUURF8LQ,6,retest,Mark is BLANK of Ali. Mark turns right. Mark is East of Ali.,two_refs_geocentric,two_refs_geocentric_context,73fe68a5-7c2c-4504-9528-298de59f844e,East,West,1
ALCVGNUURF8LQ,6,retest,Milwaukee is South of Mark. Mark goes West. Mark is BLANK of Milwaukee.,two_refs_geocentric,two_refs_geocentric_target,c325b8e3-d3ea-4643-8b50-364a6128aa4f,Northest,Southeast,0
ALCVGNUURF8LQ,6,retest,Mark is East of Budapest and Ali is West of Budapest. Ali walks directly towards Mark. Ali is heading BLANK.,two_refs_geocentric,two_refs_geocentric_target,8b88918b-f1dd-4784-8035-580b89674670,East,West,0
ALCVGNUURF8LQ,6,retest,Mark is facing South and Ali is facing East. Mark turns 90 degrees to his right. Mark and Ali are facing BLANK.,two_refs_geocentric,two_refs_geocentric_target,1ce1f6fb-222f-4510-a6a8-dae9b9df2e6a,the same direction,different directions,1
ALCVGNUURF8LQ,6,retest,Mark is facing South and Ali is facing BLANK. Mark turns 90 degrees to his right. Mark and Ali are facing different directions.,two_refs_geocentric,two_refs_geocentric_context,a3bae960-5d51-4b49-9778-990829a6dc83,East,West,1
ALCVGNUURF8LQ,6,retest,Mark and Ali are both directly East of Budapest. Mark walks North. Ali is BLANK of Mark.,two_refs_geocentric,two_refs_geocentric_target,32732c3a-dde6-4520-9e9f-43b586e802bc,South,North,1
ALCVGNUURF8LQ,6,retest,Mark is facing North and Ali is facing BLANK. Mark turns 90 degrees to his right. Mark and Ali are facing the same direction.,two_refs_geocentric,two_refs_geocentric_context,4fce09f2-3af1-404f-967a-7a97cdd13388,East,West,1
ALCVGNUURF8LQ,6,retest,Mark is facing North and Ali is facing East. Mark turns 90 degrees to his right. Mark and Ali are facing BLANK.,two_refs_geocentric,two_refs_geocentric_target,3e51fc15-6ee7-4bd4-b7c2-9313c2b75afa,the same direction,different directions,1
ALCVGNUURF8LQ,6,retest,Milwaukee is South of Mark. Mark goes BLANK. Milwaukee is Southeast of Mark.,two_refs_geocentric,two_refs_geocentric_context,8a66063c-6c36-42cc-83d1-c2a017d1a2f8,West,East,0
ALCVGNUURF8LQ,6,retest,Mark is BLANK of Ali facing East. Ali is West of Mark facing West. Mark is facing away from Ali.,two_refs_geocentric,two_refs_geocentric_context,672521bd-9b42-4dd1-881e-61a57b15e1e2,East,West,0
ALCVGNUURF8LQ,6,retest,Mark is facing BLANK and Ali is facing West. Mark turns around. Mark is facing West.,two_refs_geocentric,two_refs_geocentric_context,db51d454-79bf-4010-91a9-b3adc51e10e9,East,West,0
ALCVGNUURF8LQ,6,retest,Milwaukee is South of Mark. Mark goes BLANK. Mark is Northeast of Milwaukee.,two_refs_geocentric,two_refs_geocentric_context,f640e853-3898-4c59-968f-d791a63880e1,West,East,1
ALCVGNUURF8LQ,6,retest,Mark is facing East and Ali is facing BLANK. Mark turns 180 degrees. Mark and Ali are facing the same direction.,two_refs_geocentric,two_refs_geocentric_context,29ce0e92-abdd-461b-8acf-acfbadf91fd4,West,East,0
ALCVGNUURF8LQ,6,retest,Mark is East of Budapest and Ali is West of Budapest. Mark walks directly BLANK Ali. Mark is heading West.,two_refs_geocentric,two_refs_geocentric_context,ba0500a3-3783-4596-a2f8-fd3ca1e76486,towards,away from,1
ALCVGNUURF8LQ,6,retest,Mark is East of Budapest and Ali is West of Budapest. Mark walks directly BLANK Ali. Mark is heading West.,two_refs_geocentric,two_refs_geocentric_context,ba0500a3-3783-4596-a2f8-fd3ca1e76486,towards,away from,1
ALCVGNUURF8LQ,6,retest,Mark and Ali are both directly West of Budapest. Mark walks South. Ali is BLANK of Mark.,two_refs_geocentric,two_refs_geocentric_target,47f03e7f-1dc6-4da8-b460-eea5439b1842,North,South,1
ALCVGNUURF8LQ,6,retest,Mark and Ali are both directly West of Budapest. Mark walks South. Ali is BLANK of Mark.,two_refs_geocentric,two_refs_geocentric_target,47f03e7f-1dc6-4da8-b460-eea5439b1842,North,South,1
ALCVGNUURF8LQ,6,retest,Milwaukee is North of Mark. Mark goes BLANK. Milwaukee is Northwest of Mark.,two_refs_geocentric,two_refs_geocentric_context,6736be32-2bb0-4769-b8bb-7efa38642c5e,East,West,0
ALCVGNUURF8LQ,6,retest,Milwaukee is North of Mark. Mark goes BLANK. Milwaukee is Northwest of Mark.,two_refs_geocentric,two_refs_geocentric_context,6736be32-2bb0-4769-b8bb-7efa38642c5e,East,West,0
ALCVGNUURF8LQ,6,retest,Mark is East of Ali facing East. Ali is West of Mark facing West. Mark is facing BLANK Ali.,two_refs_geocentric,two_refs_geocentric_target,c4300110-c14f-4a8d-94b9-a56fbaf8aaa2,away from,towards,1
ALCVGNUURF8LQ,6,retest,Mark is East of Ali facing East. Ali is West of Mark facing West. Mark is facing BLANK Ali.,two_refs_geocentric,two_refs_geocentric_target,c4300110-c14f-4a8d-94b9-a56fbaf8aaa2,away from,towards,1
ALCVGNUURF8LQ,6,retest,Milwaukee is North of Mark. Mark goes East. Milwaukee is BLANK of Mark.,two_refs_geocentric,two_refs_geocentric_target,e0efa77a-4b07-4f93-b85d-92a2d81cd463,Northwest,Southeast,1
ALCVGNUURF8LQ,6,retest,Milwaukee is North of Mark. Mark goes East. Milwaukee is BLANK of Mark.,two_refs_geocentric,two_refs_geocentric_target,e0efa77a-4b07-4f93-b85d-92a2d81cd463,Northwest,Southeast,1
ALCVGNUURF8LQ,6,retest,Milwaukee is South of Mark. Mark goes West. Mark is BLANK of Milwaukee.,two_refs_geocentric,two_refs_geocentric_target,c325b8e3-d3ea-4643-8b50-364a6128aa4f,Northest,Southeast,0
ALCVGNUURF8LQ,6,retest,Milwaukee is South of Mark. Mark goes West. Mark is BLANK of Milwaukee.,two_refs_geocentric,two_refs_geocentric_target,c325b8e3-d3ea-4643-8b50-364a6128aa4f,Northest,Southeast,0
ALCVGNUURF8LQ,6,retest,Mark is East of Budapest and Ali is West of Budapest. Ali walks directly towards Mark. Ali is heading BLANK.,two_refs_geocentric,two_refs_geocentric_target,8b88918b-f1dd-4784-8035-580b89674670,East,West,1
ALCVGNUURF8LQ,6,retest,Mark is East of Budapest and Ali is West of Budapest. Ali walks directly towards Mark. Ali is heading BLANK.,two_refs_geocentric,two_refs_geocentric_target,8b88918b-f1dd-4784-8035-580b89674670,East,West,1
ALCVGNUURF8LQ,6,retest,Mark is facing South and Ali is facing East. Mark turns 90 degrees to his right. Mark and Ali are facing BLANK.,two_refs_geocentric,two_refs_geocentric_target,1ce1f6fb-222f-4510-a6a8-dae9b9df2e6a,the same direction,different directions,0
ALCVGNUURF8LQ,6,retest,Mark is facing South and Ali is facing East. Mark turns 90 degrees to his right. Mark and Ali are facing BLANK.,two_refs_geocentric,two_refs_geocentric_target,1ce1f6fb-222f-4510-a6a8-dae9b9df2e6a,the same direction,different directions,0
ALCVGNUURF8LQ,6,retest,Mark and Ali are both directly East of Budapest. Mark walks North. Ali is BLANK of Mark.,two_refs_geocentric,two_refs_geocentric_target,32732c3a-dde6-4520-9e9f-43b586e802bc,South,North,1
ALCVGNUURF8LQ,6,retest,Mark and Ali are both directly East of Budapest. Mark walks North. Ali is BLANK of Mark.,two_refs_geocentric,two_refs_geocentric_target,32732c3a-dde6-4520-9e9f-43b586e802bc,South,North,1
ALCVGNUURF8LQ,6,retest,Milwaukee is South of Mark. Mark goes BLANK. Milwaukee is Southeast of Mark.,two_refs_geocentric,two_refs_geocentric_context,8a66063c-6c36-42cc-83d1-c2a017d1a2f8,West,East,1
ALCVGNUURF8LQ,6,retest,Milwaukee is South of Mark. Mark goes BLANK. Milwaukee is Southeast of Mark.,two_refs_geocentric,two_refs_geocentric_context,8a66063c-6c36-42cc-83d1-c2a017d1a2f8,West,East,1
ALCVGNUURF8LQ,6,retest,Mark is BLANK of Ali facing East. Ali is West of Mark facing West. Mark is facing away from Ali.,two_refs_geocentric,two_refs_geocentric_context,672521bd-9b42-4dd1-881e-61a57b15e1e2,East,West,1
ALCVGNUURF8LQ,6,retest,Mark is BLANK of Ali facing East. Ali is West of Mark facing West. Mark is facing away from Ali.,two_refs_geocentric,two_refs_geocentric_context,672521bd-9b42-4dd1-881e-61a57b15e1e2,East,West,1
ALCVGNUURF8LQ,6,retest,Mark is facing BLANK and Ali is facing West. Mark turns around. Mark is facing West.,two_refs_geocentric,two_refs_geocentric_context,db51d454-79bf-4010-91a9-b3adc51e10e9,East,West,1
ALCVGNUURF8LQ,6,retest,Mark is facing BLANK and Ali is facing West. Mark turns around. Mark is facing West.,two_refs_geocentric,two_refs_geocentric_context,db51d454-79bf-4010-91a9-b3adc51e10e9,East,West,1
ALCVGNUURF8LQ,6,retest,Mark is facing East and Ali is facing BLANK. Mark turns 180 degrees. Mark and Ali are facing the same direction.,two_refs_geocentric,two_refs_geocentric_context,29ce0e92-abdd-461b-8acf-acfbadf91fd4,West,East,1
ALCVGNUURF8LQ,6,retest,Mark is facing East and Ali is facing BLANK. Mark turns 180 degrees. Mark and Ali are facing the same direction.,two_refs_geocentric,two_refs_geocentric_context,29ce0e92-abdd-461b-8acf-acfbadf91fd4,West,East,1
ALDQRWYZ8KQ9A,1,retest,The ball is BLANK the box. Ali pushes the ball forward. The ball is under the box.,action_nonfollows,action_nonfollows_context,2fcd18a5-4fe9-43af-be73-b08c8a69be3e,under,above,0
ALDQRWYZ8KQ9A,1,retest,The seesaw is balanced. Ali tilts the BLANK side of the seesaw. The left side goes up.,action_follows,action_follows_context,3853bb96-81c1-470b-b9d5-b17b811bf101,right,left,1
ALDQRWYZ8KQ9A,1,retest,The painting is behind Ali. Ali turns left. The painting is BLANK Ali.,egocentric_near,egocentric_near_target,59fc66d4-3afa-42da-a45d-f73f7a531076,left of,right of,1
ALDQRWYZ8KQ9A,1,retest,Ali is behind the painting. Ali turns around. Ali is BLANK the painting.,egocentric_near,egocentric_near_target,07167d4f-80b9-4acc-9071-2c51b88df677,behind,in front of,1
ALDQRWYZ8KQ9A,1,retest,The painting is to Ali's right. The painting is moved right. The painting is to Ali's BLANK.,egocentric_near,egocentric_near_target,4e1e4c8f-de93-44b5-a196-29575450bd42,right,left,1
ALDQRWYZ8KQ9A,1,retest,The ball is five feet from the box. Ali moves the box. The ball BLANK.,action_nonfollows,action_nonfollows_target,1fe70ed2-c4f2-46e8-a4ee-b795969fe940,doesn't move,moves,1
ALDQRWYZ8KQ9A,1,retest,The glass is on the table. Ali fills the glass halfway. The table is BLANK.,state_nonfollows,state_nonfollows_target,0ab9f4a8-59f3-4c71-975a-36627213f744,dry,wet,1
ALDQRWYZ8KQ9A,1,retest,Ali is behind the statue. Ali turns around. Ali is BLANK.,action_nonfollows,action_nonfollows_target,609276f4-276d-4b83-a87e-279b606bcaec,behind the statue,in front of the statue,1
ALDQRWYZ8KQ9A,1,retest,The box is floating in the water. Ali puts a tennis ball in the box. The box BLANK.,action_nonfollows,action_nonfollows_target,5edcc89e-d5f6-4ac5-9f05-376d77f2b2d4,floats,sinks,1
ALDQRWYZ8KQ9A,1,retest,Chicago is to Ali's BLANK. Ali turns left. Ali is facing towards Chicago.,egocentric_distant,egocentric_distant_context,0750fd63-cf47-440e-b7a4-8a5f610d3264,left,right,1
ALDQRWYZ8KQ9A,1,retest,Chicago is behind Ali. Ali turns right. Chicago is BLANK Ali.,egocentric_distant,egocentric_distant_target,208eaa12-f841-4068-b70e-a7c8edee31db,right of,left of,1
ALDQRWYZ8KQ9A,1,retest,Ali is facing away from Chicago. Ali turns left. Chicago is BLANK Ali.,egocentric_distant,egocentric_distant_target,3324abf7-6438-42bf-b7c2-6d54a58c5647,left of,right of,1
ALDQRWYZ8KQ9A,1,retest,Ali is facing BLANK Chicago. Ali turns left. Chicago is right of Ali.,egocentric_distant,egocentric_distant_context,431ac862-808b-48ca-8cc9-9227e24661e4,towards,away from,1
ALDQRWYZ8KQ9A,1,retest,Ali is BLANK. Ali turns around. Ali is in front of the statue.,action_nonfollows,action_nonfollows_context,0e147806-b88f-428d-a3c1-7bfa2651c6ad,in front of the statue,behind the statue,1
ALDQRWYZ8KQ9A,1,retest,The wagon is on the BLANK of the hill. Ali pushes the wagon. The wagon rolls.,action_follows,action_follows_context,17ed0db8-8e47-4da7-90ae-84dfc07af787,top,bottom,1
ALDQRWYZ8KQ9A,1,retest,Chicago is BLANK Ali. Ali turns right. Chicago is left of Ali.,egocentric_distant,egocentric_distant_context,247fc701-a50f-47a4-b9ce-26e0e37764e8,in front of,behind,1
ALDQRWYZ8KQ9A,1,retest,The painting is BLANK Ali. Ali turns around. The painting is left of Ali.,egocentric_near,egocentric_near_context,6074e27e-d929-4b07-bc4d-252c7bcb463e,right of,left of,1
ALDQRWYZ8KQ9A,1,retest,The box is in the bin. Ali moves the box. The bin BLANK.,action_nonfollows,action_nonfollows_target,1637e508-3609-4421-8dd2-303fb71ebad9,doesn't move,moves,1
ALDQRWYZ8KQ9A,1,retest,The book is on the table. Ali moves the table. The book BLANK.,action_follows,action_follows_target,0c7ff743-0286-4cb6-9639-4edb16b4b26d,moves,doesn't move,1
ALDQRWYZ8KQ9A,1,retest,Ali is BLANK the wagon. Ali pushes on the wagon. The wagon moves.,action_follows,action_follows_context,1f747dd7-a364-472a-9024-76517340aef3,behind,in front of,1
ALDQRWYZ8KQ9A,1,retest,The box is close to Ali. Ali throws the ball. The box is BLANK Ali.,action_nonfollows,action_nonfollows_target,0ebece86-74c2-44ea-9ef0-8d75a45ba56b,close to,far from,1
ALDQRWYZ8KQ9A,1,retest,Ali is BLANK painting. Ali turns around. Ali is behind the painting.,egocentric_near,egocentric_near_context,609267cd-7803-4f08-abfe-40ef7cec461e,behind,in front of,1
ALDQRWYZ8KQ9A,1,retest,The glass is on the floor. Ali bumps the table. The glass BLANK.,state_nonfollows,state_nonfollows_target,3482eb06-22b4-455d-819d-a4e799a6647f,doesn't break,breaks,1
ALDQRWYZ8KQ9A,1,retest,The painting is BLANK of Ali. Ali turns left. The painting is right of Ali.,egocentric_near,egocentric_near_context,16e1a569-1ad9-4b0c-92b0-feb6df7b5b27,in front of,behind,1
ALDQRWYZ8KQ9A,1,retest,The painting is to Ali's left. The painting is moved left. The painting is to Ali's BLANK.,egocentric_near,egocentric_near_target,33d5f7dc-85a0-4c33-ad94-ea5d1e85864b,right,left,0
ALDQRWYZ8KQ9A,1,retest,The painting is BLANK Ali. Ali turns left. The painting is left of Ali.,egocentric_near,egocentric_near_context,6889b667-4845-4fa2-9b38-2000f907b9e2,behind,in front of,0
ALDQRWYZ8KQ9A,1,retest,The ball is BLANK the box. The ball moves right. The ball is lower than the box.,action_nonfollows,action_nonfollows_context,4db85fa9-8307-4315-983c-1da01ebcfdf3,under,above,1
ALDQRWYZ8KQ9A,1,retest,The glass and the cup are on the table. Ali pushes the BLANK off the table. The glass doesn't break.,state_nonfollows,state_nonfollows_context,327243ab-ecb2-459c-a9bf-867dfb152071,cup,glass,1
ALDQRWYZ8KQ9A,1,retest,The painting is BLANK Ali. Ali turns right. The painting is right of Ali.,egocentric_near,egocentric_near_context,42d93d82-da95-4c5e-96d3-8d266440c4ec,behind,in front of,0
ALDQRWYZ8KQ9A,1,retest,The ice cube and the banana are in the fridge. Ali takes the BLANK out of the fridge. The ice cube doesn't melt.,state_nonfollows,state_nonfollows_context,0ce85161-2bb7-40b9-a0d6-bca40c92c702,banana,ice cube,1
ALDQRWYZ8KQ9A,1,retest,Ali is facing away from Chicago. Ali turns around. Chicago is BLANK Ali.,egocentric_distant,egocentric_distant_target,49a33aab-df02-4990-beab-2a4f987d1064,in front of,behind,1
ALDQRWYZ8KQ9A,1,retest,Ali is BLANK the wagon. Ali pulls on the wagon. The wagon doesn't move.,action_nonfollows,action_nonfollows_context,55764064-722f-49d8-98a5-2e2d84e42d64,in,outside,0
ALDQRWYZ8KQ9A,1,retest,The ball is BLANK the box. Ali pushes the ball forward. The ball is under the box.,action_nonfollows,action_nonfollows_context,2fcd18a5-4fe9-43af-be73-b08c8a69be3e,under,above,1
ALDQRWYZ8KQ9A,1,retest,The ball is BLANK the box. Ali pushes the ball forward. The ball is under the box.,action_nonfollows,action_nonfollows_context,2fcd18a5-4fe9-43af-be73-b08c8a69be3e,under,above,1
ALDQRWYZ8KQ9A,1,retest,The seesaw is balanced. Ali tilts the BLANK side of the seesaw. The left side goes up.,action_follows,action_follows_context,3853bb96-81c1-470b-b9d5-b17b811bf101,right,left,1
ALDQRWYZ8KQ9A,1,retest,The seesaw is balanced. Ali tilts the BLANK side of the seesaw. The left side goes up.,action_follows,action_follows_context,3853bb96-81c1-470b-b9d5-b17b811bf101,right,left,1
ALDQRWYZ8KQ9A,1,retest,Ali is behind the painting. Ali turns around. Ali is BLANK the painting.,egocentric_near,egocentric_near_target,07167d4f-80b9-4acc-9071-2c51b88df677,behind,in front of,1
ALDQRWYZ8KQ9A,1,retest,Ali is behind the painting. Ali turns around. Ali is BLANK the painting.,egocentric_near,egocentric_near_target,07167d4f-80b9-4acc-9071-2c51b88df677,behind,in front of,1
ALDQRWYZ8KQ9A,1,retest,The painting is to Ali's right. The painting is moved right. The painting is to Ali's BLANK.,egocentric_near,egocentric_near_target,4e1e4c8f-de93-44b5-a196-29575450bd42,right,left,1
ALDQRWYZ8KQ9A,1,retest,The painting is to Ali's right. The painting is moved right. The painting is to Ali's BLANK.,egocentric_near,egocentric_near_target,4e1e4c8f-de93-44b5-a196-29575450bd42,right,left,1
ALDQRWYZ8KQ9A,1,retest,The glass is on the table. Ali fills the glass halfway. The table is BLANK.,state_nonfollows,state_nonfollows_target,0ab9f4a8-59f3-4c71-975a-36627213f744,dry,wet,1
ALDQRWYZ8KQ9A,1,retest,The glass is on the table. Ali fills the glass halfway. The table is BLANK.,state_nonfollows,state_nonfollows_target,0ab9f4a8-59f3-4c71-975a-36627213f744,dry,wet,1
ALDQRWYZ8KQ9A,1,retest,Ali is behind the statue. Ali turns around. Ali is BLANK.,action_nonfollows,action_nonfollows_target,609276f4-276d-4b83-a87e-279b606bcaec,behind the statue,in front of the statue,1
ALDQRWYZ8KQ9A,1,retest,Ali is behind the statue. Ali turns around. Ali is BLANK.,action_nonfollows,action_nonfollows_target,609276f4-276d-4b83-a87e-279b606bcaec,behind the statue,in front of the statue,1
ALDQRWYZ8KQ9A,1,retest,Chicago is behind Ali. Ali turns right. Chicago is BLANK Ali.,egocentric_distant,egocentric_distant_target,208eaa12-f841-4068-b70e-a7c8edee31db,right of,left of,1
ALDQRWYZ8KQ9A,1,retest,Chicago is behind Ali. Ali turns right. Chicago is BLANK Ali.,egocentric_distant,egocentric_distant_target,208eaa12-f841-4068-b70e-a7c8edee31db,right of,left of,1
ALDQRWYZ8KQ9A,1,retest,Ali is facing BLANK Chicago. Ali turns left. Chicago is right of Ali.,egocentric_distant,egocentric_distant_context,431ac862-808b-48ca-8cc9-9227e24661e4,towards,away from,1
ALDQRWYZ8KQ9A,1,retest,Ali is facing BLANK Chicago. Ali turns left. Chicago is right of Ali.,egocentric_distant,egocentric_distant_context,431ac862-808b-48ca-8cc9-9227e24661e4,towards,away from,1
ALDQRWYZ8KQ9A,1,retest,Ali is BLANK. Ali turns around. Ali is in front of the statue.,action_nonfollows,action_nonfollows_context,0e147806-b88f-428d-a3c1-7bfa2651c6ad,in front of the statue,behind the statue,1
ALDQRWYZ8KQ9A,1,retest,Ali is BLANK. Ali turns around. Ali is in front of the statue.,action_nonfollows,action_nonfollows_context,0e147806-b88f-428d-a3c1-7bfa2651c6ad,in front of the statue,behind the statue,1
ALDQRWYZ8KQ9A,1,retest,The painting is BLANK Ali. Ali turns around. The painting is left of Ali.,egocentric_near,egocentric_near_context,6074e27e-d929-4b07-bc4d-252c7bcb463e,right of,left of,1
ALDQRWYZ8KQ9A,1,retest,The painting is BLANK Ali. Ali turns around. The painting is left of Ali.,egocentric_near,egocentric_near_context,6074e27e-d929-4b07-bc4d-252c7bcb463e,right of,left of,1
ALDQRWYZ8KQ9A,1,retest,The painting is to Ali's left. The painting is moved left. The painting is to Ali's BLANK.,egocentric_near,egocentric_near_target,33d5f7dc-85a0-4c33-ad94-ea5d1e85864b,right,left,0
ALDQRWYZ8KQ9A,1,retest,The painting is to Ali's left. The painting is moved left. The painting is to Ali's BLANK.,egocentric_near,egocentric_near_target,33d5f7dc-85a0-4c33-ad94-ea5d1e85864b,right,left,0
ALDQRWYZ8KQ9A,1,retest,The painting is BLANK Ali. Ali turns left. The painting is left of Ali.,egocentric_near,egocentric_near_context,6889b667-4845-4fa2-9b38-2000f907b9e2,behind,in front of,0
ALDQRWYZ8KQ9A,1,retest,The painting is BLANK Ali. Ali turns left. The painting is left of Ali.,egocentric_near,egocentric_near_context,6889b667-4845-4fa2-9b38-2000f907b9e2,behind,in front of,0
ALDQRWYZ8KQ9A,1,retest,The glass and the cup are on the table. Ali pushes the BLANK off the table. The glass doesn't break.,state_nonfollows,state_nonfollows_context,327243ab-ecb2-459c-a9bf-867dfb152071,cup,glass,0
ALDQRWYZ8KQ9A,1,retest,The glass and the cup are on the table. Ali pushes the BLANK off the table. The glass doesn't break.,state_nonfollows,state_nonfollows_context,327243ab-ecb2-459c-a9bf-867dfb152071,cup,glass,0
ALDQRWYZ8KQ9A,1,retest,The painting is BLANK Ali. Ali turns right. The painting is right of Ali.,egocentric_near,egocentric_near_context,42d93d82-da95-4c5e-96d3-8d266440c4ec,behind,in front of,1
ALDQRWYZ8KQ9A,1,retest,The painting is BLANK Ali. Ali turns right. The painting is right of Ali.,egocentric_near,egocentric_near_context,42d93d82-da95-4c5e-96d3-8d266440c4ec,behind,in front of,1
ALDQRWYZ8KQ9A,1,retest,The ice cube and the banana are in the fridge. Ali takes the BLANK out of the fridge. The ice cube doesn't melt.,state_nonfollows,state_nonfollows_context,0ce85161-2bb7-40b9-a0d6-bca40c92c702,banana,ice cube,0
ALDQRWYZ8KQ9A,1,retest,The ice cube and the banana are in the fridge. Ali takes the BLANK out of the fridge. The ice cube doesn't melt.,state_nonfollows,state_nonfollows_context,0ce85161-2bb7-40b9-a0d6-bca40c92c702,banana,ice cube,0
ALDQRWYZ8KQ9A,1,retest,Ali is BLANK the wagon. Ali pulls on the wagon. The wagon doesn't move.,action_nonfollows,action_nonfollows_context,55764064-722f-49d8-98a5-2e2d84e42d64,in,outside,0
ALDQRWYZ8KQ9A,1,retest,Ali is BLANK the wagon. Ali pulls on the wagon. The wagon doesn't move.,action_nonfollows,action_nonfollows_context,55764064-722f-49d8-98a5-2e2d84e42d64,in,outside,0
